time,ref_pose_x,ref_pose_y,ref_pose_z,ref_pose_roll,ref_pose_pitch,ref_pose_yaw,actual_pose_x,actual_pose_y,actual_pose_z,actual_pose_roll,actual_pose_pitch,actual_pose_yaw,ref_twist_vx,ref_twist_vy,ref_twist_vz,ref_twist_wx,ref_twist_wy,ref_twist_wz,actual_twist_vx,actual_twist_vy,actual_twist_vz,actual_twist_wx,actual_twist_wy,actual_twist_wz,error_3d_mm
1781507074.1771126,-0.048687770161171005,0.7837080734951475,0.3820906601728386,-0.04726655468743564,0.017525317242706562,-0.06609682893064961,-0.04869824008861273,0.7838319019671715,0.38221231452874405,-0.04750440927609757,0.017666820746831347,-0.06621399989779203,-1.4987329373804656e-05,-5.036338582730299e-05,-0.00014667243290700637,0.001203455796856649,-0.0005885771308084171,-0.0002299326020741222,-0.00021081341213049901,-0.00022953831655239874,-0.00048770935477273936,0.001553784393741848,-0.0005451442473810861,0.002785577665035934,0.17390483654917074
1781507074.1871147,-0.048687770161171005,0.7837080734951475,0.3820906601728386,-0.04726655468743564,0.017525317242706562,-0.06609682893064961,-0.04869824008861273,0.7838319019671715,0.38221231452874405,-0.04750440927609757,0.017666820746831347,-0.06621399989779203,-1.4987329373804656e-05,-5.036338582730299e-05,-0.00014667243290700637,0.001203455796856649,-0.0005885771308084171,-0.0002299326020741222,-7.734593841212729e-05,-0.0001858355751273216,-0.0004399154580306338,0.0018137486481563617,-0.0017664173437775225,0.0035586151172043497,0.17390483654917074
1781507074.1971118,-0.04869260912405642,0.7837036629658614,0.3820882123250384,-0.04726777257877188,0.017530877291174862,-0.06615648726249496,-0.04869824008861273,0.7838319019671715,0.38221231452874405,-0.04750440927609757,0.017666820746831347,-0.06621399989779203,-4.900855670865451e-05,-7.528591206064253e-05,-0.00015290360840116804,0.0010701915879545128,-0.0004329257837226753,-0.000852428390083977,-0.00028292289533456914,-0.00015525410923279657,-0.00035665958450393484,0.0018713982650329472,-0.002327599639280126,0.004017999052758633,0.17854496963912583
1781507074.2071147,-0.04869671021559625,0.7836999902717038,0.382086192932104,-0.04726976664591299,0.017535987459608382,-0.06620590203343871,-0.04870857318086186,0.7838218857774564,0.3821946425453887,-0.0474237453470072,0.017631639140524236,-0.0660884141870981,-7.569889645297153e-05,-9.433909806442798e-05,-0.00015596838482426594,0.0009410456703064323,-0.00030445407246072666,-0.0012955104872117438,0.00014362768911308006,-0.00025666426037830565,-0.00024331779760627693,0.0018213232189800731,-0.001873440881057008,0.0025877498304447905,0.16358656084524772
1781507074.217107,-0.048701789966183594,0.7837026358267133,0.382092081805924,-0.04736966166892735,0.01754301575885142,-0.06629228666513463,-0.04870857318086186,0.7838218857774564,0.3821946425453887,-0.0474237453470072,0.017631639140524236,-0.0660884141870981,-0.0001116239242376105,-0.0001166136915537954,-0.0001058565114250717,-0.0002357088992512705,-0.00014998369382505382,-0.002092312636358709,0.0001595051674780246,-9.038434998491568e-05,-0.0002026486576417954,0.0018079710194923951,-0.0012384744942081957,0.0015276207654439018,0.1574333764903183
1781507074.2271128,-0.04870491997432844,0.7837040495590207,0.38209044867348235,-0.04736440141403186,0.017536596340271826,-0.06635216413219885,-0.04870857318086186,0.7838218857774564,0.3821946425453887,-0.0474237453470072,0.017631639140524236,-0.0660884141870981,-0.0001227070020135492,-9.721980360423477e-05,-0.00010971624854782493,-0.00014108521215502033,-0.0001726641016880992,-0.002520063540389088,0.00016892486355637112,-0.0002462676929422678,-0.00023178064252069757,0.0012367026920573237,-0.000462139605450456,0.0004183364279764143,0.15733748198069591
1781507074.2371147,-0.04870752185188252,0.7837053132298412,0.38208910789758455,-0.04735980684559398,0.017531465326359186,-0.06640022216153005,-0.04870857318086186,0.7838218857774564,0.3821946425453887,-0.0474237453470072,0.017631639140524236,-0.0660884141870981,-0.00013004937699068428,-8.041903740985168e-05,-0.00011142452561404064,-6.632506926277383e-05,-0.00018493035549534386,-0.0027715818488235405,0.00023744845865522415,-0.00027181355833106593,-0.00039561967808399097,0.0009527774490248511,-0.000320049397663593,-0.000651809798071374,0.15725083795411793
1781507074.247117,-0.048709666413839815,0.7837064428041803,0.3820880186897383,-0.047355836903844546,0.017527440044125875,-0.06643810880097858,-0.04870857318086186,0.7838218857774564,0.3821946425453887,-0.0474237453470072,0.017631639140524236,-0.0660884141870981,-0.000134295780843255,-6.591284250852645e-05,-0.00011138402270323717,-8.494379378526516e-06,-0.00018905815683267917,-0.0028841702918237714,0.00010699523997001137,-0.0006299316465574484,-0.000754339803985135,-5.018746128859182e-05,-8.211843418158056e-05,-0.0008109209306494694,0.15715254318946165
1781507074.257115,-0.048711416600824384,0.783707452233928,0.38208714515040465,-0.04735244370189226,0.01752435337256575,-0.06646733729698183,-0.048704417194048166,0.7838084404152517,0.38217439793842023,-0.047365195383783296,0.017598273221581362,-0.06604481101223676,-0.0001360030159476291,-5.3432476056243945e-05,-0.0001099401593901962,3.506867385138116e-05,-0.00018697531295403726,-0.0028895814334361104,0.0005460243068859643,-0.000548588834180544,-0.0008430092595401037,0.0001431926276139902,0.00022881761984077195,-0.002168264868943183,0.13364375585401797
1781507074.2671192,-0.048712828162261745,0.7837083537695982,0.3820864557539525,-0.047349575553924966,0.017522054415256116,-0.0664892784719701,-0.048704417194048166,0.7838084404152517,0.38217439793842023,-0.047365195383783296,0.017598273221581362,-0.06604481101223676,-0.00013565024214902185,-4.273652920967461e-05,-0.00010738801123718258,6.674904028166603e-05,-0.00018029621399267746,-0.002814540131034402,0.00038711099457201933,-0.0006468500805690518,-0.0009570736188346017,-0.0005419026344169801,-0.00041225844309463226,-0.0025464618797590207,0.13349872221635115
1781507074.2771125,-0.04871390020633481,0.7837071305875005,0.3820829626238861,-0.04734591536527144,0.017514865915611466,-0.06644925046446214,-0.048704417194048166,0.7838084404152517,0.38217439793842023,-0.047365195383783296,0.017598273221581362,-0.06604481101223676,-0.0001295155645468327,-4.675628967248641e-05,-0.00012306996548577478,9.176727898336255e-05,-0.0002596812636623487,-0.002074559271163592,0.0003169823388219115,-0.0005583288137223692,-0.0005737552492864795,-0.00027275576871623364,-0.0001401132145156223,-0.0030011747135511068,0.1367992158784288
1781507074.2871153,-0.04871471959945809,0.7837061147717467,0.38208003277733277,-0.047342888040205894,0.01750914801820258,-0.06641369164272241,-0.048704417194048166,0.7838084404152517,0.38217439793842023,-0.047365195383783296,0.017598273221581362,-0.06604481101223676,-0.0001229497163595381,-4.939079578644511e-05,-0.00013409959591112146,0.00010800201294882317,-0.000312053155804819,-0.0014633303717774882,0.00041285213001419603,-0.00021103284016349704,-0.00018821555574744672,0.00030245274808684414,0.0007446448495109667,-0.004014209768269776,0.13957600260432484
1781507074.2971141,-0.04871532440483007,0.7837052786236502,0.3820775922017694,-0.04734041775048656,0.017504688515077582,-0.06638245476550013,-0.048704417194048166,0.7838084404152517,0.38217439793842023,-0.047365195383783296,0.017598273221581362,-0.06604481101223676,-0.00011612093196566911,-5.087987503228031e-05,-0.00014125470905778514,0.00011721084065183221,-0.00034275155645846294,-0.0009653019503032083,0.00022837107869982647,-0.0002808654262712083,-0.00028306261775514266,-0.00022824226366365187,0.0010106836472800738,-0.004180297777109979,0.1418896512856525
1781507074.307118,-0.048715748618922416,0.7837045974480181,0.38207557530522257,-0.04733843243345164,0.017501293960419773,-0.06635531120821932,-0.04868558122224814,0.7837839933849,0.38214408639861597,-0.047376144457710684,0.01759775688110299,-0.06619324939458618,-0.00010916759707634611,-5.143056819415599e-05,-0.000145208801205555,0.00012090307326377262,-0.0003563705305908372,-0.0005657232025267885,0.00013535150289022547,-0.00015803794937287155,0.00017556224525680595,0.00017849157212197368,0.00033523206440450775,-0.0034625796424345846,0.1091217509638409
1781507074.317127,-0.04871602238004613,0.7837040493155334,0.3820739240814366,-0.04733686482199277,0.017498790260525476,-0.06633197762628797,-0.04868558122224814,0.7837839933849,0.38214408639861597,-0.047376144457710684,0.01759775688110299,-0.06619324939458618,-0.00010220238220640979,-5.1220972359712714e-05,-0.00014654309727240666,0.00012036065366444182,-0.0003568197445602977,-0.0002508470151724951,-0.0004500450392318418,-0.00025006188335128295,-0.0004930086801085394,-0.0004706507816178425,0.00016645690623241956,-0.002280040692025249,0.11063665336115815
1781507074.3271062,-0.04871342740241088,0.783707163157522,0.38207720591045113,-0.04727551043716003,0.017505213928459495,-0.0663548463211516,-0.04868558122224814,0.7837839933849,0.38214408639861597,-0.047376144457710684,0.01759775688110299,-0.06619324939458618,-8.056770400451112e-05,9.768316507985326e-07,-0.00011734279145130485,0.0007813979180700923,-0.00023601171974000073,-0.00046948795386265096,-0.0006374236572834149,-0.0002232299985073962,-0.00017066883395261797,0.00018470634386437114,-9.860521063319701e-05,-0.0011790879001887114,0.10559968411781477
1781507074.3371077,-0.04871114198700004,0.7837099603271724,0.38208007968748087,-0.047224616288525034,0.017510854757153416,-0.06637366026317273,-0.04868558122224814,0.7837839933849,0.38214408639861597,-0.047376144457710684,0.01759775688110299,-0.06619324939458618,-6.217909056523657e-05,4.2867449881197035e-05,-9.241471757928407e-05,0.0012553013200473963,-0.00013903355837560676,-0.0006204579658438591,-0.0002696572397754624,-3.0629621976813905e-05,8.486464074167744e-05,0.0010631026300828366,-0.0005188467724147311,-0.0005996183736982088,0.10114892684318598
1781507074.3471143,-0.04870913627972815,0.7837124817513103,0.382082588945554,-0.047182952722888194,0.01751575436334374,-0.0663889211557067,-0.04868558122224814,0.7837839933849,0.38214408639861597,-0.047376144457710684,0.01759775688110299,-0.06619324939458618,-4.662933317220066e-05,7.595293942204984e-05,-7.123214082437375e-05,0.0015760197408386549,-6.256499296910926e-05,-0.0007165917520412725,2.1159900233806064e-05,3.0556884381486225e-06,8.769092037315679e-05,0.0012288590262426208,-0.0009333699807726829,-0.0003388903531129513,0.09721466558430619
1781507074.3571205,-0.04870738239826818,0.7837147586467222,0.38208477346405556,-0.04714934574223671,0.017519964281638156,-0.06640110216227409,-0.04869968855407125,0.7837757508023105,0.38213961284437764,-0.047359226286713796,0.017593806375760135,-0.06627451350800166,-3.3555564411827964e-05,0.0001015506813000478,-5.3324753353501794e-05,0.0017731829907107137,-3.5568232852954646e-06,-0.0007690069944972043,1.4637127349739094e-05,0.00011806036360609008,0.00027309521460053146,0.0012657003848594987,-0.0005218903021019191,-0.0003572809171127015,0.08238079822351839
1781507074.367113,-0.048705854438559425,0.7837168150860815,0.382086669460224,-0.04712269518397423,0.017523542056214536,-0.06641064210919188,-0.04869968855407125,0.7837757508023105,0.38213961284437764,-0.047359226286713796,0.017593806375760135,-0.06627451350800166,-2.2635110776564695e-05,0.00012081311100086602,-3.827350469108695e-05,0.0018723737041174142,4.075357622592522e-05,-0.0007872305351388637,0.00019090003338410115,-1.3892954991882257e-05,1.8940154299467343e-05,0.0009449068429158461,-0.0008207024000173488,-0.00039797613979468714,0.07946344256695598
1781507074.3771164,-0.04870771104281354,0.7837189420980095,0.38209096871932136,-0.04720391940973779,0.017538043517169477,-0.06644864348846774,-0.04869968855407125,0.7837757508023105,0.38213961284437764,-0.047359226286713796,0.017593806375760135,-0.06627451350800166,-4.312938915294293e-05,8.981950299325833e-05,-6.291953185448036e-06,0.0007885095894153904,0.00021399025607635674,-0.0011081639139579249,0.00016657409040363232,3.581901330648017e-05,0.00011556960301450323,0.0013721190637634724,-0.0004712423413863956,-0.0005396049973231793,0.07521861546500973
1781507074.387113,-0.04870931689453264,0.7837206740541094,0.3820946628377698,-0.04727294264952263,0.017550089333139063,-0.06647958119313933,-0.04869968855407125,0.7837757508023105,0.38213961284437764,-0.047359226286713796,0.017593806375760135,-0.06627451350800166,-5.903515246057705e-05,6.38005622826458e-05,1.9461703174181848e-05,-4.517714474046894e-05,0.00033792767995259143,-0.0013182963235227132,0.00021737540990158095,-6.685312356472204e-05,-1.4690230526572756e-05,0.0016604017361647823,4.253043136566472e-05,-0.0009165107715025993,0.07174019951530841
1781507074.3971121,-0.04871070642448186,0.7837220411244809,0.3820978257451377,-0.047330934633188305,0.017559966140113126,-0.06650437926857931,-0.04869968855407125,0.7837757508023105,0.38213961284437764,-0.047359226286713796,0.017593806375760135,-0.06627451350800166,-7.10558368898335e-05,4.210483731839172e-05,3.988944753840573e-05,-0.0006685940589129236,0.0004215357042440748,-0.0014396570818583857,8.82126476268634e-06,-7.184985095260113e-05,-3.712161505602269e-05,0.0016329080998994,-0.0005650115089631307,-0.00042096131503745806,0.06893681617136914
1781507074.4071143,-0.04871190819752555,0.7837230792036682,0.3821005231414717,-0.04737907378414139,0.01756794792726657,-0.06652389817319761,-0.048695904096729026,0.7837763298791254,0.38214315853835534,-0.04728896891172016,0.017579906513696786,-0.06629899311978875,-7.980537002300753e-05,2.415458075227517e-05,5.578285247736295e-05,-0.001117398222527035,0.0004726387213540841,-0.0014911820189524218,0.00023563370585418487,3.358475290876674e-06,7.41015283985611e-05,0.0019863171796229598,-0.00024059109725042447,-0.0008592418371393249,0.0700681293197788
1781507074.4171143,-0.04871105719977888,0.7837275085019129,0.38210439552591074,-0.047434609774385614,0.01754593030010687,-0.0664868186723737,-0.048695904096729026,0.7837763298791254,0.38214315853835534,-0.04728896891172016,0.017579906513696786,-0.06629899311978875,-5.9890352520088544e-05,2.423895867935657e-05,7.812332923691706e-05,-0.0016088057292935904,0.00016175643451813256,-0.0009355014341022025,6.333021812362897e-05,2.2121534055691696e-05,0.00011991842587174389,0.0014312470869328794,0.0002645827554914408,-0.0010331032083447534,0.06415383494964588
1781507074.4271114,-0.04871028767480037,0.7837311187638742,0.3821076823463624,-0.047479828564473345,0.017527304967173807,-0.06645476561828807,-0.048695904096729026,0.7837763298791254,0.38214315853835534,-0.04728896891172016,0.017579906513696786,-0.06629899311978875,-4.314423955983038e-05,2.399956279562805e-05,9.506776228778265e-05,-0.0019329625550518895,-7.560990293663437e-05,-0.0004935437699724825,0.00021079345825753286,-2.4406529160983352e-05,-0.0002485482731217159,0.00042989180319746113,0.000683412686240783,-0.002041222833331248,0.05924096942747223
1781507074.4371114,-0.04870958644597891,0.7837340169004497,0.382110457777913,-0.047516079183593726,0.017511730988266416,-0.06642735625481505,-0.048695904096729026,0.7837763298791254,0.38214315853835534,-0.04728896891172016,0.017579906513696786,-0.06629899311978875,-2.9154228343970464e-05,2.350328337833246e-05,0.00010746569314825403,-0.0021229312517371144,-0.00025139459808802897,-0.00014889187407682118,0.00013982163529082108,-5.2443205595583485e-05,-0.0001688070136919368,-7.495594137454016e-05,0.0004704446749758297,-0.0023377768054416237,0.055199045090526144
1781507074.4471111,-0.048708943880670444,0.7837363022683349,0.3821127876578883,-0.04754461790806881,0.017498869420216057,-0.06640417664819948,-0.048695904096729026,0.7837763298791254,0.38214315853835534,-0.04728896891172016,0.017579906513696786,-0.06629899311978875,-1.7554009261219533e-05,2.280707312105626e-05,0.0001160567197399924,-0.0022071575157469026,-0.0003762255987389445,0.00011341845680849945,6.660590519818074e-05,-0.00013249077745732703,-0.0003718985208906378,-0.0008443780816548273,-2.77645639486365e-05,-0.0018845115506193903,0.05190988317435565
1781507074.4571207,-0.048708352997529195,0.7837380658901447,0.3821147303396776,-0.04756659713117619,0.01748839209482389,-0.06638480083937405,-0.04869418536668296,0.7837720583286836,0.38214108079684594,-0.04726002330223825,0.017594360118777796,-0.0663709962142785,-8.019237697279864e-06,2.1959185443950005e-05,0.00012148280876067358,-0.0022098491656668924,-0.0004594610460825335,0.00030685320339316516,-0.00012265758847966328,-9.295046775532221e-05,0.00024285742972257097,-0.00043255801955455095,-0.00047962905298085665,-0.0011736770118139534,0.04528304577427243
1781507074.4671147,-0.048707808754405606,0.7837393900917459,0.3821163374661879,-0.04758305986564328,0.017479987896937166,-0.06636880552430756,-0.04869418536668296,0.7837720583286836,0.38214108079684594,-0.04726002330223825,0.017594360118777796,-0.0663709962142785,-2.6336718637891857e-07,2.1000278804067485e-05,0.00012429941681256206,-0.0021513760968199167,-0.0005092514405245211,0.00044338720406649184,3.426183410198852e-05,-0.00022301816039300645,-0.0003163655713358156,-0.00137864145627377,-0.0007809582229745938,-0.0011062256810429208,0.04318614140801551
1781507074.4771168,-0.048711408458284845,0.7837406246430869,0.3821169771097886,-0.0475656157160241,0.01749703705308714,-0.0664169521462855,-0.04869418536668296,0.7837720583286836,0.38214108079684594,-0.04726002330223825,0.017594360118777796,-0.0663709962142785,-3.1793046534936785e-05,3.666893974291926e-05,0.00012017550734508593,-0.0017168800211698073,-0.0002427426960409704,-0.00012110794570228565,-0.00010947459943042574,-0.0002926147008187672,-0.0004079713076222791,-0.0016887815088029922,-9.684096178676114e-05,-0.000842674039756089,0.043193740336712264
1781507074.4871097,-0.04871449248740715,0.78374157226353,0.38211746408136615,-0.047549366119118204,0.01751160590100498,-0.06645734684781514,-0.04869418536668296,0.7837720583286836,0.38214108079684594,-0.04726002330223825,0.017594360118777796,-0.0663709962142785,-5.670137644168972e-05,4.878268738119878e-05,0.0001153421978405711,-0.0013443318006657354,-3.640837743682944e-05,-0.0005407486388053105,5.516240164259719e-05,-0.00028279111423565746,-0.0003478590494966138,-0.0020184232774704903,-0.0005653265960060095,-0.0006193917198779284,0.043583581435056654
1781507074.4971156,-0.048717129119809556,0.7837422908543238,0.3821178218263771,-0.047534456226366484,0.01752391740277881,-0.06649082762411855,-0.04869418536668296,0.7837720583286836,0.38214108079684594,-0.04726002330223825,0.017594360118777796,-0.0663709962142785,-7.597865095213125e-05,5.788915257991431e-05,0.00011000064397092996,-0.0010283965076965456,0.00011919039263211741,-0.0008403684224920652,-1.1994686829813474e-05,-0.0005375398747716405,-0.0006515177460304422,-0.002578826968375583,-0.0008821646621198891,-7.767173631484184e-05,0.04419839414011726
1781507074.5071096,-0.04871937723958936,0.7837428276244433,0.3821180708712999,-0.04752095814875394,0.017534200424678348,-0.06651821160617902,-0.04869421940613122,0.7837570477646905,0.382128222592815,-0.04733943466432285,0.01757378410185706,-0.0664158353445046,-9.049120272855773e-05,6.446606401356295e-05,0.00010431876808132181,-0.0007635272516664382,0.00023251485573527834,-0.0010418594479502986,2.5855032112711743e-05,-0.0003731566809448625,-0.00015860617165767838,-0.0019467121671750784,-0.00036486843358709626,0.00014601009823744617,0.03062982896912309
1781507074.51711,-0.04872128773340566,0.7837432208413185,0.38211822913379406,-0.04750888729417972,0.0175426819931237,-0.06654027792405344,-0.04869421940613122,0.7837570477646905,0.382128222592815,-0.04733943466432285,0.01757378410185706,-0.0664158353445046,-0.00010099487424838476,6.892898145103419e-05,9.843568594757344e-05,-0.0005441701488522995,0.0003110620764951702,-0.0011643107509198612,4.7399822352438226e-05,-0.00019661727179477915,-0.00032203511621066986,-0.0014880607121971548,-0.0003804689822052712,5.3610146499766e-06,0.03199605248420319
1781507074.5271113,-0.048717706506344625,0.7837358159258818,0.3821122464988226,-0.04747845550564678,0.017541516162498105,-0.06650505316945983,-0.04869421940613122,0.7837570477646905,0.382128222592815,-0.04733943466432285,0.01757378410185706,-0.0664158353445046,-6.926982228434633e-05,3.068045306197389e-05,5.2993261428832364e-05,-0.00015928367748057422,0.0002461370637557924,-0.000653748929990713,1.798558564543421e-05,-6.143427642679693e-05,-0.00013041252633715314,-0.0013071487311397728,-0.00022589991441360302,-5.607170729055655e-06,0.03546364948626415
1781507074.5371206,-0.048714607183368404,0.7837294728969916,0.38210708380900305,-0.04745270279610492,0.017540337560194352,-0.06647481562375351,-0.04869421940613122,0.7837570477646905,0.382128222592815,-0.04733943466432285,0.01757378410185706,-0.0664158353445046,-4.2924083323025574e-05,-4.1319114385499365e-07,1.5841824610487593e-05,0.00013345841551871192,0.00019075415000258705,-0.000253307071563024,0.00037468560454618723,-0.00012015107420643308,-0.00022749287705190531,-0.000988281298621595,-0.0005048210679981728,-0.0008088706560738935,0.04028502166229807
1781507074.5471075,-0.04871193150437926,0.7837240716117566,0.3821026443143427,-0.04743116087790104,0.01753918177427871,-0.06644914251570183,-0.04869421940613122,0.7837570477646905,0.382128222592815,-0.04733943466432285,0.01757378410185706,-0.0664158353445046,-2.12305396825056e-05,-2.53690983744224e-05,-1.4183083447350836e-05,0.0003491467808453473,0.00014403662864336886,5.3664370250210245e-05,0.0002568381878816236,2.695597283373659e-05,7.220524070468919e-05,-0.00047271107600833646,-0.0005187166799431906,-0.0009821077736399415,0.0453364468862512
1781507074.557122,-0.04870962781394646,0.7837195011041279,0.3820988413099468,-0.04741336361820764,0.01753807482520431,-0.06642759213303397,-0.04869273298529103,0.7837473839662914,0.3821192769443015,-0.04740227357135185,0.017552918881423407,-0.0664266832807879,-3.5465327706155405e-06,-4.508157845998531e-05,-3.810655947420319e-05,0.000501197482148402,0.00010509045786458098,0.0002821988953870566,-2.5018496351980455e-05,-0.00022102308148506152,-0.0005776223079020557,-0.001128950783980547,-0.00022979659315150423,-0.0010543172115759858,0.03847732305139921
1781507074.5670745,-0.048707650347041664,0.7837156596559852,0.3820955972304061,-0.04739885925835348,0.017537034852176392,-0.06640972066353328,-0.04869273298529103,0.7837473839662914,0.3821192769443015,-0.04740227357135185,0.017552918881423407,-0.0664266832807879,1.0694651378178136e-05,-6.033499886832276e-05,-5.682883494233397e-05,0.0006014046424488919,7.303306946734632e-05,0.00044570764247529523,7.796399553895966e-05,-0.00030017896972469416,-0.00019787257056214994,-0.0006805443725480719,-0.0005417712282493536,-0.0012273975137490096,0.042304708912476806
1781507074.5771132,-0.048711245978427416,0.7837179647912768,0.3820979985856069,-0.04744989213277313,0.017567291582374578,-0.06644552386535117,-0.04869273298529103,0.7837473839662914,0.3821192769443015,-0.04740227357135185,0.017552918881423407,-0.0664266832807879,-2.9462655407508244e-05,-6.406314581356249e-05,-3.637632885889066e-05,-1.4517836921923064e-05,0.0004135294270697243,2.2341950710965406e-05,-0.00021772602229256716,-0.00018763232008609635,9.01513994359337e-06,-0.0005463546661770876,-0.0005132926422186272,-0.0007075899414879419,0.040755212208325016
1781507074.5871007,-0.04871438463948227,0.7837199198180302,0.3821000826555513,-0.047492802769365766,0.01759235848741203,-0.06647564128881367,-0.04869273298529103,0.7837473839662914,0.3821192769443015,-0.04740227357135185,0.017552918881423407,-0.0664266832807879,-6.13265414123765e-05,-6.624425698458015e-05,-1.9496681051611842e-05,-0.00047560958015325843,0.0006573324448005683,-0.0002954840963983372,-0.00019115344484842454,0.00014067216403691737,2.704090284792466e-05,3.683501691950367e-05,0.0003391996758632743,-0.0007363111180151827,0.03989353693963005
1781507074.597123,-0.048717124674385034,0.783721555503157,0.3821018864538453,-0.047528452941500016,0.017612850959300097,-0.06650067387802167,-0.04869273298529103,0.7837473839662914,0.3821192769443015,-0.04740227357135185,0.017552918881423407,-0.0664266832807879,-8.612894408269298e-05,-6.715581247698825e-05,-5.6991102229708575e-06,-0.0008080707386760664,0.0008220128510999759,-0.0005255328680189545,-0.00034451573824746966,6.570436677545948e-06,0.0001239951032823361,0.000478697922984053,0.0009909547736804782,-0.00043392623018939674,0.0395536744569772
1781507074.6071186,-0.04871951505441215,0.783722904738073,0.3821034429811245,-0.04755768712155839,0.017629355248568013,-0.06652121114766647,-0.048696519233822455,0.7837434814531279,0.38211547523631206,-0.047415209102044414,0.017549273519693376,-0.06647257527876238,-0.00010494830588973227,-6.703665242119178e-05,5.4494227212266495e-06,-0.0010350531241212005,0.0009229016031312449,-0.0006835158671035281,-4.2741727854436135e-05,7.899414661968056e-05,0.0001610105780279481,0.000693468758877386,0.00024900765711913513,-0.00015127808909856698,0.03312075077562467
1781507074.6171162,-0.04872159719842352,0.7837240009196447,0.3821047816485358,-0.04758131369888506,0.01764241972980707,-0.06653781790304929,-0.048696519233822455,0.7837434814531279,0.38211547523631206,-0.047415209102044414,0.017549273519693376,-0.06647257527876238,-0.00011872618269870722,-6.609157147448465e-05,1.433011593959805e-05,-0.0011767908129494686,0.0009732318220521343,-0.0007831778705999356,-0.00020776300101763424,3.7027621361392416e-05,9.306052489468888e-05,0.00039113644231128427,-2.9774362220513e-05,0.00030608220213222903,0.033507436679817405
1781507074.6271167,-0.04871730861758901,0.7837278787948906,0.3821053297423179,-0.0476250685852091,0.01762333521657733,-0.06648848293913281,-0.048696519233822455,0.7837434814531279,0.38211547523631206,-0.047415209102044414,0.017549273519693376,-0.06647257527876238,-7.495978398632978e-05,-5.8311558335009484e-05,1.7743834029665944e-05,-0.0015354920470067278,0.0006332432761694337,-0.00016969791723905057,-6.424708518927008e-05,0.00014765494809846578,0.0002577924673676823,0.00031082729555957016,0.0001293864905553826,0.00015207041433636602,0.027902911494111247
1781507074.6371422,-0.048713614629288644,0.7837310826806202,0.38210579777170045,-0.04766045800885184,0.017606711328243874,-0.06644680417756721,-0.048696519233822455,0.7837434814531279,0.38211547523631206,-0.047415209102044414,0.017549273519693376,-0.06647257527876238,-3.8875477543289495e-05,-5.132710600853577e-05,2.0259442868843184e-05,-0.0017622253515842473,0.00036116404091499006,0.00029460408879669375,-0.00012096214871034681,-0.0001580836386891593,1.8772746901940052e-05,-1.701667146195508e-05,0.0002614324210414296,0.00019635572699409735,0.02323005439408088
1781507074.6471071,-0.04871043623711824,0.7837336988232719,0.3821061957447228,-0.04768861063069257,0.017592385846882497,-0.06641200287794649,-0.048696519233822455,0.7837434814531279,0.38211547523631206,-0.047415209102044414,0.017549273519693376,-0.06647257527876238,-9.415373330666085e-06,-4.5069808646820286e-05,2.2022198395203786e-05,-0.0018838729438409437,0.0001474154407792509,0.0006344236115770055,-7.35186335438204e-06,-3.745716396479992e-05,0.00018001082534032425,0.0001900403191681671,0.0001404656980317734,-1.36963345765882e-05,0.019377610579953887
1781507074.657118,-0.04870770530020507,0.7837358074386412,0.3821065324455614,-0.04771057023260698,0.01758017438330084,-0.06638330729118212,-0.048701392660751575,0.7837420637650386,0.38211496865455846,-0.04741502671512253,0.017555353656110384,-0.0664674058717956,1.43537097413594e-05,-3.9475538079479096e-05,2.3158247591885034e-05,-0.001923453317669646,-1.6776405643325492e-05,0.0008716713732456139,7.600992944834208e-06,-5.400505455771621e-07,4.0394904092496566e-05,-2.7694395027470122e-05,0.0005758410847480389,-0.0003383379022298206,0.012254005839003896
1781507074.667112,-0.04870536298609615,0.7837374820688772,0.38210681559914783,-0.04772728842727932,0.01756988097428569,-0.0663599720299507,-0.048701392660751575,0.7837420637650386,0.38211496865455846,-0.04741502671512253,0.017555353656110384,-0.0664674058717956,3.3253015414441826e-05,-3.448441271040675e-05,2.377679887575355e-05,-0.0019004599115863717,-0.00013934215049816984,0.001025571871187713,-0.00016346870197684175,4.53621949178157e-06,1.8498667943980628e-05,-0.0006107151410101511,0.0009643658880983238,-0.00042481896771036744,0.010160105097222049
1781507074.6771147,-0.048706585209404775,0.7837374594738531,0.3821062375216565,-0.047780335496685755,0.017608910692935353,-0.06640023505001942,-0.048701392660751575,0.7837420637650386,0.38211496865455846,-0.04741502671512253,0.017555353656110384,-0.0664674058717956,2.660737619423879e-06,-5.5448925188140036e-05,2.0033999557969458e-05,-0.0022643698794681507,0.000322459201616276,0.0004949700248484514,8.869386453908656e-05,-0.00021508823945537905,-0.00016084734379610211,-0.001175652833696009,0.0009103552234113882,-0.0008253857044385275,0.011153239017820045
1781507074.6871173,-0.04870772023063217,0.7837372614705919,0.3821057418111439,-0.04782288239430471,0.017641419584004225,-0.06643454094379053,-0.048701392660751575,0.7837420637650386,0.38211496865455846,-0.04741502671512253,0.017555353656110384,-0.0664674058717956,-2.1931635915600492e-05,-7.157607877731118e-05,1.6775529634093643e-05,-0.002475051802685442,0.0006596498782983084,8.386286022396891e-05,-0.0001459797069404255,-0.000313307442006888,-0.00026667205278209735,-0.001752212865141296,0.0011468348336851908,-0.0005224886416356575,0.012175171947230994
1781507074.6971052,-0.04870878116141638,0.7837369214980846,0.3821053189682481,-0.04785639703919614,0.01766815304334779,-0.0664634439840444,-0.048701392660751575,0.7837420637650386,0.38211496865455846,-0.04741502671512253,0.017555353656110384,-0.0664674058717956,-4.139583705006845e-05,-8.361558311074756e-05,1.3947154467145669e-05,-0.0025651585865997264,0.0008942428771485856,-0.00022645874120514416,-2.5135046921673435e-05,-0.00035693973233424985,-0.00031920556334449175,-0.0023299330996894687,0.0009679917108266735,-0.0003733546181954621,0.013196563847772076
1781507074.707105,-0.0487097757765986,0.7837364718192548,0.38210496017627754,-0.04788222657038755,0.01768982760162885,-0.06648750744548973,-0.04870453484433529,0.7837289826039386,0.38210187875730783,-0.04749756250652916,0.017593388862253034,-0.0664890966654424,-5.649664786823329e-05,-9.222107962024361e-05,1.1499886209335516e-05,-0.0025624563218760318,0.0010455404942539908,-0.0004527714444432364,-0.00012729546342370214,-0.000454298821793052,-0.0003342410969326563,-0.002629778232196956,0.00046777107882687387,0.00035412114481367623,0.009646287363892276
1781507074.7171175,-0.04871070821276131,0.78373594243758,0.3821046573407404,-0.047901590752991226,0.01770711855450413,-0.06650728591413442,-0.04870453484433529,0.7837289826039386,0.38210187875730783,-0.04749756250652916,0.017593388862253034,-0.0664890966654424,-6.790330348060038e-05,-9.796080646472309e-05,9.389569720064224e-06,-0.0024902895645192566,0.0011302855508097428,-0.0006099448242551961,-0.000207920409824152,-0.0002509869665997804,-0.0002572646077221689,-0.0024724986937115427,-0.00026218297166714666,0.0009945428407438317,0.009709288744862023
1781507074.727117,-0.0487076163799719,0.7837325997152541,0.3821003506880924,-0.04785392238637236,0.017686458148590267,-0.06646136910461894,-0.04870453484433529,0.7837289826039386,0.38210187875730783,-0.04749756250652916,0.017593388862253034,-0.0664890966654424,-3.163671841610711e-05,-9.209662471565238e-05,-2.0114706082869254e-05,-0.001706898642151888,0.000757608212359035,-5.352897523950488e-05,-0.00033360442389211123,-0.000263650550170222,-0.0004441219196869797,-0.0019969657029221214,-0.00018739844445653234,0.0009373923867118446,0.004991427819309881
1781507074.737111,-0.04870497267609069,0.783729727861219,0.3820966700906741,-0.047812261248539024,0.01766838634976331,-0.06642266744594502,-0.04870453484433529,0.7837289826039386,0.38210187875730783,-0.04749756250652916,0.017593388862253034,-0.0664890966654424,-2.1220082480676928e-06,-8.622205929877379e-05,-4.354507283156045e-05,-0.0010732094351679764,0.00045763252219057504,0.00036483962051952877,-3.831449261795427e-06,-0.0003166922079691937,-0.0003481454746980501,-0.00230887256304993,-4.624731333948345e-05,0.0006417463311742032,0.005279897078658405
1781507074.747116,-0.04870271105579147,0.7837272905589232,0.382093537565562,-0.04777624135465583,0.017652749118002076,-0.06639043113869393,-0.04870453484433529,0.7837289826039386,0.38210187875730783,-0.04749756250652916,0.017593388862253034,-0.0664890966654424,2.1598496677869262e-05,-8.041359486082903e-05,-6.180258192362194e-05,-0.0005690320691968551,0.00022034171604037926,0.0006683222431313887,-0.0001809140604644643,-0.0003755087354335404,-0.00043186224716767655,-0.002490938642331229,0.00040557943643567936,0.0005851833507598746,0.008704292086503317
1781507074.757111,-0.048700776130554256,0.7837252487828196,0.3820908838176611,-0.047745434093269264,0.017639364338342123,-0.06636392141499549,-0.04871241063398901,0.7837127668105976,0.3820831945860434,-0.04761972848700951,0.017596433697786074,-0.06645759173369724,4.036700631285743e-05,-7.47317936563907e-05,-7.567611858888533e-05,-0.0001756939584335317,3.6514502138468226e-05,0.0008774175866085325,-0.0001534973170266712,-0.00029300471166574356,-0.00028683725043423413,-0.0025846615149561596,0.0006131312945050664,0.00031355838479100957,0.018715917920125245
1781507074.7671127,-0.048699121386061583,0.7837235624889474,0.3820886473646909,-0.047719375660103355,0.017628033848006375,-0.06634242799863949,-0.04871241063398901,0.7837127668105976,0.3820831945860434,-0.04761972848700951,0.017596433697786074,-0.06645759173369724,5.492237100290316e-05,-6.922366848562095e-05,-8.585452809227665e-05,0.00012382953406311176,-0.0001022219251520849,0.0010100682567375989,-8.333574247158144e-05,-0.0004597430882739019,-0.000570039855023676,-0.002464478876321589,0.0012615821019074627,-0.0002403942281734196,0.01796896147488257
1781507074.7771149,-0.04869623917841527,0.7837335322547667,0.3820948328730021,-0.04779152662016091,0.017684996277531395,-0.0664601596086407,-0.04871241063398901,0.7837127668105976,0.3820831945860434,-0.04761972848700951,0.017596433697786074,-0.06645759173369724,3.8724560419033964e-05,-3.132410031018368e-05,-3.8527427145121965e-05,-0.0006546687599245344,0.0005914392478756108,-0.00035413073788979964,-0.00019592523644971994,-0.0003602393523611372,-0.0006441080708819491,-0.0018632020998398512,0.001197248729132789,-0.00034596928592326977,0.02877793200085044
1781507074.7871108,-0.04869391116918836,0.7837419811582441,0.38210016830549065,-0.047851609592704854,0.017732373479271146,-0.06655883471344415,-0.04871241063398901,0.7837127668105976,0.3820831945860434,-0.04761972848700951,0.017596433697786074,-0.06645759173369724,2.5230713452718034e-05,-5.024363310264073e-07,-4.6319497440351024e-08,-0.0012200489590882368,0.0010949890489747676,-0.001366585278589612,0.00013279391526860396,3.2520486970098123e-07,0.00019812279530251402,-0.0005745025716584092,0.001085061530995535,-0.0006054183257068049,0.038520325260742616
1781507074.7971182,-0.04869207354891287,0.7837490866171828,0.3821047549080134,-0.047901004738828405,0.017771273276254718,-0.06664052970500317,-0.04871241063398901,0.7837127668105976,0.3820831945860434,-0.04761972848700951,0.017596433697786074,-0.06645759173369724,1.4078516626233065e-05,2.4246734405323398e-05,3.084586751574727e-05,-0.001610271525614219,0.0014423107342855376,-0.0020877759794800683,-2.5763378149549614e-05,-4.719221870999102e-05,-9.243331846743678e-05,-0.00037166031394024945,0.0003332648489495205,-6.655914264207994e-05,0.046878277093185365
1781507074.8071191,-0.04869066326011624,0.78375501353827,0.3821086830420265,-0.047941038953159335,0.017802757484032705,-0.06670726530732167,-0.04871385875473566,0.7837052188106552,0.38207425610115664,-0.04768369307808531,0.017630811595783058,-0.06647023404728933,4.947443321951862e-06,4.380747347485459e-05,5.525443741068472e-05,-0.0018585733579826549,0.001663068414982237,-0.0025709916034012386,0.00015038233220570897,-2.0807259606838138e-05,-6.771861847603035e-05,-0.00029527561376386456,-0.0001690560311280927,3.381597043784572e-05,0.06482869832510665
1781507074.8171113,-0.04868961977268033,0.7837599136007393,0.38211203326594895,-0.0479729628685067,0.017827824418603644,-0.06676096519758898,-0.04871385875473566,0.7837052188106552,0.38207425610115664,-0.04768369307808531,0.017630811595783058,-0.06647023404728933,-2.4454263106346838e-06,5.895522447338939e-05,7.414885218767252e-05,-0.001993742396096942,0.0017829529149649191,-0.0028626736420498886,-3.892415441326049e-05,0.000184953157724288,0.0003185832908350661,0.00041253361823985203,-0.00038942282248320605,0.0004437167813648893,0.07075424010728065
1781507074.8271124,-0.04868751801034367,0.7837635022536295,0.3821102195361985,-0.04791343259400288,0.017819558016967108,-0.0667165482066257,-0.04871385875473566,0.7837052188106552,0.38207425610115664,-0.04768369307808531,0.017630811595783058,-0.06647023404728933,1.783954015365901e-05,0.00010516940142909272,5.633542168976774e-05,-0.001134835226617577,0.001474935500437203,-0.0020702067683627547,-6.932764379545478e-05,2.268452822904525e-05,-0.000211899806537465,-0.0004909209039051422,0.00029524175637039266,9.789073828366099e-05,0.07337685738747632
1781507074.8371196,-0.04868581019051171,0.783766524635384,0.3821086340145192,-0.04786228589497423,0.017811341767650868,-0.06667722579552804,-0.04871385875473566,0.7837052188106552,0.38207425610115664,-0.04768369307808531,0.017630811595783058,-0.06647023404728933,3.389772154314203e-05,0.0001409362988521608,4.1321450937988725e-05,-0.0004602236761767554,0.0012037787885100758,-0.0014197675838454366,-1.137649161516824e-05,5.321342415988666e-05,7.708706245107555e-05,-0.0004649782223694802,0.00012601874479870352,1.5158202783660943e-05,0.0756767271217623
1781507074.847109,-0.048684429287739736,0.7837690750239746,0.38210725061907247,-0.04781882072407874,0.017803388156415023,-0.06664279702610021,-0.04871385875473566,0.7837052188106552,0.38207425610115664,-0.04768369307808531,0.017630811595783058,-0.06647023404728933,4.635927988996984e-05,0.00016786319784278111,2.8745053566063925e-05,5.7835959837511885e-05,0.0009676620235172141,-0.0008935500844771362,1.30222035257242e-06,3.2184990050495155e-05,-0.0002023095813065773,-0.0011335474767084246,0.0009100107674137498,-0.0006820935671648661,0.07766818988269163
1781507074.8571107,-0.04868331901356913,0.7837712298054732,0.3821060461255473,-0.04778230079243402,0.01779584920413546,-0.06661297735372665,-0.048712692167073524,0.7837038207719053,0.38207046540189793,-0.04771359105535454,0.01765742549234739,-0.06648437978924997,5.5775665221133305e-05,0.0001873523922727299,1.8284830385121477e-05,0.0004444162262295755,0.0007642620430527581,-0.00047481233291945456,0.00018306533574174533,-0.00020302839898658008,-0.00030986419304243206,-0.0015476960226228492,0.0014683643635841769,-0.00155023405053606,0.08168688908736749
1781507074.8671076,-0.04868243225010782,0.7837730509306633,0.382104999852553,-0.04775198431237054,0.017788827451213907,-0.06658742739163746,-0.048712692167073524,0.7837038207719053,0.38207046540189793,-0.04771359105535454,0.01765742549234739,-0.06648437978924997,6.262815224734255e-05,0.0002006238492828475,9.655956679481385e-06,0.0007219019855821494,0.0005909427877954801,-0.00014806798770417305,0.0004908033231946748,-0.00020172340863733323,-0.00033529535712037206,-0.001544682065623696,0.0010041972482070245,-0.002612340341848278,0.08307289412606259
1781507074.8771107,-0.04868130876436165,0.7837750620022341,0.38210578726817573,-0.047786548320169445,0.01782757793675671,-0.06663186664830321,-0.048712692167073524,0.7837038207719053,0.38207046540189793,-0.04771359105535454,0.01765742549234739,-0.06648437978924997,4.5818200457277284e-05,0.0001862416497245877,1.5184103621780938e-05,0.0002743951135468427,0.0009721479743267617,-0.000596220309508104,0.0007728026965311647,-0.000388230750690117,-0.000686917853150667,-0.0022835057607521595,0.0006274459347805771,-0.0029925915010587567,0.08548605208976126
1781507074.8871086,-0.048680485808911385,0.7837766693392649,0.3821064573932974,-0.047815862386724674,0.017859303685542782,-0.06666865565612029,-0.048712692167073524,0.7837038207719053,0.38207046540189793,-0.04771359105535454,0.01765742549234739,-0.06648437978924997,3.1743059343137444e-05,0.00017233613523916108,1.9429553559769742e-05,-6.841676634422497e-05,0.0012311602898171302,-0.000915687488928108,0.0003297345268042539,-0.0001680202805805957,-4.413829994056598e-05,-0.001584831400879756,0.0015377020478008502,-0.002347956949563726,0.0874047293761886
1781507074.8971097,-0.04867992225918326,0.7837779220359874,0.3821070255494802,-0.04784044013964765,0.017884897894959284,-0.06669870530317604,-0.048712692167073524,0.7837038207719053,0.38207046540189793,-0.04771359105535454,0.01765742549234739,-0.06648437978924997,2.0041697146197873e-05,0.00015898948772014387,2.2591494618464206e-05,-0.0003234007403087313,0.0013915281251137093,-0.0011299900620380904,0.00045028121157292825,-0.0001572994388364268,-0.00028479276678289734,-0.0012992417907898496,0.0018166656997641757,-0.002482138958362326,0.08889043026638249
1781507074.9071167,-0.04867957837979604,0.7837788667520151,0.3821075051173835,-0.04786079614345787,0.017905197584246135,-0.06672288262382788,-0.048697367255742974,0.7836960819347086,0.38205502394230867,-0.04780184788066467,0.01772971049917138,-0.06660200096651524,1.0394209074201956e-05,0.00014626059917346524,2.4843558834666763e-05,-0.0005055987841177678,0.001473595567316011,-0.0012596299378357467,-0.00016068804523729045,1.0580202773802039e-05,-1.939410882816726e-06,-0.0007309064345463114,0.0017873975669621168,-0.0010121520478931253,0.0996194951862434
1781507074.9171133,-0.048679416797790774,0.7837795471136688,0.3821079077901163,-0.04787743156669727,0.01792097477718113,-0.06674199805130937,-0.048697367255742974,0.7836960819347086,0.38205502394230867,-0.04780184788066467,0.01772971049917138,-0.06660200096651524,2.517759477979792e-06,0.00013418891888682035,2.6336662409355893e-05,-0.0006282736525258251,0.0014947489772022418,-0.0013222860453232124,5.821181488564906e-05,5.464686929257354e-05,-0.00019863697126803966,-0.00011925643853979191,0.0005158437986406579,-0.00045377168885440733,0.10042587514424428
1781507074.927108,-0.048679512840797946,0.7837890510967014,0.38211141234710017,-0.047867065317203326,0.0179171668569591,-0.06671573111218043,-0.048697367255742974,0.7836960819347086,0.38205502394230867,-0.04780184788066467,0.01772971049917138,-0.06660200096651524,4.393402302206309e-06,0.00019106381672339334,4.689721377431019e-05,-0.00045165590017082983,0.0012763225783277946,-0.0008935375120845622,-5.3086832619997145e-05,8.225928433140171e-05,-0.0002064529323406381,-0.0002215937322149019,-3.7142538579360313e-05,0.00019236851878634673,0.11018937067427703
1781507074.9371135,-0.048679677440660256,0.7837970864513498,0.3821143952858294,-0.04785791620735184,0.01791283248659603,-0.06669276255339568,-0.048697367255742974,0.7836960819347086,0.38205502394230867,-0.04780184788066467,0.01772971049917138,-0.06660200096651524,5.843449137078384e-06,0.000234300485199652,6.280843709426124e-05,-0.00030696047598407106,0.0010777265262995371,-0.0005478317493063524,-0.00015617568385456723,0.00027326632500956053,-0.00011821847808300938,-2.2177893503381486e-05,0.00011597531578917529,0.00046935772422890634,0.1184896551224584
1781507074.9471147,-0.048679887480613235,0.7838038453364261,0.38211692132707176,-0.04784992948368289,0.017908222332058576,-0.06667289409041746,-0.048697367255742974,0.7836960819347086,0.38205502394230867,-0.04780184788066467,0.01772971049917138,-0.06660200096651524,6.933465372155884e-06,0.00026604089680692955,7.478569332718227e-05,-0.00019014374676753403,0.0008994248292404517,-0.0002738101452557622,0.00010470487153760221,6.755288289430155e-05,-0.00020707384002565136,-0.00017745853888422166,0.0001104042767281397,6.160842651692749e-05,0.1254981255988231
1781507074.9571137,-0.04868012468850634,0.7838094972626838,0.38211904827764587,-0.04784303230197448,0.017903531756499502,-0.06665589229073272,-0.048697367255742974,0.7836960819347086,0.38205502394230867,-0.04780184788066467,0.01772971049917138,-0.06660200096651524,7.720647095170283e-06,0.00028815023880211625,8.345310240200523e-05,-9.741292238825911e-05,0.0007412096324541009,-6.0999856820261256e-05,0.00017752483745441457,8.554271035950219e-05,-0.00016482230983203531,1.643829288842452e-05,0.0003890663351121039,-0.00039714720060664234,0.1313752574117032
1781507074.9671156,-0.04868037487884308,0.7838141915500781,0.38212082765433,-0.04783714025821167,0.01789890933777505,-0.06664150377818476,-0.04870002652297617,0.7837020319027981,0.3820524544290872,-0.047806575714862666,0.017754955222468727,-0.06660360696402837,8.25474701053516e-06,0.00030224786887074836,8.93536301658643e-05,-2.526695913062232e-05,0.0006023753688904179,0.00010012160497462988,5.472490638804636e-06,1.0010768934613513e-06,-3.858283357217215e-05,-0.00013974283826289404,0.0009230175551792668,-0.0005209033626997093,0.1328189426445704
1781507074.9770832,-0.048677956160904964,0.7838036718797385,0.38211700197751397,-0.0477909718802674,0.01783865785843619,-0.06656169929637919,-0.04870002652297617,0.7837020319027981,0.3820524544290872,-0.047806575714862666,0.017754955222468727,-0.06660360696402837,5.436886043476093e-05,0.00023403309171380005,5.750609312742501e-05,0.00046594366836165613,-0.00016203712773366107,0.0009278482639338936,3.0106602276138378e-05,3.940678090280826e-05,1.6458594315442438e-05,-0.0006554169226767574,0.0015668839925113574,-0.0010159246126252048,0.12240985173717861
1781507074.9871154,-0.04867581683177995,0.7837945972267698,0.3821136822740722,-0.04775258731502738,0.01778808613431493,-0.06649543704308387,-0.04870002652297617,0.7837020319027981,0.3820524544290872,-0.047806575714862666,0.017754955222468727,-0.06660360696402837,9.069912397700175e-05,0.0001763066631060702,3.121108482976087e-05,0.000821234827551378,-0.0007303503479038128,0.0015226390745548218,6.81725904660653e-05,-6.774120712297703e-05,-0.00013651460355971554,-0.001179734816365645,0.0023484592525050865,-0.0015714922324432778,0.11359268176831346
1781507074.997115,-0.048673911116189864,0.7837868068960211,0.3821108101032037,-0.04772108474407803,0.017746152041971497,-0.06644113485924324,-0.04870002652297617,0.7837020319027981,0.3820524544290872,-0.047806575714862666,0.017754955222468727,-0.06660360696402837,0.00011871483417812873,0.0001277314515919971,9.706681987995741e-06,0.0010649613916661163,-0.0011361766832308595,0.00192661764855362,0.00021924604079302454,-8.468787082788968e-05,-0.0002451844459503748,-0.0015489793455048734,0.0025457893652066623,-0.0017438649756909958,0.10618002942722692
1781507075.0071135,-0.048672204996578844,0.7837801522454189,0.3821083331341594,-0.047695600273781814,0.017711838172196792,-0.06639728000306318,-0.04870002652297617,0.7837020319027981,0.3820524544290872,-0.047806575714862666,0.017754955222468727,-0.06660360696402837,0.00013970085668740668,8.711808872502406e-05,-7.679468790650635e-06,0.0012184253333302883,-0.0014091484849679335,0.0021765688965900867,-2.760759650653788e-05,-9.06377130358166e-06,-0.00031123713345538,-0.0015775164768041584,0.0021376531643686435,-0.0011050827426929673,0.09999627464465079
1781507075.0171142,-0.048670673229529934,0.7837744968732294,0.3821062045526563,-0.04767532204639895,0.01768417350502971,-0.06636245314040423,-0.04869939120681904,0.7837012583645715,0.38204364768992616,-0.0478641987715521,0.017842675440675748,-0.06666030480301016,0.00015477772043342005,5.341089674145675e-05,-2.1539297194089913e-05,0.0013000581308300879,-0.0015751048722293245,0.0023042707014541493,-4.953299372217563e-05,0.00010294938750951519,0.00012425824443544996,-0.0003745453527849966,0.0007138335648153974,-0.0001502191540890282,0.10050851926406176
1781507075.0271227,-0.04867065893226369,0.7837731328058121,0.38210604527738984,-0.047703931440046726,0.017710498707044442,-0.06636473621743375,-0.04869939120681904,0.7837012583645715,0.38204364768992616,-0.0478641987715521,0.017842675440675748,-0.06666030480301016,0.0001317859205699045,2.8768043596089625e-05,-2.0326860101442893e-05,0.0008462446392415585,-0.0011148919485231934,0.002041521385182934,6.882026305753152e-05,5.536937127826504e-05,-0.00023651534643840682,-0.0004342249131156498,-0.00016426912918022423,0.00035142448459792584,0.09942302462737834
1781507075.0371113,-0.04867067591546979,0.7837719653817148,0.3821059179803713,-0.047728805356244366,0.01773357387676766,-0.06636857860895186,-0.04869939120681904,0.7837012583645715,0.38204364768992616,-0.0478641987715521,0.017842675440675748,-0.06666030480301016,0.00011165885948668887,8.620902367407029e-06,-1.9095986197597967e-05,0.0004830559852816797,-0.0007395497480377729,0.0017887706688801,-5.857121395437984e-05,0.0002656005176600221,0.0001284094649205661,0.0004094303952567252,-7.281030218954013e-05,0.0008836955293041773,0.09849689996490577
1781507075.0471122,-0.048670730997975704,0.7837709596348369,0.3821058187681241,-0.04775019963887964,0.01775358216844536,-0.0663734841065154,-0.04869939120681904,0.7837012583645715,0.38204364768992616,-0.0478641987715521,0.017842675440675748,-0.06666030480301016,9.408656408556536e-05,-7.6619172971309e-06,-1.7865908138866416e-05,0.00019771030382271718,-0.00043807310177179854,0.001550429930777019,6.778623867058512e-05,0.0001838541675424921,0.00020714056714133712,0.0008263608158649188,-0.002720077861225694,0.0025127097912413607,0.09769809420786708
1781507075.0571108,-0.04867082640790354,0.7837700879689085,0.3821057439827911,-0.04776840119885235,0.017770744796564264,-0.06637905182067094,-0.04869939120681904,0.7837012583645715,0.38204364768992616,-0.0478641987715521,0.017842675440675748,-0.06666030480301016,7.87878248100802e-05,-2.0636243498932013e-05,-1.665205530125424e-05,-2.1500045160707484e-05,-0.00020019414249804372,0.001329410054011235,0.00010793002365200016,0.00029509996038560275,0.00012277079526176968,0.001053534987864755,-0.0027916059965982973,0.0029289043744913277,0.09700212243985992
1781507075.0671153,-0.04867096106683615,0.7837693286525783,0.38210569022872126,-0.047783712379353374,0.017785305428261067,-0.06638496325806606,-0.048700655188629316,0.7837105674884084,0.3820438027392867,-0.047858864391474354,0.017807315682498936,-0.06660297487226273,6.550808591345735e-05,-3.0790202086936325e-05,-1.54666083834737e-05,-0.00018515738939969286,-1.6478539317834804e-05,0.0011274179659526015,-0.00028177147260754316,0.0002593129238812375,5.748056219470633e-05,0.000843530409393843,-0.001613153482094731,0.0033762357864248176,0.09035860021153119
1781507075.077122,-0.04867024005096012,0.7837728864642223,0.3821066550903966,-0.04773868475555982,0.017756127342600347,-0.0663606015482143,-0.048700655188629316,0.7837105674884084,0.3820438027392867,-0.047858864391474354,0.017807315682498936,-0.06660297487226273,8.137369456519333e-05,1.381253442697328e-05,-9.516490551566087e-06,0.000321896872249337,-0.00034555328456054653,0.0012547415013618051,-0.00011418337287131611,0.00040412697821794343,0.00032679114283403436,0.0011631629499071028,-0.00043573431598487825,0.0026009773604101314,0.09359034878646288
1781507075.0871077,-0.04866960158208161,0.7837760025479485,0.3821074832388643,-0.047701129532478,0.017731846902630855,-0.06634127838067687,-0.048700655188629316,0.7837105674884084,0.3820438027392867,-0.047858864391474354,0.017807315682498936,-0.06660297487226273,9.307909190439605e-05,4.9443394992426775e-05,-4.619312103841497e-06,0.0006930028530539826,-0.0005826613228756177,0.0013157947536840773,-4.119023521426964e-05,0.00016438331396549706,0.00020376398644255026,0.0008049066567221074,-0.0009951342014469374,0.0020700716036284785,0.09644314139998358
1781507075.0971096,-0.04866902985932638,0.7837787350848516,0.38210819054060946,-0.047670200933448224,0.017711900998267582,-0.0663262591247992,-0.048700655188629316,0.7837105674884084,0.3820438027392867,-0.047858864391474354,0.017807315682498936,-0.06660297487226273,0.00010129646402357017,7.742039523708622e-05,-6.294573483067262e-07,0.0009520895631375521,-0.0007443709750738611,0.0013255228020904338,8.050523555321108e-05,0.0001610256651536184,0.00021295224294699588,0.0009707394619155778,-0.0010811261037939604,0.0016101212739267864,0.09895843378686446
1781507075.1071043,-0.048668514102503765,0.7837811320640894,0.3821087914770072,-0.04764508390527679,0.017695748990838256,-0.06631487558771426,-0.048700655188629316,0.7837105674884084,0.3820438027392867,-0.047858864391474354,0.017807315682498936,-0.06660297487226273,0.00010660962069242309,9.88985849030152e-05,2.5814667955738306e-06,0.0011201523840386953,-0.0008451603215001587,0.0012965283818817458,0.00016263320581565933,-0.00011130235164032935,-0.00022822317827987405,-0.000216994683314836,-0.0008216151720316962,0.0011835040319447489,0.10117284610446825
1781507075.117115,-0.04866804714205622,0.7837832333911574,0.3821092991912317,-0.04762500871520952,0.01768288189228806,-0.06630652763895428,-0.04870351624665531,0.7837199386602951,0.3820531767171305,-0.04781450885178192,0.017759049353587297,-0.06648856872480846,0.00010952402807886052,0.00011488755344191896,5.12640068755198e-06,0.0012154139497864273,-0.000897544956488826,0.001239314222383056,0.0004052305249627825,8.384844133933869e-05,7.049853352420366e-05,0.0002824859648045674,-0.00027237750090152086,0.00016597687309005365,0.09172792614701503
1781507075.1271079,-0.04866762432088908,0.7837850725843448,0.3821097255491539,-0.04760926064860764,0.017672828374669658,-0.06630068256424554,-0.04870351624665531,0.7837199386602951,0.3820531767171305,-0.04781450885178192,0.017759049353587297,-0.06648856872480846,0.00011047585544100574,0.00012626732616579495,7.104448588994245e-06,0.0012535205818772247,-0.0009122274378827314,0.001162522104398169,0.0002344844940458825,-9.751111380890754e-06,-9.799019939281769e-05,-0.00039743790061829765,0.0002923772217280175,0.00022869813793678997,0.09342606060694371
1781507075.137056,-0.04866658244060839,0.7837838976290504,0.3821119258348608,-0.047689377926481306,0.017699210837833768,-0.06636149569450753,-0.04870351624665531,0.7837199386602951,0.3820531767171305,-0.04781450885178192,0.017759049353587297,-0.06648856872480846,9.407388572235938e-05,7.481372292867381e-05,2.2778216560601196e-05,0.00025376965018521344,-0.0004933292845278227,0.000386287532225305,-2.2211677858452862e-05,2.6986511422536792e-05,-3.1720377978467984e-06,-1.5366181136852088e-05,-3.5535178517035956e-05,0.0007987131090073598,0.09437327242098056
1781507075.1471026,-0.04866574818494585,0.7837827693434322,0.38211380430961017,-0.047757004647084586,0.017721832660890113,-0.06641302236629314,-0.04870351624665531,0.7837199386602951,0.3820531767171305,-0.04781450885178192,0.017759049353587297,-0.06648856872480846,7.971481313218225e-05,3.256018581726817e-05,3.5072073554626845e-05,-0.0005022570079159087,-0.00016595863120032498,-0.0002058909966688536,-2.179259596866376e-05,0.00017631670799665995,5.575674244413227e-05,0.0004955956146863532,3.550058847749672e-05,0.0007181553822276709,0.09513057446814023
1781507075.157109,-0.04866510316860223,0.7837816703311021,0.3821154020354984,-0.04781342125747845,0.017741018220099436,-0.06645618033212634,-0.04870351624665531,0.7837199386602951,0.3820531767171305,-0.04781450885178192,0.017759049353587297,-0.06648856872480846,6.717766753954633e-05,-1.7723899888852975e-06,4.4496853107076825e-05,-0.001054974615488802,8.38723656321961e-05,-0.0006439533974509931,-0.00016080629711073382,0.0001060278442242436,0.0001324105204180633,0.0005801888883140955,0.00038145993034449833,0.0011643842715856711,0.09569928940238218
1781507075.1671112,-0.04866462711599121,0.7837805929361161,0.38211675513757376,-0.04785989404548159,0.01775710449085821,-0.06649188634892651,-0.048699314368482516,0.7837234872562098,0.38205628108042583,-0.04780752632479148,0.017763121253865144,-0.06645633936055387,5.6261974390851597e-05,-2.9311202121473788e-05,5.149899279039372e-05,-0.0014402301044061728,0.00026876683940274407,-0.0009545511212463122,-0.00023391803609977546,0.00011533750702467932,0.00018480415634600093,0.0004997681683566139,0.0002563989547836347,0.0016606146149049658,0.09011867592732206
1781507075.1771126,-0.04866294789410335,0.783783611058986,0.38211994223022094,-0.04791541900627903,0.01777859519442626,-0.06642777203052716,-0.048699314368482516,0.7837234872562098,0.38205628108042583,-0.04780752632479148,0.017763121253865144,-0.06645633936055387,5.315835600014017e-05,-3.37750596834551e-05,7.008162789604841e-05,-0.0019016055253622674,0.0004402629918684928,-0.00014008503163922572,9.895118247585658e-05,0.00015372857419275996,-0.00010279216221636549,0.00023931159796708484,-0.0003124105375262371,0.0010843291756282825,0.09481631775321099
1781507075.1871126,-0.04865926086852901,0.783778172762488,0.3821150461318903,-0.047917641387901146,0.01779353319272614,-0.06637798613521506,-0.048699314368482516,0.7837234872562098,0.38205628108042583,-0.04780752632479148,0.017763121253865144,-0.06645633936055387,6.751053411309506e-05,-6.759937924406793e-05,3.4296927215909234e-05,-0.0017279360885624655,0.0005290563481124006,0.0004258254654883048,0.00018444713445837544,6.0396301518918864e-05,6.583370174376419e-05,8.609513354701764e-05,-0.0003718850097531464,0.0007135082576415156,0.08971130769890513
1781507075.1971092,-0.048656193193929324,0.7837734295334919,0.38211083349832714,-0.04791793005414949,0.017805593055349567,-0.06633647904957708,-0.048699314368482516,0.7837234872562098,0.38205628108042583,-0.04780752632479148,0.017763121253865144,-0.06645633936055387,7.817665036675248e-05,-9.38960821157391e-05,5.135353347694577e-06,-0.0015505141317228182,0.0005811005434680984,0.000838187919159955,0.00024359838560021702,9.37360153015613e-05,0.00014886657309595214,0.00043816936573583417,-0.0008879383128035119,0.00011590085091893999,0.08561327615419712
1781507075.2071247,-0.04865366222236044,0.7837693113996693,0.3821072225997207,-0.047916762070293106,0.017815166315615638,-0.06630231115849092,-0.048699314368482516,0.7837234872562098,0.38205628108042583,-0.04780752632479148,0.017763121253865144,-0.06645633936055387,8.574854459831767e-05,-0.00011381661048081039,-1.833984537963987e-05,-0.0013751368156544879,0.0006041862357213091,0.0011242143179996601,5.740765828391066e-05,1.9705229459188248e-05,-2.3905179973205124e-06,-5.43004398290485e-05,-0.0003070085520274559,-7.734055226315238e-06,0.08233473724632069
1781507075.2171118,-0.04865159389746736,0.7837657539883893,0.3821041401935975,-0.04791453472792076,0.0178226144145881,-0.0662745775511532,-0.048694951539121345,0.7837307651958012,0.3820646962755955,-0.04778667509365339,0.01774747406455557,-0.06642120847798104,9.074053687447007e-05,-0.00012836610381518655,-3.695272020493659e-05,-0.0012060918505145835,0.0006049431259271234,0.0013077519020147437,0.0001719667436697457,5.1734506782683164e-05,-0.00020933647785297742,-0.0010530062680419057,0.0003442582710717156,-0.00030137156798279674,0.06826363134144996
1781507075.227117,-0.048649922233110335,0.7837626981238136,0.3821015207896997,-0.04791157467698228,0.017828266347346577,-0.06625242408719251,-0.048694951539121345,0.7837307651958012,0.3820646962755955,-0.04778667509365339,0.01774747406455557,-0.06642120847798104,9.359819951386433e-05,-0.00013841951757223461,-5.142640791989384e-05,-0.0010464185845227864,0.0005889496387487912,0.0014094740406853613,0.0001089059020986022,-2.9269860834751887e-05,-0.00011485421592085546,-0.0013886026451522468,0.00012644738857513717,0.00010068970273039956,0.06635808262971829
1781507075.2371109,-0.04865446634047525,0.7837613970821787,0.38210657589532276,-0.047852769793820686,0.017819777280356552,-0.06631127337328405,-0.048694951539121345,0.7837307651958012,0.3820646962755955,-0.04778667509365339,0.01774747406455557,-0.06642120847798104,6.284306804195664e-05,-0.00011027264607902873,-1.702668418279034e-05,-0.0002787532436620884,0.000462829013524902,0.0006095451912339528,2.2928753795662013e-05,-0.0001637160004034038,-0.00037669390387594923,-0.0023724825315411175,-6.398742966575471e-05,0.0005724705912337902,0.06581235690174042
1781507075.2471044,-0.048658419834686335,0.7837603974816878,0.38211091962321636,-0.04780306284845093,0.017812188573324894,-0.0663613098777336,-0.048694951539121345,0.7837307651958012,0.3820646962755955,-0.04778667509365339,0.01774747406455557,-0.06642120847798104,3.7357388713566314e-05,-8.627982692404319e-05,1.080423586385143e-05,0.00030406369158943343,0.00035566129828007925,-6.498075177804917e-06,0.0001074471195849739,-0.00017290315838951097,-0.0004323540625561961,-0.0026861233349915305,0.000899699013271661,0.00028574783829024797,0.0659487350983567
1781507075.2571132,-0.0486618441976214,0.783759670257676,0.3821146363585291,-0.047761533364350524,0.01780548173895391,-0.06640337360941527,-0.048694951539121345,0.7837307651958012,0.3820646962755955,-0.04778667509365339,0.01774747406455557,-0.06642120847798104,1.6424813528872767e-05,-6.592578284045475e-05,3.3009250648098057e-05,0.0007324264225448742,0.00026562805817139295,-0.0004678996286327828,0.0001485642632980025,-0.00034698137626475384,-0.0004879855705205852,-0.002743688111429383,0.0006423369278723522,0.00042988749611182935,0.06652526246921688
1781507075.267114,-0.0486647964607378,0.7837591834462271,0.38211780203944934,-0.04772726781050663,0.017799618870036005,-0.0664383121920397,-0.048691217215137084,0.7837251837912943,0.38205384763728195,-0.047878670755185024,0.017757461654760665,-0.06640897546761983,-5.874149068164264e-07,-4.87507560975426e-05,5.041657964551593e-05,0.0010333361954660532,0.00019089772662412636,-0.0008008037993469554,7.55174059415567e-05,-0.00021750348551967326,-0.0005094117763983485,-0.002127149028196105,0.00042383425495394803,0.0008306643406762514,0.07709862745317536
1781507075.277112,-0.04866732922499,0.7837589041167677,0.3821204848146203,-0.04769938286544864,0.017794548541706368,-0.06646695575662687,-0.048691217215137084,0.7837251837912943,0.38205384763728195,-0.047878670755185024,0.017757461654760665,-0.06640897546761983,-1.423693201592361e-05,-3.4345384154942974e-05,6.375188676584316e-05,0.0012305129151384596,0.00012967904736090486,-0.0010283169144692781,0.0002977530740467632,5.184119684411313e-05,0.00020538210595893544,-0.0004371362641631634,0.00015439631458776158,0.0007004687710392052,0.07841052114942337
1781507075.2871113,-0.04867108928892388,0.7837577250084503,0.3821186974743347,-0.04771665925794143,0.0178011008178256,-0.06649211266141544,-0.048691217215137084,0.7837251837912943,0.38205384763728195,-0.047878670755185024,0.017757461654760665,-0.06640897546761983,-4.159127282842301e-05,-4.728726712924186e-05,4.8611117460567856e-05,0.0009124576928441941,0.0002000648356057843,-0.0011869274691351985,4.066963044556588e-05,0.0003232645351118858,0.0001946214453451583,0.0006092287900064088,0.0001388682657624176,0.0010337571053770926,0.07529651780398418
1781507075.297108,-0.04867431213589659,0.7837567811402438,0.3821171358080403,-0.04773200866934856,0.017806479809082232,-0.06651217440739689,-0.048691217215137084,0.7837251837912943,0.38205384763728195,-0.047878670755185024,0.017757461654760665,-0.06640897546761983,-6.302359957985617e-05,-5.7077485635306514e-05,3.5840562137618933e-05,0.0006491730568644214,0.0002473242427876525,-0.0012732800168377648,2.766674358663951e-05,0.0003163800868648487,0.0004929616057083385,0.0011992386144715553,0.0005197203823013293,0.0007700494813764822,0.07272940755088954
1781507075.3071065,-0.048677064721834834,0.7837560293368057,0.3821157755425289,-0.047745494064475716,0.017810832571931057,-0.06652786935514021,-0.048691217215137084,0.7837251837912943,0.38205384763728195,-0.047878670755185024,0.017757461654760665,-0.06640897546761983,-7.943032309264012e-05,-6.421358051127471e-05,2.5134566868073803e-05,0.00043413302982487733,0.0002759627089577382,-0.0013031282665200445,2.2632779357835042e-05,0.0002695520647700861,0.0004439165044835016,0.0009775752066100388,0.00025658972968117664,0.0003964532837140829,0.07061732218683195
1781507075.3171124,-0.048679406034558656,0.7837554341670765,0.38211459454731167,-0.047757213654571036,0.017814297358150544,-0.06653986277623883,-0.04869091473415471,0.7837325419849241,0.38206387645138046,-0.047879414646966975,0.017781536761995564,-0.06636777659410664,-9.159473740451548e-05,-6.912859462583279e-05,1.6221600811793904e-05,0.00026112731962367106,0.00028986559041439277,-0.0012898226446210995,-2.8421907342815283e-05,0.000497977462997732,0.0006580444590443653,0.0015455312620427954,0.0003665394189901922,-0.0002200171098540021,0.0568227720634613
1781507075.3271143,-0.04868138806795889,0.7837549666427083,0.38211357270584256,-0.04776728936924798,0.017817002041435437,-0.06654875446107249,-0.04869091473415471,0.7837325419849241,0.38206387645138046,-0.047879414646966975,0.017781536761995564,-0.06636777659410664,-0.00010019940430457026,-7.219830651617704e-05,8.860966799434118e-06,0.00012435216211344926,0.00029234731378002327,-0.0012445474344078772,2.7551337454768333e-05,0.00016433423519800664,0.00036744386319136714,0.000710320850159517,0.0003796467503728922,-0.0003545103817441916,0.055347451188868614
1781507075.3371124,-0.0486768586576174,0.7837585130025185,0.3821167935533692,-0.047870201589213415,0.017805911920454554,-0.06648303604979672,-0.04869091473415471,0.7837325419849241,0.38206387645138046,-0.047879414646966975,0.017781536761995564,-0.06636777659410664,-6.123288949882117e-05,-9.35362386161252e-05,3.118335473608725e-05,-0.0010254985643638173,0.00010520302770191889,-0.00039795172367628764,0.00014685628716293257,0.00041213674771486074,0.0005229754353403741,0.0009460183590743696,0.00023357494275337456,-0.000888909533364659,0.06059939542105052
1781507075.3471024,-0.04867294209965864,0.7837614117946691,0.38211954803485754,-0.04795581216818535,0.01779650985881598,-0.06642739063659144,-0.04869091473415471,0.7837325419849241,0.38206387645138046,-0.047879414646966975,0.017781536761995564,-0.06636777659410664,-2.9175734682175947e-05,-0.00010948055851863027,4.8708043704239414e-05,-0.001858972078448544,-3.7902498618020114e-05,0.00024726557855884784,0.00023604630468453583,0.00017991376214844141,0.0006628174790698025,0.0012172384109948612,0.00036820631129543354,-0.0013920571108283278,0.06523654430059085
1781507075.3571098,-0.04866956418941671,0.7837637293140057,0.382121894492296,-0.048026115719158866,0.017788629029946268,-0.06638081589824327,-0.04869091473415471,0.7837325419849241,0.38206387645138046,-0.047879414646966975,0.017781536761995564,-0.06636777659410664,-3.0714252671540365e-06,-0.00012089300063158629,6.215921314346594e-05,-0.00243258042047313,-0.0001440928420090576,0.0007239358059855467,5.572698707488478e-05,0.00015081139528220805,0.00031565858570942206,0.00042909135253787773,0.00013066489918558096,-0.0009142824990064913,0.06924296590650807
1781507075.3671036,-0.048666659242182345,0.7837655348775915,0.3821238844970691,-0.048083025752013044,0.017782102986026782,-0.06634231250807146,-0.04868397261898161,0.7837454455748905,0.38208717934695974,-0.047831907356682093,0.017796052229867687,-0.06641038944363088,1.7923331572617125e-05,-0.00012852276569525603,7.216983049395794e-05,-0.0027957793689587177,-0.00021971623867126763,0.0010612718837743678,-2.9402764310753174e-05,0.00024229383606106424,0.00047219772903770146,0.00024780653197136577,0.001367662054422298,-0.0014003294998692574,0.045283563726324694
1781507075.377111,-0.048665790796372455,0.7837690859972125,0.38212449218426053,-0.048070026078091174,0.017777147271118787,-0.06634913483990383,-0.04868397261898161,0.7837454455748905,0.38208717934695974,-0.047831907356682093,0.017796052229867687,-0.06641038944363088,2.4898588575793654e-05,-9.150255605502769e-05,7.110541861631557e-05,-0.002347321221886153,-0.00024618986214768913,0.0008684296540530756,0.00018998149207450154,6.277345509491304e-05,0.0001729633863693708,-0.0005161587902603639,0.0004906615973172217,-0.0009695514064562128,0.04776710236545258
1781507075.387104,-0.04866504669675628,0.783772041621399,0.38212498065738926,-0.04805695120889447,0.017773166658429096,-0.06635568061913394,-0.04868397261898161,0.7837454455748905,0.38208717934695974,-0.047831907356682093,0.017796052229867687,-0.06641038944363088,3.0182647231227435e-05,-6.062429536171116e-05,6.93499594853342e-05,-0.0019470544313754446,-0.00025928652595132244,0.000700167580731647,-5.0817347099210144e-05,0.00014933117308128265,0.0004661125295172878,-0.00036373522072728304,0.0001019592446647659,6.839492879394762e-05,0.04994476240962354
1781507075.397108,-0.04866441073565536,0.7837744960200218,0.3821253665459536,-0.04804417788973359,0.017770025626749897,-0.06636183999309697,-0.04868397261898161,0.7837454455748905,0.38208717934695974,-0.047831907356682093,0.017796052229867687,-0.06641038944363088,3.4042102869089e-05,-3.506788530276456e-05,6.706198962210398e-05,-0.0015938521161232846,-0.0002620018556524686,0.0005549285383058156,6.400605721092995e-05,7.971284887101875e-05,0.00038171273009737967,-0.0007420952882545175,0.00018897143324672828,0.0001309351193672585,0.05181561355995694
1781507075.4071145,-0.04866386897634789,0.7837765294514911,0.3821256645926343,-0.04803198015059177,0.017767599648648824,-0.0663675412320026,-0.04868397261898161,0.7837454455748905,0.38208717934695974,-0.047831907356682093,0.017796052229867687,-0.06641038944363088,3.670902222976127e-05,-1.4107539719419726e-05,6.437552534090735e-05,-0.001285581675848461,-0.00025686452239232676,0.0004309155817210542,-5.771856028296871e-05,0.0001754822895088324,0.0005320786321556816,-0.0010103724417759538,0.00038082413838767544,0.0004866421620282311,0.0533992318886865
1781507075.4171073,-0.04866340938859056,0.7837782100107942,0.3821258878316956,-0.04802054755865191,0.017765775843623155,-0.06637274313389246,-0.04868508286445283,0.78375155921912,0.38210131750106385,-0.04785924849719187,0.017811449421967884,-0.06642256137336897,3.838481290751734e-05,2.8976198345892873e-06,6.140320066984093e-05,-0.001019415330076546,-0.00024598411130896344,0.0003262012747427079,-0.00026458682051878907,-0.00014848363086170083,4.112462258179427e-05,-0.0018287229258293135,-0.00023082973742755402,0.0012081613728453075,0.04223393659329878
1781507075.427112,-0.04866302154561716,0.7837795952873712,0.38212604775319226,-0.04801000120653861,0.017764453148648718,-0.06637742849807701,-0.04868508286445283,0.78375155921912,0.38210131750106385,-0.04785924849719187,0.017811449421967884,-0.06642256137336897,3.924371811851728e-05,1.651218959315758e-05,5.823905732393653e-05,-0.0007920818243372695,-0.0002310984583159919,0.00023881317533920634,-7.678111524237263e-05,0.00012203670316773185,0.0003678719325974507,-0.0016065861372725,-0.00030018184508295707,0.001029848279136313,0.04340861990537009
1781507075.4371092,-0.04865798995736959,0.7837779152725665,0.3821253475610861,-0.04800967777190584,0.017759591926868046,-0.06629498897092512,-0.04868508286445283,0.78375155921912,0.38210131750106385,-0.04785924849719187,0.017811449421967884,-0.06642256137336897,7.310814756297289e-05,3.856323195760417e-06,4.995159169230592e-05,-0.0007180629610633912,-0.00030206712502774504,0.00110901143100351,-9.153618402884402e-05,-0.00020173154441187566,-0.00022564460392055454,-0.0023910826341260157,0.0003210465922112959,0.0008720447499283309,0.044789629962398894
1781507075.447109,-0.04865368617772822,0.7837764207645215,0.38212472115371365,-0.0480087649278849,0.017755731069837744,-0.06622668071272614,-0.04868508286445283,0.78375155921912,0.38210131750106385,-0.04785924849719187,0.017811449421967884,-0.06642256137336897,9.936724788439289e-05,-6.352330100210171e-06,4.2665699394912575e-05,-0.0006429471079247613,-0.00034697578775882715,0.001730664525801652,0.00010680892731447033,5.811938702602918e-05,-1.3876699909204115e-05,-0.0020782482211055193,-0.0008488535905546835,0.001126603241990196,0.04638511975177118
1781507075.4571068,-0.048650019899501205,0.7837750969855621,0.3821241617560043,-0.048007435379449216,0.017752725451068763,-0.06617083031569584,-0.04868508286445283,0.78375155921912,0.38210131750106385,-0.04785924849719187,0.017811449421967884,-0.06642256137336897,0.00011918826470612041,-1.4467072417170673e-05,3.627616293370095e-05,-0.0005690656160936313,-0.0003711286369018662,0.002149074891512822,-5.366383259955005e-06,-8.973049728718418e-05,-0.00024967821826903623,-0.0019694163338933516,-7.948612021831592e-05,0.0007986928718305267,0.048013518347100645
1781507075.4671087,-0.04864691123163515,0.7837739298450112,0.3821236630968167,-0.048005829953093174,0.017750442927485288,-0.06612584294641344,-0.04868491675780651,0.7837514108688691,0.38210173431742744,-0.04795263318952055,0.017795934379503997,-0.06638176369053937,0.0001335898085319206,-2.0798057191698713e-05,3.0687158787593e-05,-0.0004981314567101267,-0.00037906823213944394,0.002403749394281428,0.00025447100869791385,0.0001332474105177587,0.0003558733598024601,-0.0006669684197770109,0.00022284791525366472,9.587409703774101e-05,0.04931932351067496
1781507075.4771118,-0.048644289502404355,0.783772905921557,0.38212321938875465,-0.04800406173151099,0.017748764697911756,-0.06609022629974383,-0.04868491675780651,0.7837514108688691,0.38210173431742744,-0.04795263318952055,0.017795934379503997,-0.06638176369053937,0.000143458262752714,-2.561686929525589e-05,2.5811618849221814e-05,-0.0004313473919119987,-0.00037464208507096547,0.00252877107286498,0.0002800605645845382,0.00029605424894008997,0.00014967996106491404,-0.0005033936740525719,-7.737704104878915e-05,7.780943814859623e-05,0.05073676636820927
1781507075.4871035,-0.04864049220900663,0.7837727526588693,0.3821244945035754,-0.04793130532149175,0.017738446902413996,-0.06607386020880651,-0.04868491675780651,0.7837514108688691,0.38210173431742744,-0.04795263318952055,0.017795934379503997,-0.06638176369053937,0.00016598906410047158,8.346108588188115e-06,3.063556464085275e-05,0.00040685640421821303,-0.0004548285820817771,0.0024257370404617454,0.00027630281023502,0.00019769137754754238,0.00028211932463688373,0.0002580713400179973,-0.00039939830319765527,0.0003571934082301609,0.0542866338058549
1781507075.497117,-0.04863727484861398,0.7837727286454865,0.3821255649201917,-0.04787052440921857,0.01773007750620703,-0.06606234071771769,-0.04868491675780651,0.7837514108688691,0.38210173431742744,-0.04795263318952055,0.017795934379503997,-0.06638176369053937,0.00018197293654439623,3.550492174179609e-05,3.411991510107134e-05,0.0010237564023779858,-0.0005024674808878299,0.0022821367965251984,0.00045034328431003897,0.00021152057432747862,0.000534740565011279,0.0006820506941902494,-0.0012340227355352145,0.0007781286124249419,0.05737679617689587
1781507075.5071056,-0.048634561580309106,0.7837728270177838,0.3821264566282264,-0.047820379995999064,0.01772339759246666,-0.06605476777815404,-0.04868491675780651,0.7837514108688691,0.38210173431742744,-0.04795263318952055,0.017795934379503997,-0.06638176369053937,0.0001924985783395749,5.685740438621534e-05,3.648472413580482e-05,0.001457954963838887,-0.0005244136125912558,0.0021120727237818864,0.000315162716124281,0.00026442214732691607,0.0003609735905829891,0.0005683813459651817,-0.0008070976006046245,0.0010941026950471223,0.060045715803651374
1781507075.517113,-0.04863228635312502,0.7837730346567482,0.3821271930449138,-0.04777957768864002,0.01771816676699922,-0.06605035902628478,-0.04866672917720005,0.7837636933335759,0.3821175134393523,-0.0479414642526344,0.017762339534595828,-0.06635655208482705,0.00019850912854081285,7.327816314766183e-05,3.792083083941268e-05,0.0017433765083098732,-0.0005265068394845789,0.0019268355643122705,0.00038730099066281793,0.0002845539605962474,0.0003655658878529105,0.0007143397097889859,-0.0010301502397800423,0.0014976467195037806,0.03697652245276951
1781507075.5271082,-0.048630391534322984,0.783773334771364,0.3821277951675316,-0.04774689194026499,0.01771416513170343,-0.06604844168333562,-0.04866672917720005,0.7837636933335759,0.3821175134393523,-0.0479414642526344,0.017762339534595828,-0.06635655208482705,0.00020081892465536105,8.553179869353121e-05,3.859320331475324e-05,0.0019095118427144323,-0.0005136665666226679,0.001735300355373037,-3.513703026327222e-05,0.0001347660777541064,9.628953020065606e-05,0.00038185300797919237,-0.0004452101308447129,0.002441751232678569,0.03897557628614267
1781507075.5371068,-0.04863101886401495,0.7837665553344622,0.3821210101309948,-0.04771077562925519,0.017755153945808066,-0.06611040736450677,-0.04866672917720005,0.7837636933335759,0.3821175134393523,-0.0479414642526344,0.017762339534595828,-0.06635655208482705,0.00016461631638955103,5.5109196606480666e-05,-7.94162180192991e-06,0.0021073319225888634,2.163817984656368e-05,0.0008915954782824356,8.446804997021651e-05,0.000224326185862091,0.00017679248473078218,0.0008237457460262231,-0.0006844412991231604,0.0027432436770573497,0.03599506034574924
1781507075.5471165,-0.048631690656906756,0.7837608974347657,0.38211518565119384,-0.04768234990588071,0.017789571175065744,-0.06616334220481411,-0.04866672917720005,0.7837636933335759,0.3821175134393523,-0.0479414642526344,0.017762339534595828,-0.06635655208482705,0.00013346797854809787,2.9988458944453e-05,-4.5197901650068025e-05,0.002197870237895234,0.00042212425073276085,0.00023502642552639954,8.244317351026216e-05,0.00023692705045441992,0.0002508319493332026,0.0009900578813074336,-0.0012446166515289645,0.0030524188404155842,0.03522688677999872
1781507075.557116,-0.04863240168359321,0.7837562132609753,0.38211020631322107,-0.04766046425840352,0.01781812218831802,-0.06620806177872976,-0.04866672917720005,0.7837636933335759,0.3821175134393523,-0.0479414642526344,0.017762339534595828,-0.06635655208482705,0.00010677175437633382,9.442220954031485e-06,-7.453353956778533e-05,0.0022055472198667966,0.0007106347013279704,-0.00026335496136310874,-0.0002044115773611251,0.00024157535417997114,0.0002845076152326658,0.0013192432847521991,-0.0005110673117403934,0.0032005168688524167,0.03588484911121865
1781507075.5671034,-0.04863314366493877,0.7837523689579379,0.3821059687985988,-0.04764407768274574,0.017841496129847645,-0.06624540198738989,-0.048665080132134886,0.7837754932055596,0.38213050153501976,-0.0478914555289024,0.017726847631990728,-0.066222850298186,8.398783579728397e-05,-7.171389816359045e-06,-9.71389864742676e-05,0.0021509285268025233,0.0009073496761060527,-0.0006295688483306229,-0.00031370185228562396,0.00025985797378934723,4.7958764510030495e-05,0.0008916488119311129,-2.753091793760277e-05,0.0027773033238344858,0.04643838844469068
1781507075.5771189,-0.04863390664497675,0.7837492443183741,0.3821023807910621,-0.04763225971851594,0.0178603511169928,-0.06627619109080173,-0.048665080132134886,0.7837754932055596,0.38213050153501976,-0.0478914555289024,0.017726847631990728,-0.066222850298186,6.463330649494526e-05,-2.0417481718328412e-05,-0.00011405518276045874,0.002051128598814415,0.0010299018204275453,-0.000886729246324899,-0.00014576353976009549,0.00021197299722792214,0.00023758240268590577,0.001210374744618408,-0.0002253156029468577,0.0022041722715793965,0.049513297413992755
1781507075.5871122,-0.04864074851759583,0.7837452592578333,0.38209963199734465,-0.04757634312349778,0.017862949962884178,-0.06630228275813091,-0.048665080132134886,0.7837754932055596,0.38213050153501976,-0.0478914555289024,0.017726847631990728,-0.066222850298186,1.6456889812161805e-05,-1.8413584755519595e-05,-0.00012560506828074343,0.0024427385870929696,0.0009593589154556577,-0.0010730475290961386,-0.00024745407429111247,3.926357634674275e-05,1.519353108416837e-05,0.001018600333605985,0.00078903988224107,0.0013749137764428702,0.04958878318196297
1781507075.5971127,-0.04864668050732965,0.7837420857297669,0.3820973331205326,-0.04753153692472685,0.017864303853546426,-0.06632320160814723,-0.048665080132134886,0.7837754932055596,0.38213050153501976,-0.0478914555289024,0.017726847631990728,-0.066222850298186,-2.2426369588318688e-05,-1.6571591257923814e-05,-0.00013328546254019,0.0026692952080951612,0.0008802431113040968,-0.0011832752098139313,-5.3592496227034855e-06,0.00027938983254691233,0.00047837861185970657,0.0020723734653206372,0.0009552435914154418,0.00020623962944825712,0.050544528402247525
1781507075.607097,-0.04865180329186244,0.7837396083605903,0.38209542433447324,-0.047496281829196324,0.017864687557163084,-0.06633967214985269,-0.048665080132134886,0.7837754932055596,0.38213050153501976,-0.0478914555289024,0.017726847631990728,-0.066222850298186,-5.3356641443093616e-05,-1.4882909443463819e-05,-0.00013776221470789693,0.002765981228963446,0.0007968695725911573,-0.0012334740663832902,-0.0001004056204397084,0.00017674470665919747,0.0003209453711303674,0.0015371137081683483,0.0011381139124474083,-7.740936330389899e-05,0.051907673654977705
1781507075.6171126,-0.04865620816927505,0.7837377215522185,0.3820938528475522,-0.04746914807832123,0.017864333598274662,-0.06635235895672416,-0.04866674188691711,0.7837849314537664,0.382143832194845,-0.047824907237198115,0.01775195782217609,-0.06616914085405629,-7.75105504639215e-05,-1.3338699445454112e-05,-0.00013961044401863642,0.002762712875910986,0.0007125880433472687,-0.0012373216676206434,4.014209784251159e-05,6.371834215738695e-05,0.00014155138007301984,0.0014465582415842577,0.0009395562024478006,-0.0006121204898279121,0.06955335482441473
1781507075.6271093,-0.048659977787417284,0.7837363299263621,0.38209257214168835,-0.04744884210319839,0.017863436463512627,-0.06636186351499307,-0.04866674188691711,0.7837849314537664,0.382143832194845,-0.047824907237198115,0.01775195782217609,-0.06616914085405629,-9.59185227775938e-05,-1.1930034251615715e-05,-0.00013932514680706776,0.0026846414309109785,0.0006299332211425524,-0.0012063348153284249,0.000117477302166941,8.034116206100843e-05,0.00018359754757941144,0.0017139789524479889,0.0005083162548909887,-0.0007042738901208073,0.0709609368434018
1781507075.637047,-0.048658912408933795,0.7837460136593581,0.38209773558546994,-0.0475265807516452,0.017848044431849175,-0.0663489427180442,-0.04866674188691711,0.7837849314537664,0.382143832194845,-0.047824907237198115,0.01775195782217609,-0.06616914085405629,-7.785682143900927e-05,1.4358686826746419e-05,-9.561035647708651e-05,0.001540364118056281,0.00038661891278177614,-0.0009417403175251697,0.00014727712323390493,0.0001208868193563293,0.00026380424119343027,0.002051073733326545,0.00048136713493448873,-0.0008158805500347528,0.06083414208294761
1781507075.647115,-0.048657961358031465,0.7837543212479215,0.38210221733161776,-0.047593364565188964,0.017834785416107835,-0.066337193507762,-0.04866674188691711,0.7837849314537664,0.382143832194845,-0.047824907237198115,0.01775195782217609,-0.06616914085405629,-6.237084753476772e-05,3.528062718055536e-05,-5.9305816136472845e-05,0.0006408324534160452,0.00019372643144117027,-0.0007177108901559112,0.00035432114428946097,0.00015184064875850404,9.989577979883869e-05,0.002715491212415768,-4.196970426442334e-05,-0.0013934411740064046,0.05240113768608295
1781507075.6571121,-0.04865710978856504,0.7837613896971759,0.3821060963756787,-0.047650112238029126,0.017823487523239256,-0.0663266438688406,-0.04866674188691711,0.7837849314537664,0.382143832194845,-0.047824907237198115,0.01775195782217609,-0.06616914085405629,-4.914882147634177e-05,5.16291578256387e-05,-2.941004092928208e-05,-5.069708381748154e-05,4.389393726933648e-05,-0.0005302077267043734,0.0003183687395747454,0.00029607501332159483,0.00036117351724825026,0.003049865722016156,0.0005953428345289825,-0.0016273027581746187,0.045508061595488265
1781507075.6671093,-0.04865634554027971,0.7837673519249049,0.3821094434440222,-0.04769778682948758,0.017813968261587876,-0.06631728191527882,-0.04865530823216979,0.7837966344892326,0.38216337057754257,-0.047697739882059394,0.017795326764723063,-0.06622897076802706,-3.7911768462604365e-05,6.409912545798494e-05,-5.037860139057533e-06,-0.00056744872346955,-6.95733737944928e-05,-0.0003752048788595927,0.00026597851043423947,0.00020607035701240194,0.00044335384921647964,0.002680329725163381,0.00063825016165002,-0.0015117760356283998,0.061373286627398355
1781507075.6771057,-0.04865565859927332,0.7837723346696377,0.38211232178132276,-0.04773735828054265,0.017806042203678096,-0.06630906621111905,-0.04865530823216979,0.7837966344892326,0.38216337057754257,-0.047697739882059394,0.017795326764723063,-0.06622897076802706,-2.8410583389037173e-05,7.329747968186182e-05,1.4591307070530854e-05,-0.0009391003793831082,-0.00015268722383804444,-0.00024879622976181897,-4.9377998408814504e-05,0.00022100584445032494,0.00046693430726346024,0.0019819939364361153,0.000197187555006079,-0.0005815377620023096,0.05653833730263218
1781507075.6871102,-0.048659684882753684,0.7837663758045696,0.3821100946105494,-0.04770172136712117,0.017803662491365113,-0.0663227882573476,-0.04865530823216979,0.7837966344892326,0.38216337057754257,-0.047697739882059394,0.017795326764723063,-0.06622897076802706,-5.0560004214795285e-05,4.691006888899811e-05,-1.4661677991183866e-06,-0.0004448617582894043,-0.00015482220503398758,-0.00037248457758142384,-0.00014427122775771808,9.152554377259188e-05,0.00021081670432048026,0.0009061118059817291,0.0002926228621356501,-0.00023116018201297338,0.061425334569099
1781507075.697104,-0.048663097846633245,0.7837612511275658,0.3821081837869677,-0.04767133312886152,0.017801819718241685,-0.06633399489540086,-0.04865530823216979,0.7837966344892326,0.38216337057754257,-0.047697739882059394,0.017795326764723063,-0.06622897076802706,-6.770031800670241e-05,2.513256573651458e-05,-1.4338099686759561e-05,-6.236851601125758e-05,-0.0001521830725568437,-0.0004549644329894164,-0.00019316614263042325,-1.338088239048004e-05,9.397333490227145e-06,0.00021982077828437173,0.0004753436657098032,-0.00011087818640581356,0.06601698440773887
1781507075.7071066,-0.04866597463365188,0.7837568730919163,0.38210655057594983,-0.04764570935937195,0.017800429596601663,-0.06634301004226889,-0.04865530823216979,0.7837966344892326,0.38216337057754257,-0.047697739882059394,0.017795326764723063,-0.06622897076802706,-8.060226997432123e-05,7.331715750430643e-06,-2.448966274555026e-05,0.00022592783950304104,-0.00014603932351644453,-0.00050431039176108,-3.15901062790799e-06,-3.1808031734301694e-05,-0.00010105131012797855,-0.000176740534078835,0.00039382276964382626,-0.0001903472773564456,0.07016589925399723
1781507075.7171118,-0.04866838428179653,0.7837531587552428,0.3821051605169325,-0.04762435684098476,0.01779941660480011,-0.06635013639135792,-0.04865525593484954,0.7837990539912896,0.382168742891584,-0.0476576644206806,0.017810892197540618,-0.06625078434432033,-8.993829802712402e-05,-7.0512289930732226e-06,-3.2328756131977926e-05,0.00043575421927961205,-0.00013743802362241875,-0.000527479457910564,-0.00019179950920313757,-0.00023672241793901123,-0.00040031802962860744,-0.0007759897530596531,0.00024019347688143761,6.318617499187314e-05,0.07950751254865598
1781507075.727106,-0.04867038837591844,0.7837500304830698,0.3821039829897427,-0.0476067891053114,0.017798713852980486,-0.0663556524471351,-0.04865525593484954,0.7837990539912896,0.382168742891584,-0.0476576644206806,0.017810892197540618,-0.06625078434432033,-9.629340114230027e-05,-1.8508124656154952e-05,-3.8212131676734565e-05,0.000581042198108519,-0.00012723093135855336,-0.0005304008251078151,-9.527925904744871e-05,-0.00017456956109248786,-0.0002927923091460609,-0.0005962947693879069,0.00012529814340131418,-9.938877859246306e-05,0.08262045762020798
1781507075.7371066,-0.04867612451102241,0.783751216129409,0.3821043230997371,-0.047594182156626946,0.01776402506896857,-0.06633189802872197,-0.04865525593484954,0.7837990539912896,0.382168742891584,-0.0476576644206806,0.017810892197540618,-0.06625078434432033,-0.00010996199455644695,-5.149642924086058e-06,-3.4138417831317916e-05,0.0006506303839577284,-0.0005039474758499237,-0.00023152187394209057,1.3008571953140023e-06,-0.00011237815432163403,-0.0001851998965016654,-0.00041648833101601377,1.0331546802545686e-05,-0.0002620645682843684,0.08290879375787068
1781507075.7471163,-0.048680904106079746,0.7837522889171229,0.3821046294781613,-0.047584173192251576,0.01773532093151875,-0.06631172837247404,-0.04865525593484954,0.7837990539912896,0.382168742891584,-0.0476576644206806,0.017810892197540618,-0.06625078434432033,-0.00011954144425869347,5.639438773227363e-06,-3.0435581308194807e-05,0.0006849618153938803,-0.0007724131985400679,-1.2438434380194607e-06,9.797077256868742e-05,-5.0128922664284444e-05,-7.750744561449646e-05,-0.00023651471059389997,-0.00010474194447419042,-0.0004248916121376276,0.08339862486860287
1781507075.7571177,-0.04868484751625568,0.7837532574707432,0.38210490476003967,-0.047576384671727465,0.01771188663499701,-0.06629479667937406,-0.04865525593484954,0.7837990539912896,0.382168742891584,-0.0476576644206806,0.017810892197540618,-0.06625078434432033,-0.00012571685781788536,1.4229166484706782e-05,-2.7077393840735678e-05,0.0006919365885140168,-0.000952421811994009,0.00017133030982918951,0.0001618922351689084,-7.967764481082998e-06,5.738501618177234e-05,0.00012300776002831482,0.00014429293778057915,-0.0007529033396559416,0.08395409473837186
1781507075.8271,-0.04868726720099608,0.7837249256279514,0.3820879854747179,-0.04754698599686022,0.01774154652840365,-0.06648440327944648,-0.04865324655977987,0.7838009063591257,0.38217479408531285,-0.04761320452378389,0.017798129104340754,-0.06628580147388234,-0.00010291930634615052,-0.0001323137376570788,-0.0001046751744933809,0.0004272576373744429,-9.323738062569088e-05,-0.001419521051486974,-5.270855043585361e-05,-0.00021469769895763441,-0.00046617955930980897,-0.00036250248291620296,-5.93636706612004e-05,-0.00036270600303316266,0.12027556032699645
1781507075.8371053,-0.048688923887587825,0.7837295757632627,0.38209361288184646,-0.04753643868069876,0.01772080355302874,-0.06644720859190012,-0.04865324655977987,0.7838009063591257,0.38217479408531285,-0.04761320452378389,0.017798129104340754,-0.06628580147388234,-9.619978677145978e-05,-9.00429703258661e-05,-6.220099071705984e-05,0.0004885616831840872,-0.0003285473409386812,-0.0008697793730467016,-4.9078508399577936e-05,-0.00021435081894358572,-0.00048341886028416465,-0.00033314948208841035,-8.601375362572573e-05,-0.00036242817740598544,0.11380383746575543
1781507075.8471098,-0.04869024003056903,0.7837336557823192,0.38209847183339324,-0.04752800263507538,0.01770369599909527,-0.06641514119720424,-0.04865324655977987,0.7838009063591257,0.38217479408531285,-0.04761320452378389,0.017798129104340754,-0.06628580147388234,-8.958658788243317e-05,-5.4968197315765194e-05,-2.7315706597548632e-05,0.0005211229039124915,-0.0004958626697892072,-0.00043406799560435694,-4.544872586827329e-05,-0.00021400396372734575,-0.0005006569288528748,-0.0003037985796521937,-0.00011266193142525898,-0.00036215037164004686,0.10824159597820998
1781507075.8571203,-0.04869126129479567,0.7837372266746787,0.3821026522200243,-0.04752137932883335,0.017689780663187715,-0.06638779324111689,-0.04865324655977987,0.7838009063591257,0.38217479408531285,-0.04761320452378389,0.017798129104340754,-0.06628580147388234,-8.31425363301743e-05,-2.6114608340012765e-05,1.035380649124135e-06,0.000531256449569912,-0.000607652353678911,-9.572235137322095e-05,-4.181678079554347e-05,-0.00021365690186269992,-0.0005179052674686325,-0.00027443019061951105,-0.00013932598559972638,-0.0003618724003637859,0.10346338007670698
1781507075.8671148,-0.04869202996065511,0.7837403432602046,0.3821062348656692,-0.04751629547715193,0.017678638080364628,-0.06636472995903406,-0.04865324655977987,0.7838009063591257,0.38217479408531285,-0.04761320452378389,0.017798129104340754,-0.06628580147388234,-7.69159243949579e-05,-2.6208231533046184e-06,2.378175301091609e-05,0.0005243080451843409,-0.0006747787936694692,0.00016040894285869635,-3.819063133383309e-05,-0.00021331039381578175,-0.0005351260823583023,-0.0002451086656653572,-0.00016594749108937018,-0.00036159487265518896,0.09935999060247902
1781507075.8771079,-0.04869258466352088,0.7837430548691618,0.38210929227663126,-0.047512504192156836,0.017669878054252797,-0.06634550832197599,-0.048651751399258814,0.7838006408402836,0.3821789046434726,-0.04756080361639065,0.017778795770036382,-0.06633192286120276,-7.094276464212447e-05,1.6272565335712813e-05,4.174059110189171e-05,0.0005047507086996391,-0.0007066033163086228,0.00034792875213440555,-3.4565000882064745e-05,-0.00021296393536448098,-0.0005523444324366806,-0.00021579133749435522,-0.00019256518624902983,-0.0003613173846690694,0.09914323556137544
1781507075.8870995,-0.04869071884618096,0.7837453739315468,0.3821110963061023,-0.04759270126222215,0.01765567633089815,-0.06630741164144088,-0.048651751399258814,0.7838006408402836,0.3821789046434726,-0.04756080361639065,0.017778795770036382,-0.06633192286120276,-4.942677923611405e-05,-7.912204710354277e-06,5.230773174956031e-05,-0.0004332123078863257,-0.0008040928470006871,0.0007179470498217705,-3.093988944023844e-05,-0.00021261752650879762,-0.0005695603177037675,-0.00018647820610650503,-0.00021917907107870521,-0.00036103993640542717,0.09576462675684214
1781507075.8971019,-0.04868902658466603,0.783747235978891,0.3821126195238337,-0.04765976881535894,0.01764444011272892,-0.06627606158771102,-0.048651751399258814,0.7838006408402836,0.3821789046434726,-0.04756080361639065,0.017778795770036382,-0.06633192286120276,-3.152803632314829e-05,-2.7226833135276873e-05,6.012795648723212e-05,-0.0011241371258379714,-0.0008551263109284481,0.0009755397091774614,-2.7310885423846846e-05,-0.00021227074568598372,-0.0005867946890555402,-0.0001571335988450161,-0.0002458215333832621,-0.0003607621902232047,0.09292596920694343
1781507075.9071128,-0.04868749556907871,0.7837486869014234,0.38211389908567,-0.047715162953928275,0.01763573283699138,-0.06625062497719159,-0.048651751399258814,0.7838006408402836,0.3821789046434726,-0.04756080361639065,0.017778795770036382,-0.06633192286120276,-1.6759913816231418e-05,-4.238710666432353e-05,6.564394069239877e-05,-0.001611052318970005,-0.0008699553767094238,0.0011418439690555162,-2.3678767347803015e-05,-0.00021192366728946542,-0.0006040438492750618,-0.00012776381088461616,-0.0002724868576677243,-0.00036048420570611794,0.09056809584187817
1781507075.9171164,-0.04868611458600274,0.7837497756451259,0.38211496757699837,-0.04776029424499849,0.017629158312723936,-0.06623031559187463,-0.048651751399258814,0.7838006408402836,0.3821789046434726,-0.04756080361639065,0.017778795770036382,-0.06633192286120276,-4.692096429238318e-06,-5.4020279557897334e-05,6.92402493404883e-05,-0.001931781984703232,-0.0008572521642337757,0.0012351962258636418,-2.0530416341233345e-05,-0.00021338672811313414,-0.000573668395984946,-0.00012558846282287713,-0.0003177272471369345,-0.0002885571464963768,0.08863433392851312
1781507075.9271111,-0.0486848732333788,0.7837505516361338,0.3821158535633495,-0.04779650052112522,0.01762436142083934,-0.06621440393989121,-0.04865422831235944,0.7837945537102038,0.38217309889153916,-0.04753536634536913,0.01778599917818302,-0.06638091009022701,5.055077004325039e-06,-6.267458664270909e-05,7.124992510770169e-05,-0.0021192153471743433,-0.0008242679417580153,0.001271332340364487,-1.854928820460056e-05,-0.0002198250864159769,-0.00041276584717660545,-0.0001970503213864725,-0.0004154098577218219,-1.905417245064503e-05,0.07843673441880042
1781507075.9371028,-0.04868220726812712,0.7837534448853465,0.38211434632191216,-0.04781804725731899,0.017634932497075484,-0.06620801951605623,-0.04865422831235944,0.7837945537102038,0.38217309889153916,-0.04753536634536913,0.01778599917818302,-0.06638091009022701,1.64348969092013e-05,-4.9799588065374095e-05,5.755524517335329e-05,-0.0021243140254473833,-0.0006223388841044045,0.0012076662832620712,-1.6568774429881284e-05,-0.00022626144813815753,-0.0002519131953920599,-0.0002684900191199034,-0.0005130621762350125,0.0002503652268076868,0.07697156543019677
1781507075.9471436,-0.048679911304355866,0.7837557852516149,0.3821130290329256,-0.04783423926254893,0.017644341641870787,-0.06620378478747756,-0.04865422831235944,0.7837945537102038,0.38217309889153916,-0.04753536634536913,0.01778599917818302,-0.06638091009022701,2.536206397781838e-05,-3.883287352323879e-05,4.5832240393683466e-05,-0.002069985263280212,-0.0004540046506050379,0.0011269079683270283,-4.361454987909009e-05,-0.00024699867736400035,-0.00015421919774503162,-0.0004550343979767914,-0.0004357466272145594,0.000507202584604165,0.07596708085149873
1781507075.9571123,-0.048677946906923945,0.7837576560696415,0.3821118808659237,-0.047845975967501946,0.017652622572305043,-0.06620127665995085,-0.04865422831235944,0.7837945537102038,0.38217309889153916,-0.04753536634536913,0.01778599917818302,-0.06638091009022701,3.220719092593944e-05,-2.9537037580273314e-05,3.58405858674987e-05,-0.001972616854130775,-0.000315449778694264,0.001035553173672323,-0.0001380587389778252,-0.0002947953960177323,-0.0005530109962051863,-0.0015625536844030565,-0.0008467753154100324,0.0010120196200675612,0.07531038618566845
1781507075.9671154,-0.04867627788092885,0.7837591313769313,0.3821108828722441,-0.047854053229416334,0.017659831458376463,-0.06620013086206611,-0.04865422831235944,0.7837945537102038,0.38217309889153916,-0.04753536634536913,0.01778599917818302,-0.06638091009022701,3.729417725412377e-05,-2.1700325798052255e-05,2.7365417250427704e-05,-0.0018456656800189873,-0.0002030002961168319,0.000938759121775768,4.180142400590214e-05,-0.0002068097944675993,-0.0003048425813287035,-0.0012879199699029657,-0.00040921167653348113,0.0005432810757885723,0.07491166948805544
1781507075.9771018,-0.048674870455916966,0.7837602763706789,0.38211001787924154,-0.04785916751859344,0.01766603974785208,-0.06620003716872859,-0.04865778404881832,0.783784731206337,0.3821584940570138,-0.04756756601044272,0.017753438045055248,-0.06635417475150825,4.090531821234884e-05,-1.5134258813543472e-05,2.0215031799160936e-05,-0.0017000242509779427,-0.00011318881949575849,0.0008405389080350994,-9.969054380876121e-05,-0.0002574214845941558,-0.00024639934938475833,-0.001491535224894605,-0.0005652955965985727,0.0007570058633693377,0.05692033121838562
1781507075.9871087,-0.04867369338770327,0.7837611479759812,0.38210927037805725,-0.04786192177545395,0.017671328374089912,-0.06620073434199159,-0.04865778404881832,0.783784731206337,0.3821584940570138,-0.04756756601044272,0.017753438045055248,-0.06635417475150825,4.328593330774443e-05,-9.671430094874821e-06,1.4218749350204197e-05,-0.0015443655314592124,-4.2797673483574984e-05,0.0007439385037635865,-8.528470205807912e-05,-0.00041617757788470726,-0.0007446487465949085,-0.00235006544158936,-0.00027348935117652126,0.0006697996855731615,0.05685284854593574
1781507075.9971027,-0.04866944606714154,0.7837693228566585,0.3821121012206836,-0.0479006277701459,0.017682049072073713,-0.06619591140797555,-0.04865778404881832,0.783784731206337,0.3821584940570138,-0.04756756601044272,0.017753438045055248,-0.06635417475150825,6.174484763851206e-05,2.5783887554692492e-05,3.244318498819929e-05,-0.0017992516711048052,7.626015781807307e-05,0.0007209088163282665,-0.00018039288750663018,-0.00020601266823788405,-0.00017835780162107502,-0.001895901425190269,-0.0003622715176583859,0.0009435289091875126,0.05025649384850513
1781507076.0071092,-0.04866586506705306,0.7837761564816742,0.3821145201123742,-0.04793154237703562,0.01769096470468212,-0.06619251307999328,-0.04865778404881832,0.783784731206337,0.3821584940570138,-0.04756756601044272,0.017753438045055248,-0.06635417475150825,7.578079857417361e-05,5.391975664166415e-05,4.6662184542266595e-05,-0.0019409784594108953,0.00016337954717293517,0.0006839209437074813,-0.0001646644857812037,-0.00032735224285829743,-0.0005732739335748125,-0.002387085594826156,-0.00023105384316380136,0.0008361372009810437,0.045525120163714065
1781507076.0171123,-0.04866286709949074,0.7837818242814407,0.382116577857605,-0.04795577296552858,0.017698283740229526,-0.06619027511561226,-0.04865778404881832,0.783784731206337,0.3821584940570138,-0.04756756601044272,0.017753438045055248,-0.06635417475150825,8.608826349169997e-05,7.582325890191481e-05,5.748555838216377e-05,-0.0019940394184069675,0.00022418363882547904,0.0006374869523547509,-0.00017701241773118208,-0.00027932658203006373,-0.00024838160216359594,-0.0017454072561595365,-0.00011392800660437892,0.0008419284084584339,0.04232322517683277
1781507076.0270746,-0.04866037685297566,0.7837864846236929,0.3821183196561099,-0.04797433220349363,0.017704206105412013,-0.06618896778220042,-0.04866373146072411,0.7837691339642443,0.3821354823834261,-0.047668723718880694,0.017728236704578793,-0.06631679738207241,9.327199388800032e-05,9.244604478326022e-05,6.544587192659333e-05,-0.001979213718014319,0.00026360603845957477,0.0005852461924829522,-0.00018848623421840883,-0.0002439923033074995,-0.0004836699446139046,-0.0020494909123634866,-0.00013944302374012895,0.0008690303049046569,0.024634487723097676
1781507076.0371096,-0.0486605635772665,0.783786475170392,0.3821167628690652,-0.04799711663057797,0.01769809093751107,-0.06618928730581645,-0.04866373146072411,0.7837691339642443,0.3821354823834261,-0.047668723718880694,0.017728236704578793,-0.06631679738207241,8.821933457644567e-05,7.568322373708745e-05,5.169814514776928e-05,-0.0020118191122158826,0.00016831345770356115,0.0005146676736235088,4.995222576682835e-05,-0.00022211242903775064,-0.0004689787407782541,-0.0019877643029128566,-0.00014438578022190487,0.0005513195486713151,0.025713287113202737
1781507076.0471041,-0.048660786702318846,0.7837862644527963,0.3821154066181105,-0.048014441282557094,0.01769277054690277,-0.06619002071860595,-0.04866373146072411,0.7837691339642443,0.3821354823834261,-0.047668723718880694,0.017728236704578793,-0.06631679738207241,8.304536678806216e-05,6.126749774992162e-05,4.0006771190047175e-05,-0.0019811803958427513,9.230735649613349e-05,0.00044769698828598856,-0.00022427818797647852,-0.00022993937214277034,-0.0004403760531875864,-0.0019120896361781601,-0.00011735105029142544,0.0010108664976541245,0.02655487889452351
1781507076.05711,-0.0486610335780274,0.7837858974200599,0.3821142283743706,-0.048027200881678875,0.01768819127030885,-0.06619104418008638,-0.04866373146072411,0.7837691339642443,0.3821354823834261,-0.047668723718880694,0.017728236704578793,-0.06631679738207241,7.783957523666953e-05,4.891861854783296e-05,3.0114323648286282e-05,-0.00190399364317474,3.283230510924588e-05,0.00038526288560807986,1.220440694469129e-06,-0.00022533591786387302,-0.0004112826555416541,-0.0018955520400105905,-0.0004441313042982907,0.0007876857690545651,0.027203399104848584
1781507076.0671053,-0.048661294229243826,0.7837854135617691,0.38211320773537205,-0.048036190772680606,0.017684292621183317,-0.06619225695892003,-0.04866373146072411,0.7837691339642443,0.3821354823834261,-0.047668723718880694,0.017728236704578793,-0.06631679738207241,7.267419908747989e-05,3.83854212934615e-05,2.1791353291478654e-05,-0.001794042811621474,-1.262870896745917e-05,0.00032793702073404457,8.532574956433656e-05,-0.00020743595547645567,-0.0002651689143008746,-0.0015091318549904466,8.831847951150115e-05,0.00029943945770534046,0.02769702761651489
1781507076.0771036,-0.04866156089313788,0.7837848470173346,0.38211232628613556,-0.04804211006886421,0.01768101065341554,-0.06619357839592474,-0.0486672257019905,0.7837583579057994,0.38211460708766287,-0.047761727131427845,0.017711146242028075,-0.06628243440281731,6.760671789870406e-05,2.944327106446972e-05,1.4833777567418048e-05,-0.0016625526015388108,-4.634517219346948e-05,0.00027600785428046,6.020372819001333e-05,-0.00018523145797250687,-0.0003221883975938087,-0.0015284800966015894,-0.000373177489815747,0.0004891657540949325,0.027183913347240612
1781507076.0870662,-0.04866182762371651,0.7837842268224711,0.38211156745799146,-0.04804556664356991,0.01767828057720089,-0.06619494507945303,-0.0486672257019905,0.7837583579057994,0.38211460708766287,-0.047761727131427845,0.017711146242028075,-0.06628243440281731,6.268203428794642e-05,2.1891676794743205e-05,9.06046354610858e-06,-0.0015185228965119235,-7.033899315065845e-05,0.00022954377158470335,-1.985082140242765e-05,-0.00022428372145596738,-0.0007480652173922229,-0.0025310171497577322,0.00023896383419535968,0.0006134271968190604,0.026600365549314553
1781507076.097109,-0.04866182762371651,0.7837842268224711,0.38211156745799146,-0.04804556664356991,0.01767828057720089,-0.06619494507945303,-0.0486672257019905,0.7837583579057994,0.38211460708766287,-0.047761727131427845,0.017711146242028075,-0.06628243440281731,6.268203428794642e-05,2.1891676794743205e-05,9.06046354610858e-06,-0.0015185228965119235,-7.033899315065845e-05,0.00022954377158470335,2.712197411751269e-05,-0.0002467730762010505,-0.0005206501575655386,-0.0023142410908696446,0.00014585484913701277,0.00048694208344878616,0.026600365549314553
1781507076.1071491,-0.04866151186756048,0.7837905562793355,0.3821136797678329,-0.047991050488197635,0.017693511583068755,-0.0662536327420894,-0.0486672257019905,0.7837583579057994,0.38211460708766287,-0.047761727131427845,0.017711146242028075,-0.06628243440281731,5.3993710851938086e-05,8.749613820035069e-05,2.0955753606441114e-05,-0.0007462593451869228,0.0001341783863567718,-0.00042739006383882207,-0.0002262967465777096,-0.00016551212835923143,-0.0003640127196904111,-0.0024185384822560775,0.000523933216030402,0.0007141454311419464,0.032714569908977115
1781507076.117117,-0.04866130055775489,0.783795957944968,0.382115479839125,-0.04794450600750977,0.017706220767232272,-0.06630259555581491,-0.0486672257019905,0.7837583579057994,0.38211460708766287,-0.047761727131427845,0.017711146242028075,-0.06628243440281731,4.633480291717458e-05,0.00013905297358925207,3.02394424320812e-05,-0.00014720130762996297,0.0002837465664895357,-0.0009079085123840575,-4.3862264019325744e-05,-0.00021375583629350546,-0.00024604547860727476,-0.0024750406660367322,-4.292627844491192e-06,0.0007587961092807975,0.038074032815171105
1781507076.1271021,-0.04866117892342253,0.7838005655529524,0.38211700565842294,-0.04790520833729056,0.01771669201212278,-0.06634293176172532,-0.048669178745000485,0.7837496035659808,0.3820950657364909,-0.04786739750704405,0.017707020908265703,-0.06625541890174776,3.959932824973001e-05,0.00017867947450186545,3.7308974137642055e-05,0.00030568186140488804,0.0003880483160378188,-0.001243092036349554,-0.00027140569379482493,-0.0001669641228533935,-0.0005634532675384099,-0.002825528989884035,0.00013584843320623186,0.0009921608761800187,0.0560578400918247
1781507076.137107,-0.0486611327929837,0.7838044914344856,0.38211829140020925,-0.04787241602842115,0.017725199389001967,-0.06637570034066351,-0.048669178745000485,0.7837496035659808,0.3820950657364909,-0.04786739750704405,0.017707020908265703,-0.06625541890174776,3.3690506320458715e-05,0.00020822651519446656,4.251146180692069e-05,0.0006366445127008852,0.00045557786413951193,-0.0014602063249964184,-7.49453404530319e-05,-0.00011480466545001736,-0.00018129290963318434,-0.001676945571031355,-0.0007994714031823481,0.000696605026905411,0.060140227036639474
1781507076.1471128,-0.04865932592329261,0.7837920736356252,0.38211325003671953,-0.04784086598257052,0.017704820573265945,-0.06627978426037055,-0.048669178745000485,0.7837496035659808,0.3820950657364909,-0.04786739750704405,0.017707020908265703,-0.06625541890174776,5.5633925354336004e-05,0.0001281580325806372,6.520735549497618e-06,0.0008930257745049119,0.00013354161868949117,-0.0002656795025633516,8.453010586647783e-05,4.547007138229146e-05,7.207905995438305e-05,-0.0005020095710632369,-0.00040673673081807407,-9.799745079654345e-05,0.047238265061437225
1781507076.1571136,-0.04865777861394848,0.7837814438309698,0.3821089164693062,-0.047815146748242505,0.017687567511790903,-0.06619886123630957,-0.048669178745000485,0.7837496035659808,0.3820950657364909,-0.04786739750704405,0.017707020908265703,-0.06625541890174776,7.25445747056154e-05,6.225731197612611e-05,-2.2454277569445627e-05,0.001060678732041243,-0.00011140036321492173,0.0006366125056180271,9.079848545003013e-05,0.00011252328760588437,0.0002047980210883659,-7.087713526203247e-05,-0.0004456122298588869,-0.00020797721991922552,0.0365459746360252
1781507076.1671193,-0.048656451476814695,0.7837723878955642,0.38210520569640355,-0.04779450005985273,0.017673129162230072,-0.06613138699247878,-0.048669178745000485,0.7837496035659808,0.3820950657364909,-0.04786739750704405,0.017707020908265703,-0.06625541890174776,8.520077657512518e-05,8.565119387351401e-06,-4.54301216985553e-05,0.0011572615314479002,-0.00029187456443705945,0.0012952443847306858,9.112889618613648e-05,0.00011929875822105815,0.0001657920432974112,-0.0001171444989934055,-0.0004570051834832269,-0.00020936733137250237,0.027998710989467615
1781507076.1771076,-0.04865531242341555,0.7837647118183414,0.3821020417330086,-0.047778218981489325,0.017661195327814516,-0.06607583634565715,-0.04866964901969051,0.7837482333688961,0.3820883211870897,-0.04792457804739625,0.017682079736479173,-0.0662442466669267,9.42812552991296e-05,-3.464606008145261e-05,-6.329886675124309e-05,0.0011979501895841953,-0.00041910597222893285,0.0017532812176943454,1.8401791658543443e-05,0.00016514780549168684,0.00019948139740107445,0.00015175033671793134,-6.48356770711654e-05,-0.00011402627297741301,0.02579400452014999
1781507076.187102,-0.048655055344134175,0.7837605722827296,0.38210094771774206,-0.0477423073636003,0.01770359883618111,-0.06615392271414199,-0.04866964901969051,0.7837482333688961,0.3820883211870897,-0.04792457804739625,0.017682079736479173,-0.0662442466669267,6.959312021534691e-05,-4.028378006335268e-05,-6.671040590570166e-05,0.0014742937149733676,0.00012972487716192183,0.0007326048553839592,9.5374109272009e-07,3.731320529901919e-05,7.098946945570803e-05,0.0003275165873137482,0.0005020891342801757,-0.0002683063116031446,0.022905314604872527
1781507076.1971078,-0.04865492863614316,0.7837571903957665,0.38210004005603204,-0.047713470403004284,0.017739114298863434,-0.06622026572586312,-0.04866964901969051,0.7837482333688961,0.3820883211870897,-0.04792457804739625,0.017682079736479173,-0.0662442466669267,4.8892332688847e-05,-4.4299153909807056e-05,-6.860380936907966e-05,0.0016409951114466693,0.0005373878972042148,-5.220960976788744e-05,6.392759456230928e-05,7.085382238524135e-05,-0.00013398610195793138,-1.1435449270438358e-06,0.00011895096791325653,6.192191656590928e-05,0.020838663858960417
1781507076.207099,-0.04865492016917275,0.7837544641839892,0.3820992935890895,-0.04769072315327831,0.0177684962718061,-0.0662759940720604,-0.04866964901969051,0.7837482333688961,0.3820883211870897,-0.04792457804739625,0.017682079736479173,-0.0662442466669267,3.1654780727945007e-05,-4.6961272970958086e-05,-6.925450291342434e-05,0.0017209818056756535,0.0008281214062395657,-0.0006388175175306599,0.0001281573929729742,0.00024398543258941603,0.00011877664771635305,0.0009494838541463072,9.877245088714855e-05,4.237587597422293e-05,0.019394733819894327
1781507076.2171075,-0.04865501497960316,0.7837523004200343,0.38209868612709647,-0.04767316101884705,0.017792478090054242,-0.06632224393903499,-0.04866964901969051,0.7837482333688961,0.3820883211870897,-0.04792457804739625,0.017682079736479173,-0.0662442466669267,1.7415838585728908e-05,-4.850330367048336e-05,-6.889933735044155e-05,0.0017338062848289001,0.0010232866319130256,-0.0010608583734686332,-0.00012203917601153258,3.0001197015174133e-05,5.434752648279466e-05,0.0010374989674010592,9.200527504316386e-05,0.0006002705334044327,0.0183882575461363
1781507076.227103,-0.048655196727467175,0.7837506148029985,0.3820981981286902,-0.04765996436375421,0.017811757105631987,-0.06636012603767338,-0.04866956386754745,0.7837541354015279,0.3820904796498303,-0.047903384677584024,0.017676525409813904,-0.06623561941487335,5.7645217555131155e-06,-4.912661841000408e-05,-6.774119540924623e-05,0.0016959570716817962,0.0011415044808801246,-0.0013480419036628224,-0.00016900645962781056,0.00010555894750929998,0.000187386385885289,0.000976392193253128,-0.0007390803517466244,0.0011172141057804498,0.016684850733626792
1781507076.2371004,-0.048653354678350434,0.7837542688642508,0.38209761187791047,-0.04764981568799083,0.01781933493645127,-0.06636944194983795,-0.04866956386754745,0.7837541354015279,0.3820904796498303,-0.047903384677584024,0.017676525409813904,-0.06623561941487335,1.3819280727750768e-05,-1.7458488759233323e-05,-6.731786223140275e-05,0.001623414004889818,0.0011043634749786967,-0.00129850545212143,-3.9165168799367355e-05,0.00023487356922216167,9.805933157000774e-05,0.0011206627527129065,0.00028897640183120723,0.0005444110236343489,0.017709441101029677
1781507076.2470987,-0.04865185721940546,0.7837575390250789,0.38209714177321275,-0.04764274837268673,0.017824752511594655,-0.06637603795145522,-0.04866956386754745,0.7837541354015279,0.3820904796498303,-0.047903384677584024,0.017676525409813904,-0.06623561941487335,2.0110320662040268e-05,8.18505229377976e-06,-6.612503605470239e-05,0.0015246226564849458,0.0010463054898866475,-0.0012258459110314486,-0.00023158301865826525,0.00016249436409058917,0.0002843962687375154,0.0012548743076952347,0.0009794638447388397,0.0004622081309237026,0.01922222488850698
1781507076.2571099,-0.04865065288840861,0.7837604549147061,0.38209677103325396,-0.047638183242506994,0.01782840315288503,-0.06638041549191417,-0.04866956386754745,0.7837541354015279,0.3820904796498303,-0.047903384677584024,0.017676525409813904,-0.06623561941487335,2.4905780440413297e-05,2.8667285662839214e-05,-6.432959587628027e-05,0.0014088685556245427,0.0009741643400869126,-0.0011378498944011656,-0.0001812218509494333,0.00019371446895421218,0.00034902562273758056,0.0015346046800738403,0.0011040671314017242,0.00018402693227742345,0.020907962219752767
1781507076.2671037,-0.048649696311985256,0.7837630443552774,0.38209648493878096,-0.0476356178600091,0.0178306299437323,-0.06638301100405337,-0.04866956386754745,0.7837541354015279,0.3820904796498303,-0.047903384677584024,0.017676525409813904,-0.06623561941487335,2.843986527764557e-05,4.4746629097557035e-05,-6.207314340603447e-05,0.0012835733495314657,0.0008934458622874486,-0.0010407714537455516,3.906428837353756e-06,0.0001801917976390068,0.000333553199731575,0.0014633509615241678,0.0009970943231429944,-0.0004190468723819982,0.022586560524094804
1781507076.277109,-0.04864894774358972,0.7837653336189454,0.3820962706049505,-0.04763462103437363,0.017831728929316393,-0.06638420026362275,-0.04867433070029692,0.7837611239590867,0.3821019590464799,-0.04784365970935314,0.01769596603250445,-0.06621288242494001,3.091657173359847e-05,5.7087709091671154e-05,-5.947519418886062e-05,0.0011545589916010703,0.0008085101755603255,-0.0009395451518921307,0.00012458590642421796,0.00016540704495942966,0.0005542368139580586,0.0018627223053945409,0.0007761239338803125,-0.0009082227992851904,0.026350979001910146
1781507076.2871125,-0.04864959945826649,0.7837651737031086,0.38210053293210133,-0.0477156756867098,0.017802766519734226,-0.06631943902257635,-0.04867433070029692,0.7837611239590867,0.3821019590464799,-0.04784365970935314,0.01769596603250445,-0.06621288242494001,3.7116821460341876e-05,1.3238330965041076e-05,-2.671157358830992e-05,0.00013104106221864943,0.0003707317468585694,-0.00014595893378444144,0.0002573337690727548,0.0001617676312573472,0.0003621012951041657,0.00248892989069021,0.0008939089658231516,-0.001616654569718351,0.025101166531289118
1781507076.297109,-0.04865091768426901,0.7837624782288073,0.3821022524597672,-0.04778338396514683,0.01780899039028494,-0.0663010793786058,-0.04867433070029692,0.7837611239590867,0.3821019590464799,-0.04784365970935314,0.01769596603250445,-0.06621288242494001,2.1710924695307386e-05,-3.635039787346225e-05,-1.2391565330657986e-05,-0.0006260079044286619,0.0003885617786436901,7.339001184039891e-05,0.0003661286217317919,0.0002085674507541091,0.0004535159843218184,0.002860024629101223,0.0006266432600251704,-0.0018161954911002686,0.023453985958815905
1781507076.3071017,-0.0486521010527745,0.7837600638535379,0.3821037407173402,-0.04783975862263422,0.017813866536451783,-0.06628568800027827,-0.04867433070029692,0.7837611239590867,0.3821019590464799,-0.04784365970935314,0.01769596603250445,-0.06621288242494001,9.068384921593846e-06,-7.569830160163067e-05,-7.388334430159927e-07,-0.0011761037865341032,0.0003912849156824689,0.0002357307911605176,0.00012094480122219189,0.00011220251980162314,0.00028558432717313507,0.0021373394799155997,0.0003787967797462299,-0.0011912924561356924,0.022326114838902164
1781507076.3171086,-0.048653161935976665,0.7837578895549134,0.3821050253025023,-0.04788609826895524,0.017817599211755963,-0.0662729418332264,-0.04867433070029692,0.7837611239590867,0.3821019590464799,-0.04784365970935314,0.01769596603250445,-0.06621288242494001,-1.195612232916236e-06,-0.00010632656797874207,8.625028639659417e-06,-0.001556079040045321,0.00038261450603316267,0.0003509138414867437,-1.759246748241369e-05,0.00015415901040036976,0.0003291492731718255,0.0012274937431993498,0.0003379800734970039,-0.0006653740307815483,0.0216328426055674
1781507076.3271127,-0.04865411110240156,0.7837559250040448,0.38210613065529336,-0.047923650590038745,0.01782037279842541,-0.06626252644742167,-0.04866446871594038,0.7837720668637589,0.3821218098716176,-0.04774055171371656,0.01772838583667613,-0.06627289465397665,-9.420123964945132e-06,-0.0001295668523568882,1.60327978528607e-05,-0.0017981876601529472,0.00036564468862617343,0.00042761053036379437,5.4697486200615245e-05,-0.00012056938747294208,-0.00016116027538460258,1.4179361179663747e-05,0.0005568696421491507,-0.00046847542016845785,0.024772517389058703
1781507076.337117,-0.04865495807473784,0.783754147713648,0.3821070784302009,-0.047953590964407086,0.017822351737345477,-0.06625414247500323,-0.04866446871594038,0.7837720668637589,0.3821218098716176,-0.04774055171371656,0.01772838583667613,-0.06627289465397665,-1.590317864031589e-05,-0.00014658178513456696,2.1776404269200587e-05,-0.0019303702717689858,0.0003429209597904682,0.00047337144604228784,1.6307529352965167e-05,-0.00014015433509779288,-0.00029141909585926433,-0.0003504686667488525,4.412244282248155e-06,-2.531150764861023e-05,0.025071170754300123
1781507076.3471062,-0.048653296141456304,0.7837585601171453,0.38211288429021184,-0.048012261471666304,0.017774352261385795,-0.0661834450959242,-0.04866446871594038,0.7837720668637589,0.3821218098716176,-0.04774055171371656,0.01772838583667613,-0.06627289465397665,1.7829225657723012e-05,-0.00013822067614874692,5.859073520273309e-05,-0.0023738780439262258,-0.00025494408078126216,0.0011673485245078093,-2.3333783239032464e-05,-7.647920327023853e-05,0.00011202164367596121,-0.00010739120555354944,0.00027779923089004104,-1.7672636858845177e-05,0.01967039979555295
1781507076.3571026,-0.048651816240056024,0.7837621859430182,0.38211784212303157,-0.04805945079453466,0.01773416552180329,-0.06612506282658412,-0.04866446871594038,0.7837720668637589,0.3821218098716176,-0.04774055171371656,0.01772838583667613,-0.06627289465397665,4.468277980522272e-05,-0.00012975720601790124,8.740188759724197e-05,-0.0026412058148331083,-0.0006959297934995715,0.0016553636056817278,-0.00021676039592336671,-7.89311411384486e-05,0.00012052375419441906,-4.5687277468910205e-05,0.0006148964351514923,0.00013779172931832967,0.016536649283651794
1781507076.367118,-0.04865048833691977,0.7837651275767451,0.3821220565202587,-0.04809674534240787,0.017700931895431538,-0.06607750634976857,-0.04866446871594038,0.7837720668637589,0.3821218098716176,-0.04774055171371656,0.01772838583667613,-0.06627289465397665,6.567391593444317e-05,-0.00012131880386808429,0.00010942323657113117,-0.0027692099073345195,-0.0010072991047626518,0.0019757012720700634,4.817052047620846e-05,0.00010208260206487783,0.00013348387629817958,-0.0003042300949044403,0.0007767826170793816,-5.1500199215920505e-05,0.015609789792683808
1781507076.3771186,-0.04864929046928511,0.783767480631887,0.3821256206984573,-0.04812560474568095,0.01767381716148919,-0.06603936333507897,-0.0486653146772249,0.7837697529630723,0.38211787348839366,-0.04775794315142724,0.01774385795015765,-0.0662745302114232,8.169288126131806e-05,-0.00011300744874365437,0.00012571488079688882,-0.0027893193060649995,-0.0012130274213785401,0.002161636343669703,-8.475450867493074e-05,-0.00018854527829790686,-7.532683258507847e-05,-0.001014243752223997,-0.0001014457449936532,0.0005687934114714005,0.01794318792421385
1781507076.387114,-0.04864983010818673,0.7837640302757972,0.38211854152965974,-0.0480285200484345,0.017678236672277636,-0.06606704518358655,-0.0486653146772249,0.7837697529630723,0.38211787348839366,-0.04775794315142724,0.01774385795015765,-0.0662745302114232,7.326586642525116e-05,-8.243840998559533e-05,7.002091889116614e-05,-0.0014195902209323639,-0.0010178946185451553,0.0016261552350129332,-0.0002443032494561462,-0.0003173940127039605,-0.00039374508883349544,-0.0021775343870217194,0.0004307038268086418,0.0008318588408648178,0.016521722279449258
1781507076.3971183,-0.04865222296738792,0.7837635828179365,0.3821187554660894,-0.048058750088939256,0.01769097709812506,-0.06613389164422213,-0.0486653146772249,0.7837697529630723,0.38211787348839366,-0.04775794315142724,0.01774385795015765,-0.0662745302114232,4.489937403763041e-05,-9.301228380012054e-05,6.767775345187567e-05,-0.0015817328808821777,-0.0007327940596925936,0.0007265002567376201,0.00012529312926010165,-0.0004436901189550461,-0.00033442906506421315,-0.0029598903928235334,-0.0004459602685584655,0.0011385716267638105,0.014499704897293787
1781507076.4071164,-0.04865428024032672,0.7837631079928832,0.3821189078755933,-0.0480827370541487,0.01770233203022542,-0.06619081426982525,-0.0486653146772249,0.7837697529630723,0.38211787348839366,-0.04775794315142724,0.01774385795015765,-0.0662745302114232,2.1558594859643602e-05,-0.00010032214573886708,6.493917729119072e-05,-0.001659926230876448,-0.0004991135394434973,3.253514203596945e-05,-0.00021664495877041505,-0.0006552026314817981,-0.001025580775703063,-0.005028561463372049,-0.00014761297024265543,0.0018060972770631183,0.012922243742973962
1781507076.4171076,-0.04865604992455144,0.7837626167923364,0.382119009165575,-0.0481013895881565,0.017712338288473628,-0.06623874315669025,-0.0486653146772249,0.7837697529630723,0.38211787348839366,-0.04775794315142724,0.01774385795015765,-0.0662745302114232,2.548074690239694e-06,-0.00010491912320121018,6.191787655976142e-05,-0.001673078420568895,-0.0003103582300245471,-0.0004883183534106704,-0.00014112887168293096,-0.00046411645069632264,-0.0006879313525786334,-0.003379005783201112,-0.00024428012452025585,0.0014489555623145637,0.011749482436787728
1781507076.4271107,-0.04865757247163418,0.7837621201891366,0.382119068205951,-0.048115534541074305,0.017721060319852544,-0.06627862137764326,-0.0486691574133305,0.7837495632998996,0.3820910676678274,-0.04790715712277818,0.017721728061057096,-0.06621547164053583,-1.2745347210436703e-05,-0.0001072800214679373,5.870789508136076e-05,-0.0016371371456161874,-0.0001604316888266105,-0.0008652084060729944,3.1268675290095455e-05,-0.00034612798655233966,-0.0001127636150642531,-0.0019098321081528476,-0.0009471652803916386,0.0012397135322374908,0.03280116578150985
1781507076.4371164,-0.04865888202688049,0.7837616284732418,0.38211909255158183,-0.04812591484523852,0.017728581514070862,-0.06631137591629563,-0.0486691574133305,0.7837495632998996,0.3820910676678274,-0.04790715712277818,0.017721728061057096,-0.06621547164053583,-2.4860999231806228e-05,-0.00010781594041134715,5.538711948960131e-05,-0.0015653953751913283,-4.370293702963815e-05,-0.0011239153272855928,2.943308550393288e-05,-0.0002907680440762259,-0.00030007402435107557,-0.001964067829424376,-0.00011740650186641612,0.0006586151973375426,0.032195435762270845
1781507076.4471054,-0.048658701365797356,0.7837570510510167,0.3821159629526866,-0.048120658689162696,0.01771754875970255,-0.0662914261495883,-0.0486691574133305,0.7837495632998996,0.3820910676678274,-0.04790715712277818,0.017721728061057096,-0.06621547164053583,-1.6387220482709876e-05,-0.00012839086839267172,3.1513617141768076e-05,-0.0013409778172575285,-0.00016971401363595186,-0.0007895059250990813,8.255832279910639e-05,-0.0002446584485520119,-0.0004545803459800531,-0.002048482825279411,-0.00011940870636269168,0.0004067976791570884,0.028020894971921756
1781507076.457106,-0.04866080193699323,0.7837594755629566,0.3821124647382795,-0.04799950140025613,0.017706716269114686,-0.06628213092492771,-0.0486691574133305,0.7837495632998996,0.3820910676678274,-0.04790715712277818,0.017721728061057096,-0.06621547164053583,-1.991355064099547e-05,-4.8742562575223685e-05,4.214440710730405e-06,0.00012629965396807746,-0.0002741782057461898,-0.0006076552451113896,0.00014039217514326237,-0.0001847681430868201,-0.00010249591878044029,-0.0018994737747335655,-0.000246709283847544,0.00020870307364315678,0.025018024855347647
1781507076.4671073,-0.04866255087412754,0.7837617354919857,0.382109452459173,-0.04789770382965094,0.017697882874136317,-0.066273768668655,-0.0486691574133305,0.7837495632998996,0.3820910676678274,-0.04790715712277818,0.017721728061057096,-0.06621547164053583,-2.2492068912688196e-05,1.5814576736856604e-05,-1.7754006456607692e-05,0.0012222241561023709,-0.00034494125100595796,-0.0004547689765800655,-2.0127246274931565e-05,-0.00031051158604633795,-0.0005982599726694452,-0.0025575227676055802,-0.0005721353959594293,0.0004695975051556157,0.023017584000942705
1781507076.4771097,-0.048663991301004614,0.7837638677486706,0.3821068670315849,-0.04781319830906308,0.017690789159688913,-0.06626633408235938,-0.048666665031337986,0.7837384924768904,0.3820775835174332,-0.0479991384175772,0.01769664112987046,-0.0661899625502402,-2.427703680355081e-05,6.743892823405649e-05,-3.516472475608043e-05,0.0020099079241314034,-0.0003885170514151448,-0.0003277693077352393,4.18759937430859e-05,-5.8427119854201326e-05,-0.0001149956319539744,-0.0012884335168562866,-0.00040068709129962785,-0.00011463135155181924,0.0388404100504295
1781507076.4871125,-0.04866516331323653,0.7837658932789748,0.38210465608215854,-0.04774396227438601,0.01768519314543049,-0.06625979786724343,-0.048666665031337986,0.7837384924768904,0.3820775835174332,-0.0479991384175772,0.01769664112987046,-0.0661899625502402,-2.5402346397943117e-05,0.00010802705193523298,-4.869600920487331e-05,0.002545076233200814,-0.0004105302266133426,-0.00022364164327969466,0.0001558932259226471,3.1096429992390986e-05,5.913968975238181e-05,-0.0005675462840301559,-0.0002381727903294026,-0.0005850363017047943,0.03854844838554321
1781507076.4971077,-0.048665507822624965,0.7837716340301989,0.3821084826387682,-0.04782714855173771,0.017733480675037105,-0.06632137245369826,-0.048666665031337986,0.7837384924768904,0.3820775835174332,-0.0479991384175772,0.01769664112987046,-0.0661899625502402,-5.226104748572929e-05,0.00010143395019279248,-1.8735061652870153e-05,0.001370983090373761,0.00019293825859683966,-0.000845390614788622,4.756798742460827e-05,-1.1396335134438024e-05,2.7789543733345506e-05,8.542040056847733e-05,-0.0005767593443462603,-0.0004841961679072453,0.04532612256719983
1781507076.5071123,-0.048665849937218945,0.7837764991314777,0.38211177694352155,-0.04789836298845829,0.017773950192656596,-0.06637238168318582,-0.048666665031337986,0.7837384924768904,0.3820775835174332,-0.0479991384175772,0.01769664112987046,-0.0661899625502402,-7.316029109417883e-05,9.485591398036954e-05,5.5541749195607065e-06,0.0004537459164986918,0.0006398085687454068,-0.0012881093347460002,0.00025981337388119083,1.3487021197377658e-05,-0.0001614839235427316,-0.00017511936926308463,0.0002702631993886155,-0.001263991893528704,0.051130818094385015
1781507076.5171213,-0.04866620117610049,0.7837805714652541,0.3821146039867806,-0.04795865745828013,0.017807455107787362,-0.06641407773259686,-0.048666665031337986,0.7837384924768904,0.3820775835174332,-0.0479991384175772,0.01769664112987046,-0.0661899625502402,-8.901062759775364e-05,8.837332236891297e-05,2.498254489892523e-05,-0.00024593014221432137,0.0009571148514472191,-0.0015845673503907104,0.0002572800275564645,0.00012239824869426753,0.000259536873033422,0.0010963812868260044,1.071821812128655e-05,-0.001091902310218333,0.056047939963009656
1781507076.5271068,-0.04866656582719594,0.7837839347527193,0.38211702140430637,-0.04800911912535104,0.017834825297601054,-0.06644765387063681,-0.04865970362973693,0.7837400609601348,0.3820784355081519,-0.048001517487860274,0.017695698500543644,-0.06622845487885635,-0.00010060699717060319,8.204949213851471e-05,4.026256450484309e-05,-0.0007634427209839969,0.001168658963510879,-0.0017633215753717478,0.00016177652932381845,0.00028578187353341594,0.0005091756847582006,0.001467234408663916,8.791386942264551e-05,-0.0008808505131031967,0.05882916633575132
1781507076.537102,-0.04866694324439251,0.7837866711127404,0.3821190802750559,-0.048050831818861564,0.017856850316169792,-0.06647422655236722,-0.04865970362973693,0.7837400609601348,0.3820784355081519,-0.048001517487860274,0.017695698500543644,-0.06622845487885635,-0.00010864145852273885,7.59332406327197e-05,5.201878644049886e-05,-0.0011303004477656742,0.0012951695026283592,-0.0018489907964794432,-0.00013887791519827614,0.00022641944510247468,0.00020365077300823134,0.0006894378043727816,0.0002043208408028131,-0.00028508046050042463,0.06226488113660258
1781507076.547103,-0.04866764557292,0.78378723216338,0.3821230185875712,-0.048010213579343826,0.017851234636237168,-0.06647629637201455,-0.04865970362973693,0.7837400609601348,0.3820784355081519,-0.048001517487860274,0.017695698500543644,-0.06622845487885635,-0.00010237331526535071,9.336286351275863e-05,7.302398144982325e-05,-0.0005630699690210895,0.0010936283821729675,-0.0016726432868359267,-0.00010090091476827687,0.0001130177478369238,-4.513890814629646e-05,0.0005252986826677752,0.0004546180523764303,-0.0005344265092091482,0.06538996748451349
1781507076.5571063,-0.04866825679857744,0.783787678402219,0.3821263574797174,-0.04797550473471389,0.017845582404401705,-0.06647645475857428,-0.04865970362973693,0.7837400609601348,0.3820784355081519,-0.048001517487860274,0.017695698500543644,-0.06622845487885635,-9.604424429109853e-05,0.00010617189454045709,8.896110007510355e-05,-0.00012265011373751222,0.0009126880510608417,-0.0014947253766614751,-4.980727468211793e-05,0.00012650879801031305,-1.64295377037086e-05,0.0005456748468141215,0.0006740037650640406,-0.0008729763738882398,0.06809620287928017
1781507076.567106,-0.04866877973878085,0.7837880402835017,0.3821291721018838,-0.04794617369994146,0.017840057352532357,-0.06647517668340767,-0.04865970362973693,0.7837400609601348,0.3820784355081519,-0.048001517487860274,0.017695698500543644,-0.06622845487885635,-8.974645793709789e-05,0.00011510933505145743,0.0001006277635693813,0.00021069921593736267,0.0007521352245753926,-0.0013205013927795896,3.8717372523887784e-05,4.4273487142065884e-05,0.00013033983297906576,0.0006200983882997779,0.00126067014002926,-0.0013839040287013074,0.0704172789138751
1781507076.577105,-0.048669218798291544,0.783788339723747,0.38213152961201624,-0.04792167496595609,0.017834778723894607,-0.06647285732752983,-0.04866069115884225,0.7837459048036561,0.38208177890523154,-0.04797756977500054,0.01773073368757494,-0.06626698982167105,-8.355358538400851e-05,0.00012082552019209588,0.00010871839186303872,0.000454699451830219,0.0006112522342115532,-0.0011538144845008032,1.371866820736218e-05,-0.00017002913332266262,-0.000508743586588333,-0.0009087965256240426,0.0009268238142912826,-0.001221529812579419,0.06594373285816096
1781507076.587107,-0.04867167414287097,0.7837766364202313,0.3821240872848561,-0.04787760141517726,0.017819177783156448,-0.06645953777096532,-0.04866069115884225,0.7837459048036561,0.38208177890523154,-0.04797756977500054,0.01773073368757494,-0.06626698982167105,-8.508557789911894e-05,5.772314311904204e-05,5.280761233360313e-05,0.0008836209990822851,0.00036744256581871604,-0.0008907848968780711,0.00013565364499227103,-5.255508570122851e-05,-0.00029646657821488776,-0.0007653338344398653,0.001110239292878442,-0.0017684517951487217,0.05343273511578786
1781507076.597101,-0.048673730958222645,0.7837666766075232,0.38211766808068504,-0.04784132831972611,0.01780575793703343,-0.06644750197701862,-0.04866069115884225,0.7837459048036561,0.38208177890523154,-0.04797756977500054,0.01773073368757494,-0.06626698982167105,-8.523729969478013e-05,6.334838112040629e-06,7.254813524371134e-06,0.0011808107009768226,0.00017470864994290636,-0.0006693211422124573,-3.1794364266004534e-05,-0.0001306393708416427,-0.0003862332627494791,-0.0012398533975444433,0.0009756523242256515,-0.0017922617290132097,0.04346880626960378
1781507076.6071036,-0.048675435056392574,0.7837582504521865,0.3821121510799138,-0.047811892728599384,0.017794339660160086,-0.06643675744054742,-0.04866069115884225,0.7837459048036561,0.38208177890523154,-0.04797756977500054,0.01773073368757494,-0.06626698982167105,-8.42790547444799e-05,-3.499858233130961e-05,-2.9405676234689055e-05,0.0013711631945554277,2.5519138106927476e-05,-0.00048506367306290303,0.000309829206355718,7.069672761090896e-06,-0.00017023022162341046,-0.001043611195681376,0.000681095646367315,-0.0022982743432756105,0.03594810909547296
1781507076.6171021,-0.04867682941136488,0.7837511666556779,0.382107427966223,-0.047788385971693714,0.017784733658383844,-0.06642727444534596,-0.04866069115884225,0.7837459048036561,0.38208177890523154,-0.04797756977500054,0.01773073368757494,-0.06626698982167105,-8.244190022684166e-05,-6.773647498968025e-05,-5.846313339539021e-05,0.0014762556408932294,-8.696073793918664e-05,-0.0003337275030956108,0.0003507230029005538,-0.00017383469734385713,-0.00010081093022874612,-0.0007805459950556328,0.0011348337447194487,-0.002192812976384931,0.030757187955438515
1781507076.627105,-0.04867795387774189,0.7837452519586225,0.3821034018744087,-0.04776996492438829,0.017776748494299444,-0.06641899620752234,-0.04865338421887183,0.7837442298444386,0.38207706666914676,-0.04801337071970008,0.017783949941408528,-0.06636460667775787,-7.99224593181974e-05,-9.315928636976256e-05,-8.104889262218994e-05,0.0015145888959711199,-0.00016885677254026356,-0.00021120082588700612,0.0002263845092402569,8.376911907885709e-05,0.00017255223072736427,-0.00012842810615371826,0.0009727964089649082,-0.0016336242227552912,0.03603131819106478
1781507076.6371176,-0.048678845039650705,0.7837403504031832,0.382099986326223,-0.04775585865278782,0.017770196361889923,-0.06641184721531002,-0.04865338421887183,0.7837442298444386,0.38207706666914676,-0.04801337071970008,0.017783949941408528,-0.06636460667775787,-7.688722108701663e-05,-0.00011238761405732145,-9.81531619942884e-05,0.0015018524205047228,-0.00022559589743440667,-0.00011361416071041661,-7.468194890112402e-05,-7.587059626938585e-06,2.4952555653648924e-05,0.00014745327184932772,0.0007592469020873671,-0.000707739421547581,0.034476283727802204
1781507076.6471035,-0.04867533475482821,0.7837430739632537,0.3820994042917589,-0.04774733686351546,0.01777482543625597,-0.06640518909752657,-0.04865338421887183,0.7837442298444386,0.38207706666914676,-0.04801337071970008,0.017783949941408528,-0.06636460667775787,-5.114019718663226e-05,-8.363501150754802e-05,-9.573772095967283e-05,0.0014296355960246707,-0.00015395774776018838,-2.6206442162102992e-05,6.41193811222702e-05,7.547609361839431e-05,0.00010828740733494254,0.0005671442285188297,-0.00010838092817143582,-0.00033471544737696476,0.031338976914528256
1781507076.6571133,-0.048675042439419225,0.7837512136490454,0.3821075044271004,-0.04786552547062713,0.01779378680410182,-0.0664328099002527,-0.04865338421887183,0.7837442298444386,0.38207706666914676,-0.04801337071970008,0.017783949941408528,-0.06636460667775787,-5.8978710869803326e-05,-7.998260594727611e-05,-3.475970380784725e-05,-1.1346064206914277e-05,8.402081793815828e-05,-0.00031459910063955186,-9.216754125747397e-05,7.306207961908122e-06,0.00012007960867217404,0.001152717500155848,-0.00014069254767388269,-0.00016788748749439414,0.03800406758901438
1781507076.6671028,-0.0486747986463538,0.7837580989658987,0.38211447922578456,-0.047964917325136844,0.0178096690557612,-0.06645575092475293,-0.04865338421887183,0.7837442298444386,0.38207706666914676,-0.04801337071970008,0.017783949941408528,-0.06636460667775787,-6.452393905826052e-05,-7.603709199209002e-05,1.463225199571377e-05,-0.0010907143651809519,0.0002600285208814775,-0.0005220709471313361,-7.235364630544277e-05,0.0001425256200309021,0.0005001079355713076,0.0018664626944455169,-0.00018938603249471432,-0.0002484641330472874,0.045283878241948565
1781507076.6770966,-0.04867460436788309,0.7837638576377489,0.3821204641348384,-0.04804750468735426,0.01782281005625941,-0.06647455723481746,-0.048653620215782956,0.7837493680493219,0.3820848928435378,-0.04797703329353496,0.01779183755556435,-0.0663903555403301,-6.815791554893101e-05,-7.190627215477717e-05,5.4097382574526204e-05,-0.0018695927386228272,0.0003847861700174205,-0.0006632323921433867,2.6313779655841593e-05,0.00021624271052181248,0.00037604165642694234,0.0020052450454844106,-0.00019441544041990232,-0.0005050017509080785,0.043767563068297606
1781507076.6871057,-0.04867445738186339,0.7837686164629615,0.38212557986883133,-0.048115240296889114,0.01783353786708486,-0.06648975048182132,-0.048653620215782956,0.7837493680493219,0.3820848928435378,-0.04797703329353496,0.01779183755556435,-0.0663903555403301,-7.021154431697554e-05,-6.767903541180961e-05,8.509346109714307e-05,-0.0024020041413442216,0.00046772925192525795,-0.0007508456455419281,0.00012033817734242116,0.00011934305987190623,0.0001801246680890049,0.0011067198884257415,0.00018839977344206334,-0.0006021229270583802,0.04959962646168556
1781507076.6971097,-0.04867624990773148,0.783764842268457,0.38212056962480867,-0.04801694372715011,0.017816736354675067,-0.06650646827242272,-0.048653620215782956,0.7837493680493219,0.3820848928435378,-0.04797703329353496,0.01779183755556435,-0.0663903555403301,-6.678305949535226e-05,-4.2301238917502604e-05,4.509896402497889e-05,-0.0010634145226045423,0.0002422301549867693,-0.0008599571741209972,-0.00018633706594515904,0.00020797533816057555,0.0004112940572360875,0.0009533634502402961,0.0002488523484634799,-8.241318907177736e-05,0.04499318989996202
1781507076.707116,-0.04867774439891121,0.783761676648039,0.38211624353852164,-0.04793327669477223,0.01780242227599671,-0.06651973116439655,-0.048653620215782956,0.7837493680493219,0.3820848928435378,-0.04797703329353496,0.01779183755556435,-0.0663903555403301,-6.318455475347772e-05,-2.139262557362228e-05,1.242100586123896e-05,-3.1345345746660366e-05,6.66455781037287e-05,-0.0009181710543731826,-7.723637844589733e-05,-0.00014210608511289603,-0.00021660542146460814,-0.000126428704178206,-0.00011037979651206428,-0.00016262873306213224,0.041428780937315224
1781507076.7171066,-0.04867897299044166,0.783759071649002,0.3821125199680006,-0.04786286134125852,0.01779036334350015,-0.06653004216264101,-0.048653620215782956,0.7837493680493219,0.3820848928435378,-0.04797703329353496,0.01779183755556435,-0.0663903555403301,-5.949515929312937e-05,-4.336685837686177e-06,-1.3969368387394402e-05,0.0007428077058912368,-6.673470353240913e-05,-0.0009366556595759016,-5.517105900803971e-05,-5.302897384317846e-05,-5.452852260234106e-05,-0.00023717487283866857,-0.00012540201854550323,-0.0003874013849435964,0.0387321705527864
1781507076.7271051,-0.04867996687335043,0.7837569729971432,0.3821093261617517,-0.04780430253250417,0.017780323884729388,-0.06653785898990051,-0.04865437300802056,0.7837518912203769,0.38209047246512984,-0.047948125700609495,0.017800451416147167,-0.06641107338458598,-5.577954759076802e-05,9.410314885932424e-06,-3.497784623709685e-05,0.0013025221188348638,-0.0001648426482291015,-0.0009248665519174279,-2.6125806843691744e-05,-9.178621974319039e-05,-0.0003753963621480306,-0.0009768200107474953,0.0006145800846318413,-0.0009284519187902569,0.03219211508949157
1781507076.7371118,-0.04868075573371979,0.7837553235689931,0.38210659734959085,-0.04775623038233038,0.017772072122643756,-0.06654359291022686,-0.04865437300802056,0.7837518912203769,0.38209047246512984,-0.047948125700609495,0.017800451416147167,-0.06641107338458598,-5.208997076614867e-05,2.0326799749838092e-05,-5.139968340252577e-05,0.0016862439085974855,-0.0002338374137172259,-0.0008907171226538415,3.512671522514114e-05,-0.00017716274644835654,-0.00028805820689687534,-0.0011473795365137909,0.0012399969176940717,-0.0013918860868856694,0.031110145149537253
1781507076.7470992,-0.04868012510452309,0.7837538673129407,0.38210891666457764,-0.04774408053373719,0.017724116012319158,-0.06646612924105526,-0.04865437300802056,0.7837518912203769,0.38209047246512984,-0.047948125700609495,0.017800451416147167,-0.06641107338458598,-2.0386239841225443e-05,1.307044530705475e-05,-3.3862868744686264e-05,0.0016197915179847306,-0.0007716032955489714,2.6114969924346176e-05,9.497162306804537e-05,-9.4808467247181e-05,-0.00011805537479791858,-0.00048398869192877873,0.00026026206206718894,-0.0012243284965760147,0.031737421277832245
1781507076.7570996,-0.04867945092451274,0.7837527235267421,0.3821109171025824,-0.047735352376580456,0.017684487161845786,-0.06640103339434633,-0.04865437300802056,0.7837518912203769,0.38209047246512984,-0.047948125700609495,0.017800451416147167,-0.06641107338458598,5.322978537847134e-06,7.079622962004155e-06,-1.9355707826632207e-05,0.001525665486107987,-0.0011534065746987925,0.0007123547748208966,0.00024527704602290263,-0.0001030935340792151,-0.00011793400055863488,-0.0005616647167318184,-0.0011482407842868627,-0.0011174625558273057,0.03236630701888141
1781507076.7671041,-0.04867873971607777,0.7837518400958339,0.38211263626480757,-0.04772942633087854,0.017652182515591308,-0.06634698608850564,-0.04865437300802056,0.7837518912203769,0.38209047246512984,-0.047948125700609495,0.017800451416147167,-0.06641107338458598,2.5894201281536475e-05,2.180645610618877e-06,-7.464492051218228e-06,0.0014133803681493833,-0.0014079027657659014,0.0012070344794737984,9.759343363709104e-05,6.394105734733198e-06,7.100432519690852e-05,9.792686136740245e-05,-0.0005473339510979155,-0.0008214111631011231,0.03293892972485741
1781507076.777106,-0.04867800142522091,0.7837511716820146,0.3821141079858685,-0.047725761588711536,0.017626249991870013,-0.06630269643709902,-0.04864936202360187,0.7837476467812929,0.3820859501585657,-0.047969349070313784,0.01780258891049047,-0.06646926560745643,4.208012079190284e-05,-1.7797528758001926e-06,2.1760394174411053e-06,0.0012905623246381398,-0.0015600468661372375,0.0015446433179693926,-4.338818169991973e-05,4.854882378171663e-05,0.0001396941807912631,0.0005789099081630543,-0.00019601194379834287,-0.0003999804406715226,0.04031753326539087
1781507076.7871068,-0.04867724773188453,0.7837506791542487,0.3821153626229355,-0.04772389115075317,0.01760580177267479,-0.06626693015561393,-0.04864936202360187,0.7837476467812929,0.3820859501585657,-0.047969349070313784,0.01780258891049047,-0.06646926560745643,5.45405445660827e-05,-4.936503177891584e-06,9.887626627450067e-06,0.0011632138162241616,-0.0016313382023701488,0.0017553225242930891,-8.753224959673915e-05,0.0001391321208634247,0.0003071191660213912,0.0012717444956281485,-0.0004487125028992836,-8.057867813358114e-05,0.040643585871221515
1781507076.7971027,-0.048681408717240304,0.7837478303921512,0.38211235266346455,-0.04774532871112293,0.01763732954455688,-0.06630245318055167,-0.04864936202360187,0.7837476467812929,0.3820859501585657,-0.047969349070313784,0.01780258891049047,-0.06646926560745643,8.249287211993726e-06,-3.155970516442252e-05,-9.350513850740778e-06,0.0008090241207335271,-0.001090944711312318,0.0011928120955743478,2.725172539628031e-05,0.00023325948449929275,0.0003958316535738241,0.0018035497860691553,-0.0001215611975293515,-0.00019629735492689813,0.04152248247679014
1781507076.8071036,-0.04868494890478786,0.7837454300719928,0.38210977359017756,-0.04776412348330104,0.0176647948609705,-0.06633347374973284,-0.04864936202360187,0.7837476467812929,0.3820859501585657,-0.047969349070313784,0.01780258891049047,-0.06646926560745643,-2.901661823252703e-05,-5.2532203443761225e-05,-2.4675896025955164e-05,0.0005214967179125935,-0.0006561841924275477,0.00073869140525425,5.19977762968331e-05,0.00027881030377602413,0.0005351801935731804,0.0022318725519463426,-0.0004974133054510309,4.228739452165671e-05,0.04288234842485625
1781507076.8170993,-0.04868796071469669,0.783743411649959,0.3821075738201695,-0.047780423540529166,0.01768846458394302,-0.06636027159956234,-0.04864936202360187,0.7837476467812929,0.3820859501585657,-0.047969349070313784,0.01780258891049047,-0.06646926560745643,-5.8565016611500145e-05,-6.870272564612792e-05,-3.6666032730268126e-05,0.0002917874893050765,-0.0003124714260503194,0.0003782140378475321,-0.00014796665077268056,0.0003699506370148409,0.0006755212391990137,0.0029213709561004904,-0.0009968548589729855,0.0005807401385384963,0.044445225084421565
1781507076.827107,-0.048690521738775895,0.7837417186729668,0.3821057069837557,-0.04779440812359437,0.017708642555276377,-0.06638317191951919,-0.048651281090881626,0.7837598857685535,0.38210802812743117,-0.04786797715467584,0.017771422133068482,-0.06645786376990441,-8.154359930399413e-05,-8.081345343957612e-05,-4.582679670700595e-05,0.00011168720315859999,-4.638598426686449e-05,9.776771940163371e-05,-9.876856292187102e-06,0.000211210814574612,0.00011505913398577813,0.0018584453907182642,-0.0018729017015492826,0.001043709309482984,0.04330426673180369
1781507076.8371077,-0.04869269719201885,0.7837403032343706,0.38210413150656736,-0.04780627492401368,0.017725652004510595,-0.06640252505668284,-0.048651281090881626,0.7837598857685535,0.38210802812743117,-0.04786797715467584,0.017771422133068482,-0.06645786376990441,-9.895694837200927e-05,-8.951163205885135e-05,-5.2600140038528345e-05,-2.6312965947250316e-05,0.00015425247005916717,-0.00011503744215356644,-2.668311228877052e-05,6.137437106790503e-05,0.0003402128710042767,0.0016124300043828556,-0.0020663613821786182,0.0012747295336975708,0.04597774170823275
1781507076.847102,-0.048694748300677985,0.7837511584126078,0.38210923415324677,-0.04780880170518452,0.017736518840071103,-0.0664997917059559,-0.048651281090881626,0.7837598857685535,0.38210802812743117,-0.04786797715467584,0.017771422133068482,-0.06645786376990441,-0.00011300486347095732,-1.3913860897956371e-05,-1.6292510536270587e-05,-3.219761131686724e-05,0.00030664873102471,-0.001157293332978583,-0.00016915606578215374,9.281968333230253e-05,0.000168058887980179,0.0006516903975961038,-0.00104095317476858,0.0011362936673169398,0.04435109432191745
1781507076.8571043,-0.0486964850495492,0.7837604780315572,0.38211362147422173,-0.04781087906867039,0.01774542816381519,-0.06658052649153567,-0.048651281090881626,0.7837598857685535,0.38210802812743117,-0.04786797715467584,0.017771422133068482,-0.06645786376990441,-0.00012285026619914102,4.695030292439793e-05,1.3060722310574082e-05,-3.572490350688442e-05,0.00041244036886579075,-0.0019065420343746676,0.00013358181096989502,3.5940182869932215e-05,3.869776827081848e-05,0.00011255971069166115,-0.0009149565399890706,0.0004934880230353886,0.045552543101402346
1781507076.8670688,-0.04869795037907673,0.7837684469996434,0.3821173790180477,-0.04781256265586163,0.017752626959710582,-0.06664666457278443,-0.048651281090881626,0.7837598857685535,0.38210802812743117,-0.04786797715467584,0.017771422133068482,-0.06645786376990441,-0.00012919725357371357,9.521551158050376e-05,3.6459216966095675e-05,-3.738949386306886e-05,0.00048041691271632857,-0.0024157414106289197,-0.00020440784252544458,3.158429360396208e-05,8.969448197116193e-05,0.0003604733743681618,-0.00032761355625596776,0.00035986908603396806,0.048360689549838146
1781507076.8771148,-0.048699180949833575,0.7837752308406942,0.38212058341494376,-0.047813904979266277,0.01775834709625257,-0.06670005545272392,-0.048651281090881626,0.7837598857685535,0.38210802812743117,-0.04786797715467584,0.017771422133068482,-0.06645786376990441,-0.0001326553842515305,0.0001327550480789599,5.478092498595186e-05,-3.761296135782086e-05,0.0005181991672595862,-0.0027311417976703303,-0.00014252215007262706,-6.62326007125962e-05,0.0001283762156079508,6.201028396128946e-05,0.00032512945060097554,-0.0002306299259997434,0.05184113203957743
1781507076.88711,-0.04870020818354553,0.7837809774241693,0.3821233031703141,-0.047814954762356816,0.017762802771184694,-0.06674243382862782,-0.04865456019474418,0.7837633765138041,0.3821152119071737,-0.047830853684256616,0.01772759114258471,-0.06642310199394018,-0.00013375060030479304,0.0001612086388827851,6.879497034984272e-05,-3.6750603000780905e-05,0.0005323236477142102,-0.002892701809745567,-0.0002848263734061827,-2.6376480397524664e-05,-1.5104381708229677e-05,4.7047424771283934e-05,0.00038267707275317165,-0.00037603133093639144,0.04958829969356707
1781507076.8970993,-0.048701059125139196,0.7837858185775161,0.38212559940388335,-0.0478157565486641,0.01776618908063221,-0.06677540089394282,-0.04865456019474418,0.7837633765138041,0.3821152119071737,-0.047830853684256616,0.01772759114258471,-0.06642310199394018,-0.00013293505443636136,0.00018200774053131667,7.917336759926256e-05,-3.5098333862892656e-05,0.0005283355245116207,-0.0029345721110994654,-0.0004181623265206635,-8.145521584193075e-05,-4.270014562485093e-05,-0.00011976847931075967,0.0010893478343405858,-0.0008667984168514415,0.05266589825897509
1781507076.9071004,-0.048694759113431164,0.783783684284218,0.3821193616037066,-0.04778962245022451,0.017753278043782794,-0.06667964374795908,-0.04865456019474418,0.7837633765138041,0.3821152119071737,-0.047830853684256616,0.01772759114258471,-0.06642310199394018,-7.505276557621932e-05,0.00016740308254791202,3.3323243488251994e-05,0.00023547566761111704,0.0002799260541639008,-0.001576912407537334,-0.0006062849081389418,-0.00017639883712236397,-7.79919370162836e-05,-0.00040687223673038623,0.0016378108546950126,-0.0015578258941368716,0.045228072964689774
1781507076.9171042,-0.048689307265784514,0.7837818060347513,0.3821139896306947,-0.047767832667145335,0.01774222950043547,-0.0665976449960146,-0.04865456019474418,0.7837633765138041,0.3821152119071737,-0.047830853684256616,0.01772759114258471,-0.06642310199394018,-2.7635423327719703e-05,0.0001535576881853543,-3.906244517403557e-06,0.00043176202275065415,8.614172095103978e-05,-0.0005164991489156957,-0.0006130288987493398,-0.0001617274397806629,-7.056808976041146e-05,-0.0002904747335406461,0.00013405274468689771,-0.0014547906873766355,0.03935098662063026
1781507076.9271016,-0.04868459889110036,0.7837801624972277,0.3821093804166767,-0.047749894226724626,0.017732879185148542,-0.06652819942845463,-0.04865456019474418,0.7837633765138041,0.3821152119071737,-0.047830853684256616,0.01772759114258471,-0.06642310199394018,1.0780114866151586e-05,0.00014049724547814276,-3.3743581885457074e-05,0.0005670142602933206,-6.141014523262516e-05,0.0002921709018753008,-0.0003177860153593243,-0.0001274163285410915,-0.000313202720134705,-0.00047779420442586044,-7.927904431067664e-05,-0.002072679593431344,0.03490127217870898
1781507076.937104,-0.04868054223314398,0.7837787316417895,0.38210544167899263,-0.04773533236318077,0.017725057481118522,-0.0664700604153217,-0.048673878885456046,0.7837582770180664,0.3821121643622807,-0.04784335376404278,0.017752907852613076,-0.06648098133249211,4.148248256599235e-05,0.0001282324299561043,-5.7268629821990535e-05,0.000652833473048258,-0.00017028322053398498,0.0008900827077571305,-0.0003027139107788113,7.531775313460051e-05,5.5919372585138866e-05,0.00013407171784106896,0.001429773261051179,-0.0022971935528499654,0.022538551520718243
1781507076.9470973,-0.04868187465764538,0.7837881534011685,0.3821120459823696,-0.04783671885255986,0.017760106322173286,-0.06652739326415773,-0.048673878885456046,0.7837582770180664,0.3821121643622807,-0.04784335376404278,0.017752907852613076,-0.06648098133249211,9.653346308853925e-06,0.00013509674287644983,-8.614675643621979e-06,-0.0005141711671030907,0.00026039583715543706,0.0001860968334217463,7.937771925142019e-05,0.00014328321963344627,5.7061942073250804e-05,0.00029489329713476797,0.0010087186445384814,-0.002154154794375056,0.030928056097444093
1781507076.9571025,-0.048679358588772155,0.7837806071633852,0.3821052303364925,-0.047845205327821494,0.01776305146755308,-0.0664234939849033,-0.048673878885456046,0.7837582770180664,0.3821121643622807,-0.04784335376404278,0.017752907852613076,-0.06648098133249211,2.5824172928743037e-05,7.307665094620669e-05,-5.1635602634062284e-05,-0.0005708329998220515,0.00020984554826342216,0.0013001141535469956,0.00014101853578415115,1.0451207895308982e-05,-2.88677791675405e-05,0.000158411909261162,0.0002675594105534433,-0.001435837267613945,0.024015479425122565
1781507076.9671016,-0.048677229174278504,0.7837740433967838,0.3820994143470782,-0.04785183996112462,0.017765279474531104,-0.06633728896195334,-0.048673878885456046,0.7837582770180664,0.3821121643622807,-0.04784335376404278,0.017752907852613076,-0.06648098133249211,3.847845990088465e-05,2.23626308616102e-05,-8.551737230316876e-05,-0.00059766365652819,0.0001662237806766164,0.0020992217242112175,-0.00012563083576465746,-1.148222645775812e-06,-0.00017006504347312444,-0.00018448764118116567,-0.00015458634351864331,-0.0004928900386607442,0.020551545458093488
1781507076.9771082,-0.04867543561579747,0.783768351098088,0.38209447453875595,-0.04785690551178187,0.01776690902447342,-0.06626670130479685,-0.048673878885456046,0.7837582770180664,0.3821121643622807,-0.04784335376404278,0.017752907852613076,-0.06648098133249211,4.8149420589378635e-05,-1.8632580157073966e-05,-0.00011163315541395957,-0.0006014081152928569,0.00012898789392835623,0.0026405043862646046,9.176286195949688e-05,0.00024273557933859893,0.00016369900186679243,0.0006207492005292594,-0.00021117461138964817,-0.00048153487005938884,0.02041666853265048
1781507076.9870996,-0.04867393307101541,0.7837634308569735,0.38209030065542626,-0.047860656776829075,0.017768045463352866,-0.06620974738210467,-0.04867779065373118,0.7837602925488518,0.3821110613174422,-0.04783737289316713,0.01777370645868981,-0.06655294243770829,5.530290614068101e-05,-5.130634123449889e-05,-0.00013118369952389301,-0.0005877521622039457,9.755637450587366e-05,0.002973791236751614,5.5989841046458745e-06,0.00011845476993966626,-7.554387402725952e-05,0.0003698857710965749,-3.354669342556718e-05,-4.078907694726352e-05,0.021347950946549975
1781507076.9971025,-0.048672682034918834,0.7837591936336376,0.3820867944591631,-0.04786332063095495,0.017768781253527433,-0.06616456773531108,-0.04867779065373118,0.7837602925488518,0.3821110613174422,-0.04783737289316713,0.01777370645868981,-0.06655294243770829,6.034478831438e-05,-7.688585598044076e-05,-0.00014521612077922144,-0.0005614323134958975,7.133453346843603e-05,0.0031421109334244393,-0.0001446050742431764,4.186234730696792e-05,1.5426469009729543e-05,0.00016832703905885204,-0.0001576434550994709,0.0006878064313164653,0.024823094318726396
1781507077.0071013,-0.048670948764017986,0.7837647756877443,0.3820915861947605,-0.04783826674415126,0.017776953070384183,-0.06623518569782186,-0.04867779065373118,0.7837602925488518,0.3821110613174422,-0.04783737289316713,0.01777370645868981,-0.06655294243770829,6.304034848883422e-05,-2.351425411758386e-05,-0.00010559218074842189,-0.00021292288113998475,0.0001895246458266851,0.002033417967523628,-0.00032200462046907974,7.621592530609946e-05,0.00010366866222187935,0.0004593398016465014,0.00038967189390493213,0.0012481646634431084,0.021123219277452823
1781507077.017109,-0.04866952212361121,0.783769596956018,0.3820957547476698,-0.04781703198818982,0.017783564389529438,-0.06629643838546151,-0.04867779065373118,0.7837602925488518,0.3821110613174422,-0.04783737289316713,0.01777370645868981,-0.06655294243770829,6.440548660323037e-05,1.9628984439330898e-05,-7.24451853501185e-05,5.40333820489677e-05,0.0002728909115477632,0.001147052086549828,-0.00022038333235485522,0.00020840943205327519,0.0005096725817746367,0.0008756303964888057,-0.0007566843285618248,0.0019887997436363915,0.019728954895174396
1781507077.0271027,-0.04866836150855213,0.7837737548729456,0.38209936986059034,-0.04779923997840256,0.017788825338987513,-0.06634899738150932,-0.04867779065373118,0.7837602925488518,0.3821110613174422,-0.04783737289316713,0.01777370645868981,-0.06655294243770829,6.46852999202848e-05,5.401449890140847e-05,-4.4917713301174884e-05,0.00025257687799742847,0.00032788333211534044,0.000451530513786165,-0.0003364339524020192,0.00011166364092664493,0.00012453742782232252,0.0005061728516744962,-0.0003523928964515795,0.0022920781196910213,0.020170104415543556
1781507077.0371094,-0.048667430169692584,0.7837773336758647,0.3821024946261399,-0.04778451447398068,0.017792930345749358,-0.06639360384009997,-0.04868471672953406,0.7837645290320283,0.3821128367918435,-0.04782059863803848,0.01776501156101684,-0.06649859226967866,6.40902981094352e-05,8.093384820089023e-05,-2.2250244748432593e-05,0.00039442601437011927,0.00036011123312977366,-8.195963544809187e-05,-0.00015063328741422556,-3.4399555101984805e-05,-0.0004305517038478955,-0.00041434245479018365,0.0002666324784701799,0.00188941324702013,0.023869320190775544
1781507077.0471036,-0.048668123768902456,0.7837723795488065,0.38209996144946523,-0.047818487343414845,0.01778450578837698,-0.066400404667302,-0.04868471672953406,0.7837645290320283,0.3821128367918435,-0.04782059863803848,0.01776501156101684,-0.06649859226967866,5.824437587016147e-05,2.7940170513759342e-05,-3.64090957712015e-05,-1.8196009763352778e-05,0.0002324783606866794,-0.00015155561621462657,-0.00041671808239888384,3.957025989952706e-05,0.00016194404757496103,0.0002793361818512057,-0.00019521455726543655,0.002420472732339601,0.0224216724970356
1781507077.0570993,-0.0486671878186929,0.783775310908211,0.3820997451351729,-0.04779148098970566,0.017748092267814375,-0.06632364910949423,-0.04868471672953406,0.7837645290320283,0.3821128367918435,-0.04782059863803848,0.01776501156101684,-0.06649859226967866,7.990213149895964e-05,5.564611231105299e-05,-3.636168120477784e-05,0.0002637329312987342,-0.00023001130342016884,0.0006828476525994237,-0.0004174656027207014,7.122823382519856e-05,-1.4217970446157318e-05,8.800413614289048e-05,0.0007846676433478578,0.0021343349320682766,0.02439063434343928
1781507077.0671077,-0.048666361700538806,0.7837778392264273,0.3820995760134644,-0.047769021939615776,0.017717644720622427,-0.06625972818109366,-0.04868471672953406,0.7837645290320283,0.3821128367918435,-0.04782059863803848,0.01776501156101684,-0.06649859226967866,9.627595512493393e-05,7.718260580646091e-05,-3.586287864242896e-05,0.00046775317041530123,-0.0005702429812577697,0.0012893465311615208,-0.00015776777034160855,6.125495085722375e-05,-4.395590356200913e-06,3.317744081562814e-05,0.0009321147648895894,0.0015481359386822096,0.026266263677481968
1781507077.0771005,-0.04866562371229024,0.783780017296736,0.3820994464868182,-0.04775058432345484,0.01769250105318476,-0.06620717332951362,-0.04868471672953406,0.7837645290320283,0.3821128367918435,-0.04782059863803848,0.01776501156101684,-0.06649859226967866,0.00010820050702855911,9.349354259921742e-05,-3.500803425044721e-05,0.0006078145880704536,-0.0008095578543274059,0.0017084827992745967,3.429793967143188e-06,0.0002750635117050056,0.000410183787539714,0.000830199444053737,0.00016807398347509897,0.0010807210342881092,0.02799517672381046
1781507077.0871046,-0.04866495882628138,0.7837818900226612,0.3820993501087075,-0.0477356641520987,0.01767201992109868,-0.06616457313436946,-0.04869879529120941,0.7837675795541228,0.3821143407231128,-0.047809251071872005,0.017777355508057813,-0.06640069342317308,0.00011640220686484176,0.00010540286663340178,-3.38782007829435e-05,0.0006961200548300842,-0.0009667085078808506,0.00197576167675458,-7.301030449867665e-05,4.7038130953385796e-05,3.319110200881592e-05,0.0003335361161320316,0.00033330056497888477,0.0008305061840292167,0.03967889097319055
1781507077.0971243,-0.048664356874556634,0.7837834957915087,0.3820992814071401,-0.04772378761154354,0.017655593093524935,-0.06613059761189151,-0.04869879529120941,0.7837675795541228,0.3821143407231128,-0.047809251071872005,0.017777355508057813,-0.06640069342317308,0.00012151137714603888,0.00011362779088933196,-3.2541929605581544e-05,0.0007432294473365362,-0.001057994671845583,0.00212194278144161,-3.084663366084056e-05,-2.7312644643689136e-06,-4.5692700162317625e-05,0.0005140930540407171,-0.0003403118597038973,0.0010427962441154582,0.040818061586027646
1781507077.1071105,-0.04866230983294896,0.7837844194657534,0.38210001222101303,-0.04779487975796462,0.017670592544592356,-0.06623562282674209,-0.04869879529120941,0.7837675795541228,0.3821143407231128,-0.047809251071872005,0.017777355508057813,-0.06640069342317308,0.00011546116225110151,8.073377456410287e-05,-2.405217853853209e-05,-9.377796047437134e-05,-0.0007241964582165993,0.0007530316718364644,-5.2263644831761966e-05,0.00020950527458036156,0.0003260526562743838,0.0006625912621209718,-4.9870503732116954e-05,0.0008869226075970103,0.042662363514270996
1781507077.1171026,-0.048660599031606994,0.7837850753760022,0.3821006560425071,-0.04785460271616818,0.017683834084774475,-0.06632468145149097,-0.04869879529120941,0.7837675795541228,0.3821143407231128,-0.047809251071872005,0.017777355508057813,-0.06640069342317308,0.00010914120200508007,5.330436248188923e-05,-1.6932068786547713e-05,-0.0007183550374883504,-0.00045426670550275283,-0.00029325713526585505,8.826704743648946e-06,6.018761969308722e-05,0.00030360733711945194,0.0006943879087222095,-0.0006540014176734888,0.001020914387308059,0.04418516169631772
1781507077.1271155,-0.048659190043485054,0.7837854897384298,0.3821012230099372,-0.047904172117550006,0.017695397046333383,-0.06639933900284989,-0.04869879529120941,0.7837675795541228,0.3821143407231128,-0.047809251071872005,0.017777355508057813,-0.06640069342317308,0.00010268477774660335,3.060934647714875e-05,-1.100168933097887e-05,-0.0011666681986000744,-0.00023958085060508998,-0.001069176812853395,-0.00014508056965844342,0.000124758270404283,0.00015282583362458585,0.000693100143426711,-0.0012553717699619533,0.0015006973013054984,0.04540291563516338
1781507077.1371012,-0.04865804907191174,0.7837856924488251,0.3821017219015984,-0.047944776758833116,0.017705386620740615,-0.06646116266923113,-0.04869839439668272,0.7837722995501083,0.3821187431695926,-0.04778437797735353,0.01775819555404423,-0.06635079765530648,9.620061329365834e-05,1.2002545433205669e-05,-6.101537345268047e-06,-0.0014706407115114605,-7.216444571027158e-05,-0.0016212794834268086,0.00022433104083649782,0.00010855186640242257,0.00012582327358021936,0.0004597860745300698,-0.0012876849238268478,0.0011030807151244807,0.04579124950298683
1781507077.1471014,-0.04865947176744475,0.7837888537920736,0.3821028996943744,-0.04795475809836786,0.01773130081491514,-0.06647817212235332,-0.04869839439668272,0.7837722995501083,0.3821187431695926,-0.04778437797735353,0.01775819555404423,-0.06635079765530648,6.817778572522557e-05,2.787376299813427e-05,2.2937113172090537e-06,-0.0014157693820389338,0.00022719445940222157,-0.0016161718148181752,0.0002620123149641286,0.00018674133146222326,0.000267984552615974,0.0005658110749567742,-0.0010077618444426283,0.0007635709409494221,0.04516668795510337
1781507077.1571095,-0.04866078433063126,0.783791447973636,0.3821039147283965,-0.04796182734485715,0.01775295961839385,-0.0664909860651014,-0.04869839439668272,0.7837722995501083,0.3821187431695926,-0.04778437797735353,0.01775819555404423,-0.06635079765530648,4.4817930325268755e-05,4.026156147741487e-05,9.004127900719947e-06,-0.001335904507235417,0.0004452753052077735,-0.0015681041508655246,0.00031841013143615133,7.699356244925274e-05,7.576748957880556e-05,0.0002573692741201923,-0.0011272609217615318,0.0006214965156613994,0.04473322993365407
1781507077.1671038,-0.04866199804162055,0.7837935581218214,0.38210478619242655,-0.04796652100659801,0.017770837189410527,-0.06650030566426393,-0.04869839439668272,0.7837722995501083,0.3821187431695926,-0.04778437797735353,0.01775819555404423,-0.06635079765530648,2.5497376879842306e-05,4.969599865090788e-05,1.4276978733100696e-05,-0.001239498480500591,0.0005964877148782844,-0.0014891641725385293,0.00036049310015194477,0.00010919224676753819,0.00013677820678823942,0.00030634427334369756,-0.0008113944960264695,0.00026293922798533293,0.04440066153455027
1781507077.1771002,-0.0486631209468094,0.7837952573830671,0.38210553124565205,-0.047969306138229584,0.017785392281296275,-0.06650675194372148,-0.04869839439668272,0.7837722995501083,0.3821187431695926,-0.04778437797735353,0.01775819555404423,-0.06635079765530648,9.66427762801951e-06,5.664001276012706e-05,1.8328978001565852e-05,-0.0011333372841000314,0.0006934587207557154,-0.0013892537257521819,0.00020324188661719668,-1.773737929625064e-06,-8.094876295846308e-05,-0.00035799915661253014,0.0002892710750454593,-0.00033772286316408333,0.044111600450911566
1781507077.1871052,-0.04866415885438771,0.7837966097726828,0.3821061652199287,-0.047970584961082655,0.017797059554167438,-0.06651086887658414,-0.048686662726171503,0.7837759690204626,0.3821197914683563,-0.04777548606234216,0.017716040274429856,-0.0663214962297193,-3.1685655826272807e-06,6.149679438536949e-05,2.1349567466269258e-05,-0.001022772535496748,0.0007471340792325627,-0.001276365869617052,0.0002912715634526796,-8.396330436250424e-05,-9.211163686926227e-08,-0.0003774746170842787,0.00020588481947084175,-0.0007822373454250704,0.03343859362603827
1781507077.1971037,-0.04866511609590352,0.7837976710190095,0.38210670180167233,-0.04797070010130085,0.01780624372291051,-0.06651312781145835,-0.048686662726171503,0.7837759690204626,0.3821197914683563,-0.04777548606234216,0.017716040274429856,-0.0663214962297193,-1.3430278639218793e-05,6.461646145478441e-05,2.3503894895803018e-05,-0.0009119346214534217,0.0007669002048747887,-0.0011568447015369017,0.0003350813936784635,-0.00013126218036601793,-0.00024736018579280217,-0.0010076637739458414,0.000660056742822396,-0.001324023714812347,0.033265197891062505
1781507077.2071025,-0.04866303922764021,0.7837990934894884,0.3821085042478027,-0.04802683937929438,0.017813324276897413,-0.0665318134591528,-0.048686662726171503,0.7837759690204626,0.3821197914683563,-0.04777548606234216,0.017716040274429856,-0.0663214962297193,-4.63108395113369e-06,4.394277969753933e-05,3.488693345957976e-05,-0.0014216200142581127,0.0007701705075261397,-0.001230569338544129,0.00026325858928190235,-0.0001083924477422367,-0.00043018272811504757,-0.001371344957437809,0.0006026893382898569,-0.0014675650689493888,0.03493153444105258
1781507077.217104,-0.048661326409108224,0.7838001315478572,0.38211004003440013,-0.04807273146331121,0.017818626539008564,-0.0665463673984984,-0.048686662726171503,0.7837759690204626,0.3821197914683563,-0.04777548606234216,0.017716040274429856,-0.0663214962297193,2.4913538440334843e-06,2.6789703382533835e-05,4.358287834242202e-05,-0.001764596177471724,0.0007515372118217077,-0.0012521261251872938,0.0003688623075038302,-9.04778435097184e-05,-0.00013214265993552438,-0.0009925683623324218,0.0014058206537007072,-0.002480304326303533,0.0363434609885379
1781507077.2271097,-0.048659926896584965,0.7838008386386227,0.3821113427684304,-0.04810968944555485,0.01782245153737816,-0.0665574270741129,-0.048686662726171503,0.7837759690204626,0.3821197914683563,-0.04777548606234216,0.017716040274429856,-0.0663214962297193,8.177487703519154e-06,1.2680221490821317e-05,5.001151010866429e-05,-0.0019732746274415875,0.0007170028276865035,-0.0012340048788673896,0.00030673154719019043,-0.00021658005196513588,-0.00032715799294037344,-0.001383004331167042,-3.311529101160233e-05,-0.0019638080453886855,0.037479101130435406
1781507077.2371082,-0.048658795223926805,0.7838012662175141,0.38211244214628254,-0.04813894174477917,0.0178250651772609,-0.0665655657887843,-0.048673810390659544,0.7837694124265966,0.38210885464358013,-0.04782704587019011,0.017744067465256252,-0.06640277100904553,1.2638546235070483e-05,1.192836951041766e-06,5.4538546484622175e-05,-0.002075616296004712,0.0006714999652858167,-0.0011866499833614644,0.0003435604000434576,-0.00014790906485923321,-0.00044980041883113127,-0.0013591198513923564,-0.0008926814030069397,-0.0016966415435163995,0.03539759036246785
1781507077.247105,-0.04865789096722326,0.7838014625321674,0.38211336440165816,-0.048161619708038936,0.017826699788070055,-0.06657129308322508,-0.048673810390659544,0.7837694124265966,0.38210885464358013,-0.04782704587019011,0.017744067465256252,-0.06640277100904553,1.605962104234996e-05,-8.04404140526911e-06,5.748167098692983e-05,-0.002095482079094679,0.0006190246070405262,-0.0011186873342287874,-1.1950325734185399e-05,-1.1253256533089966e-05,1.5427096120611677e-05,-0.0008811881362726664,0.0015960712400049464,-0.0016366421943638176,0.03606903419233343
1781507077.2570965,-0.04865992760949879,0.7838027104558739,0.3821151529312796,-0.048241723736866915,0.01786627515613426,-0.06661909377178402,-0.048673810390659544,0.7837694124265966,0.38210885464358013,-0.04782704587019011,0.017744067465256252,-0.06640277100904553,-1.9917110513545285e-05,-3.5004679679217556e-05,6.740532585885633e-05,-0.0027319048534919905,0.0010081298578123845,-0.0014968933624770313,0.00010089396042037153,-0.00012164525895977312,-0.00018573492575403965,-0.0009555415208216667,0.0009341539693187792,-0.0014501684591511684,0.03662183494113932
1781507077.2670994,-0.04866179971786601,0.7838035305794253,0.38211666523289267,-0.04830656600006618,0.017898700368796483,-0.06665788286413041,-0.048673810390659544,0.7837694124265966,0.38210885464358013,-0.04782704587019011,0.017744067465256252,-0.06640277100904553,-4.8545894707989523e-05,-5.620441142568335e-05,7.451767564479524e-05,-0.003133975923269882,0.0012720782635324238,-0.001739294681018505,0.00014808704121270594,-0.00015419720997002792,-0.0002811381249958269,-0.0013342134589025782,0.0006921354081749388,-0.0010015461138864763,0.03700418785497869
1781507077.2770994,-0.04866352384641609,0.7838039876485334,0.38211793737094313,-0.04835819782631973,0.017924881432035855,-0.06668885750306072,-0.048673810390659544,0.7837694124265966,0.38210885464358013,-0.04782704587019011,0.017744067465256252,-0.06640277100904553,-7.091318827010467e-05,-7.251081995094534e-05,7.92830644906912e-05,-0.0033494492399047037,0.0014350258275742564,-0.0018733073480980355,2.3224555627145998e-05,-0.00012339812062421617,-0.00016782556080513047,-0.0017422920612263947,0.0006984312182777371,-0.0006774214021540764,0.03719885617602693
1781507077.2871084,-0.04866511143261982,0.7838041440410584,0.38211900094702483,-0.04839851791815749,0.017945667891138717,-0.06671312873074288,-0.04866954870311424,0.7837608173978514,0.38209470873418094,-0.04790391245420875,0.017766979162724628,-0.06646539145802917,-8.797050893743333e-05,-8.468238121473488e-05,8.21039937886637e-05,-0.003419212956440495,0.001517836511502659,-0.0019224400800890618,6.244944048020217e-05,-0.00025484853812836745,-0.0007488844986446088,-0.00348038723825438,0.00022569871628087538,-0.0004708788644092376,0.049869820391447425
1781507077.2971027,-0.048666685879414286,0.7837960918496374,0.3821147888234842,-0.0483497633654274,0.017926529592902085,-0.0666704081493848,-0.04866954870311424,0.7837608173978514,0.38209470873418094,-0.04790391245420875,0.017766979162724628,-0.06646539145802917,-8.112303615270252e-05,-0.00010935363294829493,4.85103677408573e-05,-0.0025220465011121206,0.0011208933318454404,-0.0012569076987733433,9.35533695812842e-05,-0.0005260559950831004,-0.0007964344873811043,-0.0045825017821932304,0.0005326361822691401,-0.000701398021075532,0.04069020391648274
1781507077.307108,-0.048669947296574124,0.7837891768343299,0.38211132135067477,-0.04830216125306211,0.017930339196557288,-0.06670781855670857,-0.04866954870311424,0.7837608173978514,0.38209470873418094,-0.04790391245420875,0.017766979162724628,-0.06646539145802917,-9.799505897332148e-05,-0.00012417032211757624,2.2077554700178377e-05,-0.0017197157804865843,0.001059800422612494,-0.001525546348956665,0.00011847341599350646,-0.00032385174947530864,-0.0005735337072695756,-0.003286730951495578,0.0008224725829412661,-0.0016194959496388334,0.032869370862479264
1781507077.3170736,-0.04867277214078687,0.7837832625922682,0.3821083384150479,-0.04826051862116206,0.01793264108531889,-0.066737837252733,-0.04866954870311424,0.7837608173978514,0.38209470873418094,-0.04790391245420875,0.017766979162724628,-0.06646539145802917,-0.00011029776902372342,-0.00013449139833175098,5.782570110266003e-07,-0.001071481865617686,0.000985022268980532,-0.0016850670243633366,0.00020385230526273233,-0.0004659075738611859,-0.0008077964825812655,-0.00335986206504301,0.0013517930650832912,-0.0022487962923185144,0.02645648320108242
1781507077.327104,-0.048675206073185165,0.7837782477323212,0.38210578118592353,-0.04822448107696434,0.017933749853960235,-0.06676149601868046,-0.04866954870311424,0.7837608173978514,0.38209470873418094,-0.04790391245420875,0.017766979162724628,-0.06646539145802917,-0.00011877646962866226,-0.00014107273864605104,-1.6688129074953003e-05,-0.0005564517441090702,0.0009020355240716536,-0.0017584634869595235,0.0003765980113248136,-0.00013955659352883588,-0.0003050135740470492,-0.0027628190749451327,0.0008825649027074529,-0.002296378592600449,0.021410781943670437
1781507077.3371046,-0.04867729082848415,0.7837740348152282,0.3821035972598451,-0.04819362967210905,0.017933933970120552,-0.0667797419890602,-0.04866280401059431,0.7837418045729907,0.3820615814831393,-0.048086450341315395,0.017801604996780185,-0.06654323987835034,-0.00012407792437019245,-0.00014456852711822334,-3.033766472552579e-05,-0.0001553247504002467,0.0008151687469194026,-0.001765321461683887,0.0003331176303419276,-0.0002671650892450606,-0.00022298883212569257,-0.0023482964765704465,0.0018322175373885168,-0.0024929851218393165,0.054899744074597745
1781507077.3470998,-0.048679064553260105,0.7837705315258973,0.3821017400247451,-0.048167508552292994,0.01793341997698472,-0.06679343295719521,-0.04866280401059431,0.7837418045729907,0.3820615814831393,-0.048086450341315395,0.017801604996780185,-0.06654323987835034,-0.00012676159661915927,-0.0001455430222214718,-4.09107364739401e-05,0.00014947835533601325,0.0007277716845589678,-0.0017221370761590078,0.00019293046344635867,-7.88365908335307e-05,-0.00011402793027814558,-0.0022428543806923868,0.001088380191626946,-0.0021926928807263855,0.051984146958369226
1781507077.3571112,-0.04867737073136922,0.7837653856362143,0.3821017161898884,-0.0481431012831445,0.017886628901092827,-0.06667658470408594,-0.04866280401059431,0.7837418045729907,0.3820615814831393,-0.048086450341315395,0.017801604996780185,-0.06654323987835034,-8.272172204639434e-05,-0.00016051961205700883,-3.937253852546843e-05,0.00037676980161548655,7.670055069999284e-05,-0.0002847645109564144,0.00022780469313440617,-8.188216552630154e-05,-0.000116075671102839,-0.002265836853353321,0.0008310679361639489,-0.0022044916127885736,0.048775512121660855
1781507077.367104,-0.0486758099269393,0.7837611073254382,0.3821017137088925,-0.048122918073652536,0.017847213770187054,-0.06657804129922387,-0.04866280401059431,0.7837418045729907,0.3820615814831393,-0.048086450341315395,0.017801604996780185,-0.06654323987835034,-4.6319524888311975e-05,-0.00017050846982144522,-3.763882446842217e-05,0.0005367586390830979,-0.0004132221997753463,0.0008000057667872683,-0.00011009498881430861,-3.723641468373692e-05,0.00023400957936176763,-0.0012887620553292296,0.002085943637916758,-0.0020963367308679906,0.0463933794407303
1781507077.3771012,-0.04867436044682558,0.7837575833092402,0.3821017279593952,-0.048106451471780984,0.01781440449534788,-0.06649591031663715,-0.04866280401059431,0.7837418045729907,0.3820615814831393,-0.048086450341315395,0.017801604996780185,-0.06654323987835034,-1.650990290590193e-05,-0.0001763667412171669,-3.577012324594533e-05,0.0006419405127440075,-0.0007689919793407739,0.0015908897407426704,-0.0002496734444085467,-4.248755088598118e-05,-2.12381800028591e-05,-0.0008750957682942582,0.0022558674772958105,-0.0015660242958185524,0.044657130357451724
1781507077.3871026,-0.04867300810019552,0.7837547115603969,0.3821017551772899,-0.04809321968802318,0.017787443166221495,-0.06642832461197935,-0.04865972887220438,0.7837397540926355,0.3820598011596766,-0.04817119160582232,0.017878241469554634,-0.06664986322878814,7.629658541313235e-06,-0.00017883485852501714,-3.381673629304437e-05,0.00070317821976098,-0.0010145075257991744,0.002139925839598972,-0.0001339075750733233,7.929104503915152e-05,0.00017013428581251537,-0.00014305337597363404,0.0008900456094391223,-0.0006490448199160926,0.04647798760457584
1781507077.3971155,-0.04867174402687448,0.7837524007067243,0.3821017923029178,-0.04808277333337326,0.017765601753917393,-0.06637348708780416,-0.04865972887220438,0.7837397540926355,0.3820598011596766,-0.04817119160582232,0.017878241469554634,-0.06664986322878814,2.6911574863690433e-05,-0.00017855017759594395,-3.1820117305429954e-05,0.0007298137707023643,-0.001170693205222321,0.0024927247760370055,-0.00021949081840687547,0.0001715116674138779,0.0003386718993047703,0.0006428574326036577,7.444123846398399e-06,0.00018520863628358763,0.04547039586764088
1781507077.4070976,-0.04867259135618045,0.7837629172338839,0.3821108880389201,-0.04804757821800126,0.01774476414076398,-0.06635171462245061,-0.04865972887220438,0.7837397540926355,0.3820598011596766,-0.04817119160582232,0.017878241469554634,-0.06664986322878814,3.095674822016416e-05,-8.403000535852323e-05,2.7700926344363585e-05,0.0010301445439732672,-0.0012815328657574652,0.0024470407010285422,-6.102573324526045e-05,0.00018126965967254927,0.00032286321056441503,0.0006376998501977456,0.00022097633442732956,9.331071845864217e-05,0.05754862150714181
1781507077.417115,-0.048673216388858305,0.7837720887315085,0.38211866849581155,-0.04801896322054041,0.01772830446988083,-0.06633570390877541,-0.04865972887220438,0.7837397540926355,0.3820598011596766,-0.04817119160582232,0.017878241469554634,-0.06664986322878814,3.381185135546017e-05,-7.087003226979578e-06,7.513182333194579e-05,0.00122697310517946,-0.0013295051461114683,0.0023458279870892836,-5.257225811757606e-05,3.853958897958889e-05,6.76183946941806e-05,0.0002889337725395517,6.133439045426833e-05,0.00018968357066307355,0.06850405272802121
1781507077.427099,-0.048673654424116544,0.7837800693071381,0.38212529427881337,-0.04799606159031353,0.01771557586521233,-0.06632444835074361,-0.04865972887220438,0.7837397540926355,0.3820598011596766,-0.04817119160582232,0.017878241469554634,-0.06664986322878814,3.567542101189837e-05,5.4770572684045794e-05,0.00011225607754456128,0.0013408635457091722,-0.0013290591646001007,0.002205780269825022,-0.0001393886376749932,3.009153700098389e-05,4.591809343076363e-05,0.0003076291975148009,-0.0010918335412397435,0.0011749532926654163,0.07815744475550089
1781507077.4371057,-0.04867393785853387,0.783786995162335,0.3821309090960106,-0.04797806756300058,0.017705991430945422,-0.06631706363134088,-0.04866413757889693,0.7837429657445194,0.38206546093410604,-0.048156103336983294,0.017878011083117595,-0.06663923970818808,3.671940089194648e-05,0.00010373417513604355,0.00014063603364925024,0.001389494006389228,-0.0012923466793791198,0.0020404684802026894,-0.00026003508416138407,0.00010554757798747114,0.00017292734793786937,0.000685341435854722,-0.0008056558798363565,0.0015223028315454288,0.07948645803422216
1781507077.447103,-0.04867537516190242,0.7837898201903948,0.3821309137098805,-0.047968745306757155,0.01772681267888232,-0.0663640434213038,-0.04866413757889693,0.7837429657445194,0.38206546093410604,-0.048156103336983294,0.017878011083117595,-0.06663923970818808,1.472449649863498e-05,0.00012064517408429115,0.00013159380319204182,0.0013486590761862798,-0.0008996290615305625,0.0013163978951737938,-0.00013220213943788912,0.00015997523434070404,0.00023770634762570095,0.0008217176398771194,-0.0032703022984999046,0.0029669718792322735,0.08127538512167497
1781507077.4571044,-0.048676577962043784,0.7837922769044936,0.3821308396450176,-0.047962165776914,0.017745092281594044,-0.06640480476067132,-0.04866413757889693,0.7837429657445194,0.38206546093410604,-0.048156103336983294,0.017878011083117595,-0.06663923970818808,-3.118996561634009e-06,0.0001326921731668032,0.00012266751623942428,0.0012811458707864263,-0.0005807572305386057,0.0007378411238892165,7.213953505679003e-07,0.00022768777142704574,0.00013917410143574996,0.0010132927414220447,-0.003238977053225399,0.003064054013269098,0.08282952053041438
1781507077.467107,-0.04867758797955085,0.7837944042553623,0.3821307037088253,-0.04795782128027076,0.01776096711924402,-0.06643979108674408,-0.04866413757889693,0.7837429657445194,0.38206546093410604,-0.048156103336983294,0.017878011083117595,-0.06663923970818808,-1.7403752883916292e-05,0.00014068183603277491,0.00011394741073867999,0.0011954916853783722,-0.0003259430669471118,0.000284150055823981,-0.00036323105016275144,0.0003765274003718502,0.00029866401328522364,0.0011745584378109232,-0.0003482421482366688,0.003016663933642082,0.0841632540278227
1781507077.4771082,-0.04867843894938904,0.7837962370450915,0.3821305201600601,-0.047955270249934345,0.01777460558709687,-0.06646949272701298,-0.04866413757889693,0.7837429657445194,0.38206546093410604,-0.048156103336983294,0.017878011083117595,-0.06663923970818808,-2.8650648529206667e-05,0.00014531314117252294,0.00010550331476285967,0.0010985897620982353,-0.00012609944918789067,-6.356426868315396e-05,-2.0233503340327637e-06,0.00014365272361394491,0.00017954855075588737,0.0007724603547341819,-0.0023243975869066953,0.0025066153921555704,0.08529398304884578
1781507077.4871027,-0.04867915808688508,0.7837978065521126,0.382130301026148,-0.047954132755038244,0.017786195083260736,-0.06649442172041278,-0.048673651165798304,0.7837513136930122,0.3820770252953727,-0.04810389567394841,0.017785601794995998,-0.06650367946179635,-3.731632159438369e-05,0.00014718976355454385,9.738778709342614e-05,0.000995912830979574,2.7086825532727957e-05,-0.00032235566571655634,-0.00037851396957297705,0.00021905555880338202,0.0003551737581662007,0.0008557669450120345,-0.0005110575501490208,0.0019386353188877465,0.07092401297746885
1781507077.497109,-0.048679767318831536,0.7837991410263023,0.3821300563879929,-0.047954085447079506,0.017795932112612434,-0.06651509235801463,-0.048673651165798304,0.7837513136930122,0.3820770252953727,-0.04810389567394841,0.017785601794995998,-0.06650367946179635,-4.380005559501255e-05,0.0001468312218640039,8.963885721487291e-05,0.0008917194829195967,0.0001411215747073604,-0.0005074361092386435,2.186267473447819e-05,9.886961644485323e-05,0.00038567410710991097,0.0010093409020884615,-0.0009181369145936833,0.0011062085307441912,0.07167396962681037
1781507077.507105,-0.04867758631750774,0.7838010247576759,0.3821319784163093,-0.047957719543148106,0.01777002681829143,-0.0664743898632103,-0.048673651165798304,0.7837513136930122,0.3820770252953727,-0.04810389567394841,0.017785601794995998,-0.06650367946179635,-1.4176675569496128e-05,0.00014661592793655673,9.609498684730936e-05,0.0007467955295576829,-0.0001780646584507854,-2.1825182485837858e-05,-9.006257910292508e-05,0.00022603545066086702,0.00040429415518112866,0.0008820455083163111,-0.0010721943070602677,0.0008950947076342346,0.07420593554188605
1781507077.5171092,-0.04867565890375034,0.7838026011367412,0.3821335713565253,-0.047961462418013724,0.01774840273076883,-0.06644014314174601,-0.048673651165798304,0.7837513136930122,0.3820770252953727,-0.04810389567394841,0.017785601794995998,-0.06650367946179635,9.7838114754153e-06,0.00014458532307548303,0.00010006017333004963,0.0006177674490119344,-0.0004123446134618687,0.0003426250158580481,0.0002416180538429638,9.238844816687312e-05,0.00015821044036641425,0.0006482573123732677,-0.0003555704563412913,-0.00026942973699993267,0.07636681169075672
1781507077.527104,-0.048673952821230805,0.7838039057652383,0.38213488003737595,-0.047965184187030954,0.01773057828870872,-0.06641167095480635,-0.048673651165798304,0.7837513136930122,0.3820770252953727,-0.04810389567394841,0.017785601794995998,-0.06650367946179635,2.8894676370383676e-05,0.0001411231651587335,0.00010197545458891638,0.0005041813691596111,-0.0005765946313247675,0.0006063173471838718,-0.00012981247843056796,0.0001036869305853369,0.00022098499046444594,0.0007457368767943061,-4.604224081376508e-05,1.3141394783803564e-05,0.0781868801609108
1781507077.5371141,-0.04867244167397222,0.783804971404346,0.38213594405906975,-0.04796878814295474,0.017716088669322172,-0.06638830480786899,-0.048675261217433374,0.7837583938802434,0.38208726116212144,-0.048069240656825635,0.017764343561237128,-0.06647492055744327,4.3870240740784965e-05,0.00013655566393868952,0.00010222085841055966,0.0004052745513662521,-0.0006838778753353061,0.0007872970631409143,4.6011560907481205e-05,0.00023202853861712042,0.00039268250279670807,0.0008563647427316011,0.0002492720308618246,-0.00048441378357257184,0.06743470940207169
1781507077.5471036,-0.048671103647103864,0.7838058280526008,0.3821367983166633,-0.04797220508056364,0.017704494315915698,-0.06636940405310865,-0.048675261217433374,0.7837583938802434,0.38208726116212144,-0.048069240656825635,0.017764343561237128,-0.06647492055744327,5.5336341266219575e-05,0.00013115869766853366,0.00010112261994207697,0.0003200737065205578,-0.0007455414030469421,0.0009013489749941856,-0.00010211887889818329,0.00022198030581041878,0.00013255475344350141,0.00032002168452731236,-0.00035101117905246554,-2.30805518545957e-05,0.06871110374883407
1781507077.5570972,-0.04867234842796336,0.7838009312404617,0.3821352554363911,-0.048011556070763906,0.017710800028101437,-0.06643981611573496,-0.048675261217433374,0.7837583938802434,0.38208726116212144,-0.048069240656825635,0.017764343561237128,-0.06647492055744327,3.812650141773472e-05,7.388150666846728e-05,8.564464894029964e-05,-0.00013085660877460245,-0.0005585182322888371,3.8566270233398995e-05,-1.338791320859985e-05,0.00018491498685919365,0.00026566265410540315,0.00036293292376619174,2.6816795036315345e-05,-2.4413995547339406e-05,0.06419783266988022
1781507077.5671048,-0.0486734154482584,0.7837966329294012,0.38213388671896414,-0.04804453516743346,0.017716612151404076,-0.06649909895307343,-0.048675261217433374,0.7837583938802434,0.38208726116212144,-0.048069240656825635,0.017764343561237128,-0.06647492055744327,2.382780254303084e-05,2.6964761776235504e-05,7.213414470183855e-05,-0.00046514327426458614,-0.0004030994605120433,-0.0006089421725394681,-4.735535797339148e-05,3.7148111581761725e-05,2.1942891738413526e-05,6.536229993921047e-05,4.95977132705942e-05,0.00016100002086189827,0.06032888441891738
1781507077.5771005,-0.04867433217966798,0.7837928598555035,0.3821326757573383,-0.04807183721916097,0.0177218957646621,-0.06654842030980582,-0.048675261217433374,0.7837583938802434,0.38208726116212144,-0.048069240656825635,0.017764343561237128,-0.06647492055744327,1.2047268518445943e-05,-1.1040412337020128e-05,6.037426176619037e-05,-0.0007028820263673059,-0.0002756151506570862,-0.0010774291013591147,0.00019424439234974402,0.00027594393564838875,0.00021921124327390335,0.0005640112441550686,-0.0006337221041918899,0.00011126947078166789,0.057019751143891066
1781507077.5871067,-0.04867512136820978,0.7837895497189881,0.3821316072029737,-0.04809413825811554,0.017726639084249873,-0.06658892780443275,-0.04867682033491494,0.783766197758438,0.38209440117780136,-0.04805401354852851,0.017755717322909703,-0.06647046424128855,2.4375209568026604e-06,-4.141005253696507e-05,5.0168740270076085e-05,-0.0008617728103374505,-0.00017255087024876643,-0.0013989577128285554,-1.959013675858572e-05,2.876682721132473e-05,2.9449994320021754e-06,8.027704549654511e-05,-0.0005254982288030906,0.00045094251719392513,0.043960082558144764
1781507077.5971017,-0.04867580185249679,0.7837866491945228,0.3821306667846559,-0.048112081713618485,0.01773084799446001,-0.06662172256527352,-0.04867682033491494,0.783766197758438,0.38209440117780136,-0.04805401354852851,0.017755717322909703,-0.06647046424128855,-5.307812253522233e-06,-6.526527692856272e-05,4.1340332726706214e-05,-0.0009572359624258605,-9.060490845218693e-05,-0.0016015744736878966,-4.297886461764144e-05,0.00014449553077210773,0.00018664919443989736,9.508778326557913e-06,0.00010071271603082081,0.0001888023536257557,0.04164724222434741
1781507077.6071014,-0.048674174214838904,0.7837876546605906,0.3821268368001507,-0.04805503125964126,0.017766087425031607,-0.06661405324281149,-0.04867682033491494,0.783766197758438,0.38209440117780136,-0.04805401354852851,0.017755717322909703,-0.06647046424128855,-8.954530604484969e-06,-2.711090362694557e-05,1.309224116328856e-05,-0.00023140091685276676,0.00029953293916123416,-0.0013246209177223956,0.00012185697198232318,0.00018363679509600416,0.00024893057698256607,0.00028569905843760566,-4.3194471567070576e-05,-0.0001661568062737687,0.038980382227885274
1781507077.6171079,-0.04867283157107552,0.7837885900952514,0.3821235421455976,-0.04800681248478762,0.017795510576111617,-0.06660637271288719,-0.04867682033491494,0.783766197758438,0.38209440117780136,-0.04805401354852851,0.017755717322909703,-0.06647046424128855,-1.1768555196460088e-05,3.861925586661632e-06,-9.75046034226077e-06,0.0003187744878760491,0.0005836543232727749,-0.0010808493764291865,-2.9164905434600065e-05,0.00010323708100446696,0.00017806667676961474,3.627667129410913e-05,0.00041349075500171005,-0.0001425919212417604,0.03696651172383778
1781507077.6271002,-0.0486717419932775,0.7837894749452972,0.38212071838474304,-0.047966530823007364,0.017819770313200367,-0.06659889435397054,-0.04867682033491494,0.783766197758438,0.38209440117780136,-0.04805401354852851,0.017755717322909703,-0.06647046424128855,-1.3878459045604905e-05,2.867714681792162e-05,-2.796441960865447e-05,0.000722274845224925,0.0007805631478236596,-0.0008686129736365269,5.915870105282813e-05,1.1636915688312767e-06,-0.00023990904418431756,-0.0006300702052920474,-0.00015630526454950928,-0.0002068471944737382,0.0354994698984746
1781507077.6371024,-0.04867087405914292,0.7837903203141453,0.3821183079960408,-0.04793329876612276,0.017839497177548402,-0.06659177243990187,-0.04867539888695105,0.7837713616114075,0.38210164399096014,-0.04805027526999332,0.0177442634889573,-0.0664716208756423,-1.5396379042180065e-05,4.823477162770899e-05,-4.223175951787303e-05,0.0010048320827354801,0.0009067359971679993,-0.0006858144856824645,0.00022391277973076606,0.00013836578948947525,0.00027142065955764144,0.0003772269913087518,-0.0004784500887195684,-0.0007417507453663844,0.02564362574837303
1781507077.6471024,-0.04867019767015691,0.7837911314200301,0.38211625970570773,-0.0479062583800357,0.017855287711710632,-0.06658511274504181,-0.04867539888695105,0.7837713616114075,0.38210164399096014,-0.04805027526999332,0.0177442634889573,-0.0664716208756423,-1.6419836707588214e-05,6.332392421898543e-05,-5.315007768071032e-05,0.0011890366979496552,0.0009764546119088223,-0.0005300766837275251,-2.154157100144066e-05,4.0554080534147674e-05,0.00040528962998834364,0.0002675995373953076,0.0007468637815203071,-0.0009176945159743719,0.025130004112563286
1781507077.6570995,-0.048669697378979436,0.7837897796395573,0.3821207284202279,-0.047872306587517885,0.01781687986194136,-0.0665737155429484,-0.04867539888695105,0.7837713616114075,0.38210164399096014,-0.04805027526999332,0.0177442634889573,-0.0664716208756423,6.960727946258723e-06,6.503299419741986e-05,-2.2101365480164637e-05,0.0014276636853901362,0.00044508157036465444,-0.0003680146714442389,0.0002415121630163287,0.00011268470313754987,0.00023208353114933367,0.00020963868918330377,-2.2698162911794256e-05,-0.0011647296771392125,0.027128331953028238
1781507077.667102,-0.0486692453450347,0.7837887186026469,0.38212456728390454,-0.04784505499872005,0.017784183277601118,-0.0665637730215918,-0.04867539888695105,0.7837713616114075,0.38210164399096014,-0.04805027526999332,0.0177442634889573,-0.0664716208756423,2.5641818049936893e-05,6.558095562281136e-05,3.1037538359580766e-06,0.0015673802091105613,3.475987658056658e-05,-0.00023651029898316608,2.7831825272383107e-05,-5.9248359239857425e-05,-5.751116553485631e-05,-0.0001695957344691584,0.0013172801511459468,-0.001497543288521291,0.02940422728818615
1781507077.6771042,-0.048668824703746366,0.7837879065181292,0.3821278515480166,-0.0478235695545786,0.017756660976648853,-0.06655519243545147,-0.04867539888695105,0.7837713616114075,0.38210164399096014,-0.04805027526999332,0.0177442634889573,-0.0664716208756423,4.031358777404087e-05,6.518986704712732e-05,2.329841921597112e-05,0.0016291619396713568,-0.00027363082550766236,-0.00013150217487133505,-0.00011262941544711646,3.614581122308361e-05,-0.000150537971148463,-0.0001360201433658544,0.0008210716405656866,-0.0006816244862628891,0.03168264304170232
1781507077.6871064,-0.048668425153642274,0.783787304417627,0.38213064882092973,-0.04780699256567028,0.017733768977555853,-0.06654786704999324,-0.04867221793184656,0.783770705446843,0.3821003932720261,-0.04805826579940902,0.017774527253208383,-0.06652025046283665,5.158087651795701e-05,6.404988983092513e-05,3.9214939778820445e-05,0.0016308585523103479,-0.0004972068240553128,-4.922175800792449e-05,-3.211794832332581e-06,9.875074594624707e-05,-0.00010718490134484834,0.000301971168283346,0.0011462031928733208,-0.0007143259973084095,0.03471756381219983
1781507077.697111,-0.04866804113951227,0.7837868766647828,0.3821330196802757,-0.04779454704234099,0.01771497294384483,-0.06654168256689935,-0.04867221793184656,0.783770705446843,0.3821003932720261,-0.04805826579940902,0.017774527253208383,-0.06652025046283665,5.9972371343928664e-05,6.232316958874259e-05,5.149540206325177e-05,0.0015874889184020586,-0.0006511143264399547,1.3776863529239486e-05,5.0658747195139686e-05,0.00011247986730267703,-4.008594955454528e-05,0.00042307322193577026,-3.3263120468721577e-05,-0.00022631566765563,0.03665291801652881
1781507077.7071073,-0.04867098874662341,0.7837879460890061,0.3821315936989421,-0.047814898221873854,0.017732694019763517,-0.06653022758274627,-0.04867221793184656,0.783770705446843,0.3821003932720261,-0.04805826579940902,0.017774527253208383,-0.06652025046283665,2.858362927055114e-05,5.6178676476820005e-05,3.962471805680565e-05,0.001189791565089207,-0.0003927651166411375,0.00014640898859890461,-7.056593931425295e-05,0.00018156409808617305,4.341744679858197e-05,0.0008950463305068017,0.0003763816339869114,-3.0232090342358487e-05,0.0356681549600101
1781507077.7171047,-0.04867352443796938,0.7837888862222934,0.38213034580120797,-0.047833110345176434,0.017747953075427647,-0.06652074482642446,-0.04867221793184656,0.783770705446843,0.3821003932720261,-0.04805826579940902,0.017774527253208383,-0.06652025046283665,3.023406237393867e-06,5.053420149773872e-05,2.9593166223065144e-05,0.0008592429291436063,-0.00018844095702577154,0.00024177756121079316,-6.633801349759088e-05,0.00011367457055805682,-0.00033053074395367134,0.000708981095468211,0.001156486672651185,-0.000343026442090605,0.03506282302689621
1781507077.7271087,-0.04867570462627926,0.7837896999661158,0.3821292573329219,-0.04784922126733294,0.017760949696248085,-0.06651299932062477,-0.04867221793184656,0.783770705446843,0.3821003932720261,-0.04805826579940902,0.017774527253208383,-0.06652025046283665,-1.7533964212515874e-05,4.536264888060848e-05,2.1165130268960703e-05,0.0005880544817022783,-3.018904679279779e-05,0.0003066154623441302,1.4960022562357914e-05,0.0002509055986057747,0.0004496024172184785,0.0019281090531803953,-0.0006412667680528453,0.0002711551282791743,0.034728702997204
1781507077.7371063,-0.04867757737806723,0.7837903932485875,0.3821283111694164,-0.04786331685992033,0.017771895361596624,-0.06650676745585558,-0.04867189509296088,0.7837812539290276,0.38210784938652986,-0.04799626615701117,0.01778140060389899,-0.06652610261870759,-3.3814696165734135e-05,4.063627446164081e-05,1.4131145585718828e-05,0.00036876571333077646,8.921055183286203e-05,0.00034680308340356934,0.00012140816153007778,0.0003447839703157111,0.0003665285431366518,0.002231093736126172,-0.00012987667158820122,-0.00047902763968978094,0.02311925788045485
1781507077.7471006,-0.04867918373056543,0.7837909740894575,0.38212749164865206,-0.04787551662206539,0.01778100467324495,-0.06650184026187375,-0.04867189509296088,0.7837812539290276,0.38210784938652986,-0.04799626615701117,0.01778140060389899,-0.06652610261870759,-4.6455964146032565e-05,3.632716511117032e-05,8.30539556394488e-06,0.00019436609760134748,0.00017623102508054425,0.0003674211208553154,7.711620873705062e-05,0.0002685763993593806,-5.026847614644239e-05,0.0010009914023565982,-0.0013403389760863842,0.0004083440475246186,0.02309597839863569
1781507077.7570982,-0.04867068539659064,0.7838021979957832,0.3821289882462614,-0.04794228827339126,0.017776081342121053,-0.06647317610554591,-0.04867189509296088,0.7837812539290276,0.38210784938652986,-0.04799626615701117,0.01778140060389899,-0.06652610261870759,1.199681431505824e-05,7.467257061902483e-05,1.8835325847727976e-05,-0.0005613652821160077,8.83230037276418e-05,0.0006372543067705682,2.8311338881494942e-05,0.00023066466447925108,-9.66838815211235e-05,0.0007516841321643904,-0.0013230347395326303,0.000514798907739778,0.029782019547364327
1781507077.767107,-0.04866340752220186,0.7838116666429955,0.3821302672109436,-0.04799794410954531,0.017771832922843345,-0.06644964749581092,-0.04867189509296088,0.7837812539290276,0.38210784938652986,-0.04799626615701117,0.01778140060389899,-0.06652610261870759,5.8769123734252004e-05,0.00010450905539256036,2.7049808473954658e-05,-0.001112243370575533,2.0040100815918918e-05,0.0008219873378855516,4.524757036308753e-05,0.00010489794288864583,0.00020405118892144526,0.0007976615269649967,-0.0011481799309564608,0.0004133740998480483,0.03872377667178914
1781507077.777099,-0.04865720049729334,0.7838195898596033,0.3821313560729952,-0.048043747762957244,0.0177682061152169,-0.06643061085281846,-0.04867189509296088,0.7837812539290276,0.38210784938652986,-0.04799626615701117,0.01778140060389899,-0.06652610261870759,9.557201354643987e-05,0.0001271367484866929,3.330142604904379e-05,-0.001494552726974005,-3.166958748306964e-05,0.0009379011721672226,0.00015241325795181156,7.849694497773258e-05,-0.0001705745910195005,7.985764260549341e-05,-0.0003744401018682284,1.7633104501643625e-05,0.047308974027290195
1781507077.7871027,-0.04865193085427136,0.783826161330582,0.3821322790649244,-0.048080915717514536,0.017765144055857718,-0.06641546100128759,-0.04866955882431673,0.7837902736491171,0.38211285933971184,-0.04794957797409792,0.0177444748836193,-0.06651199795875565,0.00012390539096962972,0.0001436907013116204,3.7898093916739574e-05,-0.0017400943454839127,-6.954632552186478e-05,0.000999078320930961,-6.827233248105224e-05,-2.897281227866062e-05,-9.225099713565914e-05,-0.00030317189853164446,0.00031501159969123235,0.00011895907150137765,0.044449935165063494
1781507077.7971036,-0.04864747974939555,0.783831558201854,0.3821330575194231,-0.04811059583097779,0.01776258875303971,-0.06640363810623147,-0.04866955882431673,0.7837902736491171,0.38211285933971184,-0.04794957797409792,0.0177444748836193,-0.06651199795875565,0.00014508065857132937,0.0001551590631223839,4.110796814138422e-05,-0.0018764393522511709,-9.602188773332506e-05,0.0010175686040264542,-4.819941088232184e-05,3.871740403112108e-06,2.2633038316259286e-06,1.2464578849350622e-05,5.230885221188157e-05,0.00017596364142065762,0.050988884158299455
1781507077.8071022,-0.04864498651854089,0.7838335882965398,0.3821315553999903,-0.04823483130946681,0.017760286115265256,-0.0663734126160048,-0.04866955882431673,0.7837902736491171,0.38211285933971184,-0.04794957797409792,0.0177444748836193,-0.06651199795875565,0.00014972140682468753,0.00010019245492162463,3.158350302921511e-05,-0.003033732034935988,-0.0001265311548133487,0.0012348081272503593,-8.967680808202022e-05,2.9655730561986618e-05,-0.00021619217620413254,-0.0004496280544204871,-0.00020606246571174312,0.0004489935657552696,0.05319304054505367
1781507077.8171031,-0.04864689053910571,0.7838318336688173,0.38212736453733703,-0.04829106455661307,0.017775116291845583,-0.06640785595448885,-0.04866955882431673,0.7837902736491171,0.38211285933971184,-0.04794957797409792,0.0177444748836193,-0.06651199795875565,0.00011851993262032147,5.716999097277938e-05,4.015839805704502e-06,-0.003309757401065271,6.714264437420421e-05,0.0007322953450583416,-4.2322232582153704e-05,-7.251212817998251e-05,-0.0001480280116194605,-0.0006367971285362066,-0.00021251454534655878,0.0003671127753984586,0.04951249488794552
1781507077.8270986,-0.048648632477691245,0.7838300113252381,0.38212378118773566,-0.048335334807721106,0.017787494995839204,-0.06643749501346308,-0.04866955882431673,0.7837902736491171,0.38211285933971184,-0.04794957797409792,0.0177444748836193,-0.06651199795875565,9.19704589226923e-05,2.1908310125721288e-05,-1.816562487525717e-05,-0.003425976107549722,0.00021042496305618543,0.0003357369771966251,4.449033810833674e-06,5.2745139553091424e-05,4.0476839086027924e-05,-0.0005943135494855279,0.00021275776788846586,0.0004042271472443462,0.04621992698870048
1781507077.8371084,-0.04865022660836404,0.7838281574681146,0.38212073111185074,-0.04836942973594251,0.017797698254296446,-0.06646272295802462,-0.04866955882431673,0.7837902736491171,0.38211285933971184,-0.04794957797409792,0.0177444748836193,-0.06651199795875565,6.949189512657908e-05,-6.676421104661807e-06,-3.574213229233535e-05,-0.003419276047117069,0.00031202687505753736,2.94209563796248e-05,-2.1887289540886834e-05,-4.389369473476546e-05,-8.862441892245582e-05,-0.0012496867206196922,-8.337516419523746e-05,0.0006557482501319875,0.04325370633926484
1781507077.847097,-0.04865168460173415,0.7838263053035495,0.38211814772150426,-0.04839496732039696,0.017805992389041236,-0.06648395515261685,-0.04867107190568226,0.7837895619811313,0.38210724989076006,-0.04797889538485111,0.017742393039013038,-0.06649345317866336,5.056617473301594e-05,-2.9538878873430034e-05,-4.9399191453933415e-05,-0.003320660646910155,0.00037961663821085265,-0.00020089526894398173,4.3963744769080825e-05,-0.00015716447922517877,-0.0003973190908358061,-0.0025869937360610456,2.6126648678694198e-05,0.000861488333521512,0.04294999431471792
1781507077.8571005,-0.04865301623286549,0.7838244841769278,0.38211597147610554,-0.04841339410573819,0.017812629162901716,-0.06650161221876306,-0.04867107190568226,0.7837895619811313,0.38210724989076006,-0.04797889538485111,0.017742393039013038,-0.06649345317866336,3.473238973205561e-05,-4.7517958582192124e-05,-5.973677397683108e-05,-0.0031558756655558386,0.00041987115238449277,-0.0003679633712435223,8.888605893826162e-05,-0.0003618945417559573,-0.000548774660306737,-0.003795331409828985,0.00018144327397917235,0.0008719050674546765,0.040269506218234954
1781507077.8671093,-0.048657067496891776,0.7838227257910894,0.3821153817575314,-0.048432370490564466,0.01784831762187533,-0.06657824081482548,-0.04867107190568226,0.7837895619811313,0.38210724989076006,-0.04797889538485111,0.017742393039013038,-0.06649345317866336,-1.235190354868744e-05,-6.27186066965598e-05,-5.8963828730768645e-05,-0.003003597047939236,0.0008036881172726708,-0.001144371617659999,-0.00011765077296908694,-0.00023743800781421412,-0.000750653997709021,-0.0035656230853119385,0.0003138135489401887,0.0009336861000930663,0.03690649012971981
1781507077.877106,-0.04866065181981016,0.7838210377583492,0.3821149207752699,-0.048445555976263044,0.01787764849095197,-0.06664160682673297,-0.04867107190568226,0.7837895619811313,0.38210724989076006,-0.04797889538485111,0.017742393039013038,-0.06649345317866336,-4.9993398939333954e-05,-7.412657047403025e-05,-5.759619745879879e-05,-0.0028072825176699216,0.0010692794049175544,-0.001694778632647744,0.0001875750349615695,-0.00021498922859590616,-0.0005013609093564986,-0.0030296827378414413,-3.231835600086474e-05,0.00041196563582259464,0.03403153258699104
1781507077.8871014,-0.0486638227107984,0.7838194368168814,0.38211456872500194,-0.048454041129572134,0.017901413182143777,-0.06669330101923956,-0.04867107190568226,0.7837895619811313,0.38210724989076006,-0.04797889538485111,0.017742393039013038,-0.06649345317866336,-7.957751373266492e-05,-8.234531860558709e-05,-5.576849748789518e-05,-0.0025833472090281274,0.0012390158911227652,-0.0020607856485008996,0.00016756211886043826,-0.00010024385336094953,-0.00024309852477098794,-0.0019171020456830426,0.0003660784388970134,-0.0002730483947576901,0.03160098055790281
1781507077.8971064,-0.048666625148178586,0.7838179357373026,0.3821143082281454,-0.04845877185483696,0.017920356949226557,-0.06673483483290835,-0.04867166665434941,0.7837786049908958,0.3820824894383256,-0.0481245856140548,0.017747770281313135,-0.06646387580709723,-0.00010231851892972247,-8.789971015500957e-05,-5.359462553160826e-05,-0.0023448464378339993,0.0013322837120167265,-0.0022786102881779072,-6.170981941861804e-05,-0.0001755296953900554,-0.00031813008939801315,-0.0023388033764790523,0.0001314732957950427,0.00013672843175616665,0.05084053287470775
1781507077.9071035,-0.04866484824286492,0.7838241854495218,0.3821179444169723,-0.048482600717595886,0.017933289911953976,-0.0667415876758064,-0.04867166665434941,0.7837786049908958,0.3820824894383256,-0.0481245856140548,0.017747770281313135,-0.06646387580709723,-9.120960113142941e-05,-5.2695131979178166e-05,-2.614482987907159e-05,-0.0023476789513351315,0.0013314307854812146,-0.002096635265725502,-0.0001175245439359729,-0.00030852181884904854,-0.000616499776134778,-0.0034228829428884465,0.0016437473283316603,-0.0004287265545757933,0.058147437214072034
1781507077.9171007,-0.04865960173867797,0.783812634230184,0.38211193847801705,-0.04842077767908383,0.017888734588847433,-0.06657974376717442,-0.04867166665434941,0.7837786049908958,0.3820824894383256,-0.0481245856140548,0.017747770281313135,-0.06646387580709723,-2.5519641010634083e-05,-9.779073839648737e-05,-6.481652765910492e-05,-0.0014481073404420735,0.0006146628293440493,-0.00012680543838851236,-4.6953447731307584e-05,-0.0003434543962866019,-0.0006201271423174594,-0.0032343579217027716,0.002507379378340981,-0.0018580744625968676,0.04659181532672308
1781507077.9270985,-0.04865506516351155,0.783802751908092,0.3821068222112104,-0.04836745291100134,0.01785069264007788,-0.06644347756510854,-0.04867166665434941,0.7837786049908958,0.3820824894383256,-0.0481245856140548,0.017747770281313135,-0.06646387580709723,2.75378551268115e-05,-0.00013275317257496646,-9.503983718042128e-05,-0.0007344543880730279,6.077764873431012e-05,0.0013525904522221047,0.00048713378751771705,-0.0002703487952338299,-0.0005298417033649685,-0.003020548918974115,-0.0001814374324821085,-0.002164665051124285,0.03808893467113698
1781507077.937096,-0.048651137155166634,0.7837943565066545,0.3821024836216231,-0.048321954151011696,0.01781857379323859,-0.06633010547506879,-0.04867166665434941,0.7837786049908958,0.3820824894383256,-0.0481245856140548,0.017747770281313135,-0.06646387580709723,6.978205597942198e-05,-0.0001591379585895406,-0.00011809804740629216,-0.0001796375602450877,-0.0003559010689115992,0.00242402617281679,9.702408572643108e-06,-0.00013566647511702984,-0.00019581636884735085,-0.002390102737940102,0.001328398653769656,-0.0020808350238895592,0.03270073318941272
1781507077.9471064,-0.048647733651518046,0.783787277916021,0.38209882328631445,-0.04828356368602664,0.017791773365108288,-0.06623699015532872,-0.048664663097863436,0.7837652943826721,0.3820580855715507,-0.04827704452540165,0.017785774448049407,-0.06652811139201208,0.00010281035676899141,-0.00017830251691739862,-0.00013511213734656604,0.00024098268403087046,-0.0006583680761728236,0.003160463395031463,1.3363287433862665e-05,-0.0001663385826702683,-0.0002805270055312554,-0.0020029031947651635,0.0016685269354931903,-0.0016812611035001376,0.049289383200018265
1781507077.9571142,-0.04864583067068476,0.783790749125714,0.382104875690574,-0.04828431626438312,0.017804344286510343,-0.06622701594656662,-0.048664663097863436,0.7837652943826721,0.3820580855715507,-0.04827704452540165,0.017785774448049407,-0.06652811139201208,0.00010279173843750343,-0.00014460582848913235,-8.74265217250253e-05,0.00020452313233169787,-0.0004546708514130515,0.00293080268524062,6.283665188118818e-05,5.758661731082433e-05,9.0180027597109e-05,-0.0011409989159107028,0.0014263327867350259,-0.0012042064143772883,0.056497075101167755
1781507077.9671054,-0.04864423844089806,0.7837938181428233,0.3821101152797867,-0.048285184994711496,0.017815204678375718,-0.06622133533974947,-0.048664663097863436,0.7837652943826721,0.3820580855715507,-0.04827704452540165,0.017785774448049407,-0.06652811139201208,0.0001014743164432133,-0.000115722729015361,-4.803800694294038e-05,0.00017160871699609988,-0.0002896016266142544,0.002678501556505692,3.3498072256277476e-05,9.110457002583903e-05,0.000142902741282067,-0.0010248144414901873,0.0008570673811999703,-0.0007019835863646397,0.0627523867629572
1781507077.977105,-0.04864292135975695,0.783796524578245,0.3821146361277453,-0.04828611706711633,0.01782448614258758,-0.06621902727714829,-0.048664663097863436,0.7837652943826721,0.3820580855715507,-0.04827704452540165,0.017785774448049407,-0.06652811139201208,9.913094281239137e-05,-9.106982771880515e-05,-1.5809274434563904e-05,0.0001422510466211923,-0.00015799350253452096,0.002416142922882546,-0.0001295971945984675,8.705400166185299e-06,-1.775822303384906e-05,-0.0010472277147158698,0.0010327352066658558,-6.380827980362832e-05,0.06816152651853934
1781507077.987108,-0.048641846183842416,0.7837989048854517,0.38211852283389913,-0.04828707115289123,0.017832330504260252,-0.06621930932514469,-0.048664663097863436,0.7837652943826721,0.3820580855715507,-0.04827704452540165,0.017785774448049407,-0.06652811139201208,9.599365567529607e-05,-7.012519323978113e-05,1.0263406321710862e-05,0.0001163615773448366,-5.5059161231455164e-05,0.0021534300304206977,-0.00022764158886457087,0.0002300493655959605,0.00038260806707057874,0.00011495873332470426,-4.015198683085886e-05,0.0008850484440819841,0.07282128907617459
1781507077.9970992,-0.048640982161025574,0.7838009925270571,0.3821218513233693,-0.048288015663377114,0.01783888336655637,-0.06622152433402333,-0.048664991248809186,0.7837647067987417,0.38205657636322826,-0.048343294664123945,0.017827897054547126,-0.06656721814126913,9.225878870348669e-05,-5.242284558973354e-05,3.1063806667410885e-05,9.377911906387185e-05,2.3573262368276505e-05,0.0018976428848171537,1.2060731457147364e-05,1.89852414661764e-05,0.00023859360568625,0.0001973009970361301,-8.579917250338112e-05,0.0013084734788741158,0.07844686607506506
1781507078.0071049,-0.04864272459206918,0.7837982409927359,0.3821220920417489,-0.04830759626353319,0.017837635491044557,-0.0662418356912359,-0.048664991248809186,0.7837647067987417,0.38205657636322826,-0.048343294664123945,0.017827897054547126,-0.06656721814126913,7.467666579623641e-05,-7.566258969502355e-05,3.1044495191305885e-05,-0.00012626575513040533,1.8098109440449018e-05,0.001468372595076607,5.944408296502765e-05,0.0002826321459174354,0.0004144198074277418,0.0007746979121159313,-0.004049743672892871,0.0033283851205808267,0.07689375983289708
1781507078.0171118,-0.0486442634851379,0.7837958905293138,0.3821222829713219,-0.04832397332092486,0.017836504039039802,-0.06626026544559896,-0.048664991248809186,0.7837647067987417,0.38205657636322826,-0.048343294664123945,0.017827897054547126,-0.06656721814126913,5.961598038221958e-05,-9.336011049684655e-05,3.063562718106604e-05,-0.0002876816778747852,1.3501782044228871e-05,0.001106541552657479,-1.3307411528190716e-05,0.0003387855638187221,0.00045324357535760567,0.0009818337789016857,-0.0008499307956047859,0.0032022599539849013,0.07562687079587083
1781507078.0271065,-0.04864561964866428,0.7837938870154093,0.38212243174770544,-0.04833750178809075,0.017835490794966047,-0.0662767809065178,-0.048664991248809186,0.7837647067987417,0.38205657636322826,-0.048343294664123945,0.017827897054547126,-0.06656721814126913,4.677027146984492e-05,-0.00010638423766740268,2.9919214416681248e-05,-0.00040075052223791563,9.689388393039947e-06,0.0008051447565392428,0.0001311119556688667,0.00021989758190205056,-5.6050602488329606e-05,0.00015354622567987302,-0.0001863318142902332,0.0029438690412947393,0.0745900502854196
1781507078.0371056,-0.04864681202349729,0.7837921842246243,0.38212254495559667,-0.048348525593057634,0.01783459386586217,-0.06629140997981431,-0.048664991248809186,0.7837647067987417,0.38205657636322826,-0.048343294664123945,0.017827897054547126,-0.06656721814126913,3.586545440148697e-05,-0.00011549166098414121,2.8964990657576828e-05,-0.00047449953828922664,6.5684597520099615e-06,0.00055727934595577,0.00024244713905056383,7.820725455873011e-05,0.00018078340108474385,0.00021778824412993486,-0.0006667666011017221,0.0021899554374892756,0.07373837769535821
1781507078.047101,-0.048647857828616095,0.7837907425359232,0.38212262826814913,-0.04835737098906899,0.017833808651348093,-0.06630422521005057,-0.04866373356590109,0.783774794777131,0.3820674056453048,-0.04832111466570139,0.017785071547229192,-0.06643957426731162,2.6656908302090286e-05,-0.00012133945930002196,2.7831949600525212e-05,-0.000516768829181173,4.050851736661967e-06,0.00035630794076577457,-9.491352558731025e-05,6.100908420276156e-05,-5.01754212414102e-05,-0.00016436890465134892,0.0008562440418743954,0.0020093734752050793,0.05963143565810263
1781507078.0570943,-0.048648362973727974,0.7837894866685436,0.3821240690959901,-0.048266357934298364,0.017830157994603857,-0.06635937752351732,-0.04866373356590109,0.783774794777131,0.3820674056453048,-0.04832111466570139,0.017785071547229192,-0.06643957426731162,2.4956033495495006e-05,-7.893398859133859e-05,3.32233743372909e-05,0.000543976337278271,-7.126839853766096e-06,-0.00028581696280811637,0.0001821821037050984,6.009580956816946e-05,-6.396615030626814e-05,-0.00025260881269763285,0.00031563936677479136,0.0016690446559316538,0.060521512048225735
1781507078.0670977,-0.048648799022637156,0.7837886004489467,0.38212527920070777,-0.048190302616767794,0.01782711051627439,-0.06640550386235194,-0.04866373356590109,0.783774794777131,0.3820674056453048,-0.04832111466570139,0.017785071547229192,-0.06643957426731162,2.327439858100505e-05,-4.389184140448446e-05,3.713049148285346e-05,0.0013238665910223373,-1.5306996784711187e-05,-0.0007591157890998149,-0.00022595401765884474,-0.00018089695661329595,-0.00011887190463345457,-0.0006756529513912534,1.0852649828173067e-05,0.0018519837664295016,0.06134317868980323
1781507078.0771067,-0.04864917223175344,0.7837880454009244,0.382126287754658,-0.048127536497274075,0.017824597592311475,-0.06644360468764718,-0.04866373356590109,0.783774794777131,0.3820674056453048,-0.04832111466570139,0.017785071547229192,-0.06643957426731162,2.1629516957196444e-05,-1.5204792239700734e-05,3.979653920275958e-05,0.0018719740632023724,-2.101724614150598e-05,-0.0010929634811051878,-0.00021113472567645158,-0.00013900701202107792,-0.00024984013257854643,-0.0011414447418711497,0.0002521002960623703,0.0008635636465629964,0.06208634539864855
1781507078.087097,-0.04864948902927764,0.7837877786966384,0.3821271210772555,-0.048076445627424365,0.017822553347903947,-0.06647464930292277,-0.04866373356590109,0.783774794777131,0.3820674056453048,-0.04832111466570139,0.017785071547229192,-0.06643957426731162,2.0034982208751112e-05,8.017060810466937e-06,4.143250817568361e-05,0.002231411364625754,-2.4720539981046043e-05,-0.0013131868459820004,-7.281134981751138e-05,3.3193766338096177e-05,4.065441836707568e-05,-0.0005234839380604695,0.0007041715763968984,-0.00011125058392905194,0.06274887889399039
1781507078.0971045,-0.04864975578115326,0.7837877560761687,0.382127802794671,-0.04803550114102336,0.017820915748328225,-0.06649955713226585,-0.048665516271905074,0.7837739107898772,0.3820656236058709,-0.04834801455655262,0.017798933243296178,-0.06637473866144918,1.850106895446859e-05,2.6557356689719028e-05,4.222082819760346e-05,0.0024396457293058282,-2.681869656372812e-05,-0.001442247242406433,5.193497784928216e-05,-1.8399708984361113e-07,4.1345062763231886e-05,-1.6116612952307556e-05,0.0002607586386319289,-0.0003598352044789666,0.06562268312918351
1781507078.107099,-0.04864767643532033,0.783791195816871,0.38212821607015646,-0.04800178353977911,0.01780768979454428,-0.06647943612482288,-0.048665516271905074,0.7837739107898772,0.3820656236058709,-0.04834801455655262,0.017798933243296178,-0.06637473866144918,3.8276781211842216e-05,6.199824155204369e-05,4.130010027040044e-05,0.0025374932675047957,-0.0001786496547790029,-0.0010723514984311193,-0.00014811526527312005,0.00014948373080150994,0.0002908576675857516,0.0003333165712919683,0.00029184368582087504,-0.000128641443691435,0.06734128386722278
1781507078.1170547,-0.04865197455378247,0.7837961303887346,0.38213082276157234,-0.04798831640211755,0.017788314315872356,-0.06645355742366699,-0.048665516271905074,0.7837739107898772,0.3820656236058709,-0.04834801455655262,0.017798933243296178,-0.06637473866144918,1.8170642561075133e-05,9.511893525556282e-05,5.493233316820659e-05,0.00240246882554809,-0.00038397365591153734,-0.0006832790633414153,9.843172098686528e-05,5.430437979750684e-05,0.00011342068003804489,0.0005050067314186188,0.00046978940434432817,-0.0006631974427173646,0.07019984763003333
1781507078.1270971,-0.04865560980330828,0.7838004830715217,0.3821330193749282,-0.04797918477663613,0.01777240018128401,-0.06643118129254957,-0.048665516271905074,0.7837739107898772,0.3820656236058709,-0.04834801455655262,0.017798933243296178,-0.06637473866144918,1.7997337605678708e-06,0.00012050208546250776,6.517987530937806e-05,0.002235538558556338,-0.0005273024031372756,-0.0003730550343867461,0.0001493427253410839,0.00019339213468902867,0.0003307598010423646,0.0013384735799759646,-0.000404388645492498,-0.000432883799336553,0.07311917640868201
1781507078.1370974,-0.04865866333288296,0.7838043059778251,0.38213485924472873,-0.047973551510371776,0.017759515155117978,-0.0664120419731472,-0.048665516271905074,0.7837739107898772,0.3820656236058709,-0.04834801455655262,0.017798933243296178,-0.06637473866144918,-1.1365196760698713e-05,0.00013935211319750535,7.258043181763731e-05,0.0020492714033967492,-0.0006202577026443467,-0.0001304016304907653,-6.026131339183673e-05,0.0002201427303593053,0.00045558196500105014,0.0017971297044653916,-0.0004402134818104612,-0.00012972291055899477,0.07592367161619755
1781507078.147099,-0.048661209344484646,0.7838076473259583,0.3821363897528742,-0.047970693601977685,0.017749252452751607,-0.0663958517587623,-0.048660246725605594,0.7837801539716727,0.3820769574927413,-0.048311738571616775,0.017800885191157967,-0.06639706427179291,-2.1789640954899058e-05,0.00015271867661897543,7.760173212888922e-05,0.0018536142096474482,-0.0006729260397048472,5.498092770332184e-05,-1.7204781349769865e-05,0.0002737303232828958,0.0003096467006546089,0.0018596688210279783,-0.0004506109971403547,-0.0002924533264864085,0.06549049327562999
1781507078.1570988,-0.048658465472442604,0.7838076576549298,0.382134319554557,-0.04796183367064137,0.017768292348076642,-0.06641149507265834,-0.048660246725605594,0.7837801539716727,0.3820769574927413,-0.048311738571616775,0.017800885191157967,-0.06639706427179291,-1.1668840666220788e-05,0.00014782652778724966,5.927542820278575e-05,0.0017510108007822124,-0.0003836565164726692,-0.00011161266296639668,0.0003772974262665638,0.00034047639941765963,0.0005943349234084088,0.0026364562217203345,-0.00022333439214683023,-0.0010725463509546607,0.06363985851090996
1781507078.1671128,-0.048656095306066495,0.7838077122050989,0.38213250471125165,-0.047955988251878356,0.017784663335847828,-0.06642456704471897,-0.048660246725605594,0.7837801539716727,0.3820769574927413,-0.048311738571616775,0.017800885191157967,-0.06639706427179291,-3.396277853200569e-06,0.00014202612984142053,4.381248356449951e-05,0.0016262032497118514,-0.00015641608729871805,-0.000233382196306342,0.00019138089732052257,0.00040027078663109825,0.0005186685701192329,0.002647343253012569,-0.00014864122797775527,-0.0007680500734367933,0.06214647212838573
1781507078.177103,-0.04865406277994838,0.7838077966755399,0.3821309182510412,-0.04795256146070464,0.017798586465869626,-0.06643535459542997,-0.048660246725605594,0.7837801539716727,0.3820769574927413,-0.048311738571616775,0.017800885191157967,-0.06639706427179291,3.2877477643629806e-06,0.0001355701108224473,3.084409809760593e-05,0.0014881753012744086,1.8128140922519598e-05,-0.0003182329813153655,0.00019004522535094037,0.00030383682300187307,0.000600300375852895,0.0026973736289150224,-0.0001662838271530573,-0.0007037345939148953,0.06094361079950798
1781507078.1871018,-0.04865233287587589,0.7838078987966489,0.382129535607317,-0.04795104062588132,0.01781029437555315,-0.06644413522969303,-0.048660246725605594,0.7837801539716727,0.3820769574927413,-0.048311738571616775,0.017800885191157967,-0.06639706427179291,8.611844978335204e-06,0.00012866958112402806,2.0042600372394332e-05,0.0013440200263646759,0.00014841135562662208,-0.0003730988746336386,9.250499920335837e-05,0.00046508171404675423,0.0008445857599551532,0.0027889560974531475,-0.0006372913023278059,-0.00011154679600046279,0.05997384815770362
1781507078.197058,-0.04865087214880699,0.7838080083327739,0.38212833445068606,-0.047950989457644366,0.01782002201451527,-0.06645117180260456,-0.048651534274069874,0.7837982822453409,0.382104917405543,-0.04818451377751164,0.01779744646893766,-0.0664266429519669,1.2776766462946165e-05,0.00012149964690404804,1.1117487894364141e-05,0.001199219727026837,0.00024196524766977745,-0.00040399603045818675,-0.00026102519697241875,0.0003371346802643094,0.0006462942105726242,0.0018392476732780748,0.0003840043448170024,0.00015422475261911236,0.0253651964283955
1781507078.2071178,-0.048654512300886854,0.7838037405659009,0.3821239237861389,-0.04790936198233092,0.0178209090719037,-0.06646913029967852,-0.048651534274069874,0.7837982822453409,0.382104917405543,-0.04818451377751164,0.01779744646893766,-0.0664266429519669,-1.0962619581199969e-05,0.00010580315401081242,-1.8854952256236354e-05,0.0015262430492028337,0.00023461427354974187,-0.0005552245978092841,0.0001573223382712216,0.0001973776085252153,4.4652969288598995e-05,0.00088330194314735,6.976256100478183e-05,-0.00013514968823210945,0.019997610117600935
1781507078.217101,-0.04866111242440997,0.7838063076705906,0.3821272176116213,-0.04795413503193171,0.017842518588653933,-0.0665522322075772,-0.048651534274069874,0.7837982822453409,0.382104917405543,-0.04818451377751164,0.01779744646893766,-0.0664266429519669,-6.58626989462264e-05,9.619185114395974e-05,4.696196062605828e-06,0.0008870100872941907,0.00048809564215861537,-0.0013893507458748722,-5.122119731677104e-05,0.000215225495226448,0.00013972175167552398,0.0010356047546082288,-0.0005778019462857077,0.00048255106152190504,0.02556262125663908
1781507078.2271156,-0.04866680122067996,0.7838084673368743,0.3821300414506419,-0.04799258581538552,0.01786030406383743,-0.06662083322286695,-0.048651534274069874,0.7837982822453409,0.382104917405543,-0.04818451377751164,0.01779744646893766,-0.0664266429519669,-0.00010910046146011407,8.72573068176344e-05,2.354292007105127e-05,0.000383774835037156,0.0006646540267482015,-0.001976304870251413,-0.00014321305416647236,0.00018683165812694244,0.00016222619991793498,0.0007762224396396556,-0.00013813607664053598,0.0003799559731691689,0.031113234972772595
1781507078.2371068,-0.04867169237039823,0.7838102568284971,0.3821324531111824,-0.0480252467096646,0.01787473817803864,-0.06667669122152392,-0.048651534274069874,0.7837982822453409,0.382104917405543,-0.04818451377751164,0.01779744646893766,-0.0664266429519669,-0.0001424281627565503,7.897925582688647e-05,3.837425141558697e-05,-3.7870772253453095e-06,0.0007787452734478483,-0.002361994342221738,-1.2453326341604837e-06,0.00016203289209279343,0.0003051666755348907,0.0011715640685135394,2.1353823089188607e-05,-1.3663062605073533e-05,0.036165654624374315
1781507078.2470968,-0.048675884912410934,0.7838117145733509,0.3821345039886836,-0.04805267517166066,0.017886266683937224,-0.06672147217268827,-0.048653491859803055,0.7838080628190711,0.38211411060887224,-0.04813181656650071,0.017792408481834165,-0.06641723459286503,-0.00016737803715258717,7.133311137208551e-05,4.9794205305387204e-05,-0.00029407029239613867,0.0008429101700715133,-0.002586325287280246,7.34932907305905e-05,0.00026425626738127135,0.0004939852111604698,0.0013109519402534462,-4.7304196530525144e-05,-0.0003355705608934317,0.030506950921865256
1781507078.257097,-0.04867486980517982,0.7838190153259857,0.38213692383686754,-0.048031221746395694,0.01784900368540443,-0.0666657378743063,-0.048653491859803055,0.7838080628190711,0.38211411060887224,-0.04813181656650071,0.017792408481834165,-0.06641723459286503,-0.00013093823197337853,0.00012191354970275171,6.135211423904678e-05,-3.862649274315557e-05,0.0003153436420021069,-0.001715856251207864,8.338098585488825e-05,0.00024368843860023864,0.00046483779555402403,0.0012142920467026355,0.00020975372279527442,-0.0006256441851893351,0.033127289774633424
1781507078.26711,-0.04867330694693191,0.7838128078891358,0.38212899395841554,-0.04803348192285929,0.01787339656239051,-0.06666796699941778,-0.048653491859803055,0.7838080628190711,0.38211411060887224,-0.04813181656650071,0.017792408481834165,-0.06641723459286503,-0.00012392458379038287,7.392931186196274e-05,6.717507590489914e-06,-5.865169823868281e-05,0.0005480764004564846,-0.0015400530121479688,0.000133641446804859,0.0002705572972994048,0.00021039472880532488,0.000830781832159762,0.0010567832396614352,-0.0012080010264200194,0.025232270240123183
1781507078.2770987,-0.04867196445755091,0.7838074396899101,0.38212218876860227,-0.04803530359785008,0.017893478324620293,-0.06666840506146478,-0.048653491859803055,0.7838080628190711,0.38211411060887224,-0.04813181656650071,0.017792408481834165,-0.06641723459286503,-0.00011672396502206821,3.447209453322683e-05,-3.722680546646005e-05,-7.205215230769054e-05,0.0007074526623622279,-0.001366174151461001,6.198208250476851e-05,9.70420974767969e-05,-2.48395017265732e-05,0.0005129131034311636,0.00035840610984949606,-0.0010746674225947646,0.02017131185940415
1781507078.2871058,-0.04867082026201517,0.783802813164463,0.3821163727828772,-0.048036746773991466,0.017909780229534045,-0.06666748913838219,-0.048653491859803055,0.7838080628190711,0.38211411060887224,-0.04813181656650071,0.017792408481834165,-0.06641723459286503,-0.00010946449043864662,2.360103349512438e-06,-7.203241876951215e-05,-8.012167074031754e-05,0.0008075028659900167,-0.0011984967029663731,0.00011523325708776428,-0.00013925244349986197,-0.00021710404057790803,0.00011990277152311963,0.0005046400708288223,-0.001481480244474535,0.0182469128336322
1781507078.297097,-0.04866985216611116,0.7837988406369377,0.3821114246575993,-0.04803786679631598,0.017922803792784325,-0.06666558378320814,-0.048652131580995794,0.7838138433329256,0.38212084461191986,-0.048094775181348484,0.017819497228403147,-0.0664591427082493,-0.0001022497529010024,-2.3448445951923734e-05,-9.906070680023041e-05,-8.397569516331311e-05,0.0008603634489751073,-0.0010400555528277116,0.00014362060676765347,0.0001530972488014868,0.0002895898349316807,0.000571716642958974,0.0026186916015819304,-0.002736817632055124,0.025056647084894308
1781507078.3070996,-0.04866903858655693,0.7837954434699858,0.3821072359485861,-0.04803871399740421,0.017933014518431323,-0.06666298922907675,-0.048652131580995794,0.7838138433329256,0.38212084461191986,-0.048094775181348484,0.017819497228403147,-0.0664591427082493,-9.516234711286344e-05,-4.38697408171835e-05,-0.0001195030910510422,-8.456545796008124e-05,0.0008764195335773977,-0.0008928718151618024,0.00021669035969424088,-5.961119529681679e-05,-2.96510223417133e-05,-5.376544880248719e-05,0.0012862215430829438,-0.0023930581281487316,0.02845342705160554
1781507078.3171062,-0.048663814158724276,0.7837998286732107,0.3821126672716629,-0.04810885106558102,0.017900241695069097,-0.06656583780625651,-0.048652131580995794,0.7838138433329256,0.38212084461191986,-0.048094775181348484,0.017819497228403147,-0.0664591427082493,-4.0300804447547276e-05,-4.7406061293824135e-05,-7.563500563149561e-05,-0.000860026863505316,0.00037240808487907086,0.0002466171178076191,0.00022575977347021295,0.0001394056805228014,0.00010608524279352973,0.0002255094848327945,-0.0004506230990530115,-0.002173210467699038,0.01999405419077055
1781507078.3270857,-0.048659299173013565,0.783803470935098,0.38211737466867335,-0.048167059234952785,0.01787232933985483,-0.06648433321393557,-0.048652131580995794,0.7838138433329256,0.38212084461191986,-0.048094775181348484,0.017819497228403147,-0.0664591427082493,4.251221221637306e-06,-4.964424149974744e-05,-3.9460512086137436e-05,-0.001417514570100233,-1.5427377688415035e-05,0.0010936442385690167,-0.00012979462056872184,5.9376061651517484e-05,0.0001976033336356731,0.0002710201055320634,0.0015262370340994448,-0.0017698047250695567,0.01307675487887113
1781507078.3371096,-0.04872218840586768,0.7836885198619296,0.3796046160485056,-0.04821834975538146,0.01783904951092463,-0.06661933287464028,-0.048652131580995794,0.7838138433329256,0.38212084461191986,-0.048094775181348484,0.017819497228403147,-0.0664591427082493,3.996252402904646e-05,-5.081194953248961e-05,-9.920595107419815e-06,-0.0017964215022939739,-0.00030559925883674786,0.0016983548784533162,-0.00016046016554354718,-2.358075667914348e-05,-0.000258815085125507,-0.00037217498002729604,0.000535378770997407,-0.0010121978926803347,2.520321430777324
1781507078.3470414,-0.048648056140795835,0.7848897193911187,0.37909090308541954,-0.048256825714182466,0.017819477134132677,-0.06656408795933604,-0.0486493284640524,0.7838124293507874,0.3821201493232112,-0.0480954280695475,0.017866729427919115,-0.06655677873932889,6.812423340755704e-05,-5.1105515197590264e-05,1.3918961183335833e-05,-0.0020311518155047338,-0.0005146517804598725,0.00210495392774912,-0.00025143448577065437,-7.691306887774651e-06,5.884101332802487e-05,8.303831408567816e-05,0.0007059686704081156,-0.0006964139710953384,3.2151031428211474
1781507078.3571036,-0.048645164762900935,0.7848915282803041,0.3790938735753754,-0.048287358139907165,0.01780339563850042,-0.06651957537016032,-0.0486493284640524,0.7838124293507874,0.3821201493232112,-0.0480954280695475,0.017866729427919115,-0.06655677873932889,8.986849441664974e-05,-5.069362306349073e-05,3.2880349570052264e-05,-0.0021514299809128356,-0.0006572015643797174,0.002351985338989877,-0.00022301486157721794,6.137700121662683e-05,0.0001291705987153617,-0.0001917543505700366,0.0009318862030058229,-0.00028684980902794115,3.2129140570563735
1781507078.3671143,-0.04857494251555081,0.7860883583639575,0.3785766340518794,-0.0482460207582099,0.017811198510636395,-0.06652739045269081,-0.0486493284640524,0.7838124293507874,0.3821201493232112,-0.0480954280695475,0.017866729427919115,-0.06655677873932889,7.866401839913794e-05,-4.208124376118918e-05,2.9397660748018443e-05,-0.0014637375512719464,-0.0004963500489845667,0.0020141228724058135,-0.00023612351316225285,6.600699777483475e-05,0.0001628361862684847,0.00017238177815946762,0.00030609682042878747,0.00012005005841500446,4.212111895532387
1781507078.3771024,-0.04850466026305168,0.7872854967119,0.3780594723130156,-0.048209941730556066,0.017818127664359196,-0.06653583293329199,-0.0486493284640524,0.7838124293507874,0.3821201493232112,-0.0480954280695475,0.017866729427919115,-0.06655677873932889,6.867261287823657e-05,-3.463424479164497e-05,2.622935345194468e-05,-0.0009084058711881369,-0.0003622463479525156,0.0017058415593512507,-0.00021397175524356818,0.00047519860969027366,-0.0009871120988457125,0.0001816329063476203,0.0012113480209114808,4.991394745912958e-05,5.345299202508388
1781507078.387098,-0.04850502052581584,0.7872839824510992,0.3780594968620065,-0.048178790213292064,0.017824212617720825,-0.06654451442664505,-0.0486493284640524,0.7838124293507874,0.3821201493232112,-0.0480954280695475,0.017866729427919115,-0.06655677873932889,5.9781629037026564e-05,-2.821714290412457e-05,2.3353568875071258e-05,-0.0004674486991497385,-0.00025185382412207203,0.001428163000284885,-0.0003962053392259274,0.0023546880666873242,-0.005040380646169261,0.0004621487594299802,0.0003798397636519176,0.0003790149590989969,5.344287054417085
1781507078.3971066,-0.04843464312293765,0.7884816580762884,0.37754241107681763,-0.04815218342934037,0.017829498553874057,-0.06655313738730023,-0.04866173308347238,0.7838461796214757,0.38204157650465576,-0.04809853915276407,0.017901212428834468,-0.06655924155520831,5.18866919696053e-05,-2.2708125940517475e-05,2.0749052794262693e-05,-0.00012425877560704525,-0.0001622483984610913,0.0011810149400508158,-0.0003048011858750221,0.00527784642800262,-0.010445667096530106,0.0004525668471005031,-0.0003307039560762371,0.0013307071652566029,6.463878085349564
1781507078.407096,-0.0483642211743511,0.7896795724781148,0.37702536437836737,-0.048129710169509954,0.017834041169063397,-0.06656148047568079,-0.04866173308347238,0.7838461796214757,0.38204157650465576,-0.04809853915276407,0.017901212428834468,-0.06655924155520831,4.489139137974983e-05,-1.7997900012695648e-05,1.8395305642463933e-05,0.00013628333933975758,-9.067031535780085e-05,0.0009635075186580767,-0.0002401894620102937,0.008561158801509457,-0.015531867515678416,-0.0012352313412693332,0.0008100269601862388,0.0011924014562257612,7.699309686710854
1781507078.4170973,-0.04829899188770433,0.79088306350159,0.37650519251214376,-0.04816104409075112,0.017855836779763434,-0.06664215261263522,-0.04866173308347238,0.7838461796214757,0.38204157650465576,-0.04809853915276407,0.017901212428834468,-0.06655924155520831,-8.853166466225371e-06,4.1664676250679884e-07,-4.473612730713589e-07,-0.00020489550302870357,0.00019934175222252208,-9.768008488619914e-06,-0.0007200500256066025,0.012495979789931314,-0.018605998203057934,-0.0026793016722745444,0.0012042643553443855,0.0020104157415945707,8.961074914867195
1781507078.4270961,-0.04822773045695073,0.7920949711246512,0.3759815422398584,-0.0481733583467241,0.017854409861103093,-0.06662512804628648,-0.04866173308347238,0.7838461796214757,0.38204157650465576,-0.04809853915276407,0.017901212428834468,-0.06655924155520831,-3.763280740762494e-06,7.819267887580064e-05,-4.155872342569052e-05,-0.00032028570137482444,0.0001531002373085778,0.0001761608960307279,9.658904602647418e-05,0.015714059944087814,-0.020859691087570267,-0.0019854614669246474,-0.00026609978616815065,0.0019278808194726508,10.244751574987337
1781507078.437101,-0.04815657504972151,0.7933049506177412,0.37545882435677785,-0.04818342439660735,0.01785306169451406,-0.06661096371047687,-0.04866173308347238,0.7838461796214757,0.38204157650465576,-0.04809853915276407,0.017901212428834468,-0.06655924155520831,3.704274570517129e-07,0.00013963840872865106,-7.403523000141248e-05,-0.0003979767072070549,0.00011426212124960333,0.0003106489912683181,0.000678416489131164,0.021820830545397667,-0.02671688357623922,-0.005832999239136718,4.6717534470267204e-05,0.0016850500740940328,11.53499714951187
1781507078.4471025,-0.048085505814812024,0.7945132410622139,0.3749369281853668,-0.04819153040200314,0.017851809402504637,-0.06659933016361663,-0.04866152347531805,0.7845096698367222,0.38108778255294506,-0.04824029799998988,0.017890191906504427,-0.0664772188714415,3.684163726540681e-06,0.0001871960305672556,-9.916839603021746e-05,-0.0004452943380642277,8.20342627158142e-05,0.0004029129580421672,0.001515066179948277,0.028787116578500152,-0.027590842245945758,-0.002637730109993993,-0.00032346214163005485,0.00024050953651204212,11.75739099714969
1781507078.4571023,-0.048085243085991665,0.7945211287305404,0.37493290198284657,-0.04819794592499803,0.017850663198443417,-0.06658991129242417,-0.04866152347531805,0.7845096698367222,0.38108778255294506,-0.04824029799998988,0.017890191906504427,-0.0664772188714415,6.297660142952656e-06,0.00022300204879578895,-0.00011808806268530679,-0.0004685589911769024,5.5641437814385045e-05,0.00046101432443949094,0.0021134837258316255,0.03546377270080317,-0.02956458037741257,-0.00029264584277101293,-0.0019347455942082725,-0.0002981332626712823,11.766221275409913
1781507078.4671068,-0.04800505736500739,0.7958202741124957,0.3742957239884292,-0.04839878532141078,0.01785416094925152,-0.06658516696458677,-0.04866152347531805,0.7845096698367222,0.38108778255294506,-0.04824029799998988,0.017890191906504427,-0.0664772188714415,6.040868427988068e-05,0.0007692085603124894,-0.0008617694965190174,-0.0026108953760392082,8.565707048856588e-05,0.0004642536152991167,0.002286139889288008,0.03962333130924422,-0.02844990099285107,0.0006027314923969909,0.0004259471763449058,-0.0014188536901312578,13.209571392779733
1781507078.477106,-0.047926307291973495,0.7971041919594759,0.3736757244155941,-0.048565319068547864,0.017857005242608137,-0.06658159923133794,-0.04866152347531805,0.7845096698367222,0.38108778255294506,-0.04824029799998988,0.017890191906504427,-0.0664772188714415,0.00010308212234446754,0.001197941829990068,-0.0014478574910800517,-0.004144608014126742,0.00010580579326509195,0.0004539724262033658,0.0026172880128109807,0.04270598659052614,-0.023866505031348455,0.0035628965993978667,-0.0002522314223821413,-0.0010957907014061672,14.632195193075253
1781507078.4870439,-0.04784881140227,0.7983747781764422,0.3730708497863504,-0.04870159027528064,0.017859281748647593,-0.0665790105934943,-0.04866152347531805,0.7845096698367222,0.38108778255294506,-0.04824029799998988,0.017890191906504427,-0.0664772188714415,0.00013603305759114765,0.0015269382491321737,-0.001900007373595245,-0.005180317623677057,0.00011800912310619848,0.0004338423227126667,0.002449515394882045,0.04447197600296712,-0.022978670899813126,0.001648220640573456,0.002679165631205595,-0.0019543821246910966,16.03661252166273
1781507078.497111,-0.04784308941812781,0.7984351250254454,0.37299714012977675,-0.048811456674007936,0.017861070289096448,-0.06657722630750985,-0.048545318245504954,0.7864727627559278,0.379738845475916,-0.048244496312962445,0.017863829008046173,-0.06651216834234319,0.00016076150679351342,0.0017716998836656407,-0.0022389061375523303,-0.0058145402644938365,0.00012392450698492673,0.0004068838514605937,0.0024654903948202545,0.04704772376701875,-0.02346226698159847,0.0005843727801173166,0.0008441578918443507,-0.0008916290668581764,13.749248247353067
1781507078.5071056,-0.04776762530904667,0.7996840312589362,0.37241727814365755,-0.048898531504031686,0.01786244409725324,-0.06657609345624048,-0.048545318245504954,0.7864727627559278,0.379738845475916,-0.048244496312962445,0.017863829008046173,-0.06651216834234319,0.0001785758303927583,0.0019457387161752326,-0.0024825957525931737,-0.0061305819415447965,0.00012496610601504818,0.0003755470981412043,0.002759355913852211,0.04914472600986527,-0.026235054024697536,-0.0014797724639488401,0.0016108823860636287,-0.0007434757247490955,15.124409739318496
1781507078.517101,-0.04767998658433264,0.8009395711901462,0.3718940799973291,-0.04889838728568982,0.01784945944942118,-0.06652446308793453,-0.048545318245504954,0.7864727627559278,0.379738845475916,-0.048244496312962445,0.017863829008046173,-0.06651216834234319,0.0002879741745100738,0.0021856496886672604,-0.002356678043298783,-0.005469828311073319,-5.782257333655422e-05,0.0008905018598499738,0.0028864319949414626,0.050379254051777754,-0.0285139075059796,-0.0043546442616412455,-0.00018832575183378738,0.0002478415412635853,16.479614393857343
1781507078.5270972,-0.04759498826545816,0.8021855006193253,0.37137302813067163,-0.048893258693067945,0.017838550856231095,-0.06648185725207253,-0.048545318245504954,0.7864727627559278,0.379738845475916,-0.048244496312962445,0.017863829008046173,-0.06651216834234319,0.00037214730290442797,0.002350549375576757,-0.002225733183144409,-0.0048250244229834476,-0.00019320992547334522,0.0012519606431950767,0.002720666941614628,0.051151800147172424,-0.02817748193676425,-0.002186831237526955,-0.0005498395148591501,0.0002665340236295883,17.82638937330864
1781507078.5370982,-0.04751227732678271,0.8034231422463641,0.3708537470281713,-0.04888453573750205,0.01782949644024523,-0.0664471794146414,-0.048545318245504954,0.7864727627559278,0.379738845475916,-0.048244496312962445,0.017863829008046173,-0.06651216834234319,0.00043500374634668736,0.0024531425698185155,-0.0020924118655816434,-0.004209821050432589,-0.00028937195165875534,0.0014885169596222717,0.002921460195169199,0.05440987401739936,-0.028638711993540258,-0.001981814229263059,-0.000473599747982874,0.001436312338143437,19.16579016987492
1781507078.5471003,-0.047431543969212224,0.8046536606563898,0.3703359106229365,-0.04887335832287758,0.01782207923492174,-0.06641939096220917,-0.04839998603416962,0.7889991551109428,0.3783492303395065,-0.048369875199768333,0.017853163041901876,-0.06652108647648622,0.00047995127244808764,0.0025044178245790367,-0.001958872108277238,-0.0036336360392190954,-0.0003535091584221307,0.0016250136339926245,0.0032875492058129733,0.05719919399597609,-0.0322433535302586,-0.0037899440752940856,0.0015634710793493664,0.000984427860312783,17.612913353150276
1781507078.5571027,-0.04735672648540643,0.805853303281445,0.36983117695133566,-0.04876184012088564,0.017825849564923946,-0.06644620636371747,-0.04839998603416962,0.7889991551109428,0.3783492303395065,-0.048369875199768333,0.017853163041901876,-0.06652108647648622,0.0004736008999382111,0.002394164916448483,-0.0017659571149241957,-0.0020142729982319946,-0.0002597740131410766,0.0011572680172577887,0.003025053719588262,0.060548530712187,-0.034613221893432924,-0.0053504028074448295,0.00015614318676530892,0.0012525972628344047,18.913168284638573
1781507078.5671015,-0.04728269096402154,0.8070515805165073,0.36932578406722066,-0.04866621321461113,0.01782920959374179,-0.06646983338996529,-0.04839998603416962,0.7889991551109428,0.3783492303395065,-0.048369875199768333,0.017853163041901876,-0.06652108647648622,0.000462501987096642,0.002275320341361772,-0.0015887136677995644,-0.0007458031020149587,-0.0001824342164777852,0.0007751236433210869,0.002865982265268594,0.06350405324405557,-0.03432232846152339,-0.0030697930277224523,0.0037805382612019034,0.0004248761935711832,20.21289177545058
1781507078.5771053,-0.047209330515734435,0.8082487990059066,0.3688196872803146,-0.048585110679647096,0.017832170017907156,-0.06649042475886514,-0.04839998603416962,0.7889991551109428,0.3783492303395065,-0.048369875199768333,0.017853163041901876,-0.06652108647648622,0.00044773170805841825,0.002151084488145045,-0.0014262967716879788,0.0002250329927184425,-0.00011949502428909036,0.00046757792889649623,0.0030606793057735755,0.06764782245601528,-0.0340781892997148,-0.0015565102914310818,0.0011872211859198982,0.0021664545799551537,21.512290476922544
1781507078.5871122,-0.04720718015284863,0.8082464402944483,0.3688303928463831,-0.04851711075408978,0.01783474979716293,-0.06650817799280098,-0.04839998603416962,0.7889991551109428,0.3783492303395065,-0.048369875199768333,0.017853163041901876,-0.06652108647648622,0.00043020130923721424,0.002024094855993382,-0.001277840219660853,0.0009462877531909055,-6.906787802123422e-05,0.00022434498770325094,0.00431171575841822,0.07228893268057535,-0.03596767334471639,-0.0019468715970354278,0.0007747643517696235,0.0010853704097054761,21.505558351881877
1781507078.5971057,-0.04713491787684422,0.8094422179606356,0.3683227623737146,-0.048460789506246514,0.017836973578162496,-0.06652331877509389,-0.04822610386289272,0.7922092458522386,0.37663064580420136,-0.048541063609329624,0.01787424196165044,-0.06647473397378773,0.00041067728830944535,0.0018965036516256674,-0.0011424717523168739,0.0014607969835917075,-2.9395420392517657e-05,3.595749690574857e-05,0.004364338451025605,0.07709987109798908,-0.036337946319502684,0.0009281019233424928,0.000699214915305664,0.00025791299048614764,19.162122576570038
1781507078.6071053,-0.04706307618544046,0.8106375617836171,0.3678144119344108,-0.04841476035589205,0.017838869600401708,-0.06653608771002928,-0.04822610386289272,0.7922092458522386,0.37663064580420136,-0.048541063609329624,0.01787424196165044,-0.06647473397378773,0.0003898002302475484,0.0017700462313452248,-0.0010193253039045128,0.0018063152865919624,1.1333387586927595e-06,-0.0001061793876544598,0.0051642902886297895,0.08162548215114025,-0.040100826182478976,-0.0011083925700801041,-0.001696924038651803,-8.351286312162683e-05,20.461706700372318
1781507078.6171112,-0.046983041991775575,0.8119301912283347,0.36720977859169646,-0.04850315972222891,0.017839466146599037,-0.06657591780628588,-0.04822610386289272,0.7922092458522386,0.37663064580420136,-0.048541063609329624,0.01787424196165044,-0.06647473397378773,0.00041494242586725884,0.0022269357297937864,-0.0014966116537043612,0.0006518217447432887,2.876381047858882e-05,-0.0005285197683691573,0.006163701072850732,0.08204168391038509,-0.04390979240072534,-0.006810312005019591,-0.004111176977529091,0.0007607098486727373,21.8909485490702
1781507078.6271067,-0.04690452937568621,0.8132081241845855,0.3666181970866413,-0.04857810122719569,0.0178399618630114,-0.06660893237655037,-0.04822610386289272,0.7922092458522386,0.37663064580420136,-0.048541063609329624,0.01787424196165044,-0.06647473397378773,0.0004298681636500121,0.002565496815949143,-0.0018608007321131831,-0.0002310432526933541,4.867572462543556e-05,-0.0008304982558687327,0.006190186781088088,0.08069736125935076,-0.042495618475953595,-0.005355125290291891,-0.0006268558051193897,-0.001271279638494606,23.30125704041983
1781507078.637092,-0.04682734684184662,0.8144732370916203,0.36603804915948474,-0.04864090785537466,0.017840369090730945,-0.06663593659671035,-0.04822610386289272,0.7922092458522386,0.37663064580420136,-0.048541063609329624,0.01787424196165044,-0.06647473397378773,0.0004364032791147339,0.002804777116810931,-0.0021295837120179776,-0.0008862197706501759,6.226017374354049e-05,-0.0010340276365276466,0.005392416196448028,0.07916367005321717,-0.03662872860036038,0.0012672743016248567,0.0022727581165881434,-0.0015509827652204463,24.695038586502623
1781507078.6470954,-0.0467513218820815,0.8157272051132582,0.36546788814971676,-0.04869290304000851,0.0178406993629725,-0.06665769827935548,-0.047959358085154336,0.7961976666232822,0.37462736416622094,-0.0486782329559025,0.017785834930368782,-0.0664557563852747,0.00043611982170124703,0.0029613255443097612,-0.002318371484189097,-0.0013528630652711701,7.073244773938445e-05,-0.0011582212508342406,0.005043999816324639,0.07985796400375543,-0.03748335382206025,0.0020638087680990096,0.0024191978915097125,-0.0007945478473845047,21.604588077450288
1781507078.657104,-0.04667629958943429,0.8169715192438314,0.36490642350116204,-0.048735374324314316,0.017840963310652214,-0.06667493622461407,-0.047959358085154336,0.7961976666232822,0.37462736416622094,-0.0486782329559025,0.017785834930368782,-0.0664557563852747,0.0004303661887359888,0.0030494754174854722,-0.0024405491184999292,-0.0016654715109482242,7.514290004049392e-05,-0.0012195717218977731,0.005109527510822899,0.08226196852869705,-0.03972617967977007,-5.086158885356912e-05,0.0010847475011300258,-6.63347861320206e-05,22.971632053847074
1781507078.667104,-0.04659524193156216,0.8181663484841827,0.3644329194967541,-0.048623737695570185,0.017896210027457338,-0.06668619013372841,-0.047959358085154336,0.7961976666232822,0.37462736416622094,-0.0486782329559025,0.017785834930368782,-0.0664557563852747,0.0004484204149535752,0.0028702802009693542,-0.002025418476849217,-0.00026259480349375493,0.0006750937939886449,-0.001179770771829884,0.004770439879587349,0.08546859470813069,-0.03817006702171741,0.00271111274658413,0.0023009396201372637,-0.0012507291772665948,24.25717414920318
1781507078.6771028,-0.04658682667046592,0.8181615920738272,0.3644719719723002,-0.04852958096000055,0.017942112503017027,-0.06669453820718496,-0.047959358085154336,0.7961976666232822,0.37462736416622094,-0.0486782329559025,0.017785834930368782,-0.0664557563852747,0.0004572319210802775,0.0026900577275511908,-0.0016664986343003856,0.0007957183151155462,0.0011061436552887013,-0.0011176515913719869,0.004108567052507666,0.08529616180504228,-0.037865142628319644,0.004910915437289435,-0.0004907285433296618,-1.9394756136642514e-05,24.236952248452223
1781507078.6871004,-0.046509204277652066,0.8193549603974303,0.3639888589597841,-0.048451098440585295,0.01797975672703367,-0.06670048159331873,-0.047959358085154336,0.7961976666232822,0.37462736416622094,-0.0486782329559025,0.017785834930368782,-0.0664557563852747,0.00045851196893235773,0.0025112942016020804,-0.0013572511909926903,0.0015668933961190813,0.0013988411457722743,-0.00104051152657169,0.004625128252792926,0.08747181567567987,-0.033184050923707756,0.011164310642091151,-0.003235948567697976,0.0009474457364203924,25.525301056696573
1781507078.6971006,-0.046432956501631956,0.8205479458375573,0.3635016700837948,-0.04838650821747398,0.018010182569582645,-0.06670446137676067,-0.04771102051313353,0.8004874851135797,0.37269609577986484,-0.048499944848773104,0.017832366475579287,-0.06647748393097963,0.00045372974477636855,0.002335966994896822,-0.0010917978953233778,0.002101817037354471,0.001579862811595346,-0.0009542291338539512,0.0054626005713297775,0.0902694110286649,-0.033548761426374245,0.013064267632878277,-2.441474028705621e-05,-0.0011543157573015357,22.104139792271866
1781507078.7071023,-0.046357883579078,0.8217407042000103,0.3630108069455948,-0.048334094932697434,0.018034366852307082,-0.06670686159659009,-0.04771102051313353,0.8004874851135797,0.37269609577986484,-0.048499944848773104,0.017832366475579287,-0.06647748393097963,0.0004441414870449092,0.0021656199467549896,-0.0008648649284043028,0.002445083557870676,0.0016722536464106685,-0.0008634590716975928,0.005533597570480475,0.09406612003346008,-0.04277327487405195,0.0029073811026131746,0.0009420996175494414,-0.001404314007047501,23.39519439759714
1781507078.7170973,-0.04629333962972404,0.8229302571186857,0.3625362333382994,-0.048357383532167945,0.018025844521103895,-0.06670493113265749,-0.04771102051313353,0.8004874851135797,0.37269609577986484,-0.048499944848773104,0.017832366475579287,-0.06647748393097963,0.00037858751549487877,0.00195850820586805,-0.0005285373220605666,0.0019235114545241684,0.0013957955113766108,-0.0007526452351037365,0.00563669029922038,0.0978384383993065,-0.04582426545913219,0.0003209081220611013,0.0007124419926509877,-0.0015998245104063378,24.676114750744052
1781507078.7271001,-0.04629897855671108,0.8229212758231237,0.36257313146777287,-0.04837872367192824,0.018017429362960247,-0.06670255496393403,-0.04771102051313353,0.8004874851135797,0.37269609577986484,-0.048499944848773104,0.017832366475579287,-0.06647748393097963,0.0003211654588669363,0.0017674281731374945,-0.00025184544471090303,0.0014800636209936463,0.001150447410425818,-0.0006490149706808426,0.006035051581897898,0.09591157909654019,-0.04774354502119791,-0.005211557391527031,-0.0010664001963598124,-0.0008407720690679544,24.65244885503684
1781507078.7370987,-0.04623328696214563,0.8241114774354843,0.36208749771435017,-0.04839801977124368,0.01800932488416529,-0.06669990985307056,-0.04771102051313353,0.8004874851135797,0.37269609577986484,-0.048499944848773104,0.017832366475579287,-0.06647748393097963,0.00027099908097897495,0.0015916391433352648,-2.6533496558188636e-05,0.0011072899781127755,0.0009351250173011641,-0.0005536035715941832,0.0067174336415327185,0.09247320167181512,-0.04681923513140496,-0.003857477765592283,-0.0003129398567501584,-0.001973459721901697,25.938755995397393
1781507078.7470927,-0.04616707911130825,0.8253020497640731,0.3615972967405865,-0.04841525616268309,0.01800167505122996,-0.06669713561724142,-0.04741444572206349,0.8052826814942471,0.3704449172939676,-0.048521558571977125,0.017905847993193058,-0.06655553341785975,0.00022729302613192664,0.001430352745657183,0.00015467709269962742,0.0007976739016486573,0.000748193955415617,-0.00046696182137151096,0.006826937986398184,0.09395549628277476,-0.0427477220526817,-9.632245524601455e-05,0.001586352138270834,-0.0024861255180969066,21.922851521669216
1781507078.7571008,-0.04610039339955715,0.8264930155348261,0.36110308931721985,-0.04843047748443151,0.017994575281085057,-0.06669434056054062,-0.04741444572206349,0.8052826814942471,0.3704449172939676,-0.048521558571977125,0.017905847993193058,-0.06655553341785975,0.0001893269452713366,0.0012827523341128935,0.00029818817288606393,0.0005438546547525647,0.0005876524620652512,-0.0003892623888682633,0.006554264903111091,0.0939318670492748,-0.04720432065659857,-0.006703580284722376,0.0010642110047531525,-0.0007277426286519157,23.213676002873335
1781507078.7671056,-0.04599473414112682,0.8277370053568993,0.3604766795452299,-0.04847958366733575,0.01794179847112609,-0.06669337649680152,-0.04741444572206349,0.8052826814942471,0.3704449172939676,-0.048521558571977125,0.017905847993193058,-0.06655553341785975,0.00041809607868759503,0.0014732908774650777,-0.0004067500464181377,-5.191708919836274e-05,-5.2394174612673916e-05,-0.0003641630378597162,0.005669608062071336,0.09281395381223842,-0.0480976989688845,-0.00824322588188717,0.0023440539625135762,-0.0006820988485533115,24.608494568284318
1781507078.7770967,-0.04589418843413984,0.8289736652118946,0.3598659123025547,-0.04852083259621318,0.017897472755958432,-0.06669223191732918,-0.04741444572206349,0.8052826814942471,0.3704449172939676,-0.048521558571977125,0.017905847993193058,-0.06655553341785975,0.0005964480952764632,0.001607582013232724,-0.0009675015869590382,-0.0004968866569280449,-0.0005305260542525562,-0.00033538881848174445,0.005445360152733939,0.08940496006819441,-0.04183329400403401,-0.0030759827852327097,0.004809282713406664,-0.0026557201354248223,25.99017580432394
1781507078.7871013,-0.04579811650343006,0.8302039524980735,0.35926889728334854,-0.0485550652918393,0.017860692502141173,-0.06669098381301722,-0.04741444572206349,0.8052826814942471,0.3704449172939676,-0.048521558571977125,0.017905847993193058,-0.06655553341785975,0.0007320667029062639,0.0016950176352483813,-0.0014053986414513625,-0.000816685459614294,-0.0008742527209286432,-0.00030464877179293666,0.005116791851459896,0.08551636402955663,-0.039354034214710135,-0.0006957319159089127,0.0007970039078864235,-0.0006760338819125138,27.36029407493508
1781507078.797104,-0.04570595112069491,0.8314287198023885,0.3586839402506502,-0.04858310394396539,0.017830572599613292,-0.06668969262127838,-0.047127500053209204,0.8097785868710687,0.3682442507548318,-0.048741663158516635,0.01796716784405583,-0.0666086155942471,0.0008316616516470922,0.0017437310106666478,-0.0017391228125714603,-0.0010339444542718582,-0.0011078652315662282,-0.00027327723481813547,0.004195337421592353,0.08754220969907477,-0.033190942414754315,0.008606337550802465,-0.0032378557991866027,0.0023332291730313987,23.709673010139028
1781507078.8071077,-0.04570282433998117,0.8313687259270224,0.35884581687391454,-0.048172901245193626,0.01780918011437449,-0.06659356357729485,-0.047127500053209204,0.8097785868710687,0.3682442507548318,-0.048741663158516635,0.01796716784405583,-0.0666086155942471,0.0008424174960373772,0.001374099433230299,-0.0007198432247051208,0.0035383797857331594,-0.0012718341445633738,0.0007932869061438391,0.005018359966228329,0.09364828191299147,-0.03227361138066787,0.012111024828505585,-0.0008143106965362566,0.001059904029507573,23.590132783798612
1781507078.8170989,-0.04562969107240851,0.8325161029458286,0.3584678603518637,-0.047831149074374475,0.017792287584939892,-0.06651350310248377,-0.047127500053209204,0.8097785868710687,0.3682442507548318,-0.048741663158516635,0.01796716784405583,-0.0666086155942471,0.0008403777141063576,0.0010599578915090782,0.00010752820789233948,0.006867417067887357,-0.0013598763912947701,0.0015706932780793293,0.006063782696935091,0.09992018450154401,-0.03398386868765797,0.01145950628318651,-0.0006406778969385264,0.0006245431501923674,24.79548100570295
1781507078.827092,-0.045557236007791144,0.8336711248500118,0.358070189806028,-0.04755003890258422,0.017779235696453233,-0.06644767145749227,-0.047127500053209204,0.8097785868710687,0.3682442507548318,-0.048741663158516635,0.01796716784405583,-0.0666086155942471,0.0008280917930033289,0.0007943427529947424,0.0007703572895546006,0.00917377543588474,-0.0013886195331832562,0.002110168683186022,0.007761915918919263,0.10154971551674342,-0.04130365236050286,0.0047158470147395035,-0.004058503811664281,-0.0009826411612120672,26.015968489324877
1781507078.837096,-0.045485328934641106,0.8348328653957824,0.35765509229795867,-0.047322060217208965,0.017769423835312548,-0.06639430130345608,-0.047127500053209204,0.8097785868710687,0.3682442507548318,-0.048741663158516635,0.01796716784405583,-0.0666086155942471,0.0008077362215513337,0.0005710489216649979,0.0012926974719551384,0.01065074291912951,-0.0013721451881327955,0.0024566072377501897,0.008195975793620166,0.09777297498559255,-0.043329647649058195,0.0007324915175278884,-0.0026720949571872508,-0.0014625218236682138,27.24965825843243
1781507078.847103,-0.045413864644192205,0.8360004782318344,0.35722464566476303,-0.047140131367753135,0.017762312026345706,-0.06635172780069241,-0.046803455526024995,0.8146885744807599,0.3663651101809183,-0.0483583916347467,0.017976329350765985,-0.06661894156585808,0.0007811604772078218,0.00038455885909076127,0.0016956383573242058,0.011465846640076063,-0.0013222419376588534,0.002648929613506708,0.008310702714657557,0.09491338360767002,-0.03831911490551774,0.007904352685929242,0.0002746740465327223,-0.0023581649641022514,23.230934029544084
1781507078.8570974,-0.045342758262522535,0.8371731965525923,0.35678073108541725,-0.04699768586402648,0.01775742073805997,-0.06631840837048056,-0.046803455526024995,0.8146885744807599,0.3663651101809183,-0.0483583916347467,0.017976329350765985,-0.06661894156585808,0.0007499280867281248,0.0002299768924334405,0.0019976230224571,0.011762726189934994,-0.0012486575879595509,0.002720515642769997,0.007347848974732076,0.09659891335367551,-0.03482783608035103,0.01420829814424337,-0.0016232962941746271,0.0004965310373832539,24.485754814892072
1781507078.867101,-0.045271941361467775,0.8383503309703391,0.35632504568147455,-0.04688872293611586,0.017754329071257402,-0.06629293417297859,-0.046803455526024995,0.8146885744807599,0.3663651101809183,-0.0483583916347467,0.017976329350765985,-0.06661894156585808,0.0007153532118493889,0.0001029685990011291,0.002214736292072844,0.011663191180601384,-0.0011593440415421524,0.0026996800679791526,0.006564631221625263,0.10019789479055573,-0.045837235228097684,0.002328926145623494,-0.004988732498643709,0.004223935317503558,25.749313601751986
1781507078.8770988,-0.045201358741221914,0.839531266089005,0.3558591150453177,-0.04680782993397632,0.01775267177238682,-0.06627403506404092,-0.046803455526024995,0.8146885744807599,0.3663651101809183,-0.0483583916347467,0.017976329350765985,-0.06661894156585808,0.0006785331790034496,-2.949658121371827e-07,0.0023609660383757053,0.01126936046277482,-0.0010606899292943464,0.0026101676083587592,0.006678061227255807,0.1001622762785107,-0.05255291575677079,-0.001981945582375786,-0.004516936857494656,0.0027787772631884216,27.020399224280677
1781507078.887112,-0.045125509013692486,0.840762957366391,0.35525165980271184,-0.04698416219238518,0.01770175145609021,-0.06627052705900568,-0.046803455526024995,0.8146885744807599,0.3663651101809183,-0.0483583916347467,0.017976329350765985,-0.06661894156585808,0.0006834186220320052,0.00015270821641989962,0.0016857992189951202,0.008113254324873144,-0.0015015607512495707,0.0023374451532925597,0.0053300906584099255,0.10058604477983701,-0.04830612435712761,0.0016899080154096433,-0.002436984644944637,0.0032046190476632094,28.393621232128766
1781507078.8970945,-0.04505053285684931,0.8419900271504471,0.3546556729228703,-0.0471399627379438,0.01766020037090632,-0.06626977534856472,-0.046803455526024995,0.8146885744807599,0.3663651101809183,-0.0483583916347467,0.017976329350765985,-0.06661894156585808,0.0006786809166696656,0.0002736000952059542,0.0011224326351212894,0.00552640370948871,-0.0017907691623651584,0.0020691523779472827,0.0059228139450795865,0.09737567871056205,-0.042080688006562506,0.008399095091708678,-0.002296867511657333,0.0023415149927472068,29.75824216346527
1781507078.9070938,-0.04504683821161872,0.842013563697444,0.3545860148963521,-0.047276114658689083,0.017626805745927676,-0.06627111133845182,-0.046467600653998076,0.8196937858774549,0.36405128421011834,-0.04819762183322471,0.017852956455784108,-0.06651086540228916,0.0006662780376740352,0.00036718205883959863,0.0006559547053989643,0.0034368874831882906,-0.0019584304932624913,0.0018115147041529106,0.006633148391672363,0.0936882067481226,-0.04169446150436091,0.00678321606539465,-0.0015444717223962227,0.002404971785109911,24.285435368415285
1781507078.917095,-0.04494032312129626,0.8432304630141118,0.35398919404945056,-0.04748280323078955,0.017617304882078022,-0.06634559679942058,-0.046467600653998076,0.8196937858774549,0.36405128421011834,-0.04819762183322471,0.017852956455784108,-0.06651086540228916,0.0008252945512014823,0.00039887464828371156,0.00017735693436822872,0.0008195605650549781,-0.0018092651715977412,0.0007967393632477516,0.005536672279098847,0.09943531440739675,-0.0388070040365456,0.014238436540651203,0.0020503733036459017,0.0026873862893687143,25.642804169952413
1781507078.9271038,-0.04490985197632712,0.8432451152805719,0.35391996292927885,-0.04765741375755615,0.017610926926147963,-0.06640905221341908,-0.046467600653998076,0.8196937858774549,0.36405128421011834,-0.04819762183322471,0.017852956455784108,-0.06651086540228916,0.000942491419123093,0.0004192624614236903,-0.00020909579950434035,-0.0011639538075157532,-0.001647971441615733,1.4610956719509792e-05,0.0054616877791318,0.10565568722129488,-0.04291587806129167,0.00859399523735893,-0.0031230438486171907,0.005691646381513843,25.68531425722683
1781507078.9370997,-0.04488422661912104,0.8432572743235874,0.3538609320185161,-0.047803209812283,0.017607065431896718,-0.06646250724595906,-0.046467600653998076,0.8196937858774549,0.36405128421011834,-0.04819762183322471,0.017852956455784108,-0.06651086540228916,0.0010246315949904324,0.00043031676935801944,-0.0005166802228793938,-0.0026182781003812093,-0.0014820065328660262,-0.0005717983290425178,0.007484133860461643,0.10840855010059249,-0.04184643555273538,0.009697100390528174,-0.004444507076265024,0.002438509219206343,25.721359584482258
1781507078.9471095,-0.04486283627755649,0.8432672528982113,0.35381087530671274,-0.0479234253779543,0.01760519677053929,-0.06650700683928594,-0.046467600653998076,0.8196937858774549,0.36405128421011834,-0.04819762183322471,0.017852956455784108,-0.06651086540228916,0.0010775884002301418,0.0004337383205887884,-0.0007570538770476423,-0.003636288174059066,-0.0013170854626237737,-0.0009955135374256187,0.0073770200982888065,0.10598083202239426,-0.037496667770056315,0.010159956982988539,0.0010247315566786006,-0.0002684794978481373,25.751691023921758
1781507078.9570956,-0.044845131928600096,0.8432753382834675,0.35376868218179364,-0.048021183750301205,0.017604873714733626,-0.06654357885004394,-0.04614471351727489,0.8248864668450304,0.3619547401224221,-0.04772740537593199,0.01781959235061814,-0.06637097600160918,0.0011064465625373215,0.00043098914513011447,-0.0009404267518711511,-0.004299516181509238,-0.0011574615056333777,-0.0012857317826598996,0.007280814576307699,0.10062770175642208,-0.03910475248615316,0.006126572894217461,0.0006417388956938735,-0.0003335400870336293,20.17054906769557
1781507078.9670959,-0.04483062192670955,0.8432817919609915,0.3537333512381912,-0.04809943980457426,0.01760571856162496,-0.06657321025541266,-0.04614471351727489,0.8248864668450304,0.3619547401224221,-0.04772740537593199,0.01781959235061814,-0.06637097600160918,0.001115593319068372,0.00042332111079824297,-0.0010757174108496485,-0.004678762982703128,-0.0010061763341401484,-0.0014679830394030758,0.00927197898670356,0.10209460403382428,-0.03657278735139491,0.010500386701380298,-0.0018281229497935046,-0.0026062432239178507,20.19173241740438
1781507078.977099,-0.044843979021441424,0.8432244400490824,0.3538910731033539,-0.04794987589850978,0.01766765886852517,-0.06650750928759334,-0.04614471351727489,0.8248864668450304,0.3619547401224221,-0.04772740537593199,0.01781959235061814,-0.06637097600160918,0.000968389872558486,6.956617205179454e-05,-5.276936218158012e-05,-0.0025477056816805765,-0.0002556681329930275,-0.0005589321114539522,0.009409585943601506,0.0956618311915945,-0.04780362643823088,-0.0055550572545400995,-0.0048049363276147705,-0.0022385767267737483,20.074757713496503
1781507078.9871116,-0.04485596806371447,0.8431752056224082,0.35402639966855526,-0.04782172808830541,0.017720007569054896,-0.06645173970112246,-0.04614471351727489,0.8248864668450304,0.3619547401224221,-0.04772740537593199,0.01781959235061814,-0.06637097600160918,0.0008379484147853357,-0.00021530026937459498,0.0007690945090937352,-0.000881239757738776,0.00031365633488188713,0.0001374935434720829,0.0069300929023542535,0.09083435829160176,-0.04643154060735889,-0.010415258819592153,-0.0009282528417234339,-0.0011047275870269056,19.974919605937266
1781507078.9970994,-0.04486669929222477,0.8431331440222894,0.35414198762692645,-0.047713134966224535,0.017763738034836107,-0.06640493928735332,-0.04614471351727489,0.8248864668450304,0.3619547401224221,-0.04772740537593199,0.01781959235061814,-0.06637097600160918,0.0007226158572688829,-0.00044125532757833684,0.001419119551620197,0.0003915080522509525,0.0007316430653809543,0.0006555419339166796,0.004418139455836336,0.07922685472327154,-0.042437901282107525,-0.012479135725104968,0.0001024459182113037,0.00024948780726642347,19.890038962415584
1781507079.007102,-0.04487627911885042,0.8430973977752356,0.3542402314068371,-0.047622166469714074,0.01779981524861296,-0.06636614133804075,-0.045751359504766276,0.8297307121710529,0.3598059991214837,-0.04778203059691831,0.01771421332248524,-0.06643810821277843,0.0006208736998512881,-0.0006170548289388501,0.0019229605185649627,0.0013344177821152383,0.001024796915454083,0.0010257569286157367,0.003939840421996804,0.06881976321400692,-0.04012678978926853,-0.01581885024333703,-0.002840350768033224,0.0017000345481226373,14.505578925926521
1781507079.0171046,-0.044884809192605915,0.8430671916611351,0.3543232825760084,-0.04754689393365431,0.017829171503820573,-0.06633440225132796,-0.045751359504766276,0.8297307121710529,0.3598059991214837,-0.04778203059691831,0.01771421332248524,-0.06643810821277843,0.0005313307272052185,-0.0007503632376329077,0.0023030646576731877,0.002004381113017841,0.001216393894749015,0.0012750708586166278,0.004111067378177415,0.06486184003126949,-0.03554366426872704,-0.010376878682022698,-0.002801304024273088,0.0008734760390860106,14.445510560410005
1781507079.0271015,-0.0449012830543559,0.8430543613782506,0.35417144009876406,-0.047912700116216025,0.017798892289447643,-0.06630405784601556,-0.045751359504766276,0.8297307121710529,0.3598059991214837,-0.04778203059691831,0.01771421332248524,-0.06643810821277843,0.0004077527451820397,-0.0008908347720240326,0.0013255761505874758,-0.0022139341891824708,0.0007384532758841274,0.001450919789074945,0.004204760020006614,0.06516425332321552,-0.036734898401300224,-0.011164951016359172,-0.0004263532602401452,0.0006638047073367036,14.491049428820363
1781507079.0371022,-0.04491555392803564,0.8430434673548437,0.35404094819018445,-0.048218366322429144,0.017772694621850382,-0.06627982707387829,-0.045751359504766276,0.8297307121710529,0.3598059991214837,-0.04778203059691831,0.01771421332248524,-0.06643810821277843,0.0003033810176720685,-0.0009923137674358402,0.0005240782244409845,-0.0053139766695002345,0.0003601565518347963,0.0015429461815838924,0.00462980582421598,0.060721201857926094,-0.02779198940860936,-0.00315563944067608,0.0018803076191348405,-0.0007415820197697959,14.531477343550376
1781507079.0471041,-0.044927868532395075,0.8430342100691891,0.3539293299307666,-0.048470604548102945,0.017750269562067267,-0.06626084140149852,-0.045751359504766276,0.8297307121710529,0.3598059991214837,-0.04778203059691831,0.01771421332248524,-0.06643810821277843,0.00021575005140888923,-0.0010612047574966043,-0.00012598339569308288,-0.0074912777317298895,6.686926020965439e-05,0.0015696520868456385,0.00385841810891337,0.05451846692439395,-0.020776257437619145,0.0023973323879810755,0.004188106824510721,-0.0011438077045338422,14.566963804596195
1781507079.0570946,-0.04493845258824183,0.8430263471763253,0.35383433098139155,-0.04867590638815181,0.017731283044686963,-0.06624630632986217,-0.04553872722729907,0.8329603444862657,0.35812208733666206,-0.04820547726221898,0.017645976676619934,-0.06642899552133767,0.00014266849214747992,-0.001103062052973938,-0.000646239074266156,-0.008917600642026709,-0.00015469930203784366,0.001546687486568248,0.0034425700512147974,0.050075153166156586,-0.014852052510798054,0.006934352324402581,0.005067675504615933,-0.0013730524658964658,10.957627223114768
1781507079.0670962,-0.044926064191820644,0.8428514583396468,0.35409660078108846,-0.04828489836713779,0.017818937583856664,-0.06624816004020137,-0.04553872722729907,0.8329603444862657,0.35812208733666206,-0.04820547726221898,0.017645976676619934,-0.06642899552133767,0.0001919661560649833,-0.0020422482904442294,0.0009243891371860634,-0.0036748509733823924,0.0008180739472890646,0.0014040383352843973,0.0036713478949429996,0.05137301742954783,-0.013847983035711,0.008352322482004258,0.0026396818680958635,0.00023537503401832108,10.696449470020136
1781507079.077099,-0.04491556127306584,0.8427026851138686,0.3543208856674123,-0.04795267307370372,0.017891849217766875,-0.06625094118262559,-0.04553872722729907,0.8329603444862657,0.35812208733666206,-0.04820547726221898,0.017645976676619934,-0.06642899552133767,0.00022910859102509478,-0.0027703244276086223,0.00217353434893878,0.0003539601887573209,0.0015245215111689906,0.0012587532676302969,0.004349705745262325,0.05435159543185183,-0.018020222730876164,0.004552994367865495,0.0014922369326199213,8.759683027383974e-05,10.476195437326718
1781507079.0871022,-0.0449067203822897,0.8425768424165083,0.35451172873842207,-0.04767358591885542,0.01795171961868025,-0.06625434701857581,-0.04553872722729907,0.8329603444862657,0.35812208733666206,-0.04820547726221898,0.017645976676619934,-0.06642899552133767,0.00025602250215143806,-0.003319701580100908,0.0031487737013694735,0.003362927242887248,0.0020120892501973306,0.001115462658840198,0.0038492849964300037,0.05190181873803377,-0.015754725102491696,0.004985870284888689,-0.002099623283571975,0.0022018464474929996,10.291314507990977
1781507079.0971034,-0.04489933696651195,0.8424710607779814,0.35467323028663855,-0.04744195296843212,0.018000180462238502,-0.06625813236972845,-0.04553872722729907,0.8329603444862657,0.35812208733666206,-0.04820547726221898,0.017645976676619934,-0.06642899552133767,0.0002743842023727573,-0.0037186628189758483,0.0038917715107993573,0.00552539491208485,0.002322316490802351,0.0009775831512147523,0.0026552274718949697,0.04531664921771634,-0.016151242158992794,0.0014665563774179248,0.0007903492036635918,0.0021063912306375355,10.136920599402632
1781507079.1071033,-0.044893224957299326,0.842382764352633,0.3548090778835905,-0.0472522164203948,0.01803876640236224,-0.06626210205656617,-0.04536462445350259,0.8354875607298766,0.35732524745645367,-0.04797219845256622,0.01776053750672868,-0.06639493048729916,0.00028564775589926065,-0.003991818956699872,0.0044389175079492995,0.006994415835907299,0.0024911803409289127,0.0008475279900865858,0.002226515828204183,0.03685324853389311,-0.016329813997167625,-0.003437709901836702,-0.00016578302997706453,0.00254187719321692,7.35507714464616
1781507079.1170998,-0.04488821611899123,0.8423096490768105,0.35492257643544367,-0.04709906513229311,0.018068897456857247,-0.06626610388310615,-0.04536462445350259,0.8354875607298766,0.35732524745645367,-0.04797219845256622,0.01776053750672868,-0.06639493048729916,0.00029107038716677996,-0.004160520971152607,0.004821906032992467,0.007903648920737095,0.002549505831088245,0.0007268922041371949,0.001916913584973945,0.03311868687517661,-0.017904744490798746,-0.007182663077981262,-0.0002219465755505245,0.0023179014951392454,7.248495178294875
1781507079.127108,-0.04491807898070966,0.8422514929634239,0.35493092979048946,-0.0471513599240062,0.018015240578927783,-0.06618578914723926,-0.04536462445350259,0.8354875607298766,0.35732524745645367,-0.04797219845256622,0.01776053750672868,-0.06639493048729916,0.00012722546681045305,-0.0042853860944160925,0.004586396281961616,0.006453941460150726,0.0016449085101625,0.001495643130865721,0.0018491314513861363,0.03465212958204484,-0.017761710939181254,-0.005731486099316103,0.00037951926413563885,0.0017507085531435515,7.189084726503131
1781507079.1370971,-0.04494362452903855,0.8422041779489116,0.3549352530516132,-0.04720129801024567,0.01796854200985165,-0.0661195346663409,-0.04536462445350259,0.8354875607298766,0.35732524745645367,-0.04797219845256622,0.01776053750672868,-0.06639493048729916,-5.916912270977607e-06,-0.0043313242699882445,0.004339221078900842,0.005191053059461877,0.0009221254990331703,0.002030715240709773,0.0018478811677994878,0.03222837228146753,-0.01794593107886933,-0.006408485963217454,0.0002731525725463042,0.0012826514908011574,7.141586732554885
1781507079.147051,-0.04496535393940622,0.8421661363991146,0.354936323898442,-0.04724810253140544,0.017928334442053995,-0.06606562890187544,-0.04536462445350259,0.8354875607298766,0.35732524745645367,-0.04797219845256622,0.01776053750672868,-0.06639493048729916,-0.00011272506637159423,-0.004313319927616063,0.004085813124935613,0.00410271300207112,0.0003553476296599635,0.0023760501094860133,0.00152592568827673,0.028235959294310112,-0.015336781135912267,-0.003714423687298442,0.0020349206956410196,0.00046933384846792,7.104206196274712
1781507079.15704,-0.04498372644968831,0.842135996890085,0.35493480244439474,-0.047291277352624735,0.01789409017704391,-0.06602245143670117,-0.04527215998342804,0.8371572011329318,0.35648032526357815,-0.04822861252490708,0.017760912545724983,-0.06631261977599322,-0.0001970394439034202,-0.004244212381833655,0.003830612621957579,0.0031749487747557057,-7.903164029444309e-05,0.002569766110418423,0.0012991499988584815,0.024367891108787024,-0.010396085426958865,0.0017186640412794984,0.0018182098591949455,0.0011457260582619917,5.221134156430863
1781507079.1671019,-0.044999160163122796,0.8421125624190503,0.3549312465297822,-0.04733055023720845,0.017865250717104875,-0.06598849446722688,-0.04527215998342804,0.8371572011329318,0.35648032526357815,-0.04822861252490708,0.017760912545724983,-0.06631261977599322,-0.00026222807273381906,-0.004134956219121449,0.003577206758253141,0.002392895386495997,-0.00040232274546002405,0.0026445748798389285,0.0015011159251182016,0.02217070802174954,-0.008504795304983265,0.003453058456900756,0.0023601740154970247,0.0011177704149978366,5.199017147629698
1781507079.1770988,-0.04501014896547115,0.8421234875851763,0.3548467397171546,-0.04752488986609687,0.017854727958663386,-0.06606739300309755,-0.04527215998342804,0.8371572011329318,0.35648032526357815,-0.04822861252490708,0.017760912545724983,-0.06631261977599322,-0.00034668783413109567,-0.003852493055920445,0.002882039520331228,2.5413367872550736e-05,-0.00043187517754436844,0.0014901915798471164,0.0013638074893669915,0.024929394044636583,-0.005478191868664943,0.008566365100268248,0.0013839780820909331,0.0020149171462300244,5.234620581929708
1781507079.1870983,-0.04498267091383153,0.8421260269940575,0.35469743365868905,-0.047929734471572984,0.01788807941946291,-0.0661174499519355,-0.04527215998342804,0.8371572011329318,0.35648032526357815,-0.04822861252490708,0.017760912545724983,-0.06631261977599322,-0.0001821258904861745,-0.0037023652096542983,0.0018995666216562281,-0.004387219511930194,5.952032908004704e-06,0.000799122806539222,0.0012104826093276811,0.024421634255928325,-0.0037492944163998116,0.009539865859878323,-0.00011203139320305899,0.0028610501163477534,5.286940214754771
1781507079.197095,-0.044959051156965246,0.8421297585103236,0.3545689661877359,-0.04826623045686912,0.017916077965878907,-0.06616029488198481,-0.04527215998342804,0.8371572011329318,0.35648032526357815,-0.04822861252490708,0.017760912545724983,-0.06631261977599322,-4.77122602467419e-05,-0.0035349338787527052,0.0010867943176792716,-0.007573364461803234,0.00033386278253818235,0.0002594613070315728,0.0009491520777497275,0.02214862522260224,-0.000976538736724577,0.011458459601721132,-0.0013823889327435742,0.003381047464099676,5.336446151275838
1781507079.2070997,-0.0449388509301795,0.8421343461140671,0.3544589371461113,-0.04854230407608372,0.01793930176932146,-0.06619656124854228,-0.04520297840229853,0.8384631133595438,0.3562026982485339,-0.04779788747223932,0.01784206407072464,-0.06618935782041657,6.079595622285005e-05,-0.0033557332999082155,0.0004205517454454863,-0.009753330295321836,0.0005704348692870711,-0.00015198560877043547,0.0008624120542450887,0.02059378795190343,0.0024062907455684054,0.014516929746467018,-0.0012423342665853383,0.0029665921256195353,4.072887924033112
1781507079.2171068,-0.04492166822484419,0.8421395289184294,0.35436515682072034,-0.048765548177770894,0.0179583142902493,-0.06622690419913586,-0.04520297840229853,0.8384631133595438,0.3562026982485339,-0.04779788747223932,0.01784206407072464,-0.06618935782041657,0.0001471330927349073,-0.003169355338079014,-0.00011961872222862786,-0.011119728813163107,0.0007320897485225533,-0.0004561045853823142,0.001103666686728268,0.018884353169723908,0.00010239464658763747,0.010311491981671497,-0.0002804570807350912,0.002072245031850308,4.119675384843586
1781507079.2271016,-0.0449091146722698,0.8420391036754449,0.3545460875059253,-0.04849744253764647,0.01804404239223345,-0.06627439913146388,-0.04520297840229853,0.8384631133595438,0.3562026982485339,-0.04779788747223932,0.01784206407072464,-0.06618935782041657,0.00017808393994037097,-0.0035311513276544927,0.0009437205216497386,-0.006969335938528628,0.0016115971315175484,-0.0008785584269127903,0.0013549067177581924,0.018095424627416996,-0.00377088911074638,0.0029630489259934866,0.0008500112467363282,0.0010820413639859637,3.9520149017647586
1781507079.2371106,-0.0448986783901888,0.8419548239536775,0.3547009039585162,-0.048265529290372554,0.018114722276039164,-0.06631344635433176,-0.04520297840229853,0.8384631133595438,0.3562026982485339,-0.04779788747223932,0.01784206407072464,-0.06618935782041657,0.0002006739447840487,-0.0037768481620233524,0.0017853828214034941,-0.00366881777622075,0.0022264931208664765,-0.0011709922275447118,0.0012233043080528189,0.0167952645630726,-0.007633081220599114,-0.004537066438852026,0.00017915845650105078,0.0006202784962085265,3.813138793708534
1781507079.2471251,-0.044890089416560905,0.8418846409883224,0.35483270408988676,-0.048067081199288625,0.018172189837437402,-0.06634509957073847,-0.04520297840229853,0.8384631133595438,0.3562026982485339,-0.04779788747223932,0.01784206407072464,-0.06618935782041657,0.00021626585154879853,-0.003926230483199494,0.0024384241059488376,-0.0010954260936861678,0.002626287169150082,-0.0013580137378210173,0.0010913700795927826,0.013414797505154822,-0.009712000579412286,-0.009956175224357412,-4.8901806434136725e-05,0.0001166454119349895,3.6988693984268037
1781507079.2570987,-0.044883100721029655,0.8418267153954486,0.35494428781372706,-0.04789913897465947,0.01821818282864429,-0.06637034977715556,-0.04520297840229853,0.8384631133595438,0.3562026982485339,-0.04779788747223932,0.01784206407072464,-0.06618935782041657,0.00022604230776694745,-0.003996401273300475,0.002931770807333449,0.0008627136511817862,0.0028539645233943926,-0.00146094312059019,0.0007017604948778327,0.010826589626987876,-0.009778462404545388,-0.01117836098146063,0.0007214576854662174,-0.0006047625874417538,3.605514832773209
1781507079.2671,-0.044877488310197784,0.8417794017854394,0.35503817687850703,-0.047758650430511,0.018254317829851763,-0.06639011397365222,-0.04514386462849301,0.8392822201341894,0.35593328972101335,-0.04782851931844019,0.017838539516438878,-0.06614454307279459,0.0002310263987895749,-0.004002094037725841,0.0032906677811205876,0.002306266389512659,0.0029464450452418803,-0.0014980544233371453,0.0007386123638332646,0.009835490796158272,-0.011043830581222353,-0.01293864300753498,0.0006604354779246038,-0.0011792331536785432,2.6661019378688438
1781507079.2770996,-0.04491186974046368,0.8417992669172969,0.354891748606233,-0.048087936383861433,0.018163804086849478,-0.06624135692280336,-0.04514386462849301,0.8392822201341894,0.35593328972101335,-0.04782851931844019,0.017838539516438878,-0.06614454307279459,7.656714123979689e-05,-0.003718012881676525,0.002269627409149086,-0.001570138543954323,0.0015607144616651223,0.00023996415221374363,0.0010945213019211274,0.010256502316457191,-0.013115070870736068,-0.01560946856552102,0.000860428881288361,-0.0016627054460275968,2.733889908207967
1781507079.287099,-0.044941252818564814,0.8418180276355557,0.3547653072327058,-0.048363466912323246,0.01808626930422208,-0.06611637048286084,-0.04514386462849301,0.8392822201341894,0.35593328972101335,-0.04782851931844019,0.017838539516438878,-0.06614454307279459,-4.839878730017436e-05,-0.0034428491580993817,0.001421205127123717,-0.0044316299506309415,0.0004797057178251589,0.0015356033335783348,0.0012256800738443018,0.010442450329711575,-0.01438877165926061,-0.017822698499700734,0.0017321607140949988,-0.0020999337641103817,2.7992060164448493
1781507079.2970946,-0.04496619807088473,0.8418356094847012,0.3546565868744264,-0.04859117624417636,0.01802057408078417,-0.06601261924348549,-0.04514386462849301,0.8392822201341894,0.35593328972101335,-0.04782851931844019,0.017838539516438878,-0.06614454307279459,-0.0001481048179319166,-0.0031783307136708495,0.0007221063851190633,-0.006454351260433949,-0.00034339339984330527,0.0024643251310428158,0.001353385292085564,0.00992951167992282,-0.015463083634967657,-0.02018185434814358,0.0015602254525468814,-0.0024587640432911853,2.8603029104418916
1781507079.3070905,-0.04498722704057469,0.8418519855889486,0.35456351983387435,-0.04877682008945653,0.017965542192904582,-0.06592762163363101,-0.04514386462849301,0.8392822201341894,0.35593328972101335,-0.04782851931844019,0.017838539516438878,-0.06614454307279459,-0.0002262695040413708,-0.0029257097308186975,0.0001517388629846397,-0.007793240985466162,-0.0009507178300732665,0.003092712292936371,0.0015339001696676902,0.008700220985477517,-0.01576832967035478,-0.020721504100922036,0.0008880048857306354,-0.0023902436740084604,2.9162474809479533
1781507079.3170927,-0.04500482055230961,0.841867164099379,0.35448422840237226,-0.048925862812350195,0.017920001840846522,-0.06585900436248493,-0.04508574514393404,0.8397920954225506,0.3552367056658863,-0.04869769141901775,0.017844095523340764,-0.06625662398672741,-0.00028615095116044114,-0.0026858406750594607,-0.00030805955630960506,-0.008583108206726012,-0.0013797445236710525,0.0034788725565904153,0.0013909746582739396,0.00899945667687586,-0.013037340691165617,-0.01641366498095775,0.0017526963185994003,-0.002141468222734173,2.208773604331016
1781507079.3271003,-0.04501941819740882,0.8418811781674668,0.35441701523599817,-0.049043400856757895,0.017882816393854473,-0.06580454029278483,-0.04508574514393404,0.8397920954225506,0.3552367056658863,-0.04869769141901775,0.017844095523340764,-0.06625662398672741,-0.00033059634614042915,-0.0024592479085053997,-0.0006732699555095323,-0.00893998945846994,-0.0016634344273032836,0.003672973409152848,0.0007899376700085384,0.009932934112576055,-0.00781470803356703,-0.008190572330708914,0.0018621965581218174,-0.0003744918381181462,2.2451187896839455
1781507079.3371134,-0.04497865299104481,0.8418894500513004,0.3543823930731154,-0.04902158149572856,0.017873127891342655,-0.06585949015425036,-0.04508574514393404,0.8397920954225506,0.3552367056658863,-0.04869769141901775,0.017844095523340764,-0.06625662398672741,-6.63513216108705e-05,-0.002240333189655081,-0.0008612227502747278,-0.007715101945421347,-0.0015581096871632996,0.0026677306877890866,0.0005228915675593606,0.009961462158049682,-0.0052513085502968,-0.004664811210105873,0.0012070264960190851,0.0012158521236040533,2.2672042638711742
1781507079.3470929,-0.04494349215658562,0.8418974721645834,0.35435357990200383,-0.04899619073314099,0.01786629220562208,-0.06590822569659208,-0.04508574514393404,0.8397920954225506,0.3552367056658863,-0.04869769141901775,0.017844095523340764,-0.06625662398672741,0.00014661822837988328,-0.002036207034394823,-0.0010011936411445945,-0.006586156732286939,-0.0014365269115619104,0.0018415092488389662,0.00021931773263132904,0.00989015839688479,-0.000957828702470578,0.000605423840121848,0.0005593050226830115,0.002444083377428107,2.2875222956586043
1781507079.3570635,-0.044913301035475674,0.8419052192406788,0.3543297600231928,-0.04896881907570185,0.01786178104917746,-0.06595097090885736,-0.04508574514393404,0.8397920954225506,0.3552367056658863,-0.04869769141901775,0.017844095523340764,-0.06625662398672741,0.00031572666358781654,-0.001846539226599343,-0.0011008723744518163,-0.005559998929948451,-0.0013060948086458413,0.001172039347674762,-0.00012749375184760214,0.008977626941460343,0.0007529880624760423,0.0023012901307111937,-0.00018467707436104494,0.003585721801747048,2.3059877796908514
1781507079.3671007,-0.044887502797016914,0.8419126716446115,0.3543102188371606,-0.04894071245430062,0.0178591349393753,-0.06598805759948471,-0.045054620881220586,0.8402762697931309,0.3549421987833366,-0.049008382059701726,0.017877493911151676,-0.06622299950233292,0.00044748179782757344,-0.0016708814756859526,-0.0011669426146494915,-0.0046389440790297115,-0.0011726056455229452,0.0006383440444527159,0.00016283111058225968,0.008189231996556193,0.0013036174815622427,0.0032322080097944733,-8.789646441675893e-05,0.003247370103682763,1.7621402117782112
1781507079.377105,-0.04489183399848154,0.8418584994431239,0.3544893612141993,-0.04865944823213889,0.01791217107517773,-0.06598567185716422,-0.045054620881220586,0.8402762697931309,0.3549421987833366,-0.049008382059701726,0.017877493911151676,-0.06622299950233292,0.00038002189738568147,-0.0018302438169527104,-5.324831810891322e-05,-0.0010622823657784682,-0.00046818727732158725,0.0006229051319555003,0.0001983874443351609,0.007876271641502704,0.001076456386184306,0.0033746119138334473,-0.0002234849461920089,0.0031502128158655235,1.6537871986839958
1781507079.387097,-0.0448925965732575,0.8418132689766955,0.35463941393585213,-0.048288125970673564,0.01793905402022622,-0.06609656095634682,-0.045054620881220586,0.8402762697931309,0.3549421987833366,-0.049008382059701726,0.017877493911151676,-0.06622299950233292,0.00030318913745154747,-0.0018930622230572355,0.0007659012970637958,0.0031291965190297917,-6.612122646038548e-05,-0.0006398493247627231,0.0003688586535715485,0.00713615562329651,-0.00033325736955491206,0.0016528544344360846,-0.00010000963661636227,0.0025770401924370984,1.5748958792617067
1781507079.3971183,-0.044893570708224695,0.8417759205786854,0.35476714946712756,-0.04797867638328936,0.017961784498192968,-0.06618923731766373,-0.045054620881220586,0.8402762697931309,0.3549421987833366,-0.049008382059701726,0.017877493911151676,-0.06622299950233292,0.00023766814632312556,-0.0019195041324366947,0.0014137878689008446,0.006184073817899647,0.0002369384125093281,-0.0015684798148257034,0.0003709994141117681,0.005622724505153125,-0.0013480764692692453,0.0006001976107225339,-0.0003695988177746046,0.002596596680758881,1.5183978068812347
1781507079.4071028,-0.0448947286313357,0.8417454323679222,0.3548752752081449,-0.04772405592220839,0.01798077485131011,-0.06626573209888989,-0.045054620881220586,0.8402762697931309,0.3549421987833366,-0.049008382059701726,0.017877493911151676,-0.06622299950233292,0.0001820581569848782,-0.0019164089210229032,0.001915979686822394,0.00830371395100142,0.0004575215159003431,-0.0022213419152371096,0.00023899371576364693,0.005079963692330492,-0.0025031714169328517,-0.0008918634013258738,-0.0009229714216408881,0.0027391955345242663,1.4793522121716791
1781507079.417092,-0.04489603714232037,0.8417208767573029,0.3549662394164961,-0.04751748636282485,0.01799643787444416,-0.06632800982437037,-0.04503827238186614,0.840616873266461,0.3549263380018822,-0.04893262868137082,0.017868535132372854,-0.06607974743007627,0.00013510908882781135,-0.0018896413215055705,0.0022948483875966192,0.009664592443094913,0.0006102706753106093,-0.0026497083994419367,0.0007360203842702891,0.004985821015829736,-0.004689422750700335,-0.0033721677652769123,-0.0005286174611841575,0.0012144817998084986,1.1138432089158798
1781507079.4270954,-0.044897460770275614,0.841701417631337,0.3550422460327008,-0.047352573808374765,0.018009175203098193,-0.06637793134523388,-0.04503827238186614,0.840616873266461,0.3549263380018822,-0.04893262868137082,0.017868535132372854,-0.06607974743007627,9.570766803515231e-05,-0.0018442093370279432,0.0025699159497113645,0.010419705774864682,0.0007080136676001815,-0.0028981415576522602,0.0008545080688334146,0.0056525686687293394,-0.00504134836308988,-0.002377710754688121,0.0006636752583513638,-0.0002544581360624163,1.0997722768606826
1781507079.4370997,-0.044908985070510325,0.8417530549945004,0.35492024991225485,-0.04740928218677715,0.017919518985977767,-0.06638566960582859,-0.04503827238186614,0.840616873266461,0.3549263380018822,-0.04893262868137082,0.017868535132372854,-0.06607974743007627,3.739806238560465e-05,-0.0014116794119406679,0.001643231024881947,0.008664429244169084,-0.0003428525918177411,-0.00271243039151213,0.0013677945286215587,0.005911030988307435,-0.004802477236093849,-0.0006905201814184339,0.0013581700390630873,-0.002051426903552751,1.1435301451398516
1781507079.4470973,-0.04491895461407626,0.8417984492361393,0.35481425060902216,-0.047464888804969546,0.01784453976709388,-0.06638969677805538,-0.04503827238186614,0.840616873266461,0.3549263380018822,-0.04893262868137082,0.017868535132372854,-0.06607974743007627,-9.885194986177633e-06,-0.001046568588900613,0.0008784918408272568,0.007112101951070712,-0.0011208580425657857,-0.0024990003386837377,0.001393407767280648,0.005480291981953659,-0.004356849216363828,0.0023643189845385564,0.0009382307107462217,-0.003041606348344289,1.1928629784975044
1781507079.4570963,-0.044927528362340347,0.841838221013833,0.35472248317855354,-0.04751814839253455,0.01778261033045303,-0.06639083410245183,-0.04503827238186614,0.840616873266461,0.3549263380018822,-0.04893262868137082,0.017868535132372854,-0.06607974743007627,-4.7717669109529716e-05,-0.0007402063358002717,0.00025344837158374704,0.005754326332041461,-0.0016731190489564847,-0.002270652743651903,0.0013031202389016188,0.004934352044769478,-0.001703199784088315,0.006438255731142677,0.0015998162417971405,-0.0034497671349632835,1.2431859663243663
1781507079.4671068,-0.04493485619449785,0.8418729446604915,0.35464334423676097,-0.04756819197776492,0.01773215416615259,-0.06638977591463305,-0.044981783366249084,0.8408826367034707,0.35472170083231935,-0.048919152130858505,0.017901082208569008,-0.0661494983552629,-7.7483932309818e-05,-0.00048488777821323586,-0.00025153119288406326,0.004579485653237779,-0.002041118290389618,-0.0020373852677587284,0.0006918636544178658,0.004820112190717546,0.0017555068530606518,0.010784575155980048,0.0017519736509821234,-0.0029749420175261038,0.9945108170626397
1781507079.4770935,-0.044919898497933465,0.8418850654551596,0.35461204659476997,-0.047700873701566705,0.01773719363848847,-0.06636432776244278,-0.044981783366249084,0.8408826367034707,0.35472170083231935,-0.048919152130858505,0.017901082208569008,-0.0661494983552629,3.0705397036562005e-05,-0.00041455788961480334,-0.0003834134545111146,0.002626133686719897,-0.001776275231992466,-0.0015348697910373902,0.00022483130768298867,0.005140326290198506,0.004630077138962421,0.014893416457902688,0.0017757014386872109,-0.002464519737977983,1.0103054938737588
1781507079.4870992,-0.044918995762885786,0.8418826487749388,0.3546342887247352,-0.04764096991791325,0.01774213297095617,-0.06629475517326054,-0.044981783366249084,0.8408826367034707,0.35472170083231935,-0.048919152130858505,0.017901082208569008,-0.0661494983552629,6.155011575056249e-05,-0.0003883965859696031,-0.00023979200893211837,0.002979946805905787,-0.0015647997928002798,-0.0006061991925418743,0.00021565419515638586,0.005704570270207042,0.005598310942555232,0.016519201908584635,0.0008607910899530612,-0.002208702396295939,1.005786907237428
1781507079.4971027,-0.04491814456478729,0.8418809481891081,0.354653268808384,-0.04759331263230271,0.017747746504672035,-0.06623575108062779,-0.044981783366249084,0.8408826367034707,0.35472170083231935,-0.048919152130858505,0.017901082208569008,-0.0661494983552629,8.553152536798352e-05,-0.00036247361465839475,-0.00012145816006688516,0.0031634826744818675,-0.0013635044145830862,0.00010621107399337289,8.908247283874193e-05,0.0061877682763745705,0.006467530327460179,0.017527877603971426,0.0001912494589571109,-0.0021107837409605873,1.0026757508321478
1781507079.5070589,-0.044917332055888284,0.841879845033595,0.35466938702312656,-0.047556135805185584,0.01775371207235965,-0.06618628057573317,-0.044981783366249084,0.8408826367034707,0.35472170083231935,-0.048919152130858505,0.017901082208569008,-0.0661494983552629,0.00010369938589548772,-0.00033707044051420484,-2.4923924952541037e-05,0.0032144104530682145,-0.0011753494148597915,0.0006370853102461071,0.000505929774945783,0.005612734089270643,0.0046025130602899145,0.014680807859935155,-0.000769623471736425,-0.002512317726315071,1.0006573637908014
1781507079.5170944,-0.04491655224833243,0.8418792341680215,0.3546830045653992,-0.04752782932678839,0.017759778520001213,-0.06614530732965344,-0.044962905333703285,0.841157658386553,0.3549457861236961,-0.0481873725139999,0.017979030031266108,-0.06625861481670277,0.00011697008005286618,-0.00031240642959043635,5.2886978730831984e-05,0.003164584523361636,-0.001002192468809866,0.0010174101153820076,0.00047277299410571186,0.004549440241281474,0.001960246215965786,0.010025515989947009,-0.001273231861262332,-0.001908212017141957,0.7693337145258778
1781507079.5271046,-0.044915803766364164,0.8418790232560754,0.3546944458126552,-0.04750694398892731,0.01776575479321285,-0.06611182229736937,-0.044962905333703285,0.841157658386553,0.3549457861236961,-0.0481873725139999,0.017979030031266108,-0.06625861481670277,0.00012614130735532999,-0.00028864831711674965,0.00011468135145947022,0.003040630430614353,-0.0008450144055729605,0.0012745234366922386,0.00026101547905748424,0.0039570745334861325,-0.0006329481391096338,0.005797787063486699,-0.0014917110546937098,-0.0007721908971600209,0.7653481459970295
1781507079.5370946,-0.04491457853443694,0.8418454471051962,0.3547580092114873,-0.04741924643517168,0.017702930999555333,-0.06610464481085083,-0.044962905333703285,0.841157658386553,0.3549457861236961,-0.0481873725139999,0.017979030031266108,-0.06625861481670277,0.00014776697145946026,-0.00046211647417450765,0.0004803365568364364,0.00366454793527471,-0.0014417576801392116,0.001181105652430963,0.00039742128224909754,0.0032673222050695386,-0.0029639403042977883,0.0019837697070154755,-0.0018598484933547788,0.0003752505976750326,0.7145970681291688
1781507079.5470924,-0.044913418178575366,0.841817100412675,0.3548119704819601,-0.04734887119484403,0.017651360104671276,-0.06609975773036308,-0.044962905333703285,0.841157658386553,0.3549457861236961,-0.0481873725139999,0.017979030031266108,-0.06625861481670277,0.00016325511644079484,-0.0005955165685277957,0.0007677883868917035,0.004031716349612966,-0.001849416379965186,0.0010787856180687633,5.025855155430505e-05,0.0030652998855045356,-0.003140174762616803,0.0008922870357825565,-0.0021174637036338833,0.0014115239460887497,0.674699481481763
1781507079.5570962,-0.0449123204911647,0.8417933156900581,0.35485753300139167,-0.04729340110600201,0.01760963255369541,-0.0660967195257319,-0.044962905333703285,0.841157658386553,0.3549457861236961,-0.0481873725139999,0.017979030031266108,-0.06625861481670277,0.0001736199753242712,-0.0006950607832232268,0.000988818340246913,0.004196461767643482,-0.0021042406780024297,0.0009725949987732969,-0.0001494908530458121,0.00296675884558349,-0.0033445036945487098,1.0683556213279207e-05,-0.0024837552197901195,0.0023927482671411223,0.6437450173714248
1781507079.567108,-0.04491128640762768,0.8417734954698247,0.35489577482405565,-0.04725061714752079,0.017576422680497972,-0.0660951490411103,-0.044950586816279,0.8413369764762076,0.35487450213048294,-0.0479823592897371,0.017892099275523377,-0.06623915875777299,0.0001797406643895803,-0.0007661650804006028,0.0011537259203123211,0.00420502956095144,-0.0022375753481241258,0.0008664101021874739,2.0589466893370014e-05,0.0025034120271172273,-0.004114679251366978,-0.001578003608022181,-0.0023268846541211596,0.0023528341485316226,0.4388005029628645
1781507079.5770502,-0.04491031851259893,0.8417571070013609,0.3549276583669648,-0.047218509480546095,0.01755050398787983,-0.06609472073447333,-0.044950586816279,0.8413369764762076,0.35487450213048294,-0.0479823592897371,0.017892099275523377,-0.06623915875777299,0.00018237669252498033,-0.0008135376116926147,0.0012714904193643435,0.004096344677038018,-0.002276231659006733,0.0007631353846145556,4.4084181669899725e-05,0.0027167156274126277,-0.002888002529649408,0.0005654486164102114,-0.0019810180481391465,0.0020922545996912597,0.4253901502429351
1781507079.5870988,-0.04490923186358578,0.8418088713439177,0.35480222072481726,-0.04737483313206231,0.017547054320200317,-0.06611062909014452,-0.044950586816279,0.8413369764762076,0.35487450213048294,-0.0479823592897371,0.017892099275523377,-0.06623915875777299,0.00017042552121147639,-0.00047305061911533407,0.00044633729878642593,0.001945592904361458,-0.002056794468061445,0.0005046117859337943,0.0002780969704709693,0.0024137234288185093,-0.0019290417229391435,0.0017165738815521207,-0.001460865515216447,0.0017755927051240677,0.4791863936803129
1781507079.5970943,-0.044908291971732815,0.8418534948804548,0.3546944123916134,-0.04750811173648008,0.017546015333965048,-0.06612455992366854,-0.044950586816279,0.8413369764762076,0.35487450213048294,-0.0479823592897371,0.017892099275523377,-0.06623915875777299,0.00015867197734135987,-0.00019372277103220316,-0.0002217290198906406,0.0002808497767944236,-0.0018360753733547561,0.00029711119373313475,0.0005782897502610571,0.0018045397509822167,-0.0011494138421256062,0.0020907146509987146,-0.0013605725843641404,0.0014854737724458358,0.5486459968388597
1781507079.6070905,-0.04490749435765311,0.8418917892549399,0.35460216787946097,-0.04762047528238996,0.017546811228409398,-0.06613662844457546,-0.044950586816279,0.8413369764762076,0.35487450213048294,-0.0479823592897371,0.017892099275523377,-0.06623915875777299,0.00014722601281202328,3.2968790364633794e-05,-0.0007552251927971734,-0.0009741745938307434,-0.0016204380217619322,0.00013351651339650866,0.000271770443701933,0.001937958454338007,0.000609256985524153,0.004066772474165805,-0.001500436059958018,0.001366990070471,0.6195483223403422
1781507079.617095,-0.04490683177101033,0.8419244946922317,0.35452361978929764,-0.047714092194242275,0.01754896033409059,-0.066146971739103,-0.044937183629028876,0.8414580102904803,0.35478530382986917,-0.04788458228116019,0.01780506432213369,-0.06614184338500907,0.00013617199671220212,0.00021453294170362878,-0.0011739321273441347,-0.001887856857895913,-0.0014145112399016441,7.2942635024644245e-06,0.00030931989155641416,0.00185590033674632,0.0017034344633655965,0.005344877303093675,-0.00218480338895872,0.0008982185772964204,0.5357307807587994
1781507079.6270945,-0.044901580371446564,0.841942847694597,0.3544701974551363,-0.0478445197996452,0.01752789466408089,-0.06611359874375097,-0.044937183629028876,0.8414580102904803,0.35478530382986917,-0.04788458228116019,0.01780506432213369,-0.06614184338500907,0.00017892057558678066,0.0002798816113266891,-0.001389720299081615,-0.003112079363673495,-0.0015069124261517482,0.0003593844796492751,0.00040470083992324914,0.002405681536696548,0.0026296672442473724,0.006591753029733044,-0.0023825513238302882,0.00032647776832368905,0.5793331751060314
1781507079.637107,-0.04491270530878726,0.8419113016067699,0.3545498792939855,-0.04759088788999173,0.017536821068301123,-0.06613766633489314,-0.044937183629028876,0.8414580102904803,0.35478530382986917,-0.04788458228116019,0.01780506432213369,-0.06614184338500907,8.684081212630321e-05,0.00013276016249589635,-0.0008898031940433397,1.2043501279607877e-06,-0.001233095504959576,6.237199018331943e-05,0.00021346774590816635,0.0029810091511889435,0.002657301149195729,0.006601896414301729,-0.0020029984560010353,0.00014443515169609532,0.5113676932320018
1781507079.6470933,-0.044922264130479436,0.8418843508350432,0.3546184596830705,-0.0473775647155535,0.017545461797482398,-0.06615801998869926,-0.044937183629028876,0.8414580102904803,0.35478530382986917,-0.04788458228116019,0.01780506432213369,-0.06614184338500907,1.1821288866238432e-05,1.2972807157774724e-05,-0.0004772084536938172,0.002333848045192501,-0.0009941813140048237,-0.00016189107613892944,0.00048455324837221644,0.0025877085763380287,0.001385976759922421,0.00452828833584416,-0.0019717004387012176,-0.0004203616174394274,0.45806748487112076
1781507079.6570926,-0.04493045388632937,0.841861475837254,0.35467719891019184,-0.0472002827095092,0.017553651094375233,-0.06617503352078954,-0.044937183629028876,0.8414580102904803,0.35478530382986917,-0.04788458228116019,0.01780506432213369,-0.06614184338500907,-4.8552158053429115e-05,-8.335364435594311e-05,-0.0001399417576259627,0.004017734116425795,-0.0007879581072163561,-0.00032550316499312793,0.0005681105356681665,0.002000114782981995,-0.00015069877667083916,0.0021026411858175707,-0.0017686951196910767,-0.0006437094525186117,0.4177516134363434
1781507079.667098,-0.044937448201499065,0.8418421940924875,0.3547272520093917,-0.04705485778709612,0.017561277289347643,-0.06618907857394596,-0.04491738203762119,0.8415748919680388,0.35485636224219996,-0.04765200711186836,0.017730181054448124,-0.06614347684130739,-9.640313522367081e-05,-0.0001596257581983534,0.000132580095372479,0.00516943577771338,-0.000611873901687183,-0.00043919032062907776,0.00029136566981881595,0.0016937184330666816,-0.0009684234381207445,0.00046931976594154825,-0.0012806055647994043,-0.0003261772676866025,0.29752735820990384
1781507079.6770928,-0.04494339997310329,0.8418260615073523,0.3547696713533665,-0.04693728294452161,0.01756827228079305,-0.06620051494072915,-0.04491738203762119,0.8415748919680388,0.35485636224219996,-0.04765200711186836,0.017730181054448124,-0.06614347684130739,-0.00013359508940886236,-0.00021883234304005797,0.00034967339800380103,0.005890864673994176,-0.0004631916302002655,-0.0005123564644761811,0.0005172055206482762,0.0014890849582805637,-0.0016387093524704093,0.00013073675905487294,-0.0016120796925320558,-0.000532485233730506,0.26698011284069345
1781507079.6870966,-0.044940506113895225,0.841808454012447,0.35478563068266217,-0.04696424745960505,0.01758310807330976,-0.06624244592596484,-0.04491738203762119,0.8415748919680388,0.35485636224219996,-0.04765200711186836,0.017730181054448124,-0.06614347684130739,-0.0001276827827988576,-0.00032402439729244364,0.00044058130227442907,0.004961464582025087,-0.0002293151877599586,-0.0009060127555849972,0.00027023394868361494,0.001522914640228209,-0.002429741038117334,-0.00019681378224737717,-0.0017181175478703486,-9.836825963029916e-05,0.2451303836865137
1781507079.6970932,-0.044938040126985414,0.8417937170010112,0.35479882500835136,-0.0469914689129072,0.0175958327062975,-0.06627689295229741,-0.04491738203762119,0.8415748919680388,0.35485636224219996,-0.04765200711186836,0.017730181054448124,-0.06614347684130739,-0.00012131867127968121,-0.00040436403618459947,0.0005079771147204197,0.004129286683001784,-4.781299286496236e-05,-0.001176169572161562,-1.9243070469283385e-05,0.0021947952489240097,-0.001557085687924758,0.00189509492244766,-0.0013470505634986518,-3.3544379361136566e-06,0.2272040602421465
1781507079.7070982,-0.04493595950706538,0.8417814533655995,0.35480965826734456,-0.047018137632517956,0.01760662747512276,-0.06630478953369119,-0.04491738203762119,0.8415748919680388,0.35485636224219996,-0.04765200711186836,0.017730181054448124,-0.06614347684130739,-0.00011467250266412872,-0.0004637348384514845,0.0005556440777150292,0.003392733336099101,8.948137068235876e-05,-0.001346396603252216,1.4727074074803384e-05,0.0020352863370929055,-0.0023862311207369547,0.0014242499166236004,-0.0011597452981904,-0.00020554790854225972,0.2125887922738954
1781507079.7170985,-0.044934221451144396,0.8417713149880016,0.3548184814351604,-0.04704366211491837,0.017615681018609886,-0.06632701442594308,-0.04490803449038022,0.8416636398122721,0.354761225935878,-0.0475974484651049,0.01766439117129348,-0.06615657708846455,-0.00010788411988880923,-0.0005055201332883737,0.0005868692612196096,0.00274798990738393,0.00018989615212552892,-0.001437089391278984,0.00034353561789282275,0.0016812256811781087,-0.0020107238441590663,0.0025356770888109764,-0.0008642216836654688,-0.0009092673789482073,0.12473128148354165
1781507079.7270339,-0.0449327842241995,0.8417629974141231,0.3548255987112204,-0.04706763051011628,0.01762318230886728,-0.06634438130496513,-0.04490803449038022,0.8416636398122721,0.354761225935878,-0.0475974484651049,0.01766439117129348,-0.06615657708846455,-0.00010106758710659874,-0.0005326587927742474,0.0006044997707900871,0.002189685079983134,0.00025993116150421167,-0.0014657068606189897,-4.006175942662951e-05,0.0014214437747592605,-0.001828072037153193,0.0027175000348668545,-0.0012461728404039695,-0.00035747377331625817,0.12094766047751289
1781507079.7370934,-0.04492517441010492,0.8418112295073735,0.35472499378846273,-0.047237433321254484,0.017558592158508635,-0.06627274209438078,-0.04490803449038022,0.8416636398122721,0.354761225935878,-0.0475974484651049,0.01766439117129348,-0.06615657708846455,-7.189200546344236e-07,-0.0002406914231496064,-1.3188809971740093e-05,8.298933249211793e-05,-0.0005092801191352255,-0.0005578278076994011,-0.000176830509747934,0.0009546843036046758,-0.00017165921811820688,0.004418885975890716,-0.0006638784020312586,-0.0004455346545759152,0.15293548788499842
1781507079.747093,-0.04491853649388892,0.8418526057643647,0.35463886375970516,-0.04738032321287236,0.017504766489531365,-0.06621198872739684,-0.04490803449038022,0.8416636398122721,0.354761225935878,-0.0475974484651049,0.01766439117129348,-0.06615657708846455,7.984740519121144e-05,-3.258052686013282e-06,-0.0005088855036011578,-0.001497754666962496,-0.0010716877876671364,0.00013768870952408604,0.00014334383445043278,0.0006712695769062944,0.0008194992927086292,0.005402706379677917,-0.00042373330647837683,-0.0011534519662757265,0.22536842122559564
1781507079.7570941,-0.0449230057131898,0.8418648107331119,0.3540661264573774,-0.04749913628394328,0.017460477969351684,-0.06616105656676784,-0.04490803449038022,0.8416636398122721,0.354761225935878,-0.0475974484651049,0.01766439117129348,-0.06615657708846455,0.00014351214039598958,0.0001873883654660155,-0.0009003694049937238,-0.0026411524091034043,-0.0014637488533392076,0.0006550499240550133,-0.00010782761989533527,0.0007509792210119706,0.0017975418775736693,0.006325003259530229,0.00017822687702767528,-0.0011613437345469517,0.7237797744588949
1781507079.767095,-0.044928169461163875,0.8418715821116446,0.3535045890851088,-0.0475966566943786,0.017424546259865004,-0.06611887868746168,-0.04490496597584803,0.8417126584469796,0.3547744931165684,-0.047358799729989375,0.01765439962149329,-0.0661976525291062,0.00019280203604289867,0.00033805979072041464,-0.0012032335760996933,-0.003425564142148588,-0.0017174424305201295,0.0010247630233793088,7.42188054801754e-05,0.0006486875057535209,0.0015511711546580137,0.00491564831854917,0.0002559257219015713,-0.001234842481761965,1.2800200709515037
1781507079.7770913,-0.04493394593679986,0.8418736067943797,0.35295284872516786,-0.04767555346771706,0.01739585852001957,-0.0660844157078491,-0.04490496597584803,0.8417126584469796,0.3547744931165684,-0.047358799729989375,0.01765439962149329,-0.0661976525291062,0.00022992764339589773,0.0004547312049599361,-0.0014311186103825122,-0.0039195288155865924,-0.0018605170763022843,0.0012737277423704061,0.0002221564835045859,0.0008558801403248802,0.0014637572752051419,0.0038355130764101196,-0.00026348095915714246,-0.0009573853943130542,1.828970338028645
1781507079.7870924,-0.04493848887104781,0.8418625276288385,0.3529833854989533,-0.04757173997687507,0.017346915417261632,-0.0660188174217406,-0.04490496597584803,0.8417126584469796,0.3547744931165684,-0.047358799729989375,0.01765439962149329,-0.0661976525291062,0.0002267693957497628,0.000380130728155779,-0.0011846468844086894,-0.0023708481803191763,-0.002225446753894143,0.001824435741016346,0.00015791609846822215,0.000391869952242062,-0.0002790130554752439,0.0014096973896929774,-0.0005149091816833395,-0.0004860539034953796,1.7976793524019818
1781507079.7971,-0.044952091588537364,0.8417836935467863,0.35260396598718324,-0.04738766746550291,0.017381274925918344,-0.066092337071062,-0.04490496597584803,0.8417126584469796,0.3547744931165684,-0.047358799729989375,0.01765439962149329,-0.0661976525291062,0.00015385202641287254,5.123777541255576e-05,-0.0004112325472415123,-8.847987697995939e-05,-0.0015701438645448857,0.000841455210818955,0.00031413183570066616,0.000542629075349062,-0.002318289944884918,-0.0004366753073989672,-0.0007704111663299021,-0.0005230353994322146,2.172200457640319
1781507079.807098,-0.04496530602286121,0.8417130429491159,0.3522075311117234,-0.047232782263203196,0.01741158760461814,-0.06615501011327793,-0.04490496597584803,0.8417126584469796,0.3547744931165684,-0.047358799729989375,0.01765439962149329,-0.0661976525291062,9.336645856673236e-05,-0.00021343789173693627,0.00021485445232382564,0.0016240395321812662,-0.0010361753817712356,8.189509661488484e-05,0.00030434129581601585,0.001039806378520058,-0.0038080326928072415,-0.0006498592257512282,-0.0016205110203710957,-0.0002692065907690379,2.567671124469238
1781507079.8171155,-0.044978201407496456,0.8416495918596919,0.3517960889734481,-0.047104005421175085,0.01743803666388377,-0.06620784103726561,-0.04490496597584803,0.8417126584469796,0.3547744931165684,-0.047358799729989375,0.01765439962149329,-0.0661976525291062,4.36272207544343e-05,-0.00042320793663867763,0.0007147378626383452,0.0028627150796166436,-0.0006077331095594684,-0.0004894691270489302,-0.00013653591356753352,0.0013883779981973033,-0.005465737711479313,-0.0007107029596352972,-0.001892005310664385,0.0009778136666673078,2.97997182245687
1781507079.8270962,-0.04499082978686787,0.8415924487815841,0.3513714552742717,-0.0469983153772779,0.017460865447868068,-0.06625185186152285,-0.04489709724558927,0.8417480669535733,0.35469152540701576,-0.047314658118894556,0.01761259851676855,-0.06621592385907653,3.1450948280364936e-06,-0.00058624322261541,0.0011069743893776219,0.003712450256407398,-0.00027008439216123905,-0.0009041822719211905,-0.00025341608018846455,0.0018499938764654131,-0.006660319497919091,0.00218015027246391,-0.0020086443902569526,0.0014939686915600874,3.3250366149994295
1781507079.8370967,-0.045019944876601076,0.8416013534056942,0.35079907719243314,-0.047180032441122226,0.0174782915136813,-0.06616228929233295,-0.04489709724558927,0.8417480669535733,0.35469152540701576,-0.047314658118894556,0.01761259851676855,-0.06621592385907653,-8.907161088321844e-05,-0.00039436385828135517,0.0006392475272749404,0.0013062976927008503,-9.617183638380852e-05,0.00018000804807517378,-4.3972573377333784e-05,0.002152875206027583,-0.008984084948158298,0.002917322095372931,-0.0027722955067456885,0.0015129743165578718,3.897148894869675
1781507079.8470929,-0.04504626297381305,0.8416057085559714,0.3502368438241808,-0.04733407371176964,0.017493041882076676,-0.06608713104934257,-0.04489709724558927,0.8417480669535733,0.35469152540701576,-0.047314658118894556,0.01761259851676855,-0.06621592385907653,-0.00016197207868996793,-0.000235331265565138,0.00025566904443126095,-0.0005323072676622119,3.677435924217881e-05,0.0009874278041733593,-0.00018868597244514016,0.0017725316035069277,-0.012335867440775944,0.002512748983837085,-0.0026168816239343137,0.000965745075705842,4.459451124554828
1781507079.8570938,-0.045070115042001486,0.841606037453602,0.3496835996086318,-0.04746316215379286,0.017505381131763587,-0.06602482231870219,-0.04489709724558927,0.8417480669535733,0.35469152540701576,-0.047314658118894556,0.01761259851676855,-0.06621592385907653,-0.00021844226635158698,-0.00010468228367661539,-5.549704986503051e-05,-0.0018953405345105859,0.000135385012130248,0.0015653714698407378,-9.69005600589452e-05,0.0011148850899318212,-0.01526564632821772,0.0015351583500945534,-0.0015822874081730062,0.00020071068567854914,5.012926125413864
1781507079.867095,-0.04508150745053133,0.8416259686776942,0.34963764695079924,-0.0475700209723417,0.017515574015025237,-0.06597384648861446,-0.04489709724558927,0.8417480669535733,0.35469152540701576,-0.047314658118894556,0.01761259851676855,-0.06621592385907653,-0.0002610071316087885,1.5256422106984488e-06,-0.0003045896323634406,-0.002864734211577065,0.000205568662738832,0.0019555565831736337,0.00011904203984350111,3.7826752013382054e-05,-0.016706766681922076,0.001769961434080026,-0.0009277072677361311,-0.0005938995731990673,5.05871550523143
1781507079.8770955,-0.04510130026971042,0.8416196893161554,0.3490993091214356,-0.04765729901593506,0.0175238781126954,-0.06593275707868358,-0.04490025658628305,0.8418198770873684,0.35411757665748855,-0.04720711106866288,0.017516741550442028,-0.06617251101414857,-0.0002918698373009465,8.676718226018853e-05,-0.0005006950101676492,-0.003512652216350106,0.0002525308313979394,0.002194380147747616,-4.248223619870793e-05,-0.0007422188332368217,-0.019333433243236317,-0.0003106622097456049,-0.0005600636796387235,-0.0006719319821538314,5.026281206796151
1781507079.8870962,-0.04511945251712736,0.8416106922090182,0.34856707909236817,-0.04772751692013143,0.017530538513120808,-0.06590019973992833,-0.04490025658628305,0.8418198770873684,0.35411757665748855,-0.04720711106866288,0.017516741550442028,-0.06617251101414857,-0.0003129473016498074,0.00015409737378984322,-0.0006517788283609373,-0.0039019641750973866,0.00028080771794021406,0.0023132563839869677,-0.0004608714653570071,-0.0008496770932180496,-0.019946145214709086,0.00036173121528669343,0.00048043371544596874,-0.00014687221695843845,5.558761407889026
1781507079.8970928,-0.045105808502253916,0.8416097287621288,0.3479564614943458,-0.04778772378975506,0.017519889906004504,-0.06593360026944269,-0.04490025658628305,0.8418198770873684,0.35411757665748855,-0.04720711106866288,0.017516741550442028,-0.06617251101414857,-0.0001501624566885397,0.0002733424163269568,-0.0013008379807400222,-0.004126896651825303,0.0001515846114243337,0.0016910013605494194,-0.000831140291040507,-0.0009049421363185446,-0.020473042534611945,0.002234435587565351,-3.1825755019330017e-05,0.0002949716173050146,6.168124022931776
1781507079.9070997,-0.04509542772483082,0.8416052109287401,0.34736267038799196,-0.04783460045929734,0.017510720640472988,-0.0659632373990835,-0.04490025658628305,0.8418198770873684,0.35411757665748855,-0.04720711106866288,0.017516741550442028,-0.06617251101414857,-1.7580442722609852e-05,0.000365605609086369,-0.0018054023046088087,-0.004182466984711039,5.062388295278294e-05,0.0011784773395896162,-0.0008383071688984438,-0.0005730412252377772,-0.020228414076709812,0.0013744862722722482,0.0001938258420475381,0.0006779245928882279,6.761133931720824
1781507079.9171026,-0.04508794071080373,0.8415976113348514,0.3467835819509258,-0.04787020614100045,0.01750291088139333,-0.06598924355645688,-0.04490025658628305,0.8418198770873684,0.35411757665748855,-0.04720711106866288,0.017516741550442028,-0.06617251101414857,8.907560065396043e-05,0.0004350394289058319,-0.002187576717171158,-0.004109618780109171,-2.640000353181177e-05,0.000762200748783856,-0.0007660331676035126,-0.0008804676526323119,-0.021930866034944516,-0.001242303827931509,0.0004442946205473324,0.0008729437514835776,7.339761968294996
1781507079.9270935,-0.04508301185063013,0.8415873496242081,0.34621730153002556,-0.04789639225090649,0.01749633362035552,-0.06601181733994999,-0.04492473213540227,0.8417781002094187,0.35309277263333355,-0.04719381100546072,0.01751539905857924,-0.06616553566686577,0.0001735675305239095,0.0004852666440424776,-0.0024666572569440044,-0.003942544888154516,-8.338254771262437e-05,0.00042943411647654853,-0.0004885226931217616,-0.0003267090814016832,-0.023426343927599416,-0.000847436555881331,0.0008211092921887149,0.0008025619651924918,6.879937583033297
1781507079.9370987,-0.04508033728728362,0.8415747969540359,0.3456621434521294,-0.04791480382996252,0.01749085994063737,-0.06603120149228084,-0.04492473213540227,0.8417781002094187,0.35309277263333355,-0.04719381100546072,0.01751539905857924,-0.06616553566686577,0.00023919610657970985,0.0005194388827740962,-0.0026594405696450407,-0.0037094440873551935,-0.00012379058124295484,0.00016834769187078636,-0.0007848389133193165,-0.0006286695007459946,-0.027378961900071663,-0.003194113422011649,0.0006963149212188899,0.0015163319347300246,7.435038345933637
1781507079.9470932,-0.04508756903079122,0.8415049462665154,0.34524414360283473,-0.04774752512937319,0.017578982915288144,-0.06610139768496154,-0.04492473213540227,0.8417781002094187,0.35309277263333355,-0.04719381100546072,0.01751539905857924,-0.06616553566686577,0.00019699931115425246,0.00022880773478996865,-0.0020319724250260065,-0.0014646546005098117,0.000886939382647611,-0.0005693560669099472,-0.0007652528940311294,-0.0007748643014911148,-0.03069681184961227,-0.003483958887163057,0.000249564876595027,0.0016137461017867105,7.855068846891949
1781507079.9571009,-0.04508194265067977,0.8414601497688168,0.3453284402856925,-0.047581878076479796,0.0175855875493085,-0.06611383726348159,-0.04492473213540227,0.8417781002094187,0.35309277263333355,-0.04719381100546072,0.01751539905857924,-0.06616553566686577,0.00021541026930235857,-3.5339601948464064e-05,-0.0014255512803962149,0.0005060218416028609,0.0008682415779779878,-0.0006393833431092816,-0.0008150024576813963,-0.000837024564776347,-0.03356836077112119,-0.00556574987867151,-4.4617000751410934e-05,0.0018726651259023054,7.772429763813772
1781507079.9670894,-0.04508764562187552,0.8413987783599877,0.344901982963145,-0.04744300782795502,0.01759037617647219,-0.06612367416212536,-0.04492473213540227,0.8417781002094187,0.35309277263333355,-0.04719381100546072,0.01751539905857924,-0.06616553566686577,0.00022746062538238034,-0.0002469422035478328,-0.0009206694841929944,0.001968731946804395,0.0008304703975962567,-0.0006743442971058785,-0.0006437120633121213,-0.0007395500148653033,-0.032413760435567686,-0.0032290721591994955,-0.00041833431145042635,0.0015498947097749198,8.201186578221352
1781507079.977089,-0.045094202246720116,0.841343251506807,0.34446541238903855,-0.04732800177821388,0.01759367252587274,-0.06613129212937595,-0.04496241484912,0.8417440514748857,0.35162913769796716,-0.04737370685448246,0.017509530361897285,-0.06609035979466368,0.00023425217064128784,-0.0004136820826549808,-0.0005036981158288917,0.003010801664231214,0.0007794409332688992,-0.0006820758841074887,-0.0004579391540991735,-0.0010462042673058344,-0.03415671523218849,-0.003666858086664296,-0.000583764601026654,0.00036684169527962784,7.176138852778874
1781507079.987094,-0.045101489234319926,0.8412928350612685,0.3440199024867448,-0.04723402438679545,0.01759576014045372,-0.06613703931138182,-0.04496241484912,0.8417440514748857,0.35162913769796716,-0.04737370685448246,0.017509530361897285,-0.06609035979466368,0.00023673602798455448,-0.0005422946090262917,-0.00016258232937640818,0.003709175463271791,0.0007198734400616871,-0.0006691950060766012,-0.0001054399415439074,-0.0008637510658933597,-0.035615133452629,-0.0028896807448881953,0.00017522755270811194,-0.0009799943604119762,7.623870305575942
1781507079.9970882,-0.04512042664818461,0.8413021893022344,0.34342028321372464,-0.047400330369946515,0.01759656805478893,-0.06620098466595947,-0.04496241484912,0.8417440514748857,0.35162913769796716,-0.04737370685448246,0.017509530361897285,-0.06609035979466368,0.00013956634402893266,-0.0003337433575935036,-0.0007303569469748471,0.001500968072332758,0.0006834557923401907,-0.0012929335640535099,-0.00024127721693056398,-0.0010855001868507188,-0.03675999836011274,-0.0009021121745796054,0.0003784248948954475,-0.001089619641270794,8.2222564939153
1781507080.0070941,-0.04512805085971182,0.8413300709872332,0.34333476697979337,-0.04754156488836424,0.017596667029194046,-0.06625355309175043,-0.04496241484912,0.8417440514748857,0.35162913769796716,-0.04737370685448246,0.017509530361897285,-0.06609035979466368,5.97926832218692e-05,-0.00016209514480872966,-0.0011768968025550014,-0.00019465066196600435,0.0006374470338014097,-0.0017248940522299537,-0.0001278287344165744,-0.0007500968480285536,-0.0382425311275776,-0.0006515410581765374,-0.0004089815813746857,-0.001158909232572343,8.306347015545441
1781507080.0170946,-0.04514514430214158,0.8413308181185031,0.3427628561461343,-0.04766014822853469,0.017596234165708546,-0.06629615800643776,-0.04496241484912,0.8417440514748857,0.35162913769796716,-0.04737370685448246,0.017509530361897285,-0.06609035979466368,-5.005103959026619e-06,-2.2246657838800052e-05,-0.0015204545326634846,-0.001459790825765652,0.0005855149273835837,-0.00200133642989127,-0.000423153363346573,-0.00161679183946362,-0.03764559641338793,-0.001241687420093571,0.0008091347091232527,-0.0009651136543172497,8.877786909821673
1781507080.0270905,-0.0451614604449955,0.8413279780463714,0.3422023064208129,-0.0477585138626318,0.017595416261652952,-0.0663301312340134,-0.0449765284943493,0.8416918903614192,0.34984395510394833,-0.04747589269373022,0.017495622522089915,-0.0661202123358701,-5.695960810025811e-05,9.030184066219548e-05,-0.0017769877519770551,-0.0023677579902343514,0.0005305688488960277,-0.002153686355036426,-0.0005140642264827969,-0.0023485701479217577,-0.035391256874455594,-0.0022003128031278163,0.002589054383773672,-0.001421284717526572,7.652543799017348
1781507080.0370932,-0.04514463583000243,0.841320901134419,0.34220058801736153,-0.04783467596231365,0.017605050654277976,-0.06634628112289204,-0.0449765284943493,0.8416918903614192,0.34984395510394833,-0.04747589269373022,0.017495622522089915,-0.0661202123358701,4.587442352996564e-05,2.3701704886879574e-05,-0.0016436785188346176,-0.0029376084634770237,0.0005862888825704864,-0.002089623470039298,-0.0007109003491015378,-0.002218619272182915,-0.03376491798727115,-0.0014646628921665301,0.002450955419668525,-0.0014415502801103076,7.654211488009007
1781507080.0470927,-0.04514075143815168,0.8412913945389143,0.3417009179626207,-0.04789600349509802,0.017612707185721943,-0.06635792263203369,-0.0449765284943493,0.8416918903614192,0.34984395510394833,-0.04747589269373022,0.017495622522089915,-0.0661202123358701,0.00012784554776072344,-3.0063420733579527e-05,-0.001515834369712009,-0.003284168320262168,0.0006119845232125272,-0.0019844252734811806,-0.0006798271382272316,-0.0012925424391498608,-0.03154131999562315,0.004913787132198105,0.0022311280308230158,-0.0021370903967191826,8.154533706114432
1781507080.0570965,-0.04513912136955935,0.8412626160196435,0.3412023829761625,-0.04794453722592047,0.01761867266847883,-0.06636586732987157,-0.0449765284943493,0.8416918903614192,0.34984395510394833,-0.04747589269373022,0.017495622522089915,-0.0661202123358701,0.00019202983267303428,-7.28436860564369e-05,-0.0013939973584951543,-0.003453937660183011,0.0006144818402408507,-0.0018512851846701499,-0.0006856366092936723,-0.0011224924013336756,-0.03364240165839873,0.0024220414152545584,0.0015284938435674927,-0.0019366675949551778,8.653755354948562
1781507080.0670934,-0.04513944651532847,0.8412344961528704,0.3407047503880614,-0.04798215645221643,0.017623208140056024,-0.06637082453951818,-0.0449765284943493,0.8416918903614192,0.34984395510394833,-0.04747589269373022,0.017495622522089915,-0.0661202123358701,0.0002411220404519946,-0.00010626353104886289,-0.0012785265149541354,-0.003486596705288619,0.0005995300525107986,-0.0017008534710255332,-0.00028049389802256125,-0.001210631153023182,-0.03265405433821079,0.0036678980177467088,0.0018669394000791217,-0.0029653943969895737,9.152093453547305
1781507080.0770955,-0.045131086664266205,0.8412303315629991,0.340707164578246,-0.04801056804219905,0.017626548220768923,-0.06637340754724577,-0.04500637671093971,0.841614933570672,0.34815536939478814,-0.04738805025966483,0.017602330317279646,-0.06621732560748952,0.0002774766857734823,-0.0001317456185344145,-0.0011696293927409185,-0.0034156296095675933,0.0005719142408915039,-0.001541583365581402,-0.00037675633161957355,-0.002093825143746715,-0.0340036309285009,-0.0009563405277640053,0.0010621810407579618,-0.002006022776912172,7.459170615150589
1781507080.0870929,-0.04512586199117395,0.8411856680300833,0.3403166613528996,-0.04779629154940555,0.017645428469415192,-0.06637167530676562,-0.04500637671093971,0.841614933570672,0.34815536939478814,-0.04738805025966483,0.017602330317279646,-0.06621732560748952,0.0003581537986687235,-0.00021784147231904475,-0.00047984835382205917,-0.0007037723394818021,0.0007139960268957707,-0.001344521680921289,-0.000337720918342859,-0.0019561020108761016,-0.03545533336956005,-0.0031888037003038206,0.0001311465659731708,-0.0018491070422022087,7.851362264123169
1781507080.097092,-0.04512211764682633,0.8411340992489146,0.3398692536886044,-0.04761786626403926,0.017630686759805503,-0.06633019045649476,-0.04500637671093971,0.841614933570672,0.34815536939478814,-0.04738805025966483,0.017602330317279646,-0.06621732560748952,0.00044610739680383713,-0.0003526718568327358,-0.00018584637643203375,0.0013129098218566905,0.00045331962120890516,-0.00075310212828103,-0.0003842784603195967,-0.003073594817962886,-0.038271043204159465,-0.006269719722300302,0.0009069411336084217,-0.0018906825898629036,8.300862070019296
1781507080.1070974,-0.04512060095062907,0.8410870352944528,0.3394143002661627,-0.04746898836246204,0.017617899725504094,-0.06629458900729482,-0.04500637671093971,0.841614933570672,0.34815536939478814,-0.04738805025966483,0.017602330317279646,-0.06621732560748952,0.0005110615503712804,-0.0004564413591436496,5.2525380091674216e-05,0.0027880031928772353,0.0002456036358763953,-0.00028935234879352547,-0.0004403055030707109,-0.0028604707312826264,-0.03933596207676812,-0.0062444077760484065,-0.0008299602007759556,-0.0014613619190420868,8.757740192445558
1781507080.1170976,-0.045121007747975436,0.8410439004169005,0.33895268988128774,-0.04734632443083943,0.017606928126370436,-0.06626437004642216,-0.04500637671093971,0.841614933570672,0.34815536939478814,-0.04738805025966483,0.017602330317279646,-0.06621732560748952,0.0005567293322391299,-0.0005339611541702961,0.00024321827664544986,0.003816925181106403,8.325269522096822e-05,6.604352107772768e-05,-0.0007321755713487646,-0.002321160623272849,-0.03742418084130276,-0.00545730976187284,-0.0006596119929360282,-0.0004926801270816449,9.22109154957037
1781507080.1270916,-0.04512307359769308,0.8410041765481848,0.338485233068984,-0.04724665931762657,0.017597617794054665,-0.06623901095939683,-0.04502996493836087,0.8414896134453154,0.34630963202801335,-0.04762416990908307,0.017588175251194826,-0.0662944102653641,0.0005863358755314078,-0.0005894261344139151,0.00039321959185023163,0.004483381731999883,-4.066538329177617e-05,0.00033052444246571143,-0.0005314621231554363,-0.002035807461018001,-0.03649236519693061,-0.004549835621537789,-0.0005924603045062471,-0.0005141908568118883,7.839995999590701
1781507080.1370947,-0.04511624318856344,0.8409903419035215,0.33851203139960984,-0.04716695448972725,0.017589807596548157,-0.06621798718117093,-0.04502996493836087,0.8414896134453154,0.34630963202801335,-0.04762416990908307,0.017588175251194826,-0.0662944102653641,0.000602673742734172,-0.0006264833038490732,0.0005086541290447818,0.004860012529609342,-0.000132396256482053,0.0005196456501147481,-0.0001452927258093629,-0.002153628302720649,-0.035393474809315414,-0.002993722377417208,0.0009719723910677813,-0.0007099854257499896,7.814044507742585
1781507080.1470916,-0.04511140573984824,0.8410178990529721,0.3379176923397624,-0.0472941948738414,0.01755899264515559,-0.06612054266500984,-0.04502996493836087,0.8414896134453154,0.34630963202801335,-0.04762416990908307,0.017588175251194826,-0.0662944102653641,0.0007046179171109955,-0.0002880158059837438,-8.409692632888445e-05,0.0029215811206214103,-0.0005038786337941104,0.001509498555031375,-0.00015706660210320223,-0.0021888541426999574,-0.03728063947781082,-0.0009767903814093786,0.000617678559854122,-0.0003554978682570867,8.405581407810676
1781507080.1570938,-0.045108874707164945,0.841038315892562,0.33733686541113483,-0.04740392492752858,0.01753348255035747,-0.06603998611951016,-0.04502996493836087,0.8414896134453154,0.34630963202801335,-0.04762416990908307,0.017588175251194826,-0.0662944102653641,0.0007775277388972724,-1.2653732998292057e-05,-0.0005588759662546312,0.0013892083303686474,-0.0007684034558259803,0.0022098504101603893,-0.00017770029797912253,-0.0019043049848919624,-0.038798084063947975,0.0018224920840536779,-0.00022065792982569812,4.924621160315317e-05,8.984455297551623
1781507080.1670988,-0.045108340439651236,0.8410524313353057,0.3367679594715302,-0.0474975309483222,0.017512643171635922,-0.06597428892066491,-0.04502996493836087,0.8414896134453154,0.34630963202801335,-0.04762416990908307,0.017588175251194826,-0.0662944102653641,0.0008262057204510905,0.00020855988205719893,-0.0009329343069199219,0.0002030267786397187,-0.000945553306483102,0.002674116464699154,-0.00021701921844161586,-0.0018325604972592984,-0.03715589322772437,0.005386622562936156,0.0012587571436030861,-0.00026146049503416344,9.55200429709171
1781507080.1770906,-0.04510953655423921,0.8410610045615308,0.33620953609572496,-0.04757649312658995,0.017495871992371015,-0.06592152420399239,-0.045043320653438024,0.8413877419316887,0.34443084545762453,-0.047632833341905934,0.017595051145993246,-0.06630835250023775,0.00085481423177811,0.0003835015677208435,-0.0012213970753339079,-0.000691296350100095,-0.001052391074124524,0.002948781754951087,-3.124624141058453e-05,-0.0011052941632973489,-0.035197447161289634,0.006374514975460275,0.0009601719273913162,-0.0003690103075917162,8.22806596221945
1781507080.1870933,-0.04511223314146744,0.8410647198505183,0.3356602993433802,-0.0476423214653892,0.01748260662416601,-0.06587989411118732,-0.045043320653438024,0.8413877419316887,0.34443084545762453,-0.047632833341905934,0.017595051145993246,-0.06630835250023775,0.0008669490123353759,0.0005190807019662639,-0.0014374909001992283,-0.0013424597662231653,-0.001103625009704158,0.0030738661976468917,-0.0004819919132779941,-0.0016714711208222048,-0.03436125289643571,0.0052035431077079985,0.0016180450416144495,0.0013678163574971079,8.776763146970318
1781507080.1970887,-0.0451111602374422,0.84105788834706,0.33511459543989197,-0.047678110885931574,0.017509085385810863,-0.06595553848117904,-0.045043320653438024,0.8413877419316887,0.34443084545762453,-0.047632833341905934,0.017595051145993246,-0.06630835250023775,0.0008499909023248319,0.0005873694699945728,-0.0016287376271840286,-0.0015721028024132267,-0.0006549753425640493,0.001927318460571212,-0.0001982222837517038,-0.001705062462743842,-0.03684374812036824,0.003908840859130492,-0.00037617072436893994,0.001935222438429118,9.322334471008446
1781507080.2070935,-0.04510254436288323,0.8410359882894884,0.3351530529166904,-0.04755954758248699,0.017523622072732392,-0.06598968877229253,-0.045043320653438024,0.8413877419316887,0.34443084545762453,-0.047632833341905934,0.017595051145993246,-0.06630835250023775,0.0008354084940067332,0.00042959458428686785,-0.0013236612896464464,-9.95489382818709e-05,-0.00040748330981366885,0.0013521231967915303,-0.0005648885896971399,-0.001520746054284147,-0.03920656396596265,0.0037286289503222075,-0.0004612235643684344,0.0035655490251733594,9.284647139508037
1781507080.2170913,-0.045105872178204706,0.8409939175137813,0.334687296342212,-0.04745975646163742,0.017536165878627497,-0.06601966913841309,-0.045043320653438024,0.8413877419316887,0.34443084545762453,-0.047632833341905934,0.017595051145993246,-0.06630835250023775,0.0008131166542425509,0.00029749374232133956,-0.0010619820638618567,0.0010065110300740419,-0.000210899240018116,0.0008841354427824718,-0.00023440920957374344,-0.0010238124247132186,-0.03971062687417267,0.004377215580956887,-0.001380532546487657,0.002984357733724554,9.75170547800984
1781507080.2270958,-0.045110626469204676,0.8409545290911419,0.3342171854543057,-0.04737676222099889,0.017546872827771898,-0.06604570465887537,-0.04505598988339998,0.8413124046595224,0.342546544729441,-0.04741495176019541,0.01759482494740494,-0.06620324088117878,0.0007849183501366548,0.00018767718518708938,-0.0008384566157806217,0.0018076935793742777,-5.783800595649533e-05,0.0005092852814594,-0.0002290315041697606,-0.0011402049839057495,-0.0399859370738187,0.0014158327137669374,-0.001362647855898475,0.0029989440769965193,8.337222919727838
1781507080.2370937,-0.04511021199477752,0.8409011644929755,0.3338096025054144,-0.047121753547123904,0.017548107122695056,-0.06611989779913699,-0.04505598988339998,0.8413124046595224,0.342546544729441,-0.04741495176019541,0.01759482494740494,-0.06620324088117878,0.0007749361249538525,2.256527832280374e-05,-0.0002952064104314175,0.004408509576296201,-3.954305271804942e-07,-0.0003546194643640014,-0.0002872928165638909,-0.0026639067845158097,-0.041667850215577194,-0.004614719103743198,-0.0009124289292039684,0.0033237777187700938,8.74678329089744
1781507080.2470965,-0.04512030120076596,0.8408584252492317,0.33335242867269194,-0.04703857756948404,0.01754084390339483,-0.06618187218769958,-0.04505598988339998,0.8413124046595224,0.342546544729441,-0.04741495176019541,0.01759482494740494,-0.06620324088117878,0.0007035773902997564,-9.186056710764713e-05,-3.786679046040005e-05,0.004847126370344106,-4.792043209326355e-05,-0.0009953594396884815,-0.0005090464799936226,-0.0018222858107429238,-0.04106401407982708,-0.0033362198100268655,0.00026002657957236916,0.0027039451985164664,9.205541989230209
1781507080.257098,-0.04513091091759071,0.8408187736844677,0.33288891888810235,-0.04697305366192905,0.0175348237454942,-0.06623308735772505,-0.04505598988339998,0.8413124046595224,0.342546544729441,-0.04741495176019541,0.01759482494740494,-0.06620324088117878,0.0006373774739965604,-0.00018255459711391585,0.0001691983582115717,0.005043088060722016,-8.222759036979027e-05,-0.001448197683272891,-0.000382584193801501,-0.0014839350835836416,-0.04217786496446546,-0.002314710670847424,0.00031508264952383245,0.00194495536648839,9.670523336003598
1781507080.267103,-0.045141945506382515,0.8407818059298192,0.3324198676930159,-0.04692254949882362,0.017529898883320794,-0.06627483901351326,-0.04505598988339998,0.8413124046595224,0.342546544729441,-0.04741495176019541,0.01759482494740494,-0.06620324088117878,0.0005761577387210645,-0.00025304817738938375,0.0003332807853870067,0.005051872491724872,-0.00010568947935202201,-0.001747852312514544,-0.0003857121981652272,-0.0012127723365066736,-0.04353284919627359,-0.003124431217577559,-0.0004865822888461437,0.002230061611431484,10.140932461127264
1781507080.2771077,-0.04515331874815465,0.8407471623476941,0.331945987977136,-0.046884681617716875,0.01752592886628168,-0.06630835705191196,-0.04507051849568716,0.8412294578095236,0.3404299047948122,-0.04753162581275083,0.01754225956610167,-0.06607479190859983,0.0005197116752758182,-0.0003064321537133894,0.00046077874676691313,0.0049201708863728195,-0.00012038128152160449,-0.001924529439368008,0.00025183410902144746,-0.0008032573826979249,-0.04162022431146679,0.0029026679014631245,0.0006626102009618547,-0.000174189584813773,8.498017966770828
1781507080.287097,-0.04516495389429181,0.8407145240522134,0.3314679167203139,-0.04685731826590942,0.017522782518823332,-0.06633478839133847,-0.04507051849568716,0.8412294578095236,0.3404299047948122,-0.04753162581275083,0.01754225956610167,-0.06607479190859983,0.000467813016352234,-0.0003454045701506393,0.0005572921525791774,0.004686812882927402,-0.0001280983929347205,-0.0020042276715144668,-0.00011494532247389645,-0.0011555645501740964,-0.04224553099655093,0.0006239952182853459,0.001510240322675736,-0.0002843099831280397,8.977266012900449
1781507080.2970898,-0.04515870414290868,0.8407399899110619,0.3308825091501719,-0.046923825888079765,0.017506467602655507,-0.06638210687840672,-0.04507051849568716,0.8412294578095236,0.3404299047948122,-0.04753162581275083,0.01754225956610167,-0.06607479190859983,0.0005275390058129119,-2.1059119675914282e-05,-5.190620235007311e-06,0.0034581024329149077,-0.00026769272249719525,-0.002309700818959956,0.00026349735376656375,-0.002572134914109314,-0.04358465475927529,-0.0019072743946770875,0.001174352817659455,-0.0008972819529039032,9.56034095246069
1781507080.3070917,-0.04514497333089608,0.8407814528162257,0.3308085815582609,-0.046982902415966754,0.01749308576921238,-0.06641979734489867,-0.04507051849568716,0.8412294578095236,0.3404299047948122,-0.04753162581275083,0.01754225956610167,-0.06607479190859983,0.0005688009718078146,0.0002395835405308356,-0.0004566709185668965,0.002442814585641597,-0.00036497312890270724,-0.002475355641755272,0.000731663440894085,-0.0017168261279238697,-0.04216926519204211,0.004880553272347137,-0.0011771134426569034,-0.0023026112191151197,9.63203575671876
1781507080.3170981,-0.04514394148136057,0.8407940514606531,0.33024596666106204,-0.04703479417942274,0.017482268708117088,-0.06644924239944008,-0.04507051849568716,0.8412294578095236,0.3404299047948122,-0.04753162581275083,0.01754225956610167,-0.06607479190859983,0.0005947176844719067,0.0004457847038174462,-0.0008133206967236583,0.0016152280256078984,-0.0004278826598491814,-0.002531715674157308,0.0004593522397450305,-0.0021305354757590726,-0.04273103804181654,0.00405062300606088,-0.00023265200819586453,-0.002288707031665286,10.193506047259357
1781507080.327097,-0.04514499516635317,0.84080134117844,0.32969275455555136,-0.047079882360902534,0.017473670081344483,-0.06647170363988021,-0.04504981722021223,0.8411410861840991,0.33827275236594007,-0.047406186415215414,0.017543367692674616,-0.06614084879012261,0.0006079872486791625,0.0006056689168851024,-0.0010893239644253357,0.0009509328037303036,-0.0004633145134488589,-0.0025046426707352938,0.0003384529535225694,-0.0014936016938685468,-0.04103530280905083,0.007023959233475144,0.0003603553559609076,-0.0021978479158665056,8.587249148393038
1781507080.3370943,-0.04514783803112549,0.8408039803165885,0.32914779124819005,-0.047118638760250076,0.017466969518599162,-0.06648831746598441,-0.04504981722021223,0.8411410861840991,0.33827275236594007,-0.047406186415215414,0.017543367692674616,-0.06614084879012261,0.0006109358827975361,0.0007263452304900991,-0.001297089137043475,0.0004271696862502564,-0.0004771863554501952,-0.0024157976135625696,2.414546210331373e-05,-0.0012376922079228388,-0.03992417673797006,0.006138690820289039,-0.00020946650706883834,-0.001481592929751744,9.131711988763762
1781507080.3470922,-0.04513759099296511,0.8407555695167281,0.32923355217108785,-0.04694839888955003,0.017488281459582256,-0.06652005044332256,-0.04504981722021223,0.8411410861840991,0.33827275236594007,-0.047406186415215414,0.017543367692674616,-0.06614084879012261,0.0006226968784341926,0.00039125966880714056,-0.0007294299177265748,0.0022451520802092033,-0.00017675659784369775,-0.0024871242914546697,0.0003485908258264199,-0.0008310803542371566,-0.03967388626956159,0.009044540932797718,0.0008869634339259932,-0.003597940435490232,9.047843251218515
1781507080.3571005,-0.04512931465319273,0.8407139298843181,0.32930722937566254,-0.04680723474347852,0.01750648121500409,-0.06654446437081475,-0.04504981722021223,0.8411410861840991,0.33827275236594007,-0.047406186415215414,0.017543367692674616,-0.06614084879012261,0.0006242480882606624,0.00011730431881959707,-0.0002644857189894563,0.0035458458587931735,5.3199879787171314e-05,-0.0024724913158710943,1.9509284489219907e-05,-0.0013629221542383503,-0.04132374279948723,0.005996166946114127,0.00013030292472432836,-0.0030038073562812483,8.976045055339684
1781507080.3670995,-0.04512272507805394,0.8406782642205752,0.3293702410220305,-0.04669171990028687,0.017521849330722095,-0.06656272654877515,-0.04504981722021223,0.8411410861840991,0.33827275236594007,-0.047406186415215414,0.017543367692674616,-0.06614084879012261,0.0006175835007423597,-0.00010410604596157924,0.00011211030377906186,0.004423349993950332,0.00022405448536135222,-0.0023938512952661113,4.783550334206286e-05,-0.0015861856700190274,-0.042083684360443574,0.0057716605007548565,0.0009407264953936129,-0.003730550360713905,8.914831908347669
1781507080.377097,-0.04511757078533173,0.84064785278125,0.3294238724855408,-0.0465985850177347,0.01753467396528685,-0.06657587990213476,-0.04504407754311107,0.8410734506965208,0.33624346770540936,-0.04710723409822339,0.017563788015088955,-0.0662701409489213,0.0006044079387801524,-0.00028052921318530866,0.0004130109288147319,0.004959753335313805,0.0003459462365850657,-0.0022694048574071037,-0.0004738494256773062,-0.0011654170904579902,-0.04146373028047815,0.005077037207687926,-0.000535383622906256,-0.0023552247574443815,6.833257920274148
1781507080.3871007,-0.0451136301384666,0.8406220479641406,0.32946928384751245,-0.04652476792829025,0.01754524099133392,-0.06658484562220147,-0.04504407754311107,0.8410734506965208,0.33624346770540936,-0.04710723409822339,0.017563788015088955,-0.0662701409489213,0.0005861724890858666,-0.0004186024053402038,0.0006493326043379055,0.005225899000818203,0.0004278129723841603,-0.0021140431378948847,-0.00021124115360696887,-0.0018324514829456016,-0.041807422202897605,6.437897621588154e-05,-0.0006594658911642019,-0.00251184457645271,6.789563235651618
1781507080.3970938,-0.045123280822189124,0.8406374176552841,0.32943326934453965,-0.046596522648979274,0.01754207837332844,-0.06650663374886687,-0.04504407754311107,0.8410734506965208,0.33624346770540936,-0.04710723409822339,0.017563788015088955,-0.0662701409489213,0.0005173626608347192,-0.00030428264422781856,0.00040433862778616416,0.0038570414318600844,0.0003070601437914054,-0.0010320733340579802,-0.0004016629487605638,-0.002155995806547887,-0.0405568465507845,-0.0016692084418397232,0.0009594634594687031,-0.001850953992345472,6.824602529588034
1781507080.4070907,-0.04513182682151761,0.840650814686566,0.32940200859506097,-0.04666039967569085,0.01753918566972601,-0.06643989057271676,-0.04504407754311107,0.8410734506965208,0.33624346770540936,-0.04710723409822339,0.017563788015088955,-0.0662701409489213,0.00045556846785918374,-0.00020865423914447073,0.0002025406599182557,0.002725824370459008,0.0002081894134948756,-0.00019313922568394196,-0.0002765323337294327,-0.00181226528285462,-0.03865242199343094,-0.00016324915933809797,0.0006648617484604613,-0.002129679739721334,6.855062646784523
1781507080.4170964,-0.04513935491571967,0.8406624466172141,0.3293749916997688,-0.046716625690477756,0.01753657363330352,-0.06638356744362964,-0.04504407754311107,0.8410734506965208,0.33624346770540936,-0.04710723409822339,0.017563788015088955,-0.0662701409489213,0.0004001892336996075,-0.0001292424618557616,3.7976273269440825e-05,0.0018036279725810165,0.00012841796586808153,0.000440732520953215,0.0001327287138502932,-0.0015355315002829927,-0.03757306750813754,0.001250518957240092,-0.0004997364984116616,-0.002013185008915509,6.881421711463265
1781507080.4270964,-0.04514595364256227,0.8406725048330451,0.32935174943354023,-0.046765579971638466,0.017534242737340833,-0.0663365934234474,-0.04505364148536123,0.8409865432313022,0.3342205214658383,-0.04708176876382264,0.017562867786759417,-0.06637540048925236,0.0003506614673790997,-6.385518583530533e-05,-9.46127961326142e-05,0.0010632868442001211,6.513858213455661e-05,0.0009036071649666758,6.13920086234892e-05,-0.0020995277768317204,-0.0373486890022335,-0.00017813509894989166,0.0003791160760515309,-0.0019179321212641532,4.8797625713178805
1781507080.437093,-0.04513625261569769,0.840698650000011,0.3293062221167961,-0.0469090845961174,0.017510280501150888,-0.06635079539986555,-0.04505364148536123,0.8409865432313022,0.3342205214658383,-0.04708176876382264,0.017562867786759417,-0.06637540048925236,0.0003877091138240567,9.026093967584951e-05,-0.000324860366564651,-0.0006167744625838773,-0.00019570112001697124,0.0006378630768460928,2.6613752011866167e-05,-0.0021926977201471042,-0.03247682598903872,0.00220790666321217,-0.001016477091527559,-0.0010091997754291151,4.9234180406984835
1781507080.4470925,-0.045112927681657006,0.8406933117467056,0.32931880905792427,-0.04676868598386363,0.017475410133404035,-0.06629199104412889,-0.04505364148536123,0.8409865432313022,0.3342205214658383,-0.04708176876382264,0.017562867786759417,-0.06637540048925236,0.0005402462191727885,6.598554353351565e-05,-0.00027820051645194944,0.0009719832218466789,-0.0005849688732326508,0.0011915677552198395,-0.00020078280752163722,-0.00231246528553775,-0.029315382976171058,0.0018256849129117925,-0.00012852238866150288,-0.0005148906719871987,4.910833339315068
1781507080.457093,-0.045093065502499426,0.8406887484763178,0.3293295603672748,-0.04665151221995809,0.01744655946065632,-0.06624365356846659,-0.04505364148536123,0.8409865432313022,0.3342205214658383,-0.04708176876382264,0.017562867786759417,-0.06637540048925236,0.0006558534439606769,4.566180340788893e-05,-0.00023721815846183142,0.002135779119493505,-0.0008606268831086955,0.0015738213720885934,-0.00036201256607770483,-0.0013076387866886297,-0.024533861100897694,0.003980767874682287,0.0005362400307614053,-0.00031607556071428476,4.900177184233766
1781507080.4670982,-0.04507622346696701,0.8406848741370804,0.3293386726602898,-0.046554947012018476,0.017423010430195562,-0.06620448081594119,-0.04505364148536123,0.8409865432313022,0.3342205214658383,-0.04708176876382264,0.017562867786759417,-0.06637540048925236,0.0007403494911870404,2.8767869063783036e-05,-0.00020131282680928362,0.002949309423892956,-0.0010436141803631565,0.0018171497157236634,-0.00031933117761218213,-0.0012335950168567752,-0.021078013626205448,0.003439094011547885,0.0005040755039129915,0.00023084004664858797,4.891212727794303
1781507080.4770973,-0.04506201277696057,0.8406816079703361,0.3293463344684079,-0.04647646604578377,0.01740407953802614,-0.06617324646478617,-0.04506419257368727,0.8409054156056583,0.3328492716080686,-0.04693849499140273,0.017581899938489576,-0.0663981473596339,0.0007987996696111682,1.48413540211705e-05,-0.00016993815260425558,0.0034781291547015215,-0.0011521566407696577,0.0019497258914280863,1.390961589411932e-05,-0.0009613560945174443,-0.019405005544730753,0.0024708618778759815,-0.0007789958287498413,0.0007411656249579462,3.510080228934472
1781507080.487039,-0.04505009173982155,0.8406788750640278,0.3293527234830219,-0.04641368300354381,0.017389127938198357,-0.0661488145498195,-0.04506419257368727,0.8409054156056583,0.3328492716080686,-0.04693849499140273,0.017581899938489576,-0.0663981473596339,0.0008356003007180698,3.473466612080494e-06,-0.00014259811754035494,0.0037791497463054414,-0.0012019482925548618,0.001995690543636933,4.862627783097004e-05,-0.0004785643498922121,-0.01791872344144939,0.0038834142363956877,-0.0004552192500881172,0.0011814330578073812,3.5039075674574285
1781507080.497086,-0.045041827608561125,0.8406472139686347,0.3295011050894077,-0.046287028321851095,0.017412809477337143,-0.06613852193846395,-0.04506419257368727,0.8409054156056583,0.3328492716080686,-0.04693849499140273,0.017581899938489576,-0.0663981473596339,0.0008362402061295099,-0.0001842009336581578,0.0007702938219519635,0.004747372149599371,-0.0008179733185778755,0.001902013080074465,-0.0002559643264717272,-0.00032971584050229256,-0.017137738254743493,0.0035994046489416878,0.0005569022950390578,0.0017030185352668774,3.35818214421262
1781507080.5070984,-0.04503507299692635,0.8406202727515418,0.32962757777116103,-0.046184890406542806,0.017433394491683796,-0.06613164317227634,-0.04506419257368727,0.8409054156056583,0.3328492716080686,-0.04693849499140273,0.017581899938489576,-0.0663981473596339,0.0008261578925092857,-0.00033252689074568693,0.0014933785572556534,0.00534288229110502,-0.000507892302124068,0.0017797506576568306,-0.00021728392971945735,-0.0005518070958004054,-0.0162095310569209,0.003312917710220346,-0.0004994473903202724,0.002348198712086872,3.234418893058328
1781507080.51709,-0.045029623428629366,0.8405974664388749,0.32973484857170676,-0.04610391800001279,0.01745109656043109,-0.06612751084040291,-0.04506419257368727,0.8409054156056583,0.3328492716080686,-0.04693849499140273,0.017581899938489576,-0.0663981473596339,0.0008075958224660297,-0.00044738553357131296,0.0020549289470903585,0.005642830426235994,-0.0002616631369578662,0.0016394196071642588,-0.0002478595136476498,-0.0008548764354242371,-0.016282852669548438,0.0035946912346291153,-0.0022776541857699437,0.002893810628970091,3.1298016813424345
1781507080.5270972,-0.045025297914650354,0.8405782703377466,0.3298253419461052,-0.04604102072549636,0.017466154417237645,-0.06612554965298172,-0.04506419257368727,0.8409054156056583,0.3328492716080686,-0.04693849499140273,0.017581899938489576,-0.0663981473596339,0.0007824616319014069,-0.0005339221393924503,0.0024796884875548453,0.005713113117756095,-7.001435232570954e-05,0.001489393430301056,4.910503538372249e-05,-0.0008205173460727728,-0.015446625847519838,0.004166236844206982,-0.0028503567750075166,0.002611844631828813,3.0418230424074317
1781507080.5370922,-0.045021936489511624,0.8405622154251229,0.3299012228624307,-0.04599338827516991,0.017478819166639292,-0.06612526908692559,-0.04507387091594334,0.840874065400295,0.33199591029789943,-0.046742712479871745,0.017543037840234366,-0.06629038835627334,0.0007523699951421654,-0.0005966260676199107,0.0027892538719711956,0.0056093911098817305,7.549446083033058e-05,0.001336211028397626,8.909450099437707e-05,-0.000535877048182103,-0.013428656522174186,0.004452211174886997,-0.002370883712727792,0.002855608051230859,2.1184104994014485
1781507080.5470905,-0.04502811746692561,0.8405869778840591,0.3298515862853009,-0.04623702802843284,0.017463943998632603,-0.06614235969455116,-0.04507387091594334,0.840874065400295,0.33199591029789943,-0.046742712479871745,0.017543037840234366,-0.06629038835627334,0.0006591493544404689,-0.00042974704545884233,0.00238655564456463,0.0023404140242580984,-8.581677299216781e-05,0.0009965014287771537,0.000361079089189914,-0.0006264563832818183,-0.013005215598652142,0.005887931091635487,-0.00162795493464688,0.0021882234197345843,2.1639404083943847
1781507080.557097,-0.04503373979829965,0.840608414143994,0.32980780478829536,-0.04644411538475677,0.01745146628537153,-0.06615764916150622,-0.04507387091594334,0.840874065400295,0.33199591029789943,-0.046742712479871745,0.017543037840234366,-0.06629038835627334,0.0005759622352249408,-0.0002903357153338379,0.002033040235789081,-0.0001729839364547855,-0.00020432354978413373,0.0007146940468761268,0.00015705081029539905,-0.0011767151930430137,-0.014105471763616283,0.005349751120872356,-0.0002867260465213246,0.00177510141173675,2.2045377787049434
1781507080.567096,-0.04503884943332,0.8406268882834466,0.32976934492507415,-0.046618146740661566,0.01744112661712327,-0.06617117115418396,-0.04507387091594334,0.840874065400295,0.33199591029789943,-0.046742712479871745,0.017543037840234366,-0.06629038835627334,0.0005018838229497153,-0.00017474119404340912,0.0017234868725529797,-0.002051453306541111,-0.0002875168556086179,0.0004839840545887184,0.00021587444596299823,-0.0012742228317626542,-0.01312461074895043,0.004538140932301596,-0.0005726297010557011,0.0016748139787939418,2.2405169918577332
1781507080.5770931,-0.04504348855314991,0.8406427357926698,0.3297356927689407,-0.04676264666158386,0.01743267212922528,-0.06618299916379591,-0.04507387091594334,0.840874065400295,0.33199591029789943,-0.046742712479871745,0.017543037840234366,-0.06629038835627334,0.00043605628476068854,-7.97308674194911e-05,0.0014531474146283361,-0.003402773235332353,-0.00034197547970114177,0.0002978743033774997,-8.789965534982723e-06,-0.0015570768956753513,-0.01104485509770696,0.001511358394062692,7.020905420001669e-05,0.0017320117992107114,2.2722279272874863
1781507080.5871017,-0.04504769592159786,0.8406562639283215,0.3297063598284555,-0.04688106433957028,0.017425861752273564,-0.06619323452121305,-0.04506616080369841,0.8408220899718344,0.33133066230593156,-0.04652166809798766,0.017501431287155533,-0.06617943835149151,0.00037768642852089267,-2.448856948746787e-06,0.0012177133025189437,-0.0043221285480376055,-0.000373414798475795,0.00015027598510299433,0.0002921414094586288,-0.0018548738562702933,-0.008724787367374897,-0.0005665814834510031,0.00019472284889354615,0.000837443704466372,1.6328495849015185
1781507080.597097,-0.04502934701378824,0.8406652036459518,0.32970642399887967,-0.046998563158999355,0.01746205787907984,-0.06618301512062276,-0.04506616080369841,0.8408220899718344,0.33133066230593156,-0.04652166809798766,0.017501431287155533,-0.06617943835149151,0.0004705585224967566,4.0296821746945604e-05,0.0011860023868462176,-0.0051348859392033215,5.709486486908124e-05,0.00026384856063664405,0.00017210265228394963,-0.0016869307786218693,-0.006115141763833843,-0.0006725711693909504,-0.00016614522788013843,0.0007814181064284751,1.6322128085734617
1781507080.6070921,-0.04501385507792892,0.8406727176020045,0.3297062330510424,-0.04709267894628354,0.017492440007180532,-0.06617466170142827,-0.04506616080369841,0.8408220899718344,0.33133066230593156,-0.04652166809798766,0.017501431287155533,-0.06617943835149151,0.0005391512918863886,7.410130334173202e-05,0.0011455178606306047,-0.005603301261212751,0.00037809692850982395,0.0003417304927146879,-2.2533418045742828e-05,-0.001305716378048593,-0.004754159669281816,0.00019010460575413627,-0.0002771133175665063,0.0009057725952443706,1.6321208282344153
1781507080.6171007,-0.045000854123194635,0.84067898947638,0.3297058479192388,-0.04716669847833917,0.01751763403266926,-0.0661679344304612,-0.04506616080369841,0.8408220899718344,0.33133066230593156,-0.04652166809798766,0.017501431287155533,-0.06617943835149151,0.0005873841313020987,0.00010029969484674119,0.001098503095474569,-0.005800891046833118,0.0006082623068325303,0.00039073676252341657,0.00012927155189512815,-0.0004514702827956326,-0.004038412807592724,0.0015640764358318686,-1.149549851310837e-05,0.0004900596172422475,1.6324106424308495
1781507080.6270912,-0.044990018615636146,0.840684184739674,0.32970531265170117,-0.04722363450015031,0.0175382509939348,-0.06616260925260929,-0.04506616080369841,0.8408220899718344,0.33133066230593156,-0.04652166809798766,0.017501431287155533,-0.06617943835149151,0.000618661406498338,0.00012006016121067822,0.0010468417546296064,-0.005790151949442784,0.0007640668439753758,0.00041676451974450906,0.0003750095457094369,-0.0005819334808420905,-0.005138007542326244,-0.0010437888919065269,-0.00010558332443421327,7.592206292250322e-05,1.632965702140425
1781507080.6370976,-0.044981059635982736,0.8406884515807286,0.3297046589976698,-0.04726621196934494,0.017554874057986503,-0.06615848004280848,-0.04505927106740826,0.8407608098549604,0.3310222344945255,-0.04652384418315038,0.01749432502579351,-0.06614223040341982,0.00063593089511891,0.00013440204894054247,0.0009921048692143007,-0.0056236131021822145,0.0008598907250793839,0.0004248616650764772,-4.5212576559080975e-05,-0.0009677208801791236,-0.006098512123660814,-0.004081875840983717,0.0001332815028685504,0.00041446839149590213,1.3218766726778761
1781507080.6470919,-0.044978062812861055,0.840673921922423,0.3297992804982648,-0.0472143910818264,0.01756332456498888,-0.06615396132262266,-0.04505927106740826,0.8407608098549604,0.3310222344945255,-0.04652384418315038,0.01749432502579351,-0.06614223040341982,0.0006151071930576033,3.8912446498811946e-05,0.0015159845680945327,-0.0044447982170924185,0.0008557212874036466,0.0004321092278290912,0.0002658281578282422,-0.0014507026264264223,-0.006672111982708311,-0.006412991157347682,-0.00010900635148198354,-3.4796394725780406e-05,1.2287232277438538
1781507080.6570866,-0.044975823675311825,0.8406613717939297,0.3298798153939551,-0.04716672997101067,0.017569629050307123,-0.06615051929431348,-0.04505927106740826,0.8407608098549604,0.3310222344945255,-0.04652384418315038,0.01749432502579351,-0.06614223040341982,0.0005905964514097844,-3.823710289225726e-05,0.0019173320617343118,-0.0034398860013103234,0.0008291718170057502,0.0004257152834737088,0.0002074151693904175,-0.0020514699025709826,-0.007992480552811298,-0.00856465524013332,4.9749578323089966e-05,0.000265348865866957,1.1497707582719645
1781507080.6670895,-0.044974221044307434,0.8406505792158572,0.32994799231865646,-0.047123490268037985,0.017574153104998214,-0.06614797838076895,-0.04505927106740826,0.8407608098549604,0.3310222344945255,-0.04652384418315038,0.01749432502579351,-0.06614223040341982,0.0005634364293538394,-9.968618695258859e-05,0.002215228510429516,-0.0025927803355691417,0.0007865809871852827,0.00040927431004193906,0.00043909092512505214,-0.0017754306112069363,-0.008294867260761162,-0.00774557592630486,0.00022594431444916205,4.933486063697519e-06,1.0832269165056834
1781507080.6770883,-0.04497314969777147,0.8406413421771599,0.33000536037834616,-0.04708474697366745,0.017577219372769903,-0.06614618232690074,-0.04505927106740826,0.8407608098549604,0.3310222344945255,-0.04652384418315038,0.01749432502579351,-0.06614223040341982,0.0005344937811697197,-0.0001477527366751625,0.0024263025871648783,-0.001887101349959874,0.0007331371190892257,0.0003857547758282159,-7.950297219197175e-05,-0.0007979523714393119,-0.007053967244992762,-0.006012428679354319,0.0008237988973140626,0.0006911478664377786,1.0274835203071027
1781507080.687091,-0.0449725185255898,0.8406334774267442,0.3300533043883796,-0.0470504332011382,0.01757910948885555,-0.06614499363702725,-0.0450477448542731,0.8406912875187984,0.3306708188255973,-0.046835695659501804,0.0174784916041697,-0.06613741599924432,0.0005044868213289333,-0.00018446709512850136,0.002565003471783699,-0.0013067049311390674,0.0006730246274649273,0.00035757478769761865,0.00013935377809709242,-0.0003967647378511725,-0.005369207208483409,-0.004538623546276326,0.0005588217799176901,0.0006870841540333639,0.6247600238833826
1781507080.697095,-0.04497224887510709,0.8406268192607341,0.3300930592061694,-0.04702037758405433,0.017580066655402682,-0.06614429263998245,-0.0450477448542731,0.8406912875187984,0.3306708188255973,-0.046835695659501804,0.0174784916041697,-0.06613741599924432,0.00047400567931362055,-0.00021160301100859002,0.002643847619769666,-0.000836065518261743,0.000609561219149581,0.00032667385136170865,0.000331481594728788,-0.00037840654541075033,-0.005390613432368485,-0.005595751859776795,0.0002835480278130954,0.000619126786799667,0.586226898913346
1781507080.7070966,-0.04497151009264756,0.8406676821512872,0.3299956346733813,-0.04717368290535882,0.017575932012531048,-0.06616971481542823,-0.0450477448542731,0.8406912875187984,0.3306708188255973,-0.046835695659501804,0.0174784916041697,-0.06613741599924432,0.0004386576510301299,4.581578860185802e-05,0.0019081337153573719,-0.00241355976582224,0.0005113336189825166,1.1696078994197093e-05,0.0005946901247332708,-0.0004999654734966793,-0.004522431188700035,-0.004848147822924117,0.0009172278959147077,2.4005894368541955e-05,0.6798842487211321
1781507080.7170956,-0.044971153636704286,0.8407026197449483,0.3299112955891325,-0.04730040955014217,0.017571982650379514,-0.06619108560610397,-0.0450477448542731,0.8406912875187984,0.3306708188255973,-0.046835695659501804,0.0174784916041697,-0.06613741599924432,0.0004047229650919667,0.0002518841573170723,0.0012933443533372111,-0.003529456397909694,0.000423741332603667,-0.0002246301466551203,0.0005624619607806544,-0.0005831866034581309,-0.0038003399713936632,-0.00398402193871262,0.0007841364922806292,0.00021326232146981478,0.7634593510384912
1781507080.727046,-0.044971113712410325,0.8407323499973351,0.3298385567933198,-0.047403752857387946,0.017568280800356106,-0.06620883580052109,-0.0450477448542731,0.8406912875187984,0.3306708188255973,-0.046835695659501804,0.0174784916041697,-0.06613741599924432,0.00037235285937101906,0.000414118683272917,0.0007834199728834449,-0.004268948605682332,0.00034651463448712324,-0.00039555556177887257,0.0004208351846183168,-0.00022038886892176531,-0.0025539685204126576,-0.002325534115026329,0.0004440744340568305,0.0002570191044881773,0.8367906245993828
1781507080.7370927,-0.044971331750718116,0.8407575184390169,0.3297760684893522,-0.047486747050841445,0.01756486618700248,-0.06622338730945507,-0.045030725275536865,0.8406713146771267,0.33044926448334055,-0.047055546048058366,0.017506601591199544,-0.06612312169241671,0.0003416489187504978,0.0005391089009186573,0.0003641396439310901,-0.004706171939405249,0.0002791678773157414,-0.000512798938580361,0.00012805375206284455,-5.539011341114718e-05,-0.001458459197593571,-0.0015578400534800722,0.0008097797080890019,0.0003807018315734023,0.6812866692343076
1781507080.7470875,-0.044965327342466374,0.8407489815263733,0.32980833179717184,-0.04731401920599244,0.017564614824354674,-0.06620742801119399,-0.045030725275536865,0.8406713146771267,0.33044926448334055,-0.047055546048058366,0.017506601591199544,-0.06612312169241671,0.00036480039916925915,0.00047099365667712366,0.0004803429687342519,-0.0023097828797524426,0.0002373148589396506,-0.00028293835798706604,0.00019800881867432403,0.00028548286308823076,-0.00037525906967644844,-8.999661557371579e-05,0.0008341932578985016,-5.31746746225047e-05,0.648925062947357
1781507080.757096,-0.04496601122029913,0.8407325340983649,0.32986343848987376,-0.04715654649162632,0.01758535027028829,-0.06616493574309185,-0.045030725275536865,0.8406713146771267,0.33044926448334055,-0.047055546048058366,0.017506601591199544,-0.06612312169241671,0.00035120049176590553,0.00035394711673868243,0.0007418657071402704,-0.0003465987941839296,0.00041527392068714693,0.00022194403911365466,0.00033048414378311874,0.000157102184269219,-0.0006831549186608865,-0.00044212259694260205,0.0007251034836781387,-0.0003349216919277098,0.5925603944775606
1781507080.7670898,-0.044966750556222054,0.8407182705783879,0.32991016279167656,-0.047023782354266436,0.017602394781831343,-0.06612937876416043,-0.045030725275536865,0.8406713146771267,0.33044926448334055,-0.047055546048058366,0.017506601591199544,-0.06612312169241671,0.0003358327843969307,0.00025550042752650365,0.000942408948524212,0.0011338351832280414,0.0005372431445666174,0.0005941633705834619,0.0004056622678825566,3.8462004554850914e-05,-0.0013835401208292105,-0.0013799790556289673,2.7958855402616774e-05,-0.00028493565200810305,0.5449112361932265
1781507080.777094,-0.04496751677235227,0.8407059530922047,0.329949527592539,-0.046913165781869486,0.01761620832387356,-0.06609999208204195,-0.045030725275536865,0.8406713146771267,0.33044926448334055,-0.047055546048058366,0.017506601591199544,-0.06612312169241671,0.00031924065913283754,0.000173232618629988,0.0010914584003518457,0.002212037515242833,0.0006139230244043434,0.000856793282521996,0.0001048996565016227,0.00011093695667603182,-0.0020775659337297415,-0.0018066183741929076,0.0002792293098090953,3.867424967956086e-05,0.5049080061773383
1781507080.7871025,-0.04496828919520096,0.8406953624316678,0.32998245876677174,-0.04682217162084543,0.017627223747334497,-0.0660760334724351,-0.045016825988978104,0.8406738776535478,0.3303937046149105,-0.04710430663638754,0.017532469280571172,-0.0661300232330548,0.00030187584312933204,0.00010499519715941447,0.0011972814125080441,0.0029593480976967627,0.0006545706269852173,0.0010301220447392718,0.0003911869750168763,0.0002558383708919094,-0.0018311744216711998,-0.0007638265259982851,0.00033324637552167413,-0.00032506068801748745,0.4146571639950483
1781507080.7970908,-0.04496761006849423,0.840669801962275,0.3300309748849755,-0.04671078236155616,0.017615358714854867,-0.06607664422353515,-0.045016825988978104,0.8406738776535478,0.3303937046149105,-0.04710430663638754,0.017532469280571172,-0.0661300232330548,0.00028826405317517855,-5.195090235472011e-05,0.0013883948096429604,0.0038524066189354333,0.000453780091590957,0.000904954320493772,9.343981304743484e-05,0.0001655585955601337,-0.0019398188236321376,-0.00034510194180629555,0.000826314040169215,-0.00014962797817820634,0.36607605093361373
1781507080.8070915,-0.04497296116215254,0.8406608799888347,0.33004147564074426,-0.0465925491453993,0.017599638380433547,-0.06609448238420486,-0.045016825988978104,0.8406738776535478,0.3303937046149105,-0.04710430663638754,0.017532469280571172,-0.0661300232330548,0.0002305505109003041,-9.059653878349968e-05,0.0013203091661558896,0.004725990153494007,0.00024161600724857392,0.0006036648222383031,-5.287014819504984e-05,0.0005165704736299244,-0.002231979171390232,-4.2375057796417825e-05,0.0006963065896666234,0.0004117997200264321,0.35518771454351766
1781507080.8170946,-0.044977662504301505,0.8406533989976253,0.3300493699281467,-0.04649745343398153,0.017586168781379863,-0.0661100301684914,-0.045016825988978104,0.8406738776535478,0.3303937046149105,-0.04710430663638754,0.017532469280571172,-0.0661300232330548,0.00018129831955906,-0.0001204722680346143,0.0012489221817563328,0.005251173227576835,7.602765733230054e-05,0.0003613994175170813,-0.00039762509519060407,0.0007085414465588679,-0.002647494812367572,0.00030004790593153135,0.0010363793367238327,0.000961530997583364,0.3471592291573765
1781507080.8270886,-0.04498178749347586,0.840647173322172,0.33005506207152663,-0.04642229692031152,0.0175747541068767,-0.06612343605764118,-0.045016825988978104,0.8406738776535478,0.3303937046149105,-0.04710430663638754,0.017532469280571172,-0.0661300232330548,0.00013946274885472804,-0.00014292919542885802,0.0011757895150815215,0.005500936013439239,-5.012863714216084e-05,0.0001699890885273438,0.0002595018991542752,0.0007125233421687504,-0.0021845446631287876,0.0016476782993525005,0.000779769608334144,0.0003951272218265038,0.34149610491307913
1781507080.8370988,-0.044985401355770005,0.8406420354597578,0.3300589119792874,-0.04636413742947089,0.017565191421078596,-0.06613486997708197,-0.04501168778098652,0.8406981806707367,0.3302810680233541,-0.04710527719768362,0.01756842109246537,-0.06612025115106443,0.00010411114123940433,-0.00015914595579663663,0.0011021821266868539,0.0055374990708522975,-0.00014328521513966384,2.1921310857614493e-05,0.0001972645721612113,0.0005289471109951512,-0.001820666877382557,0.0028302660185666353,0.0001289764485421857,0.0007122706575914651,0.2306438136649223
1781507080.8470902,-0.04498856207580496,0.8406378352207862,0.3300612375456392,-0.04632030523211275,0.01755727800818474,-0.06614451326521764,-0.04501168778098652,0.8406981806707367,0.3302810680233541,-0.04710527719768362,0.01756842109246537,-0.06612025115106443,7.4412625877198e-05,-0.00017014779478862993,0.0010291263247901913,0.005413318002889787,-0.00020916524666130985,-8.961898490257973e-05,0.0004003623865841709,-8.400705331915523e-05,-0.0023718404731048895,0.002680029053478554,0.0010020495695764278,0.00024807192714604905,0.22913273555350303
1781507080.8570971,-0.044976668194918294,0.8406800982823255,0.3299716939605077,-0.04647348080162374,0.01753708223562911,-0.06619701999325739,-0.04501168778098652,0.8406981806707367,0.3302810680233541,-0.04710527719768362,0.01756842109246537,-0.06612025115106443,0.00012784577397808797,9.420289745411964e-05,0.000447684730642724,0.0031601380004602567,-0.00037966900016070745,-0.0006625671830205081,0.00022145302831557795,6.906687754012103e-05,-0.001532434352317685,0.003928822923487105,0.0005103836197505854,0.0006110905835145711,0.3118744217487947
1781507080.8670983,-0.044966610425325064,0.840716313895093,0.3298946088102818,-0.04660520551188772,0.01752046423499176,-0.0662405881195663,-0.04501168778098652,0.8406981806707367,0.3302810680233541,-0.04710527719768362,0.01756842109246537,-0.06612025115106443,0.00016912053496016135,0.00030522288967074784,-2.4753590990189375e-05,0.0013854046471765088,-0.0004970414827073994,-0.0010737163491424428,-2.122600455952312e-06,0.00022881380909739002,-0.00038176127201848775,0.005800747433984939,0.0010555786651653435,0.0005528757075047106,0.389501611277079
1781507080.8770938,-0.044958163148483984,0.8407472012479824,0.3298285498492387,-0.046717252347315205,0.01750698326017197,-0.06627626688218326,-0.04501168778098652,0.8406981806707367,0.3302810680233541,-0.04710527719768362,0.01756842109246537,-0.06612025115106443,0.00020011187605471954,0.00047075659013732585,-0.00040370073867881365,1.773454045850861e-05,-0.00057138859674044,-0.0013523820204063648,0.00015222601575176262,0.00032023580665295335,0.0005567869737010536,0.006564696972654638,0.00035961717389215915,0.00013549316844795666,0.4583018668768175
1781507080.8870971,-0.04495112158174508,0.8407734087561818,0.32977221573835236,-0.04681148833693892,0.01749622291295383,-0.06630505826500367,-0.044999866063676286,0.8407083511845538,0.33022416534320514,-0.04689215379609141,0.017598300688109525,-0.06608935759435348,0.00022245527198833359,0.0005976776367173348,-0.0007027940367962927,-0.001007499944321489,-0.0006114608526910386,-0.001524155442993018,0.0003873089875309774,0.0005075687851786813,0.0008309072809027487,0.0069245478953419825,-0.000404743907939675,-0.0005165593416169315,0.45920252337227385
1781507080.8970923,-0.0449558208372687,0.840740130799591,0.32984034095940795,-0.046681147219011405,0.017511048851682753,-0.06627787346345552,-0.044999866063676286,0.8407083511845538,0.33022416534320514,-0.04689215379609141,0.017598300688109525,-0.06608935759435348,0.0001869266326585551,0.000361338589722246,-0.0002709952047926053,0.0005202638735431571,-0.00039717311896039824,-0.0010537949988609742,0.0005179062986873743,0.00041548575763911377,0.0004198064628571159,0.00584758794254483,-0.0003767335118755415,-0.0011024919586799832,0.3876481439379056
1781507080.9070318,-0.04495998139068203,0.8407114361894954,0.3298987722519332,-0.04657197970022667,0.017523926032952275,-0.06625405774847529,-0.044999866063676286,0.8407083511845538,0.33022416534320514,-0.04689215379609141,0.017598300688109525,-0.06608935759435348,0.0001560366446242083,0.00016703342108231712,7.907508922715291e-05,0.0016507243009685753,-0.00022573592936626764,-0.000672527321647586,0.0006633523470119377,3.321867120348204e-05,-0.00044610544216403886,0.00467741561955949,-0.0002721403262476081,-0.0016780484730624422,0.32784290177287434
1781507080.9170988,-0.044963648029246545,0.8406867934476392,0.3299486524511383,-0.046481665089931644,0.01753499086802557,-0.06623341845736741,-0.044999866063676286,0.8407083511845538,0.33022416534320514,-0.04689215379609141,0.017598300688109525,-0.06608935759435348,0.00012926184882682402,8.933965259802024e-06,0.00035910016108407094,0.0024525550230968035,-9.109964483224904e-05,-0.0003684494945923505,0.0007038733962121515,0.00018364984524400728,-0.0010913860094941108,0.0033674115445579476,-0.0004641899585185684,-0.001876534610066763,0.2787182012963421
1781507080.9270873,-0.04496686482923168,0.8406657216458772,0.3299910166522428,-0.046407948515205605,0.017544395148472613,-0.06621572426319264,-0.044999866063676286,0.8407083511845538,0.33022416534320514,-0.04689215379609141,0.017598300688109525,-0.06608935759435348,0.00010612988272373089,-0.00011809723571091374,0.0005793466071381446,0.0029862063876556905,1.2276302238828219e-05,-0.00013053033776924542,0.0005686173233217155,0.00022917456108075145,-0.0011174460648213573,0.0026809284057210544,-0.0006392589881930851,-0.0014023338563632108,0.23930037847882946
1781507080.9370906,-0.04496967445828096,0.8406477871007273,0.33002679854065403,-0.04634868613851594,0.01755229802243341,-0.06620072119735497,-0.04497279489035416,0.840721581780872,0.33020947082530944,-0.04666205169513745,0.017593992780460033,-0.06614572505341237,8.621538799637399e-05,-0.000218578061491525,0.0007488136312010798,0.0033043125843559536,8.939927932099311e-05,5.1306254516148106e-05,0.0003198985042492367,1.8261876019427154e-05,-0.0016946452604266944,0.0014482125594322119,-0.0005306734694116769,-0.0010109094691747734,0.19703947699688068
1781507080.9470897,-0.044972117660034894,0.8406326000439568,0.3300568370057445,-0.046301875999440995,0.01755885979038574,-0.06618814527878215,-0.04497279489035416,0.840721581780872,0.33020947082530944,-0.04666205169513745,0.017593992780460033,-0.06614572505341237,6.913612977718232e-05,-0.0002964717647928339,0.0008753689793233077,0.0034522106803700353,0.00014473999766304662,0.00018614500433004834,0.00027053377736165193,0.00031873454240397583,-0.0012532401527199613,0.001740452626578239,-0.00023799545345500772,-0.0010637252235763013,0.1766784962023607
1781507080.9570932,-0.044988097683644736,0.8406492907602737,0.3300146102981163,-0.046404112501496855,0.0175562099449158,-0.06622708218004222,-0.04497279489035416,0.840721581780872,0.33020947082530944,-0.04666205169513745,0.017593992780460033,-0.06614572505341237,-5.3005350013742014e-05,-0.0001820782121958425,0.0005878811100710856,0.0019666727115095033,0.00011995318040977613,-0.0002600713301331406,0.00022272654689194207,0.00041460264063232445,-0.0014147722246906874,0.0010749124729293575,-0.0005570044275398776,-0.0008832315450340956,0.20840055710006936
1781507080.9670942,-0.04501211955138833,0.8406411088545565,0.32947867242923945,-0.04649190382515131,0.01755387828950128,-0.06625958764088416,-0.04497279489035416,0.840721581780872,0.33020947082530944,-0.04666205169513745,0.017593992780460033,-0.06614572505341237,-0.00015038561919217418,-8.793902352624662e-05,0.0003496445163838209,0.0007997765303875157,9.809307856236897e-05,-0.0005872877195043321,-4.520293013896992e-05,0.00043757340869604637,-0.0016469115910963813,0.0008298439556570906,-0.0005178355065201081,-0.0004398256382786657,0.7362666748765024
1781507080.9770918,-0.04503417753746718,0.8406308412577412,0.3289477857965286,-0.04656646879663896,0.017551849536932007,-0.06628638449875404,-0.04497279489035416,0.840721581780872,0.33020947082530944,-0.04666205169513745,0.017593992780460033,-0.06614572505341237,-0.0002266543463799564,-1.125233354508064e-05,0.0001539642239868946,-9.643109187539543e-05,7.902542311504326e-05,-0.0008163845592935013,0.0001573037093832755,-0.00015250081632814134,-0.002058385162079295,0.0003562149701439562,-0.0004397961810290567,-0.0005007122011202446,1.2664323052395292
1781507080.9870887,-0.045054514798687426,0.840618738023686,0.32842137695911444,-0.04662908267942117,0.017550103809514717,-0.0663081706103461,-0.04495948981817394,0.8407336607817358,0.33013037290087976,-0.04659198299341408,0.017576323425656515,-0.06619165010760082,-0.00028500889223527937,5.045226081742541e-05,-5.073544271829263e-06,-0.0007652893545753185,6.257287629451438e-05,-0.0009656926523539302,0.0002814277777621683,-0.00045625441376384075,-0.0018863882641363407,0.0009675973359579935,-0.00048297020047282974,-0.0005566088417760434,1.715489468405361
1781507080.9970841,-0.04506305475719441,0.8406277252114797,0.32839830068167014,-0.046681028116151824,0.017548618348226297,-0.06632560601159164,-0.04495948981817394,0.8407336607817358,0.33013037290087976,-0.04659198299341408,0.017576323425656515,-0.06619165010760082,-0.00032824300292040516,9.934777118554994e-05,-0.00013268050790644407,-0.001245494011747697,4.8530759221509586e-05,-0.0010511307061720132,-1.398013835080395e-06,-0.0005541326997447295,-0.002044126507223196,0.001346923632303201,-0.0005154101962764223,-0.00019588041334170844,1.7383964490867918
1781507081.0070875,-0.04506274326926475,0.8406102780921099,0.3278677979467424,-0.046771530962580084,0.017567081607987367,-0.0663328744229216,-0.04495948981817394,0.8407336607817358,0.33013037290087976,-0.04659198299341408,0.017576323425656515,-0.06619165010760082,-0.00024402437524258987,0.00011675746699004327,-0.0002886820935083977,-0.002096112527153058,0.00024847787217218765,-0.001006213100552447,5.0121997581518995e-05,-0.0004591276186188815,-0.001978072417627681,0.0017316426662756144,0.00015637440455050521,-0.0006255748376217927,2.268287897589523
1781507081.0170999,-0.045063899905665866,0.8405918828119726,0.327342092356464,-0.04684571088045473,0.01758242568337498,-0.06633805526610576,-0.04495948981817394,0.8407336607817358,0.33013037290087976,-0.04659198299341408,0.017576323425656515,-0.06619165010760082,-0.0001733238853928984,0.00012925406771633154,-0.00041025808293376314,-0.0026760766102430097,0.00039148638567142093,-0.0009450142897193226,7.173826597444537e-05,-0.0003798434800816672,-0.001921287231048018,0.0024782347445663263,0.0002329832628249457,-0.0009145070183882933,2.793834435582706
1781507081.027096,-0.045066348556374376,0.8405726730617616,0.3268205844096271,-0.046905630014323366,0.01759501292050092,-0.06634152987018986,-0.04495948981817394,0.8407336607817358,0.33013037290087976,-0.04659198299341408,0.017576323425656515,-0.06619165010760082,-0.00011437124065700332,0.00013764822299826214,-0.0005026576367589855,-0.003037373110526279,0.00048791909755705213,-0.0008732918974788488,0.00010270577866328874,1.3560504472782332e-05,-0.002461972937605243,0.0036404342166716807,0.0009798548906213402,-0.0015413010072892384,3.315423908452885
1781507081.0370872,-0.045069930850881824,0.8405527678999725,0.32630273359987066,-0.04695322383323545,0.017605190193408227,-0.06634363072445129,-0.04495377458995775,0.8407163385600633,0.3300255221393284,-0.04648647511899351,0.017590372897789308,-0.06623293258404771,-6.559644044574986e-05,0.00014264268274730255,-0.0005704643352320679,-0.003224939589318557,0.0005468151837556471,-0.0007956479262397998,0.00021981291315028,-0.00029108812565398163,-0.006136045513542382,0.0015140565664520107,0.0007380265894590772,-0.002060924214193471,3.72819019730918
1781507081.0470874,-0.0450754326432844,0.8405017069174797,0.325850463497423,-0.046909578608762756,0.01759530263104092,-0.06633954207825865,-0.04495377458995775,0.8407163385600633,0.3300255221393284,-0.04648647511899351,0.017590372897789308,-0.06623293258404771,-2.7792199937869843e-05,-4.364781079840759e-05,-0.00024826996504689604,-0.002397202444712858,0.0003771061541370312,-0.000669271378923962,0.00013078618123255496,-0.00024809249647964765,-0.008909188074778456,0.0010340970823825228,0.0005622594227055545,-0.0022337727389429175,4.182341699010985
1781507081.057086,-0.045081629375323264,0.8404547011314052,0.3253917244255203,-0.0468706568352625,0.017586669639426233,-0.06633547338246804,-0.04495377458995775,0.8407163385600633,0.3300255221393284,-0.04648647511899351,0.017590372897789308,-0.06623293258404771,2.9081847851983393e-06,-0.00019264375550188611,1.3524857768300075e-05,-0.001711388870903269,0.00023962745256943837,-0.0005562622923795733,3.002904605876243e-05,-0.0006887191665977785,-0.012229506323581071,-0.0006737258693984051,0.0002562938874825882,-0.002131478145833171,4.642938966076235
1781507081.067095,-0.04508843156897753,0.8404112634195964,0.3249272578690677,-0.046836339584860144,0.01757921293144382,-0.0663315309672285,-0.04495377458995775,0.8407163385600633,0.3300255221393284,-0.04648647511899351,0.017590372897789308,-0.06623293258404771,2.751677975827763e-05,-0.00030981270775476064,0.00022351533930799227,-0.0011506864629144023,0.00013006077344759757,-0.000456362268470798,-6.43846509624993e-05,-0.0010170346301517157,-0.014856469083183305,-0.00209207167187657,0.0006585453848957978,-0.0020696626595864305,5.109158630610989
1781507081.0770903,-0.045085452884767716,0.8403937175893149,0.3249571106797037,-0.04680641170764053,0.017572841664099226,-0.06632779104755844,-0.04495377458995775,0.8407163385600633,0.3300255221393284,-0.04648647511899351,0.017590372897789308,-0.06623293258404771,4.692323358424441e-05,-0.000399947155348535,0.0003892578938695004,-0.0006990736067668622,4.440658783256685e-05,-0.0003690188897633551,-0.0001710046123357778,-0.0015130631439943813,-0.01801372292876582,-0.0037608857159040095,0.000696604608941467,-0.001681108898741125,5.080375792020304
1781507081.0870984,-0.04509324300111752,0.8403561356998995,0.32448313938922796,-0.0467805918480403,0.017567458069255526,-0.0663243051898671,-0.04495438271219543,0.840677290886582,0.3294204656051052,-0.046534667647027586,0.017604566482592787,-0.06632816232064954,6.190764868708087e-05,-0.00046723693343998047,0.0005173792741427355,-0.00034155976054423166,-2.0986321472775082e-05,-0.0002934745557159058,-0.0006712456203494606,-0.0012431578580778529,-0.01956620728999965,-0.0026439158477599826,0.0006536243721998242,-0.0008360315976184572,4.949708374819786
1781507081.0970922,-0.04510142936219067,0.8403209433099462,0.32400526450154776,-0.046758556747058394,0.0175629618631008,-0.0663211050815314,-0.04495438271219543,0.840677290886582,0.3294204656051052,-0.046534667647027586,0.017604566482592787,-0.06632816232064954,7.315230206957775e-05,-0.0005153349943647164,0.0006136759577530214,-6.433726459839e-05,-6.940826082380428e-05,-0.00022883866244949959,-0.0005999817118455827,-0.0011729744557648306,-0.02188631965650715,-0.0027290074199144256,0.0008829716544437164,-0.0006530741831561031,5.4289049820952435
1781507081.1070955,-0.04511958412355075,0.8403385577683258,0.32339296788935756,-0.04688229741265729,0.017545922187203855,-0.06630578358038842,-0.04495438271219543,0.840677290886582,0.3294204656051052,-0.046534667647027586,0.017604566482592787,-0.06632816232064954,2.5543836763308737e-05,-0.00023399767280658936,-0.00010300508224654484,-0.0014111705037544082,-0.00025520439181522185,-4.550592235883863e-05,-0.0006957967835420204,-0.0014582872474828794,-0.025214488370042157,-0.0052638517863653035,0.0008880815139265014,-0.0002615920493408916,6.039268196152593
1781507081.1170983,-0.045136606849069706,0.8403504056923233,0.32279698477917623,-0.04698507809675634,0.017531827956338564,-0.06629286445584447,-0.04495438271219543,0.840677290886582,0.3294204656051052,-0.046534667647027586,0.017604566482592787,-0.06632816232064954,-1.2998627364660987e-05,-5.18263615405541e-06,-0.000677032201085816,-0.002381679179132408,-0.0003874306901955071,9.310500796669627e-05,-0.0006872201841414891,-0.0016104148771082815,-0.02647978094667404,-0.004916999666397786,-0.00012772570883285512,0.0003177289220782498,6.634045358432032
1781507081.1270866,-0.045152631674141464,0.8403571861886944,0.32221534527018897,-0.04706934075883551,0.017520326169846,-0.06628209935745082,-0.04495438271219543,0.840677290886582,0.3294204656051052,-0.046534667647027586,0.017604566482592787,-0.06632816232064954,-4.37747769907795e-05,0.0001785696014218751,-0.0011292670754728235,-0.0030436552049922863,-0.0004758992348871589,0.00019441316728902676,-0.00025882626411731496,-0.0019149787939261582,-0.02542120287925116,-0.003001188298969417,-0.001039120226339042,0.0001603921171466899,7.21495174683418
1781507081.1370935,-0.045167780296443936,0.8403595265295872,0.32164627762938125,-0.047137421971792604,0.01751108143223634,-0.06627324315491477,-0.044980441329238785,0.8406010990780116,0.32820741574963036,-0.04672534612225291,0.01759491658440515,-0.06634448234828036,-6.792637277598338e-05,0.0003238183062959936,-0.0014780001307864291,-0.003456338132145949,-0.0005291597284965606,0.000264998487704851,-0.0003092869974111346,-0.001800753914392795,-0.024684058246936955,-0.0007333460870025485,-7.912480236811726e-05,-0.00025227753201143986,6.56825597992129
1781507081.1470888,-0.04517187821284274,0.8403809440726907,0.32158756025047175,-0.04719151538676694,0.017503780713133743,-0.0662660598548662,-0.044980441329238785,0.8406010990780116,0.32820741574963036,-0.04672534612225291,0.01759491658440515,-0.06634448234828036,-8.645392934899597e-05,0.0004363169602687313,-0.001739225902608787,-0.003670937969460453,-0.0005545819701147446,0.00031063207149730653,-0.0005528446575887302,-0.0015711724360066661,-0.026912765879572642,-0.001779430563743768,-0.00023124998097147717,7.424453447839607e-05,6.626281244899914
1781507081.1570885,-0.045185594533979544,0.8403760474302723,0.3210390388499499,-0.047233647521295476,0.017498136299909817,-0.06626032678401617,-0.044980441329238785,0.8406010990780116,0.32820741574963036,-0.04672534612225291,0.01759491658440515,-0.06634448234828036,-0.00010023189527973554,0.0005210992804611184,-0.0019268931808262503,-0.003731246706589041,-0.0005584499514012912,0.0003363210177129302,-0.000635154872555241,-0.0011307522306159788,-0.027287199223508102,-0.0007152700079476465,-0.0006950960557162548,0.0004142712857005666,7.1748423994843415
1781507081.1670904,-0.04518850948906767,0.8403473417928523,0.3205238000001625,-0.04710470888726135,0.01748663955811791,-0.0662558613465287,-0.044980441329238785,0.8406010990780116,0.32820741574963036,-0.04672534612225291,0.01759491658440515,-0.06634448234828036,-4.4229414875856434e-05,0.00045951433040663516,-0.001955255330593615,-0.001917155347938959,-0.0006254411937722368,0.0003423680642243864,-0.0006832547152827229,-0.0005401305038118502,-0.025687037452365325,0.0018093710062720824,-0.0007127829599698325,5.452287738475791e-05,7.69062000780018
1781507081.177087,-0.045192395954556944,0.8403193166682531,0.32001186349159577,-0.04699450593333691,0.017477528298816658,-0.06625244825253787,-0.044980441329238785,0.8406010990780116,0.32820741574963036,-0.04672534612225291,0.01759491658440515,-0.06634448234828036,1.2883044616376828e-06,0.00040425307276147223,-0.0019532486326283636,-0.0005054405227414456,-0.0006585178006929841,0.0003375226327396306,-0.00044533692687660434,-0.0008050998439667683,-0.027809720138502952,-0.0006245666619096896,-0.001834425601455606,0.00022940311698411907,8.203133724609087
1781507081.1870985,-0.045197145037405524,0.8402919073720624,0.31950270001740494,-0.04690135752293341,0.017470453983297052,-0.0662499166870681,-0.045004418950262914,0.8405399356733441,0.32685309626179476,-0.046751564613769954,0.017554073824015193,-0.06634142248952624,3.781238338331155e-05,0.00035476852185220494,-0.0019268880659316465,0.0005661447437698695,-0.0006652773299167999,0.000324649655861353,-0.00039842287934008816,-0.0013246835196081624,-0.03028925192852746,-0.002944571170442189,-0.0010691925137112912,0.00020939214107028594,7.357104480190694
1781507081.1971009,-0.04520265862623023,0.8402650518379532,0.3189958592802971,-0.04682353721420099,0.01746509965989551,-0.06624811462672234,-0.045004418950262914,0.8405399356733441,0.32685309626179476,-0.046751564613769954,0.017554073824015193,-0.06634142248952624,6.66538120705116e-05,0.000310548375525503,-0.0018813108824034942,0.0013535502705725039,-0.0006521328932641103,0.0003061151688527659,-0.0003595945179283962,-0.0016358802359932008,-0.032284586519060916,-0.00314335890686194,0.0001874278199160638,-0.00036896944538500565,7.864542775997925
1781507081.207088,-0.0452047024440161,0.8402167848152953,0.31852815256787315,-0.04677044747061544,0.017484745725467876,-0.06622666008718879,-0.045004418950262914,0.8405399356733441,0.32685309626179476,-0.046751564613769954,0.017554073824015193,-0.06634142248952624,0.0001221691712693258,0.00012929735438798045,-0.0015775884960844452,0.0017813150774318815,-0.0003777682211628675,0.0005166543537782584,-0.0006549038132310558,-0.0022192489019094556,-0.03543057694826639,-0.003458972484479518,-0.0003394949055831413,-0.00015166945234781987,8.333620309438926
1781507081.217091,-0.04520794421667375,0.8401721364841395,0.31805665955612317,-0.04672743818241647,0.017501592970124547,-0.0662091045379622,-0.045004418950262914,0.8405399356733441,0.32685309626179476,-0.046751564613769954,0.017554073824015193,-0.06634142248952624,0.00016518740373882714,-1.784442800966272e-05,-0.001313778670452383,0.0020530661173219274,-0.0001618549570752325,0.0006602595489824614,-0.0007735918918950709,-0.0014269334845875609,-0.035500500997485064,-0.0020059826732751257,0.0003059501574824954,-0.00023884583163173777,8.806474748418559
1781507081.227096,-0.04521223461150163,0.8401306673630656,0.31758176827071855,-0.04669315920677064,0.017515882216494694,-0.06619495103141916,-0.045004418950262914,0.8405399356733441,0.32685309626179476,-0.046751564613769954,0.017554073824015193,-0.06634142248952624,0.00019762819370181095,-0.00013573979350832113,-0.0010853523153427074,0.0022004825595738544,4.352370654781853e-06,0.0007497831215695239,-0.0009314825647700628,-0.0012677429303382735,-0.03503147025542759,-0.0014230268054039367,0.0005905421509782477,0.000374238018941412,9.282683373732384
1781507081.2370784,-0.045207164136574766,0.8401146789036479,0.317603215580789,-0.0466663599358316,0.017527863866293236,-0.06618373407446557,-0.045034167540419556,0.8404615129791606,0.3251054169098866,-0.046908618972546154,0.017506429608241447,-0.06633824540236204,0.0002211666390501942,-0.00022866306672540557,-0.0008882252542672334,0.0022507039601679423,0.00012876707055306522,0.0007963351225195954,-0.0007968989539981403,-0.0013040764340036743,-0.03713642970745646,-0.0035485983111931438,-0.0007248663496016117,0.0010436839625381372,7.51220649879457
1781507081.2470875,-0.0452131665923704,0.8400784203120363,0.3171225724357408,-0.04664589857531574,0.01753778865587341,-0.06617502448501353,-0.045034167540419556,0.8404615129791606,0.3251054169098866,-0.046908618972546154,0.017506429608241447,-0.06633824540236204,0.0002372602651448522,-0.0003003619824738708,-0.0007187222261553742,0.002226725600003385,0.00021846232158187012,0.0008094160704263762,-0.0006438810609541817,-0.0018740615663031391,-0.03826145567596258,-0.003076275976348728,-0.0002572880273353887,0.0010129250870840197,7.994035686097689
1781507081.257093,-0.04520777843826613,0.8400948154267351,0.31653235627986887,-0.04685106448896158,0.01753658354252896,-0.0661893974840679,-0.045034167540419556,0.8404615129791606,0.3251054169098866,-0.046908618972546154,0.017506429608241447,-0.06633824540236204,0.0003179869038356818,-3.8506524843358824e-05,-0.0011765644652411212,-0.0002534209638526022,0.00018926320706396307,0.0005637195018675576,-0.0008802264906697646,-0.0019593806621544104,-0.03990357093674608,-0.0016680853169184348,-0.0011539770295943754,0.001379236140846971,8.582655556689074
1781507081.267088,-0.04520478699582234,0.8401054624789557,0.3159559277292521,-0.04702340324864966,0.017535370374773596,-0.06620199543394499,-0.045034167540419556,0.8404615129791606,0.3251054169098866,-0.046908618972546154,0.017506429608241447,-0.06633824540236204,0.0003787628651226103,0.00017219192314703565,-0.0015291996564384717,-0.0021047737619671394,0.00016221012214244647,0.00036419506894852884,-0.0007501737199426765,-0.001453492418234527,-0.03921144449098876,0.00105892687882004,0.00039672555307440307,0.000549502168934115,9.158003888610565
1781507081.2770877,-0.04520389194943148,0.8401110745272526,0.3153915905116379,-0.04716642835281252,0.017534184606832648,-0.06621291851151913,-0.045034167540419556,0.8404615129791606,0.3251054169098866,-0.046908618972546154,0.017506429608241447,-0.06633824540236204,0.0004227528650758537,0.00033915313396315705,-0.001792909208209303,-0.003434316152389845,0.00013750412940322874,0.00020472782834612193,-0.0007085381700060934,-0.0014073251045011175,-0.03930671587941509,0.001025097623003619,-0.00034488807432407083,0.0007439462223550677,9.72162727010778
1781507081.287091,-0.04520482467960078,0.8401122895342635,0.3148378149856524,-0.04728357474275818,0.017533052033504415,-0.06622228764214066,-0.045069733321437766,0.840385688325668,0.3231584670942369,-0.04696532937822767,0.0174771762398247,-0.06629839006039596,0.00045271014796594006,0.00046888769694252135,-0.0019818901762957224,-0.004336490515907587,0.00011523197582513185,7.963947265662063e-05,-0.0008021553024232347,-0.0014937457101254618,-0.038367605348753296,0.00099636197205999,-0.00119094029610357,0.0017857289975907785,8.326238531671047
1781507081.2970936,-0.04520627734955801,0.8400839299855342,0.31434521018462,-0.047114899367420714,0.017518422718319382,-0.06620737964269616,-0.045069733321437766,0.840385688325668,0.3231584670942369,-0.04696532937822767,0.0174771762398247,-0.06629839006039596,0.0004858619784647467,0.00040903958651719065,-0.0018764619422849155,-0.002024524389843665,-6.493348496505804e-05,0.00022595230933151748,-0.0007640882392356509,-0.0012668529670538057,-0.03896268358589735,0.001638057249284894,-0.0005003581322913026,0.0010356672542401273,8.819478426889265
1781507081.3070936,-0.045209828304579404,0.8400459681686713,0.31387348218447086,-0.047045143322995905,0.017540948163539793,-0.06622794532718682,-0.045069733321437766,0.840385688325668,0.3231584670942369,-0.04696532937822767,0.0174771762398247,-0.06629839006039596,0.0004890340970418132,0.00028858229639461253,-0.0016053221363403556,-0.0010379889945177998,0.00019820484471635475,-1.1372609188264421e-05,-0.0008067875982860161,-0.0004573112754888096,-0.03798713294310941,0.0052678566526318535,-0.0005474948985988025,0.0010952341412454683,9.292253825846252
1781507081.31709,-0.04520434271556966,0.8400329057530053,0.3138980662921447,-0.046985519195352037,0.017559714161001327,-0.06624522250407462,-0.045069733321437766,0.840385688325668,0.3231584670942369,-0.04696532937822767,0.0174771762398247,-0.06629839006039596,0.0004853840301120837,0.0001882257871478914,-0.0013673173180902395,-0.0002703987348180709,0.00038994102753057503,-0.00018887906528721357,-0.0004858617455606945,-0.000691392076777586,-0.038202525605974126,0.005890181458221661,-0.0010521053615702657,0.000895644118649653,9.268095718536438
1781507081.3270993,-0.04521024784541718,0.839998774723805,0.31342049291582946,-0.04693511857856239,0.01757514943125238,-0.06625956305826854,-0.045069733321437766,0.840385688325668,0.3231584670942369,-0.04696532937822767,0.0174771762398247,-0.06629839006039596,0.000476303545870271,0.0001052772640038652,-0.0011589281410798176,0.000312132282221545,0.0005229294197018276,-0.0003167071811815133,-0.0005970878417900531,-0.0010492104497641726,-0.038539758044869504,0.002765371812531568,-7.461009805968452e-05,0.0009471619340071146,9.7466705887747
1781507081.3370857,-0.04520677257340364,0.8399890471132437,0.3134397638699003,-0.04689300837632861,0.017587666414357273,-0.06627131097404561,-0.04510057416626878,0.8403355422405863,0.32125504644197944,-0.046800241344367055,0.017448649448133624,-0.06624095401305942,0.00046297872735882065,3.7354446753715777e-05,-0.0009769541082155489,0.0007400591935421647,0.0006082596490976398,-0.00040381432782837106,-0.00027315109527739157,-0.0023956005891916632,-0.040549027627106264,-0.002552033274865553,0.0008825201256645364,8.132022486821273e-06,7.8236806335889035
1781507081.3470898,-0.04521440653359936,0.8399579019366343,0.31295737773650084,-0.046858262532381026,0.017597654058349566,-0.06628079490660274,-0.04510057416626878,0.8403355422405863,0.32125504644197944,-0.046800241344367055,0.017448649448133624,-0.06624095401305942,0.00044641551022562155,-1.7645486146086723e-05,-0.0008184912396586271,0.0010404329439601006,0.0006555453770468939,-0.0004580265207185897,-0.0003495213478466771,-0.0024032539456054778,-0.03995911582229344,-0.0019169696325824026,0.0023760610446126288,-0.0005501764088830991,8.307037736335372
1781507081.3570862,-0.04521896086318311,0.8399273660295649,0.31246523504128,-0.04687138739068795,0.017610670675504148,-0.06630647961896713,-0.04510057416626878,0.8403355422405863,0.32125504644197944,-0.046800241344367055,0.017448649448133624,-0.06624095401305942,0.0004447211813262981,-6.584820590770047e-05,-0.0007143717481970402,0.000788531796932998,0.0007390865488122433,-0.000681417433521452,-0.00048106432968284826,-0.0020725410959633126,-0.040123655256239135,-0.001221060388671009,0.0016105430237575275,-0.0001833121681961892,8.800079981972674
1781507081.3670902,-0.04522466137847801,0.8398979623155786,0.3119724296579264,-0.046883139101607005,0.017620969664255748,-0.06632742604025674,-0.04510057416626878,0.8403355422405863,0.32125504644197944,-0.046800241344367055,0.017448649448133624,-0.06624095401305942,0.0004377259506505679,-0.00010370969158075495,-0.0006217356003983174,0.0005782069541912619,0.0007814489989401471,-0.0008301453584307294,-0.0006211104447796755,-0.001969313763266127,-0.03981402327570017,-0.002418978501950507,0.0015755432322200127,0.00018299484726740968,9.293753180851496
1781507081.3770866,-0.04523134249647177,0.8398695506083969,0.31147901504298997,-0.046893540218269664,0.017628950588701287,-0.0663442488123448,-0.04510057416626878,0.8403355422405863,0.32125504644197944,-0.046800241344367055,0.017448649448133624,-0.06624095401305942,0.00042656393502009203,-0.0001327897686970105,-0.0005394917666456472,0.00040479088831670896,0.0007917983808736203,-0.000918859513985657,-0.00029179548142946126,-0.0014255696149353817,-0.03870491350154051,-0.0021167187924842337,0.0005748824214800607,-0.00026812404678505105,9.788004825881659
1781507081.387093,-0.04523885729560875,0.8398420059221394,0.31098504069922933,-0.04690264462711398,0.01763497626654087,-0.06635752135103337,-0.0451229289288021,0.8402316244822672,0.3193144239935197,-0.04691641610916709,0.017518365584313633,-0.06624823912417853,0.0004121983703673059,-0.0001544518926785806,-0.00046663271648310866,0.0002637761110150209,0.0007778784108168806,-0.000960178862479406,-0.00017070610573135148,-0.00192492350287726,-0.038659769503099434,-0.0023266126936553207,0.0010362567586658762,-0.000783283832911483,8.339296617331126
1781507081.3970907,-0.04524707609953234,0.8398152170256581,0.3104905524799207,-0.046910528212442494,0.017639372052766555,-0.06636777048545839,-0.0451229289288021,0.8402316244822672,0.3193144239935197,-0.04691641610916709,0.017518365584313633,-0.06624823912417853,0.0003954431088571933,-0.0001698846019312577,-0.0004022307167731329,0.00015089842173633054,0.0007461554495528561,-0.0009648557337864085,-0.0003158501838240697,-0.002530951845649962,-0.039572486612469,-0.004722530643126252,0.0008798481139288716,-0.0005076718387951466,8.8345637231515
1781507081.407094,-0.04525423174423996,0.8398048580701529,0.30994916402042705,-0.04710531443669519,0.017617538442627367,-0.06634712407457702,-0.0451229289288021,0.8402316244822672,0.3193144239935197,-0.04691641610916709,0.017518365584313633,-0.06624823912417853,0.0003998119657207569,-7.981023651131079e-05,-0.0005711575812656207,-0.0019960875804232083,0.0004164341614249681,-0.0006456166685440677,0.00019171129839112594,-0.002003496026569841,-0.03862321366649639,0.00044268556534159543,-5.15443382615197e-05,-0.0015971309447671534,9.375898056371062
1781507081.417095,-0.0452353160211591,0.8398337472243167,0.30984903509866707,-0.04822579864359905,0.017592578388298863,-0.06631924890911514,-0.0451229289288021,0.8402316244822672,0.3193144239935197,-0.04691641610916709,0.017518365584313633,-0.06624823912417853,0.0005139391298948732,0.00010871134249314349,-0.0007453582674915072,-0.014015960536041702,8.673267923985838e-05,-0.00028422462980687936,-0.00024352507251107136,-0.0016758424543777187,-0.038737086194346036,0.00015848888216511014,0.000478349821056573,-0.0008280398812895568,9.474414182508735
1781507081.4270897,-0.04522971163258168,0.8398344737957574,0.30926613130992286,-0.049155350800944006,0.017571541205879004,-0.06629551948551864,-0.0451229289288021,0.8402316244822672,0.3193144239935197,-0.04691641610916709,0.017518365584313633,-0.06624823912417853,0.0005990452226511399,0.00025867392169376505,-0.0008757574554779399,-0.02263839441059292,-0.00016270749103457026,-5.6868929665509355e-06,-0.000502200311615866,-0.0012226336354516233,-0.036791891349225954,0.0034649678197569457,0.0003568216129108461,-0.0004511448028672507,10.056705080136728
1781507081.4370885,-0.04522667999563833,0.8398307478095037,0.3086978124651607,-0.04991639938213071,0.017554015113278254,-0.06627554990353496,-0.045134885816920045,0.8401468799063434,0.31741558239817635,-0.0469240095685674,0.017535612410568113,-0.06628926024927004,0.0006597755978069052,0.0003757821929185913,-0.0009693416865230947,-0.028479219343498556,-0.0003451746696438576,0.00020315181580197913,-0.0004048379345201206,-0.0011266487093964145,-0.0372130229803098,0.00146765713302704,-5.1936555508419645e-05,-0.0006415723615935376,8.723982936646
1781507081.4470897,-0.04522587235748182,0.8398232641615694,0.3081422045024993,-0.05053036183458938,0.017539596258070667,-0.0662589472410828,-0.045134885816920045,0.8401468799063434,0.31741558239817635,-0.0469240095685674,0.017535612410568113,-0.06628926024927004,0.0007001682857829908,0.0004650320270517985,-0.0010321860512952758,-0.03207599819958444,-0.00047246062319198116,0.0003540548650957664,-0.0005659478502395622,-0.0019498071016902994,-0.038311195227919155,-0.005322332114149327,0.001325338882445054,-7.420066093329396e-05,9.279468912435718
1781507081.457084,-0.045229094596005666,0.8397928043790256,0.3076934394416365,-0.05071641990481302,0.017596762284938006,-0.06630324877078332,-0.045134885816920045,0.8401468799063434,0.31741558239817635,-0.0469240095685674,0.017535612410568113,-0.06628926024927004,0.0006865017380675929,0.00040104587702189943,-0.0005696417480898386,-0.030596824200038255,0.0002273578452344037,-0.00013585644897066453,-0.00037507988542720015,-0.0023133381122281567,-0.03940072767361721,-0.007857196846920572,-0.0002510411733743367,-3.1968972334544955e-05,9.729044580044812
1781507081.4670854,-0.045233795644791415,0.8397628645795311,0.30723968995115075,-0.05084481604952705,0.017644647882015363,-0.06634037486648751,-0.045134885816920045,0.8401468799063434,0.31741558239817635,-0.0469240095685674,0.017535612410568113,-0.06628926024927004,0.0006668319263998569,0.0003445978551741976,-0.00019110566028803823,-0.028651010810605997,0.0007455415889359407,-0.0004991301387328089,-0.00028215917027271865,-0.0028653053541424626,-0.04092713637535268,-0.012768831594027422,-6.612430749181657e-05,0.00021953716203769482,10.183616156292864
1781507081.4770854,-0.04522926292406037,0.8397582615725158,0.3072805617853218,-0.05092649309509004,0.017684270255640344,-0.06637110704513102,-0.045134885816920045,0.8401468799063434,0.31741558239817635,-0.0469240095685674,0.017535612410568113,-0.06628926024927004,0.0006425920920897484,0.0002949164940037426,0.00011519445101147567,-0.026408822583998036,0.0011134342189025948,-0.0007575951867045197,-0.0003653900237858699,-0.003929042113266487,-0.041794347517319544,-0.020742132556607108,0.0003622554670627245,0.00037534404726910964,10.142907574789666
1781507081.4870892,-0.045236285860052274,0.8397293867682843,0.3068178258998223,-0.05097092905291608,0.017716617335602258,-0.06639620643032894,-0.045151671962999074,0.840011607682833,0.3153780050364485,-0.04748589037725829,0.017506944734265728,-0.06630699822211156,0.0006149907096091192,0.00025129673964795316,0.00035962432631214295,-0.024005945551967077,0.0013586378980075683,-0.0009304710871900048,-8.676271761900608e-05,-0.005064281143492835,-0.042933337602557624,-0.027196387630173513,0.000422873089313916,6.416132217069787e-05,8.565248099577376
1781507081.4970944,-0.04524422007116765,0.8397009964394782,0.30635106763265746,-0.05098624494679028,0.017742628175679398,-0.06641639789828055,-0.045151671962999074,0.840011607682833,0.3153780050364485,-0.04748589037725829,0.017506944734265728,-0.06630699822211156,0.0005850405040479869,0.00021309578708183821,0.0005512892625071093,-0.021548443141267044,0.0015051950037559883,-0.0010344973266761901,-1.5119216337535318e-05,-0.005185129764320823,-0.04327823782762077,-0.03050624920982984,0.0005321486389437151,-0.0004183513761188553,9.032753920526467
1781507081.5070841,-0.04525125143799577,0.8396593139138977,0.3057989860729218,-0.050933865933453545,0.017712578599826,-0.06638597302562904,-0.045151671962999074,0.840011607682833,0.3153780050364485,-0.04748589037725829,0.017506944734265728,-0.06630699822211156,0.000580387885037859,8.913957317510128e-05,0.00015646109421841984,-0.018630125327456084,0.0009961835521086117,-0.0006066377780388286,-0.0002765000349681095,-0.005036343950841431,-0.044594348376369095,-0.03349244168554218,0.0005086972606068779,-0.00027957870741588813,9.586012271798758
1781507081.5170906,-0.04525332689672139,0.8396435015837383,0.3052682437412551,-0.051031511455018566,0.017672720513098428,-0.06630049976735429,-0.045151671962999074,0.840011607682833,0.3153780050364485,-0.04748589037725829,0.017506944734265728,-0.06630699822211156,0.0006297940786921574,0.00014199635458412267,-1.8205890681327472e-05,-0.017678876292764906,0.0004054496232882754,0.0003691209953766162,0.00010861004634685687,-0.005066441529481312,-0.045641177949477696,-0.03515592310735436,0.00015273873893907085,-0.0010320644225687682,10.116971348755108
1781507081.5271068,-0.04525678509376501,0.8396263188593771,0.30474305610007646,-0.051097415318115416,0.017638809443700776,-0.06622892977136068,-0.045151671962999074,0.840011607682833,0.3153780050364485,-0.04748589037725829,0.017506944734265728,-0.06630699822211156,0.000661475914074298,0.00018262912163563656,-0.00015819316966680233,-0.016482220947601888,-4.833147342733361e-05,0.0010900824191727413,-0.00018448953912153098,-0.004511933276900154,-0.043449255606720145,-0.03290576084604239,0.0010109306567447332,-0.0008826383279685346,10.642444978809186
1781507081.5370946,-0.045261425410465586,0.8396079596029221,0.30422261113548366,-0.05113773172222014,0.017610281467062894,-0.06616973647192168,-0.0451571249007659,0.8397691107288616,0.31313744324919096,-0.04911990555128304,0.017434985705619077,-0.06636610252661392,0.0006785276694671378,0.0002129339197292752,-0.0002685667308440226,-0.01513444611827335,-0.0003870606975934436,0.0016004075966955114,-9.804170249817968e-05,-0.003727356209194223,-0.04246734497411189,-0.027486131109003203,0.0015021108182285605,-0.0010294669738500097,8.916898558204094
1781507081.5470886,-0.0452566265073633,0.8396135226518899,0.30420546289591316,-0.05115777230645356,0.017586567143459186,-0.06612143712273769,-0.0451571249007659,0.8397691107288616,0.31313744324919096,-0.04911990555128304,0.017434985705619077,-0.06636610252661392,0.0006836187263709347,0.00023456370906128725,-0.00035376864932890745,-0.013710334422126921,-0.0006303011254724462,0.0019389482662917836,-0.0001526847818968539,-0.0032622402822548606,-0.04262961676161153,-0.02420459164449061,0.0008601279347809152,-0.0004801632946469103,8.933889480553914
1781507081.5570915,-0.045242839591709855,0.8396173521236535,0.30419648348259837,-0.05119606373922566,0.017594306811546723,-0.06616961376324229,-0.0451571249007659,0.8397691107288616,0.31313744324919096,-0.04911990555128304,0.017434985705619077,-0.06636610252661392,0.0007104302927661877,0.0002466168964504788,-0.0003740276411653354,-0.012622327586181191,-0.00045008429548902096,0.0012064271882283118,-0.00025586894479402033,-0.0023419472064602166,-0.04255736606205286,-0.019060242345568808,0.0009589558043557525,-0.00020876651523992257,8.94265839839171
1781507081.5670888,-0.045231368542834875,0.8396205671637401,0.3041897164743764,-0.05121670040326198,0.017601176828463405,-0.06621126198492996,-0.0451571249007659,0.8397691107288616,0.31313744324919096,-0.04911990555128304,0.017434985705619077,-0.06636610252661392,0.0007229520252860669,0.00025316798520319756,-0.0003855517059184537,-0.011461613893661685,-0.00030270418273356666,0.0006245574799888229,-0.0002720558318694447,-0.0013929425062174023,-0.04216970992416078,-0.012568062833104623,0.0014020727569927025,-0.00043222287469994324,8.949267665337738
1781507081.5770946,-0.045221918228655816,0.8396232457560266,0.3041847729248117,-0.051223544025458784,0.017607207303629302,-0.06624687864959265,-0.0451571249007659,0.8397691107288616,0.31313744324919096,-0.04911990555128304,0.017434985705619077,-0.06636610252661392,0.0007238435997518535,0.0002552191279419768,-0.0003899175841184729,-0.010278195210014841,-0.0001839691561031364,0.00017149141684877828,-0.0004193285120750494,-0.0005808532125706488,-0.04030758954466972,-0.010050226833480086,0.0012926362644339474,0.0007088564833431716,8.95409295812032
1781507081.587092,-0.04521422248002803,0.8396254570506363,0.30418131772743634,-0.05121986562405936,0.01761244370099857,-0.0662770011447099,-0.04517392812410531,0.839671559561449,0.3110784853749825,-0.04994484725904638,0.01743793857881548,-0.06637677587933587,0.0007153874984186933,0.0002536318447717421,-0.0003884817422232399,-0.009110157761099628,-8.995260586854287e-05,-0.00017266604721023591,-0.0006699035860555216,-0.0006268705969188384,-0.03760056647192858,-0.009261909187619537,0.0016783876322990002,0.001734919461936034,6.897439425973959
1781507081.5970874,-0.04520804231728091,0.8396272623744914,0.30417906422682134,-0.051208404083724506,0.017616941760318694,-0.0663021825132372,-0.04517392812410531,0.839671559561449,0.3110784853749825,-0.04994484725904638,0.01743793857881548,-0.06637677587933587,0.0006995344813057959,0.00024914384345384004,-0.00038240662877187925,-0.007985617257784093,-1.7034444397495243e-05,-0.0004258024058058495,-0.0006337210530218385,-0.0012361711736858677,-0.037529132299221626,-0.009855885219984166,0.0015396499454383226,0.0018746821789962405,6.899647686559215
1781507081.6070948,-0.04520402347310354,0.839611801230489,0.30423175852907075,-0.05097854345157976,0.01760477725214793,-0.06637790493346672,-0.04517392812410531,0.839671559561449,0.3110784853749825,-0.04994484725904638,0.01743793857881548,-0.06637677587933587,0.0006488536695997524,0.0001276184450458369,-0.00010757844539766872,-0.004589886976242569,-0.00010606279845421537,-0.0012115614640503217,-0.00036136423262454363,-0.0013255962947779868,-0.03732198515135906,-0.009325653282464907,0.002390050192056219,0.0010975959881921033,6.847053767181851
1781507081.6170945,-0.04520107698240016,0.8395984754777325,0.30427704625062835,-0.050780975781414314,0.017594717088976086,-0.06644049056134282,-0.04517392812410531,0.839671559561449,0.3110784853749825,-0.04994484725904638,0.01743793857881548,-0.06637677587933587,0.0005999468397948575,2.844406257803542e-05,0.00011440936990136618,-0.001919943550196312,-0.00016983657567816392,-0.0017671432457602044,-0.000585966830508608,-0.0009852749633823762,-0.03656918272262282,-0.00953314655813496,0.0005993082444216886,0.0022152753991147548,6.801885952152892
1781507081.627112,-0.045199043454260436,0.8395870278365649,0.30431574392134775,-0.050613012258363066,0.017586505770787353,-0.06649151958634544,-0.04517392812410531,0.839671559561449,0.3110784853749825,-0.04994484725904638,0.01743793857881548,-0.06637677587933587,0.000553083814225369,-5.153088423738506e-05,0.0002911655453217604,0.00013310869865390063,-0.00021294954344147315,-0.002135052475051301,-0.0003201445955872368,-0.0010568531473052975,-0.034030055632718444,-0.012507551402151634,-0.0002797376130901388,0.0020687701789638764,6.763316372980834
1781507081.637096,-0.045197777794661526,0.8395772291250091,0.30434860796073165,-0.05047182785880492,0.01757990192545056,-0.0665324924328915,-0.04517392812410531,0.839671559561449,0.3110784853749825,-0.04994484725904638,0.01743793857881548,-0.06637677587933587,0.00050845530194231,-0.00011507967578745284,0.00042937129438841854,0.0016677476326680122,-0.000239407381046508,-0.0023522737990665766,-0.00024612581974237536,-0.0006775279924658792,-0.029734942529345543,-0.008214754641498878,0.0004088989662545581,0.00068365040794134,6.730580736375451
1781507081.6470978,-0.04519714937108824,0.8395688754272801,0.30437633402966535,-0.050354572838359195,0.01757468128661266,-0.06656480867548406,-0.045198405598063485,0.8396222768710764,0.3092963290440154,-0.050417790581291276,0.017458445441909554,-0.06629922008284062,0.0004661860854995736,-0.00016463676317716267,0.000534878588990228,0.0027719497780759553,-0.0002526659424781462,-0.0024506434383873674,0.0002769393449682797,-0.000556508732091292,-0.027535338108384277,-0.007309001524107368,0.00025948733843448793,-0.0006941243863840874,4.920284974829701
1781507081.6570861,-0.045186158817485424,0.8395889418245401,0.30438678102418254,-0.05031005607462044,0.017518524306715078,-0.06650042512826815,-0.045198405598063485,0.8396222768710764,0.3092963290440154,-0.050417790581291276,0.017458445441909554,-0.06629922008284062,0.0005291390133002749,-2.8162391078533034e-05,0.0005505720107689303,0.002942871194572277,-0.0008728119600773652,-0.0015120617917619493,0.0004119889782738459,-0.00044612687016092045,-0.025286752775692745,-0.00543511423649436,0.00027225067156783577,-0.0013729454250626313,4.909676462660925
1781507081.667095,-0.045177052582020524,0.839606154911264,0.3043952351474919,-0.05027529448647562,0.01747216006257668,-0.0664449276410588,-0.045198405598063485,0.8396222768710764,0.3092963290440154,-0.050417790581291276,0.017458445441909554,-0.06629922008284062,0.0005729712050398737,8.175241693709828e-05,0.00055619396203314,0.0029903889931644496,-0.0013135637779998703,-0.0007674188715303805,0.00045889713751045105,-0.0002525560864762863,-0.025022284576406865,-0.0038683334363336704,0.0002048105669348382,-0.002155424668997843,4.9011669275206415
1781507081.6770842,-0.04516955488271444,0.8396208581958073,0.3044019830092544,-0.05024879325180477,0.017434402581745445,-0.06639760686300308,-0.045198405598063485,0.8396222768710764,0.3092963290440154,-0.050417790581291276,0.017458445441909554,-0.06629922008284062,0.0006008983848382948,0.00016895318774306259,0.0005536595713312311,0.002944142304265458,-0.0016078398652889223,-0.00018847214168545262,0.0003788524085755593,0.00018627926125233302,-0.022503686751568667,-0.00015044012940307566,-0.00034758159960910967,-0.002107831885932065,4.894431272823846
1781507081.687092,-0.04516342846953753,0.83963335974375,0.3044072787824815,-0.05022920631002669,0.01740412760137411,-0.0663577076071349,-0.045198405598063485,0.8396222768710764,0.3092963290440154,-0.050417790581291276,0.017458445441909554,-0.06629922008284062,0.0006157035823356503,0.00023681481698509653,0.000544609601579901,0.002828905726744985,-0.0017843136434229734,0.0002504755237790335,0.00024574234894365665,0.0005342584077565601,-0.019560488521490598,0.003049663339457954,-0.0001794176820439871,-0.0017141943955764176,4.889187937622248
1781507081.6970942,-0.045158469307273796,0.8396439351554423,0.30441134667381964,-0.05021533590839172,0.01738028787338819,-0.06632446098846846,-0.04518389701881015,0.8396136834810999,0.308069541900081,-0.05060040770581163,0.017457308353506118,-0.06637578505543001,0.000619787207849038,0.0002882916268399097,0.0005304437722003681,0.002665130778638506,-0.0018676931720109586,0.0005725105617563227,0.0005389060280947777,0.0007848479143574427,-0.016727182316851465,0.007208536362139281,-0.0008566834537555051,-0.0017859705664308363,3.658408676700295
1781507081.7070923,-0.04515450196368619,0.8396528303844704,0.304414383415512,-0.05020612819588785,0.017361922528862372,-0.0662971088812286,-0.04518389701881015,0.8396136834810999,0.308069541900081,-0.05060040770581163,0.017457308353506118,-0.06637578505543001,0.0006152120995394221,0.0003259628801332673,0.0005123505635011987,0.0024694699484858833,-0.00187903920602965,0.0007981312952676207,0.0005888277954264801,0.0007618422229335934,-0.017114055044111825,0.006464371185402636,-0.0009404528234320673,-0.0013331433387985406,3.655486300976369
1781507081.7170947,-0.04514647006906197,0.8396585090928532,0.3044670241125162,-0.050240726411921774,0.01736319716500989,-0.06626019342641175,-0.04518389701881015,0.8396136834810999,0.308069541900081,-0.05060040770581163,0.017457308353506118,-0.06637578505543001,0.0006417980897196407,0.00034179426484876697,0.0008309181725783759,0.0018151723617336178,-0.001680150367424345,0.0011141399429540305,0.000274482022121648,0.0005886950149784674,-0.017518311319813257,0.006077288707354515,-0.000826356444426624,-0.0006559335519292032,3.6029910521339668
1781507081.7270977,-0.045139840351409194,0.8396631802046886,0.304511660146637,-0.050271512331053675,0.017365759845937134,-0.06623024343720325,-0.04518389701881015,0.8396136834810999,0.308069541900081,-0.05060040770581163,0.017457308353506118,-0.06637578505543001,0.0006550083754099062,0.00035017239508222214,0.0010761271194668685,0.0012752459809926508,-0.0014851345337747147,0.001320420222615957,2.117530066727323e-05,0.0006738494149123898,-0.01604446691890615,0.0056276350339437035,-0.0006718215893245169,0.00028021256061527583,3.5584987687335716
1781507081.7370894,-0.04513441529833291,0.8396669843362055,0.30454931951972036,-0.05029859915749345,0.01736921717767026,-0.06620633235536579,-0.04518389701881015,0.8396136834810999,0.308069541900081,-0.05060040770581163,0.017457308353506118,-0.06637578505543001,0.0006573136169068038,0.0003524610933016335,0.00125933865551194,0.0008357926148561154,-0.001298359949720569,0.0014388376112876378,-0.0002701053614496408,0.00025368175517024845,-0.015298779149337688,0.0021200433602638316,-0.0007764563609099725,0.0015659998384479118,3.5209735910694313
1781507081.747088,-0.045130023538127166,0.8396700452415229,0.30458091299657686,-0.050322172970384535,0.017373249971344595,-0.06618760060916662,-0.04517074103476276,0.8396499247433211,0.3072226102524982,-0.05030739724239819,0.017428326339036015,-0.06639977378190294,0.0006508353719479731,0.0003498323588559107,0.0013904588584179969,0.000483648776843863,-0.0011228737005433017,0.001488180389985216,-8.656811577030806e-05,0.00016702163385544014,-0.014259256543481457,0.0013092092523373756,-0.0013901206073742287,0.0018754654508911792,2.642087648228666
1781507081.7570848,-0.045129886439204264,0.8396610664368765,0.304623973088891,-0.050420635377348214,0.01739359236307214,-0.06616713209123756,-0.04517074103476276,0.8396499247433211,0.3072226102524982,-0.05030739724239819,0.017428326339036015,-0.06639977378190294,0.0006193562840491029,0.00027255777777437874,0.001615578227062616,-0.000647908113050359,-0.0007895140718214573,0.0015600408664595735,-0.00018847162228171013,-0.00020830751847205223,-0.014135163610982923,0.0001640819564638569,-0.0012636961746271757,0.002336578008075894,2.5989821745048567
1781507081.7670882,-0.045130000833766844,0.8396532181755154,0.3046601564815641,-0.050502881157303094,0.017411356233618003,-0.06615138484442289,-0.04517074103476276,0.8396499247433211,0.3072226102524982,-0.05030739724239819,0.017428326339036015,-0.06639977378190294,0.0005862378444240628,0.00020707023491990645,0.0017758269957727892,-0.0014780081371569159,-0.0005181214193414452,0.0015711850709209923,2.1149271921019634e-05,0.0002044117378182519,-0.013441250677787949,-2.4941086723943907e-05,-0.002066986009358866,0.0026552995201670525,2.5627797288973686
1781507081.777088,-0.04513031573474193,0.8396463789538995,0.30469038134542364,-0.05057072520518017,0.017426701255781385,-0.06613960596616025,-0.04517074103476276,0.8396499247433211,0.3072226102524982,-0.05030739724239819,0.017428326339036015,-0.06639977378190294,0.0005522230215032571,0.00015187480356376103,0.0018819688738575305,-0.0020595151974937952,-0.00030058889154444587,0.001536530542677866,0.00013738468939722518,0.0003640407492451231,-0.012448902409729677,-0.000913007505222197,-0.0014733796459417063,0.002147105667383329,2.532554049833562
1781507081.7870855,-0.04513078906518024,0.8396404378709392,0.30471545341852246,-0.05062592154429818,0.01743981344137291,-0.0661311227252478,-0.04517074103476276,0.8396499247433211,0.3072226102524982,-0.05030739724239819,0.017428326339036015,-0.06639977378190294,0.0005179196084822878,0.00010564098515988796,0.0019433302674141271,-0.002438842955091291,-0.00012936759606822613,0.0014685083855991282,0.00017305909211496145,-8.074924529622468e-05,-0.011705343832858369,-0.002967273833034644,-0.0009178073460667267,0.0019404714331893082,2.5074930809021847
1781507081.79709,-0.04513138604470756,0.8396352940467552,0.3047360793172524,-0.0506701305823023,0.017450893408808232,-0.06612534088055605,-0.04517540239286372,0.8396554712930457,0.30655056547578396,-0.050310842529403266,0.017361649273331725,-0.06628592322255308,0.0004838191821504508,6.718713846090625e-05,0.0019679655790746505,-0.0026563016891053984,2.466564155690086e-06,0.0013773463629368971,-4.39814729457616e-05,-0.00030038125814757386,-0.010512033593965305,-0.003328398795581351,-0.000507339006235172,0.0019471149705174134,1.815132110805042
1781507081.8070855,-0.04512081494355915,0.8396481431252408,0.3047396122914,-0.05066484621882037,0.017400088895518584,-0.06609532549961594,-0.04517540239286372,0.8396554712930457,0.30655056547578396,-0.050310842529403266,0.017361649273331725,-0.06628592322255308,0.0005303076798563643,0.00014461399146663016,0.0018622354590848082,-0.0023144518241487405,-0.0005683337987216498,0.0015260923215365213,0.00047686873186640686,-0.0005750801486320875,-0.009679469341350928,-0.0025924766566926957,-0.0004389966639539076,0.0013858948174858905,1.8117905308548634
1781507081.8170948,-0.04511192756177062,0.8396590904982637,0.30474173713055974,-0.05065830281197851,0.0173578079718264,-0.06607150691561306,-0.04517540239286372,0.8396554712930457,0.30655056547578396,-0.050310842529403266,0.017361649273331725,-0.06628592322255308,0.000560907860952709,0.00020493778423388235,0.0017537617432219097,-0.0019949654104755225,-0.0009804615468584498,0.0015957636400177775,0.00015110436572694297,-0.0002534740817638497,-0.008686605721498765,-0.0016627475102985647,0.0005999641777730447,0.0013640059370940082,1.809945340421999
1781507081.8270867,-0.045104504479154026,0.839668371628021,0.3047426948914428,-0.05065099477729648,0.017323070888105363,-0.06605298328532805,-0.04517540239286372,0.8396554712930457,0.30655056547578396,-0.050310842529403266,0.017361649273331725,-0.06628592322255308,0.0005783655926714349,0.0002507673357107998,0.0016444600143716915,-0.0017009796472185535,-0.0012624194141435537,0.0016042813425645648,-1.2452678346152398e-05,-6.531995828785506e-05,-0.007606458989452788,-0.00117977327509076,0.00039012540572597377,0.001467032103384479,1.8093062158012294
1781507081.837093,-0.04509835241405141,0.8396761968212821,0.3047426947739065,-0.0506433135926912,0.017294937055623683,-0.06603893394980714,-0.04517540239286372,0.8396554712930457,0.30655056547578396,-0.050310842529403266,0.017361649273331725,-0.06628592322255308,0.0005850517116847577,0.0002843805924626763,0.001535878542811537,-0.0014341472941784,-0.0014391268407393254,0.001566746628989968,0.00012362983093275486,0.00010002137621517675,-0.006217213538047921,-0.0012112112067639703,0.0006469929182058202,0.0013337713409872335,1.8096305483337372
1781507081.847086,-0.045093301122491915,0.8396827535031584,0.3047419177704192,-0.050635562871983744,0.017272520970048166,-0.06602862154717365,-0.04517081167199405,0.8396404307865379,0.3061169258989839,-0.0504203920808341,0.017367364461085444,-0.066211163636271,0.0005830059492922269,0.0003077610216932504,0.0014292511119617407,-0.0011949635841415937,-0.0015321362621163411,0.001495734628787673,-4.035193311880778e-05,-0.00015241001442234644,-0.005378126866661516,-0.001605474068675151,0.0012233062278656876,0.0011883135332568873,1.3778412286055757
1781507081.8570938,-0.045089200687851765,0.8396882083339259,0.304740519923822,-0.05062797206658619,0.017255002636330063,-0.06602139131391649,-0.04517081167199405,0.8396404307865379,0.3061169258989839,-0.0504203920808341,0.017367364461085444,-0.066211163636271,0.0005739763888229593,0.000322630557937472,0.001325543410348278,-0.0009830428635086291,-0.0015598873440707756,0.0014015836241064428,0.00016246930272318305,-0.0001450470166207157,-0.0056207965048724,-0.0019079414456152103,0.0004039448911169651,0.0013629299395340106,1.3796508454056473
1781507081.8670855,-0.0450861470953503,0.8396874522088568,0.30479590320296945,-0.05056601811857102,0.017256587977502624,-0.06608265761857283,-0.04517081167199405,0.8396404307865379,0.3061169258989839,-0.0504203920808341,0.017367364461085444,-0.066211163636271,0.0005327318114316212,0.0002963828907781472,0.0015723991377356028,-0.00018782347619960074,-0.0013386275732933724,0.0005815510283742983,0.00021948627481353466,8.315881907746359e-06,-0.005863288555912576,-0.0016682637298634307,-0.0007026053120941095,0.0016591395526990163,1.3245678797556957
1781507081.8770862,-0.045083854637379434,0.8396866371212708,0.30484249683111464,-0.05051374794369662,0.017259124835477868,-0.06613478378024795,-0.04517081167199405,0.8396404307865379,0.3061169258989839,-0.0504203920808341,0.017367364461085444,-0.066211163636271,0.000492871519044915,0.0002715564961024701,0.0017506443945821074,0.0004131450468208317,-0.0011362044036754824,-4.879404858982965e-05,0.000177490547891536,0.0002382234339382382,-0.00551385141543111,-0.0009591644054861132,-0.0003716802300933467,0.0016035225994577057,1.2782276793547351
1781507081.8870857,-0.04508221865652329,0.8396857847862662,0.30488142899711174,-0.05047016424086601,0.017262304692861052,-0.06617863456539236,-0.04517081167199405,0.8396404307865379,0.3061169258989839,-0.0504203920808341,0.017367364461085444,-0.066211163636271,0.0004546275638728153,0.0002481856364475784,0.0018715524593087365,0.0008521187493970217,-0.0009534354445219031,-0.0005197574776610047,0.0003284262258297679,0.00019393302299033923,-0.005574029917898455,-0.0011318237035705088,-0.0016648237125862489,0.0017970042913880598,1.2394992142866956
1781507081.8970835,-0.045081142255533266,0.839684913208173,0.30491370690601105,-0.05043428198936948,0.017265878878631735,-0.06621508448172989,-0.04515906958005894,0.8396448325376631,0.30583719405912574,-0.05048964126570852,0.017346660668925873,-0.06613921941199452,0.00041816575056577925,0.00022627937375184668,0.0019448997376151234,0.0011577000032388309,-0.0007903953860363925,-0.0008584093715766253,0.0005264722272759523,0.00039932595798298294,-0.004723511330526116,-0.0006952602997532596,-0.0013806542456580844,0.0011767324691205185,0.9276355157194673
1781507081.9070497,-0.04508053681424644,0.839684037162227,0.30494022705121254,-0.05040515233543107,0.017269650364530875,-0.06624499138390967,-0.04515906958005894,0.8396448325376631,0.30583719405912574,-0.05048964126570852,0.017346660668925873,-0.06613921941199452,0.00038359660109878754,0.00020582642476537025,0.00197913710898068,0.0013549707394440295,-0.0006466002116602529,-0.0010886543557318403,0.0005891523262926404,0.0005728209936904754,-0.004314846483205642,-0.00016271632803673854,-0.0013837326386650693,0.0009324467468765474,0.9012514694457405
1781507081.9170916,-0.04508362917255664,0.8396882635259509,0.3049236443653302,-0.05045135858855695,0.017283733377527533,-0.06630764136461977,-0.04515906958005894,0.8396448325376631,0.30583719405912574,-0.05048964126570852,0.017346660668925873,-0.06613921941199452,0.0003159792362864963,0.00022288841854321064,0.0017631876648258908,0.0007144632473458394,-0.0003878978342990518,-0.0016450363932548665,0.0005390678902411414,0.00033542200394038165,-0.004820149590112838,-0.0003634327364225051,-0.0008930388110280024,0.0003351791790623589,0.9176876096263298
1781507081.9270914,-0.04508660893552396,0.8396917768303548,0.3049084551689586,-0.05049085339381243,0.017296007409268732,-0.066358845137274,-0.04515906958005894,0.8396448325376631,0.30583719405912574,-0.05048964126570852,0.017346660668925873,-0.06613921941199452,0.00025769405341267743,0.00023376110649916054,0.001567487870759668,0.00021499350195600987,-0.00018344853449157492,-0.002016885213613436,0.0006638739309736236,0.0004899145504149254,-0.003769386807945277,0.0009871263411315946,-0.0004978992694619779,-0.0004885953915386169,0.9327433932929531
1781507081.9370837,-0.045089468139361974,0.8396946749855391,0.304894590335859,-0.05052423827268889,0.01730659065199669,-0.06640007100661006,-0.04515906958005894,0.8396448325376631,0.30583719405912574,-0.05048964126570852,0.017346660668925873,-0.06613921941199452,0.00020763902810136468,0.0002395274179124791,0.0013905236672306696,-0.0001651289931071117,-2.5244196857931734e-05,-0.0022402910977419423,0.0002982040225941067,0.00045122510452314196,-0.003309732297094649,0.0006794599115435086,-0.0003054186854452258,-0.0004860315799494376,0.9464831796042302
1781507081.9470901,-0.04509219803936727,0.8396970437971765,0.30488197414616497,-0.050552131208484674,0.01731561781298785,-0.06643269225245202,-0.04513148232680275,0.8396638323702534,0.30561407345544456,-0.05049047949773495,0.01729518045625489,-0.06612545569390456,0.00016482520031715447,0.00024112140231023028,0.0012308422089239643,-0.0004454232019104896,9.398089680303815e-05,-0.0023463585420702877,0.0005051910203905511,0.00030628030873455184,-0.002719868628781813,0.0010396722824191186,-0.00042045418752940456,-0.001226529821742356,0.7339043893895354
1781507081.9570918,-0.045089999879107674,0.8396984873163105,0.30487628030604697,-0.050483984632330996,0.01730479762156456,-0.06639695580740965,-0.04513148232680275,0.8396638323702534,0.30561407345544456,-0.05049047949773495,0.01729518045625489,-0.06612545569390456,0.00018106246566616178,0.00023165920173515197,0.0010890164385247295,0.00034038329540791334,-5.409207397342149e-05,-0.0017065903279526026,0.00031521550459382667,0.0005987175844319187,-0.0020348352190424357,0.0015154339504974243,-9.554558346126978e-05,-0.0014567279986063106,0.7397705658182193
1781507081.9670877,-0.045088275098335184,0.8396995937869874,0.30487070992128257,-0.05042695308381323,0.017295824180598718,-0.06636533615257098,-0.04513148232680275,0.8396638323702534,0.30561407345544456,-0.05049047949773495,0.01729518045625489,-0.06612545569390456,0.00019180306107306777,0.00022112784384413666,0.0009613635736846632,0.0009198453066072163,-0.00016355164090278178,-0.001180519649769743,0.0004249651926658987,0.00021054573645734126,-0.002300735449855197,0.0008821274090340831,-0.00017299946373427688,-0.0016285742805871284,0.7454764164213881
1781507081.9770877,-0.04508693809767272,0.8397004134700431,0.30486529465262574,-0.05037981073258773,0.01728848021897078,-0.06633766645535985,-0.04513148232680275,0.8396638323702534,0.30561407345544456,-0.05049047949773495,0.01729518045625489,-0.06612545569390456,0.00019799498317280695,0.00020987163816181342,0.0008467058283328242,0.0013288386688204493,-0.00024108475160835568,-0.0007540386744216213,0.0003634646013718279,0.00030480688527798793,-0.0019682132021207953,0.0008315623185773236,-0.0002543406525135256,-0.0016005993350689028,0.7509940484194202
1781507081.9870982,-0.04508591800399328,0.8397009909537937,0.30486006272192506,-0.050341368412400604,0.017282558336514153,-0.06631371362191699,-0.04513148232680275,0.8396638323702534,0.30561407345544456,-0.05049047949773495,0.01729518045625489,-0.06612545569390456,0.00020045689452194825,0.00019817617168819783,0.0007439330460733963,0.0015989101895997088,-0.00029257525620178174,-0.00041385083738220937,0.00010641493262173823,0.0004360917485339346,-0.0015072863448092463,0.0013761667148787051,0.0004928973302173214,-0.0015762289120189847,0.7562995796021639
1781507081.997089,-0.04508515628301011,0.8397013655986971,0.3048550383047511,-0.05031049698081833,0.017277864193359527,-0.0662932012871259,-0.045114215234806576,0.839678999138171,0.30550164310692507,-0.05044254017693703,0.01729104335453302,-0.06619893840450583,0.0001998932584654223,0.00018627627187989151,0.0006520034286066508,0.0017574995420981268,-0.0003231443060528854,-0.00014763139396751346,0.0004262483044571714,0.00026429055064407903,-0.0018082407894845763,0.0009892039520678947,-0.00012648557119089246,-0.0016831723710179682,0.6476437689273625
1781507082.0070934,-0.045084604696784714,0.8397015719747114,0.304850241221596,-0.05028614317767764,0.017274218549377718,-0.06627582822451775,-0.045114215234806576,0.839678999138171,0.30550164310692507,-0.05044254017693703,0.01729104335453302,-0.06619893840450583,0.0001969079360211406,0.0001743630422922984,0.0005699432543194747,0.0018282179514608333,-0.0003372014773062671,5.587888657410781e-05,0.000113848849882983,0.00013914052351968905,-0.0024462782239049697,0.0005279882001234199,-0.0002004987537421095,-0.0010587649085767956,0.6524651202338008
1781507082.0170963,-0.045084192971103026,0.8396924134768042,0.3048745506529741,-0.05027245751738544,0.01727059463587266,-0.06627289888244094,-0.045114215234806576,0.839678999138171,0.30550164310692507,-0.05044254017693703,0.01729104335453302,-0.06619893840450583,0.00018777489735636685,0.00010377973443140878,0.0006842503711146515,0.0017774769223086939,-0.0003415384194038984,7.972492748289814e-05,7.55623500493148e-05,0.00022320073300852652,-0.002605033098338098,0.0009432410895631352,6.0955421745453815e-05,-0.0010162645713906575,0.6279540003862694
1781507082.027092,-0.04508393964887771,0.8396844887761133,0.304894916929947,-0.050262580389682676,0.017267855797268528,-0.06627052394202748,-0.045114215234806576,0.839678999138171,0.30550164310692507,-0.05044254017693703,0.01729104335453302,-0.06619893840450583,0.0001780638405050649,4.580235525580632e-05,0.0007673429086487201,0.0016908040326948119,-0.0003354389318017017,9.540976226005021e-05,0.00042538714880749573,0.00032007395615569204,-0.0029709899157706163,0.0007257341971934909,-4.782439932031121e-05,-0.0012211470650221915,0.6075058856163191
1781507082.037091,-0.04508381626271275,0.8396776552483596,0.30491186318797586,-0.050255827227863564,0.017265855092080118,-0.06626862939047919,-0.045114215234806576,0.839678999138171,0.30550164310692507,-0.05044254017693703,0.01729104335453302,-0.06619893840450583,0.00016801181512256943,-1.3206905461657348e-06,0.0008243243531650509,0.0015795810848521742,-0.00032168678468535804,0.00010455032195631251,0.00011164475861357864,0.0003082960444018561,-0.0027074729613498372,0.001101513482672803,0.00045854217824370494,-0.0007885863894276749,0.5905643541053927
1781507082.0470934,-0.04508379846973538,0.8396717846318555,0.3049258532770581,-0.050251599598635635,0.017264462214557685,-0.06626714662858735,-0.045100644056318195,0.8396904892109645,0.30536660546109173,-0.05040615618354254,0.017288278484787645,-0.06625712569122738,0.00015781343872550116,-3.9133072089968875e-05,0.0008596225004649984,0.001453008080902517,-0.0003025772258265121,0.00010853725869459379,1.4229968746145547e-05,0.0003629762249307267,-0.002364259987740465,0.0015711498900492589,0.0008359165161592518,-0.00057374670967355,0.44147040987744374
1781507082.0570893,-0.04508597210408425,0.8396680906651339,0.30493251452280923,-0.05021935397708148,0.017267287274602916,-0.06625115189715845,-0.045100644056318195,0.8396904892109645,0.30536660546109173,-0.05040615618354254,0.017288278484787645,-0.06625712569122738,0.0001396527823975041,-6.187838148224458e-05,0.0008348027469535866,0.001643399368871463,-0.0002475789114842273,0.0002726050496504297,0.00017035136257508994,0.0002056342310505127,-0.002876244533568516,0.0010006981334958615,0.0006134259810449503,-0.00041778412782404593,0.4349159731909869
1781507082.0670972,-0.04508936508678763,0.8396776544028789,0.3049183933534882,-0.05005455313482727,0.017267336256026056,-0.06629955039568283,-0.045100644056318195,0.8396904892109645,0.30536660546109173,-0.05040615618354254,0.017288278484787645,-0.06625712569122738,8.885172147003264e-05,-1.0039333547291271e-06,0.0006271426026128081,0.003272254190990101,-0.0001939142537665023,-0.0002847567887179612,-0.00011324389200015528,0.00024017280815492417,-0.0027928918497621504,0.0014344511445943708,6.256419318455634e-05,0.0005536785761551282,0.4485376693820402
1781507082.0770888,-0.0450923975670367,0.8396858311294607,0.3049055884928148,-0.04991894150505265,0.017267573324095675,-0.0663400056348364,-0.045100644056318195,0.8396904892109645,0.30536660546109173,-0.05040615618354254,0.017288278484787645,-0.06625712569122738,4.6944152110413e-05,4.787716013047855e-05,0.00045249208033440593,0.0044031288929323575,-0.0001484022793857228,-0.0006945763834705955,-8.922321872768017e-05,0.00014425276510593148,-0.002820264720192419,0.0008670149292172026,-0.0005049249872305337,0.0007747850447017058,0.4611142454403527
1781507082.0870984,-0.04509511286486226,0.8396927895179571,0.3048939767199704,-0.04980891241937421,0.017267943565029586,-0.06637340182507163,-0.045100644056318195,0.8396904892109645,0.30536660546109173,-0.05040615618354254,0.017288278484787645,-0.06625712569122738,1.2707050468935026e-05,8.651093741354228e-05,0.00030655379587407345,0.005129928966906074,-0.0001102433435560203,-0.0009826292361730243,8.15673681066732e-05,-2.6552922022348464e-05,-0.0022188244850236466,0.0007957953212745978,-0.00028838102072199177,0.0006277084392969286,0.47266670331756305
1781507082.0970852,-0.04509754615976612,0.8396986810800272,0.30488345495760977,-0.049721063258382894,0.01726840248113204,-0.06640059472300038,-0.045099499521866926,0.8396978360492309,0.30523917427334923,-0.05035047959612683,0.01729791195205177,-0.06624483514543204,-1.4938586780150184e-05,0.00011642891517854226,0.0001855141113277681,0.005534075213714246,-7.863734705949255e-05,-0.0011715612609932862,0.00018569130129739153,-2.013810804763241e-05,-0.0016334424251296137,0.0017180033134494316,-0.0008185037943847209,0.0003272126935755982,0.3557256826414112
1781507082.1070824,-0.045099726364551104,0.8397036414813674,0.30487393526510953,-0.04965223742932557,0.017268914553953074,-0.06642239533442923,-0.045099499521866926,0.8396978360492309,0.30523917427334923,-0.05035047959612683,0.01729791195205177,-0.06624483514543204,-3.6942475084860266e-05,0.00013897099193183504,8.599605003063593e-05,0.005685405372989323,-5.280567082003688e-05,-0.0012810535680055045,8.688144166582492e-05,0.00012015554584760167,-0.0008769327758372876,0.0025636358269299055,-0.0007248165827495041,9.899542148785721e-05,0.36528521409963777
1781507082.1170921,-0.04509755305013492,0.839702563085639,0.30488543791228373,-0.049682455870251156,0.017261848708504335,-0.06638378061158971,-0.045099499521866926,0.8396978360492309,0.30523917427334923,-0.05035047959612683,0.01729791195205177,-0.06624483514543204,-5.778921717100896e-06,0.0001232203264255494,0.00016598406020333823,0.004727534262714296,-0.00014493175600631733,-0.0007240513229381022,0.00014844420298792537,0.00036527933598326756,-0.00048405285949790395,0.003515447748726942,-0.00025980030612182664,-0.0004618540689053861,0.35377329854763145
1781507082.1270893,-0.04509569280869494,0.8397015494202131,0.3048949859274135,-0.04971220197565729,0.017256072504434616,-0.06635064432538204,-0.045099499521866926,0.8396978360492309,0.30523917427334923,-0.05035047959612683,0.01729791195205177,-0.06624483514543204,1.9311567069027455e-05,0.0001090147883731675,0.00022809310071413648,0.003880428989696836,-0.0002099842628539207,-0.0002868870252737459,0.00034969732319325633,0.00032667183432910705,-0.0007420809775755093,0.003922569536019541,-0.00022546296218940162,-0.001175579752503291,0.34422942591709316
1781507082.137089,-0.045094095397678294,0.8397006020516927,0.3049028684747393,-0.04974077991434501,0.017251420534091233,-0.06632251992645391,-0.045099499521866926,0.8396978360492309,0.30523917427334923,-0.05035047959612683,0.01729791195205177,-0.06624483514543204,3.92088406865608e-05,9.622963574887816e-05,0.00027506239977905694,0.0031395042427284016,-0.00025297261334320507,4.851984535910429e-05,0.0003065210960816737,0.0005016537514962063,-0.0006745962909619732,0.004984459653823156,5.237740761750498e-05,-0.0013971337429468874,0.3363605885155583
1781507082.1470942,-0.0450927200957002,0.8396997212909594,0.3049093355361328,-0.04976770030529742,0.017247738096496823,-0.0662989206503238,-0.04508830289088622,0.8397106450823411,0.3051930060563139,-0.0501835630966949,0.01730080018267177,-0.06627777548471726,5.4685021931746786e-05,8.474673127785971e-05,0.0003092827721650182,0.0024984179879087715,-0.00027825369675225963,0.00029850192318019235,0.0004257801034132032,0.0004260591880370024,-0.0010452153960537518,0.004987028538004035,-0.0002325524014728225,-0.0017162105820834593,0.28391513685663666
1781507082.157086,-0.045091533852505666,0.8396989064253451,0.3049146027019842,-0.04979264184905812,0.017244882753816082,-0.06627935790950412,-0.04508830289088622,0.8397106450823411,0.3051930060563139,-0.0501835630966949,0.01730080018267177,-0.06627777548471726,6.641596998525848e-05,7.445473672125943e-05,0.00033283504162544297,0.0019496855286789193,-0.00028957633632230117,0.0004776351078716463,0.0004411258657122867,0.0005943358092070757,-0.0008119736981401131,0.005542541052957847,3.0438447749741454e-05,-0.001849997217044897,0.2786694509325732
1781507082.1670883,-0.04509191973459629,0.8396907942045675,0.3049264688230093,-0.04969235520224765,0.01723644498115884,-0.06631530905510395,-0.04508830289088622,0.8397106450823411,0.3051930060563139,-0.0501835630966949,0.01730080018267177,-0.06627777548471726,4.4693083824792275e-05,1.4984643515393097e-05,0.0003491680947604981,0.0028384218006030047,-0.00033068259562132375,2.8974025837065205e-05,0.00033058438554289674,0.0003768199850124282,-0.0011245517610330394,0.004945088037222357,0.00018547246176284845,-0.0015294381114840246,0.2672998983248583
1781507082.1770911,-0.045092317418501324,0.839683805203585,0.3049361996610863,-0.049610612218354354,0.017229651737008522,-0.06634558943913148,-0.04508830289088622,0.8397106450823411,0.3051930060563139,-0.0501835630966949,0.01730080018267177,-0.06627777548471726,2.6688227268225946e-05,-3.294622133546813e-05,0.00035785551702037743,0.0034266258431162517,-0.00035243530504284494,-0.00030798626573769823,0.00025266008302786983,0.00043377895077909885,-0.0012993610038501981,0.004493021989824531,9.075069325820187e-05,-0.0010691881964294248,0.2582363648934681
1781507082.1870875,-0.04455085782703048,0.8384865600907127,0.304990570896488,-0.049545000940347105,0.017224276112863812,-0.06637079187236718,-0.04508830289088622,0.8397106450823411,0.3051930060563139,-0.0501835630966949,0.01730080018267177,-0.06627777548471726,1.1896244872039144e-05,-7.100637073701404e-05,0.0003602951536187739,0.003773550672163758,-0.00035909040461217304,-0.0005520292555784587,-0.00014069320588986622,0.0002919361020142218,-0.001341604086111674,0.0030635221912306936,-1.8813169879823836e-05,7.26674918600442e-06,1.3521136258933806
1781507082.1970837,-0.04400946185565825,0.8372901573860424,0.30504323700105274,-0.049493272592275615,0.017220109408905504,-0.06639149957534243,-0.04507891225785171,0.8397295436686525,0.3051269427223701,-0.04997043433231218,0.017319668027222956,-0.0663296644867108,-1.2909896952777705e-07,-0.00010066031404181412,0.00035768832295269073,0.003930196998226711,-0.00035425029462091145,-0.0007197722166079832,-0.00017787838190720467,0.00027081758260061897,-0.0013532294648460922,0.002752079661223177,-0.00028260698257882416,0.00016743771531495561,2.664833249252059
1781507082.207085,-0.04400993402078292,0.8372857703090455,0.3050480806704646,-0.049453362220759134,0.017216962265082625,-0.06640827260789751,-0.04507891225785171,0.8397295436686525,0.3051269427223701,-0.04997043433231218,0.017319668027222956,-0.0663296644867108,-9.781086340124618e-06,-0.00012319023520638152,0.00035106335504307945,0.003939986338864219,-0.0003409290159192108,-0.0008257544789395335,2.848539495678174e-05,0.00014705357826998844,-0.0013802047701719667,0.0019506439695989152,-0.0008524058342176885,0.00037209028805952886,2.6685130555577765
1781507082.2170968,-0.04347071717034784,0.8361015125965328,0.30508610080633203,-0.04925014734336078,0.01721353693694172,-0.06641160728805928,-0.04507891225785171,0.8397295436686525,0.3051269427223701,-0.04997043433231218,0.017319668027222956,-0.0663296644867108,-2.8938696279944393e-05,-7.689286768260684e-05,0.00020114966096233724,0.005728981061210845,-0.0003397044509438344,-0.0007738094584461467,-5.041687415723314e-05,-0.0014848189891247035,-0.002133299164801825,6.898918784348183e-05,-0.0006327709632168584,0.0012527837533984267,3.968698648403969
1781507082.2270918,-0.04293118520447554,0.8349162345917974,0.30512428938411074,-0.049084474316739846,0.017211002488844995,-0.06641371835409174,-0.04507891225785171,0.8397295436686525,0.3051269427223701,-0.04997043433231218,0.017319668027222956,-0.0663296644867108,-4.395122854040962e-05,-3.87522732947172e-05,7.82542017161125e-05,0.006912596378100541,-0.00032948198861350807,-0.0007137098464139146,0.0007700539282497775,-0.004843726687662445,-0.0030674462794959374,-0.0015995047989122795,-0.0007120318620042343,0.002087067811289113,5.270738354855341
1781507082.2370896,-0.04239136668959455,0.8337300623279689,0.3051627216337939,-0.0489514650504155,0.0172092045348875,-0.0664148545767926,-0.04507891225785171,0.8397295436686525,0.3051269427223701,-0.04997043433231218,0.017319668027222956,-0.0663296644867108,-5.544597969783687e-05,-7.64299744908175e-06,-2.1394533724034795e-05,0.007610222635973318,-0.0003127991034470965,-0.0006491447883184892,0.003322461221046067,-0.009191351619311528,-0.002687900825854106,-0.0010365147813125122,-0.0011270521309275263,0.0010640517379692893,6.574036634304096
1781507082.2470958,-0.04185128823857912,0.8325431089989533,0.3052014654660737,-0.04884657045872766,0.017208007362570443,-0.06641522910955848,-0.04501472685290103,0.8395166342626377,0.30501958142654695,-0.04994916614253132,0.017279391059881855,-0.06627750156698684,-6.397110046078154e-05,1.7427538531737275e-05,-0.00010111877275064593,0.007924617829668055,-0.00029173348238191904,-0.000583000811985072,0.00576415944992437,-0.013744236167489687,-0.0015456455621600542,0.0009509606827958594,-0.0005837868015532851,0.00020236864578849676,7.659665806917501
1781507082.2570856,-0.041310974687951814,0.8313554758247221,0.30524057838312335,-0.04876561248991387,0.017207292931269658,-0.06641502256541984,-0.04501472685290103,0.8395166342626377,0.30501958142654695,-0.04994916614253132,0.017279391059881855,-0.06627750156698684,-7.000425973396708e-05,3.733266712737407e-05,-0.00016383797392124813,0.00794326512429067,-0.00026796153640150805,-0.0005174840225386128,0.007641878172395644,-0.017472491947653948,-0.000828205779990131,0.0030034886283394784,-0.0008515604430385159,-5.5217375123455055e-05,8.964994523307979
1781507082.2670872,-0.04075430989352005,0.8301187472114357,0.30529265371557796,-0.04887413085649757,0.017205369197525577,-0.06640746356339682,-0.04501472685290103,0.8395166342626377,0.30501958142654695,-0.04994916614253132,0.017279391059881855,-0.06627750156698684,3.3210703391802244e-05,-0.0002538166490525766,-7.652590655255654e-05,0.005889971476714573,-0.0002634703847881143,-0.0003796009775283432,0.010525796498303671,-0.02261201592304943,0.0007175850195641144,0.006850626487955456,-0.0008028975511729768,-0.0006126120661365144,10.322112292063409
1781507082.277093,-0.04019977067271813,0.8288886153166067,0.30534390752437346,-0.04897080689102716,0.017204009426960543,-0.06640076900169538,-0.04501472685290103,0.8395166342626377,0.30501958142654695,-0.04994916614253132,0.017279391059881855,-0.06627750156698684,0.00011564809139263942,-0.0004843273887901319,-5.46446204137589e-06,0.004190283742304191,-0.00025289329258796,-0.00026589724729297946,0.013108676900647426,-0.028572558472394097,0.0012186237465473548,0.008772190431838313,-0.00045837094375587606,-0.00013155495877700693,11.67235096936369
1781507082.2870924,-0.03964709484309902,0.827664275191666,0.3053944790553215,-0.04905596358179767,0.01720310938416847,-0.06639490547990604,-0.04501472685290103,0.8395166342626377,0.30501958142654695,-0.04994916614253132,0.017279391059881855,-0.06627750156698684,0.0001803612344986626,-0.0006632383022275839,5.1650998072842054e-05,0.0028020659837007553,-0.00023804576593694285,-0.00017342312218769559,0.016675861679460183,-0.03553874804863814,0.00037501098817075123,0.00707253235806963,-0.001075362623064469,-0.0008796076771638668,13.016544747818344
1781507082.297092,-0.03909604929443508,0.8264450063458023,0.30544447797471275,-0.049130158248750985,0.01720257838265682,-0.06638982520123803,-0.044416174881907244,0.8382209136226173,0.3050322928820439,-0.04965564220385489,0.017266855654473057,-0.06630563901018915,0.00023002584842381592,-0.000798459277503656,9.684728545491107e-05,0.0016852213955041273,-0.00022040498782222766,-9.93872512991616e-05,0.01908809070653548,-0.042347615886776636,0.0005308502937615343,0.007126143793143115,0.0005793475588677125,-0.0014067368200669378,12.928481156316803
1781507082.3070931,-0.03903880657805101,0.8263483200525611,0.3054937772281432,-0.04912953012597437,0.01724944188805244,-0.06642603537085172,-0.044416174881907244,0.8382209136226173,0.3050322928820439,-0.04965564220385489,0.017266855654473057,-0.06630563901018915,0.0005736518173201555,-0.0013661639597441987,0.00040918295843369077,0.0015150184396747236,0.0003340550287990595,-0.00045818867406783567,0.021606431811376465,-0.04633605791761182,0.00010374162184985841,0.00608636950059926,0.0008635749980591294,-0.002046454837108845,13.041761221428356
1781507082.317097,-0.03843648305362623,0.8250499241870315,0.30559059212676526,-0.048941955850576466,0.017250810554431784,-0.06642516792559086,-0.044416174881907244,0.8382209136226173,0.3050322928820439,-0.04965564220385489,0.017266855654473057,-0.06630563901018915,0.0009246228012689097,-0.0019721666079946334,0.0006540569708838543,0.003397218781681233,0.000311635434138239,-0.00039797518247578016,0.022143421372016116,-0.04689698507909536,0.001994070549717993,0.007232625818976102,0.0017164808299519737,-0.0021924097662543245,14.475613117245853
1781507082.327089,-0.03784329851985528,0.8237677902256667,0.30567914309646366,-0.048787302167053695,0.01725169338747712,-0.06642405883707671,-0.044416174881907244,0.8382209136226173,0.3050322928820439,-0.04965564220385489,0.017266855654473057,-0.06630563901018915,0.0011946569747644177,-0.0024336599109541428,0.0008423476878937635,0.004714496497497737,0.00028631045401330787,-0.0003419631075845505,0.0218806955759158,-0.04829278029001354,0.0017021110585691169,0.005274990231563118,0.0009182980110481166,-1.0824790090043347e-05,15.890685787535947
1781507082.3371015,-0.03725809939423793,0.8224998611562014,0.30576051936778675,-0.048661548061844445,0.017252187914079675,-0.06642279919407226,-0.044416174881907244,0.8382209136226173,0.3050322928820439,-0.04965564220385489,0.017266855654473057,-0.06630563901018915,0.001396295642616124,-0.002773297402493574,0.0009828290198748584,0.00557243936748695,0.0002595008850611982,-0.00029063283755576127,0.02369777679777759,-0.05222356711019893,0.002237998789781821,0.004000235517998866,-0.001077652097403825,0.0006224319747333059,17.28929868888585
1781507082.3471048,-0.0366798585393008,0.821244306423228,0.3058356949967709,-0.048560889664668844,0.017252377881590952,-0.06642146132353895,-0.043305986808275354,0.8358075868286192,0.3051223993118636,-0.049362040382803465,0.017308757601562696,-0.06634723186198418,0.0015404732681256284,-0.0030108087682730357,0.0010831502200005058,0.006062733986427081,0.00023231214387866862,-0.00024421600101604934,0.025562899641851048,-0.05557173498890398,0.004965823834488978,0.006168555672636292,-0.00251549952111965,0.0011240140978113597,16.01572673146815
1781507082.3570938,-0.03610766337681417,0.8199995002514682,0.3059055362790921,-0.04848178992600724,0.017252334405964742,-0.06642010152683273,-0.043305986808275354,0.8358075868286192,0.3051223993118636,-0.049362040382803465,0.017308757601562696,-0.06634723186198418,0.001636695834619167,-0.00316332651195684,0.0011499607730028694,0.006264141546227005,0.0002055830288811771,-0.00020275153835835457,0.026276033826354017,-0.05762707614638873,0.002503716262012367,0.002495654960116425,-0.001688204906222038,0.00018668834769370137,17.387488748064406
1781507082.3670943,-0.03552984582080194,0.8187396941467711,0.3059652032553029,-0.04828806386397998,0.017308805836596886,-0.06646235432663009,-0.043305986808275354,0.8358075868286192,0.3051223993118636,-0.049362040382803465,0.017308757601562696,-0.06634723186198418,0.0017527620763535534,-0.0034020491733700174,0.0011224617586190868,0.00770329782572862,0.0008207838267303574,-0.0006114840571626739,0.02615899160603249,-0.05837956078980892,0.0035597108606406124,0.003401379120921446,0.00010188554158059338,-7.501895277128413e-05,18.774760923730216
1781507082.377093,-0.03498801467381444,0.8175196330684704,0.3060106374059218,-0.0481755668559387,0.01730962283267745,-0.06652402744449394,-0.043305986808275354,0.8358075868286192,0.3051223993118636,-0.049362040382803465,0.017308757601562696,-0.06634723186198418,0.0016249422911277605,-0.003365579913356796,0.00102503770770279,0.008102124585627991,0.0007722703135351879,-0.0012166987881150324,0.027904026369991897,-0.06095101326269488,0.0035630050142776465,0.0039339660586377055,-0.00036201199572242273,-0.0003107657053807506,20.11036747736712
1781507082.3870955,-0.03444732087601358,0.8163054220803123,0.30605485651775177,-0.0480883662572118,0.017309657443174142,-0.06657474927847756,-0.043305986808275354,0.8358075868286192,0.3051223993118636,-0.049362040382803465,0.017308757601562696,-0.06634723186198418,0.0015017423304439516,-0.003293658055716216,0.0009338400266702252,0.00817917669214447,0.0007147650886917433,-0.0016368586675387883,0.029206291520605117,-0.06528326079284401,0.0020567491426851394,0.00216088101870888,0.0008890769160521247,0.00022473657676710184,21.440146184444096
1781507082.397085,-0.03390752479500839,0.8150962045495762,0.3060981434620361,-0.04802250632083796,0.017309103679006288,-0.06661587744829887,-0.04189143553721514,0.8327063623039157,0.3052994438498656,-0.04916459791435766,0.0172892951542869,-0.06635082325764712,0.0013838121094670967,-0.0031941871274774923,0.000848796275435955,0.0080130243452014,0.0006521009043545102,-0.0019068629609973774,0.032749624580654876,-0.07091118502790918,0.005474574052227097,0.007341835312610216,0.0021564945772732415,-0.0011056033684607967,19.351961346146005
1781507082.4070873,-0.03390992654767187,0.8150827114443192,0.3060961094000485,-0.04797443899401342,0.017308123374839335,-0.0666486917182691,-0.04189143553721514,0.8327063623039157,0.3052994438498656,-0.04916459791435766,0.0172892951542869,-0.06635082325764712,0.0012716065896902192,-0.0030738609426468055,0.000769770324505041,0.007669194823769758,0.000587289685839046,-0.0020569705076145493,0.03408441268361296,-0.07520275833941646,0.0022913031826222708,0.004063826238548374,-0.0006551730887930316,0.0009366295202074709,19.36316687347306
1781507082.4170938,-0.033341246921904946,0.8138308850904324,0.30610619239479564,-0.04794752408692139,0.017289271647116022,-0.06657870401262055,-0.04189143553721514,0.8327063623039157,0.3052994438498656,-0.04916459791435766,0.0172892951542869,-0.06635082325764712,0.001379385298794564,-0.003271600868405221,0.000490657801169897,0.007112511438970047,0.00028095600813481304,-0.0010792010523633397,0.035155190620138346,-0.0778387048966634,0.0032207704813800794,0.00564536797410214,0.0030509473906245705,-0.0007128335538950133,20.73741084631475
1781507082.4270868,-0.03278264810225218,0.8126197490804439,0.30612621952365277,-0.0480074045216746,0.01726693964772852,-0.06652763252662999,-0.04189143553721514,0.8327063623039157,0.3052994438498656,-0.04916459791435766,0.0172892951542869,-0.06635082325764712,0.001410741892427273,-0.003191470301371747,0.0003125174594990034,0.00567263149384826,-1.9820135891221652e-05,-0.00041624314169384346,0.03577620105567779,-0.07759427957656795,0.003078395536739135,0.00677990010016507,0.0019210836911584814,-0.0015751885674777368,22.070921986619826
1781507082.4370854,-0.03222712037072374,0.811413202879528,0.30614957611451427,-0.04806297218536525,0.01724819567411906,-0.06648429423895019,-0.04189143553721514,0.8327063623039157,0.3052994438498656,-0.04916459791435766,0.0172892951542869,-0.06635082325764712,0.001418038591747853,-0.0030867044642217093,0.0001655512622952564,0.0044385034262622945,-0.0002446271247373388,9.188894338649125e-05,0.035867141044545664,-0.07911806786061869,0.0022616999216289032,0.007506927151995452,-0.000573475543184844,-0.00020527249026300315,23.399152779044435
1781507082.4470892,-0.031674228971319864,0.8102105310638096,0.3061759050229623,-0.04811378724677816,0.017232652697352746,-0.06644793668951142,-0.04013315111958049,0.8288623095658078,0.3054256012092185,-0.04887072688803799,0.017321987361569535,-0.0663733066976269,0.0014059281972733575,-0.0029634895831501277,4.547304226565605e-05,0.003392319581678795,-0.0004063623913175559,0.00047010469799853424,0.036977824874589366,-0.07948473507680286,0.0024428884179264615,0.008527391553207732,-0.000284055392787136,-0.0006853623118730794,20.494027447304102
1781507082.4570882,-0.03112359400221996,0.809011110490206,0.30620487612933034,-0.04815965027624804,0.017219933161141565,-0.06641780497426292,-0.04013315111958049,0.8288623095658078,0.3054256012092185,-0.04887072688803799,0.017321987361569535,-0.0663733066976269,0.0013783917599265864,-0.002827025562580768,-5.1498718591928895e-05,0.0025155927747907815,-0.0005164152454228572,0.000740624535358904,0.0390426857388578,-0.08347878018642521,0.0026585018562551594,0.007197811310091163,-0.0017555716111556695,-0.0024689702818531407,21.813974731608823
1781507082.4670894,-0.030549139335934755,0.8077816013443058,0.30624286248892946,-0.04819163196394101,0.0172872820840253,-0.06639235311713139,-0.04013315111958049,0.8288623095658078,0.3054256012092185,-0.04887072688803799,0.017321987361569535,-0.0663733066976269,0.0015064213629806295,-0.002892829092227275,-7.952871030213014e-05,0.0018871749335784822,0.0002610580368525694,0.0009726648599707154,0.03848188714331293,-0.08146084314290153,0.00544640160078538,0.008970655144914914,0.0007040706301124393,-0.0028090240536702547,23.171479387136177
1781507082.4770892,-0.029868896006191303,0.8063151374618825,0.30631631135342186,-0.04836511313876364,0.01733030284199777,-0.06638003485687054,-0.04013315111958049,0.8288623095658078,0.3054256012092185,-0.04887072688803799,0.017321987361569535,-0.0663733066976269,0.002303149709605108,-0.004471837003907057,0.00014561096280153661,-0.00021498147147728402,0.000695576591340935,0.0010234395180315436,0.037771427738163665,-0.08017345489852906,0.006855472203862876,0.010224810020512587,-0.00039139895848418974,-0.0026431378179188683,24.789579816482284
1781507082.4870868,-0.029209518499707515,0.8048902565589605,0.30638605316948553,-0.048510843840067944,0.017365806132755734,-0.0663705883050296,-0.04013315111958049,0.8288623095658078,0.3054256012092185,-0.04887072688803799,0.017321987361569535,-0.0663733066976269,0.0029135585907440783,-0.005682759447585799,0.0003245020091847727,-0.0017841698205852447,0.0010021148030388556,0.0010334637923025537,0.03725871667147818,-0.08077048351162086,0.0035708535393957444,0.006273748819148609,-0.0029305366004230156,-0.0006847579640218368,26.361099046607055
1781507082.4970808,-0.02856838460248633,0.8035017174458193,0.306452515762237,-0.04863179314087951,0.017394704364156688,-0.06636355063007951,-0.04013315111958049,0.8288623095658078,0.3054256012092185,-0.04887072688803799,0.017321987361569535,-0.0663733066976269,0.0033666607068878326,-0.006582849142831352,0.0004639991684984976,-0.0029110706918266125,0.0012043688845919827,0.0010126820792884829,0.035786833956476576,-0.08254611805081688,0.00584882641220428,0.008371802191330255,0.0009553934001312015,0.0025294467482513696,27.891898658401193
1781507082.5070844,-0.02794315836221647,0.8021448516654277,0.3065160767639721,-0.04873086396240832,0.017417862146417384,-0.0663585094233151,-0.03821146672273834,0.8247382241956422,0.3056783659931097,-0.04844929935531136,0.017302710855116477,-0.06644643448521384,0.0036877399115086023,-0.007222005602353492,0.0005701044022503636,-0.0036757344922354386,0.0013229486514159576,0.0009693883001009979,0.03837904878014775,-0.08884608667677509,0.0010380489623861761,0.00034283266196579517,0.001204447822888284,0.0015511721954051079,24.83143971282042
1781507082.5170314,-0.027994318148403877,0.8022422731564681,0.30654024532739005,-0.0485995408711671,0.01745420475213777,-0.06644213453671126,-0.03821146672273834,0.8247382241956422,0.3056783659931097,-0.04844929935531136,0.017302710855116477,-0.06644643448521384,0.0031096388571611633,-0.006124500000427753,0.0006717870468894466,-0.001824778916734371,0.001618925321466606,-2.884138743530079e-05,0.041543161808431,-0.09166181716469875,0.005011605086435386,0.004367942063283435,0.0014191241024568424,0.002050600148975383,24.722475081063454
1781507082.5270946,-0.02752249276796278,0.8011452324504365,0.30656477482908145,-0.048396212078629056,0.017372157409466515,-0.06644838981920798,-0.03821146672273834,0.8247382241956422,0.3056783659931097,-0.04844929935531136,0.017302710855116477,-0.06644643448521384,0.002456583133787109,-0.0051289866649227335,0.00045394195237420524,0.0005951910181008484,0.0005503866954496247,-0.00013730467169601265,0.044364674639718965,-0.10003323912610786,0.001718944714004827,-0.0009092996972225714,-0.00042729556805182325,0.0032251803657266337,25.916580490483458
1781507082.5370867,-0.027042122611367743,0.800037582122536,0.3065915510098317,-0.048225738205830836,0.017302650688126864,-0.06645351284052906,-0.03821146672273834,0.8247382241956422,0.3056783659931097,-0.04844929935531136,0.017302710855116477,-0.06644643448521384,0.001901200129328697,-0.004264825817357993,0.0002733098536374061,0.002392101223328589,-0.0002652976514237708,-0.00021480675830176185,0.04902382307739387,-0.10285510790759063,0.001261702743192081,-0.0033084570750914213,-0.0025093611257081456,-0.0005853764348332022,27.123972304525815
1781507082.547086,-0.026554115592289977,0.7989203533637849,0.3066203530721419,-0.04808454780980943,0.017244442563402407,-0.06645764496131397,-0.03821146672273834,0.8247382241956422,0.3056783659931097,-0.04844929935531136,0.017302710855116477,-0.06644643448521384,0.0014312634279333345,-0.0035170610160077382,0.00012484014093508528,0.0036729873563529827,-0.0008691996002996958,-0.0002669910735413151,0.04765406108439136,-0.10741932138454058,-0.0030315214539987766,-0.010747097296115705,-0.00033492415812469553,0.00022565660403770416,28.343317189879194
1781507082.5570939,-0.026059296677054086,0.7977944959696244,0.3066509859842686,-0.047969163344432825,0.01719629321449756,-0.06646091967373116,-0.036038363192903766,0.819903737957562,0.3057859140988493,-0.048479756772829286,0.01730938967806228,-0.06638189076935733,0.0010358752997838144,-0.0028722107749067404,4.070790273236912e-06,0.004532172653801378,-0.001297889923119696,-0.0002987785989935875,0.0480216505598593,-0.10580053994753998,0.0022919245224294308,-0.0051880200061461944,-0.0005843506585799664,0.000938827738002605,24.272385527093935
1781507082.5670877,-0.025482420050157335,0.7965786320505329,0.3067021518662893,-0.048322226977084444,0.017238455410216735,-0.06635108074797796,-0.036038363192903766,0.819903737957562,0.3057859140988493,-0.048479756772829286,0.01730938967806228,-0.06638189076935733,0.0012101613454736405,-0.002853415347241965,9.539301998909579e-05,0.00016242770465335447,-0.0007533396054430058,0.000953556467101997,0.04898947107571198,-0.10694471129734025,0.002219078547887941,-0.00397305245271265,0.0008996308984926447,-0.00041476969311235435,25.61889913430125
1781507082.577093,-0.024910894790204502,0.7953679187452235,0.30675315921283874,-0.048619345541532195,0.017274597763796695,-0.06625961505413425,-0.036038363192903766,0.819903737957562,0.3057859140988493,-0.048479756772829286,0.01730938967806228,-0.06638189076935733,0.0013347395308009608,-0.002802171212801769,0.00016749532780927412,-0.003116114848382427,-0.00032468916305957053,0.0018657992993867,0.049184779015204676,-0.1042395884837855,0.008431469517099114,0.006333151756597514,0.004450715413824535,-0.0026861395705555496,26.958533724669927
1781507082.5870883,-0.024344045587440195,0.7941615766681652,0.3068039683646791,-0.048866414173537834,0.01730523378556037,-0.06618441771261366,-0.036038363192903766,0.819903737957562,0.3057859140988493,-0.048479756772829286,0.01730938967806228,-0.06638189076935733,0.001417835048259871,-0.002725527442943797,0.00022325478888782381,-0.005487315033493538,5.383981302953635e-06,0.002498248927357544,0.04683521093080956,-0.10268235741767649,0.009281604802268622,0.00915926343595792,-0.0014025834430671878,0.0011723118614563387,28.292266904490827
1781507082.5970914,-0.024323432635470675,0.794150064527589,0.30680866352489533,-0.04906921975207955,0.017330900376534064,-0.06612346659381203,-0.036038363192903766,0.819903737957562,0.3057859140988493,-0.048479756772829286,0.01730938967806228,-0.06638189076935733,0.00146657648908095,-0.00262946468207487,0.0002651881223783355,-0.007113769103441147,0.0002525584142797195,0.0029037448510157732,0.04609699914803927,-0.09974150366112625,0.0065092442035111124,0.00611933295516843,0.0017456229886801957,-0.00259909479880326,28.311434253524776
1781507082.607086,-0.023764270485935532,0.7929504784987522,0.30685878489676705,-0.049233309655738175,0.017352137074764018,-0.06607485692035384,-0.033639811217775706,0.8147236651971648,0.3060816827667495,-0.04838426506952122,0.01735026663664674,-0.0664279938458711,0.0014871217959523575,-0.0025190300892931378,0.0002954908739249371,-0.008137690430313612,0.00043085150850725844,0.0031280908351804513,0.04473990855522607,-0.09617850936467537,0.008151738592164146,0.00894098249233978,0.0007238853120309643,-0.003178082183140554,23.920741030968113
1781507082.6170852,-0.023201396177366995,0.7917614858230034,0.3069439993712637,-0.04912019577684653,0.0174147752156133,-0.06616958935976539,-0.033639811217775706,0.8147236651971648,0.3060816827667495,-0.04838426506952122,0.01735026663664674,-0.0664279938458711,0.00151734004466458,-0.0023308539577979554,0.0005270034473094343,-0.005996287186160987,0.001117409063878515,0.001787451503578883,0.04421561900754827,-0.09249132823919842,0.00828142474030212,0.009806924670931373,-0.0020894468824132323,-0.00138065953310217,25.238180998111016
1781507082.6270852,-0.0226688470465174,0.7905957482903693,0.3070418234035024,-0.04849777165572522,0.01735785775295029,-0.06616209460810185,-0.033639811217775706,0.8147236651971648,0.3060816827667495,-0.04838426506952122,0.01735026663664674,-0.0664279938458711,0.0013559161253530836,-0.002031506694738331,0.00076305660770331,0.0014518043628489134,0.00036935973524917295,0.0016437281923175114,0.04237560287721626,-0.09666405811332833,0.005032743802616552,0.004386146235062739,-0.002381800713958438,0.0030502549958055037,26.522448965934608
1781507082.6370864,-0.02213569243619455,0.7894273789354198,0.30713041732786445,-0.04797561815926153,0.017309565023222895,-0.06615730796671887,-0.033639811217775706,0.8147236651971648,0.3060816827667495,-0.04838426506952122,0.01735026663664674,-0.0664279938458711,0.001209148502693559,-0.0017654574961261332,0.0009428850454267852,0.006992663805430049,-0.00020128540852446734,0.001491062243590845,0.04254498799586389,-0.09641920072115372,0.007479514285187759,0.004633211678444747,0.0021652157847192573,0.0022489740610727696,27.80911166787879
1781507082.647092,-0.021601944985733687,0.7882566044063709,0.307211065711535,-0.047542886530105084,0.017269059077932303,-0.06615467662963136,-0.033639811217775706,0.8147236651971648,0.3060816827667495,-0.04838426506952122,0.01735026663664674,-0.0664279938458711,0.0010760062563038586,-0.0015295102031672066,0.0010752991763852329,0.010952830856815133,-0.0006233757349498554,0.0013358711580137906,0.04242674450277991,-0.10041249122745473,0.0007537478006742251,-0.006303857855750609,0.000977122052906172,0.005248255817998623,29.097955875973273
1781507082.6570861,-0.02106762110581659,0.787083639292738,0.3072849138166135,-0.047189000501475994,0.01723549813152081,-0.06615372832894086,-0.031435128196108164,0.8098227948403178,0.3063794852736672,-0.048215354883044986,0.017318859655713448,-0.06636178470002864,0.0009554891436266927,-0.0013207176036814973,0.001167972553339623,0.013620238623115335,-0.00092259641554701,0.001183033377291429,0.0441552505902939,-0.09845566604868823,0.0008159747329918684,-0.008535245186451379,5.7411492486763986e-05,0.003473479761792631,25.007482862748518
1781507082.6670914,-0.021074806148081833,0.7870999568061593,0.30730951855963745,-0.04690387747002399,0.017208060770640188,-0.06615406399926316,-0.031435128196108164,0.8098227948403178,0.3063794852736672,-0.048215354883044986,0.017318859655713448,-0.06636178470002864,0.0008466342235277575,-0.0011363696773176583,0.0012275688541355926,0.015246011954221188,-0.0011215579715598007,0.0010361404132138874,0.045929909101876096,-0.1052905821406176,-0.00427676481005816,-0.015320803126764676,0.007535459214312937,0.0004627823252612766,24.990570285178258
1781507082.6770885,-0.020604329016090477,0.7860108802392999,0.3072150100938836,-0.046932523625946965,0.017188686143919663,-0.0661794903722668,-0.031435128196108164,0.8098227948403178,0.3063794852736672,-0.048215354883044986,0.017318859655713448,-0.06636178470002864,0.0003307665903782964,-0.00040171228722891365,0.00026062787531336187,0.013273598213370052,-0.0011973388237278566,0.0006358868983877873,0.04728211765946481,-0.10652674499431505,0.0024282766898410385,-0.0024779328419608977,0.0006197892636857436,0.005533359496403185,26.172726063007673
1781507082.6870704,-0.02012392447452479,0.7849074403140558,0.3071399162707825,-0.046968816566521146,0.017173456518347008,-0.06620150910224956,-0.031435128196108164,0.8098227948403178,0.3063794852736672,-0.048215354883044986,0.017318859655713448,-0.06636178470002864,-8.754924430983508e-05,0.00019314104438792853,-0.0005189088023540053,0.011432398971756458,-0.0012213596259371983,0.00031859717283909476,0.04909684417797538,-0.10841083014031755,-5.6294753705724026e-05,-0.001892208485226591,-0.002991986402603563,0.003205395548217549,27.373280331408246
1781507082.6971004,-0.01963476926319834,0.7837913650914529,0.30708195167345753,-0.04700984559570423,0.01716174959320438,-0.06622037211429142,-0.031435128196108164,0.8098227948403178,0.3063794852736672,-0.048215354883044986,0.017318859655713448,-0.06636178470002864,-0.00042225262784408284,0.00066822603554493,-0.0011381248171666157,0.009739913439468187,-0.001205937050062886,7.21513230551085e-05,0.048853174625765515,-0.10254042036048962,0.0049296520520301,0.008058563432679444,-0.0018099066547326177,0.00020238739972154989,28.589810505815368
1781507082.7070844,-0.019137918359615966,0.7826642006622241,0.30703905829774764,-0.047053300178827376,0.017153002690438734,-0.06623635454893675,-0.029086227840309176,0.8046114618846703,0.3063786275137519,-0.048458411485836884,0.017229478150039723,-0.06621737660063766,-0.0006855931486599535,0.0010411444092359734,-0.0016207936124070415,0.0082051823579034,-0.0011613801897329369,-0.0001144700884265815,0.046595030699617436,-0.09670365682075098,0.008498049784738405,0.01693130338534357,-0.0022937303497848355,-0.0001570960655306392,24.105752539806527
1781507082.7171016,-0.01852870763901678,0.7814227970597925,0.30718472030065086,-0.0470483458233799,0.01727230896242027,-0.06624365752291253,-0.029086227840309176,0.8046114618846703,0.3063786275137519,-0.048458411485836884,0.017229478150039723,-0.06621737660063766,-0.0002072059628854828,0.0006535642432392049,-0.0008387850764076358,0.007365142083384856,0.00027017546435749375,-0.00012039428551797767,0.04382216625801668,-0.09137409280761567,0.01099446871590456,0.022293435470391976,-0.0017433690242843068,0.0014041745888002757,25.491669124290638
1781507082.7270966,-0.017928940344897955,0.7801881326158313,0.3073162467247988,-0.04705094023222564,0.01737241181721605,-0.06624968182575836,-0.029086227840309176,0.8046114618846703,0.3063786275137519,-0.048458411485836884,0.017229478150039723,-0.06621737660063766,0.00017945593629614952,0.0003341439689631636,-0.00020038136008403964,0.006534123752953874,0.0013353955825238795,-0.00012157791599707896,0.04537502881115218,-0.09426485111911236,0.011472085398079644,0.024915897974063766,3.2026579141545784e-05,-0.0012544868485972061,26.867512103175997
1781507082.7370899,-0.01733748381197604,0.7789594306329616,0.3074353528921892,-0.04705911949525389,0.017455386119408667,-0.06625458308863709,-0.029086227840309176,0.8046114618846703,0.3063786275137519,-0.048458411485836884,0.017229478150039723,-0.06621737660063766,0.0004875838391279792,7.348800504279975e-05,0.00031465103913211724,0.005732612656183451,0.002096975063070537,-0.0001191670843155457,0.04553972331422954,-0.09327993693900805,0.012715987347650795,0.027286299553888303,-0.0013560093647617538,-0.0006009925805770033,28.234311787386734
1781507082.7470934,-0.017295283133385735,0.7789273118750516,0.3075001117822682,-0.04707125928359861,0.017523255357886125,-0.06625850855125014,-0.029086227840309176,0.8046114618846703,0.3063786275137519,-0.048458411485836884,0.017229478150039723,-0.06621737660063766,0.0007287624647387822,-0.0001366907724737186,0.0007241182737391379,0.004975149992154625,0.0026102005073192704,-0.00011412145463980523,0.04510915913321165,-0.09552813089684781,0.007719350732472421,0.01936909589750245,-0.0004763373227586002,-0.001150832639562714,28.28355822315943
1781507082.7570946,-0.01671751311642254,0.7777085082139015,0.3075988052338281,-0.04708603416240099,0.017577949135374915,-0.06626159518214142,-0.026810520400106674,0.7999137454960743,0.30690358888040936,-0.04735355071115992,0.017239656950999382,-0.06623158722055644,0.0009131400299450963,-0.0003036846414108706,0.0010436522627352211,0.004271425232188623,0.0029232943931026293,-0.00010723409306921708,0.042536288369775625,-0.09057208718204052,0.010088103359579109,0.02015995187766796,-0.00030759938101278353,-0.0013858990598972826,24.40132546736263
1781507082.767092,-0.016145326344186577,0.7764937746071319,0.30768915799062085,-0.047102378923490736,0.017621273887654665,-0.06626396854182487,-0.026810520400106674,0.7999137454960743,0.30690358888040936,-0.04735355071115992,0.017239656950999382,-0.06623158722055644,0.0010495829778624213,-0.00043389484326732895,0.0012869414365517058,0.0036272273928485144,0.0030778663150858774,-9.915105446749319e-05,0.0400164145151342,-0.09282487704644712,0.0015006385278412567,0.007393338843246355,-0.0004733670507070222,0.002121305904347349,25.74603890924316
1781507082.7770922,-0.01573096645673937,0.7754513392633636,0.30765853243546804,-0.046752843517059786,0.01749852274662178,-0.06615043588694021,-0.026810520400106674,0.7999137454960743,0.30690358888040936,-0.04735355071115992,0.017239656950999382,-0.06623158722055644,0.00015718785096375328,0.0005214338408066508,0.0007055553881989518,0.0070250698176818,0.0013443707280569068,0.001086778666048868,0.04240823696777531,-0.09958128009782793,-0.001318696216663334,0.0015264790166340226,0.005351893773912107,0.002484743661638796,26.86514049934362
1781507082.787093,-0.015298351839334836,0.7743874147406541,0.30763743998605236,-0.046465332813077784,0.01739396901971757,-0.0660559110359455,-0.026810520400106674,0.7999137454960743,0.30690358888040936,-0.04735355071115992,0.017239656950999382,-0.06623158722055644,-0.0005611947280105,0.0012817389639860539,0.00022989417417349303,0.009378649743734247,8.739496822933717e-06,0.00194567028063427,0.046138815644541885,-0.1076102655267948,-0.0026284209173971524,-0.004252058993817702,0.00603771795493873,0.001183701934952585,28.011821152006323
1781507082.7970905,-0.014849709747066286,0.7733046082075682,0.30762484089458453,-0.046232162593454626,0.017305918466196557,-0.06597821003147752,-0.026810520400106674,0.7999137454960743,0.30690358888040936,-0.04735355071115992,0.017239656950999382,-0.06623158722055644,-0.00113078206861284,0.001875850570472245,-0.00015486687074751769,0.010885378452976137,-0.000992229909641362,0.0025359973632937457,0.048840892725484704,-0.10899273018922595,-0.004209387132687071,-0.00955254657008716,0.003021135641214647,-0.00036751069525859845,29.18265551975013
1781507082.8070834,-0.0143870303350257,0.7722052568432739,0.3076197948814077,-0.046046088396140605,0.017232648363845637,-0.06591523710060378,-0.02443657338183458,0.7945219663463656,0.30689307475082317,-0.04727902863808022,0.0173038671451069,-0.06617584994273823,-0.0015737033366827386,0.002329018486339872,-0.0004617803872395877,0.011716349399329227,-0.001715052544916813,0.002908927488866395,0.04744711620639562,-0.10787901346791776,-0.005349099968772575,-0.014104946504545152,0.001522994736528001,9.462547522469213e-05,24.485852254786764
1781507082.8170862,-0.014454473125507695,0.7722826177290135,0.3075791297422657,-0.0459003934943339,0.01717246205014278,-0.06586501982292721,-0.02443657338183458,0.7945219663463656,0.30689307475082317,-0.04727902863808022,0.0173038671451069,-0.06617584994273823,-0.0019093282201952922,0.0026632984937373567,-0.0007023110920355391,0.012018253854490369,-0.0022096860519114675,0.0031087524983919846,0.047318105684487306,-0.10560714546542187,-0.0016828585679928012,-0.007778019239342076,0.0045279086165165615,-0.0018896321240236963,24.386504954641726
1781507082.8270924,-0.013834272652835834,0.7710425579234611,0.3075829958840466,-0.046315490583654056,0.01726035882250998,-0.0659943648435713,-0.02443657338183458,0.7945219663463656,0.30689307475082317,-0.04727902863808022,0.0173038671451069,-0.06617584994273823,-0.0012781964130179839,0.0022128022804542196,-0.0009000782491399514,0.006199102236871977,-0.0009439243658544471,0.0014032300658734628,0.04739030267204302,-0.10502126011089541,0.0009928600197104938,-0.001313949430465964,7.053487376410852e-05,0.0005873952605130611,25.771445279761778
1781507082.8370883,-0.013224678130222201,0.7698081683777565,0.30759362797107603,-0.04667034838316006,0.01733504966256838,-0.06610451238691274,-0.02443657338183458,0.7945219663463656,0.30689307475082317,-0.04727902863808022,0.0173038671451069,-0.06617584994273823,-0.000755344696130428,0.0018231175634203418,-0.0010474355079813744,0.0016693229863703153,3.0296836426254832e-05,8.692072084097381e-05,0.046763434113291605,-0.09678843147218497,0.009269339612260692,0.014195954562741694,-0.0023604302561511387,0.00035027461188834856,27.147176280062094
1781507082.8470776,-0.01262443890753896,0.7685789053443157,0.3076100870276836,-0.04697035589747588,0.01739780834411042,-0.06619725591742599,-0.02443657338183458,0.7945219663463656,0.30689307475082317,-0.04727902863808022,0.0173038671451069,-0.06617584994273823,-0.0003260423908188722,0.0014871883839778562,-0.0011524578877852082,-0.0017703807173009146,0.0007594117425629303,-0.0009017311780691148,0.044162331492028646,-0.09267958249617962,0.009764853003789539,0.01745222583094722,-0.0012735521470745483,0.0014822858337838413,28.514611019617544
1781507082.857087,-0.012574373586362346,0.7685455816337994,0.3075878686102407,-0.04722105261401636,0.017449914675251588,-0.06627441647604362,-0.022074028312118743,0.7894126410493509,0.3070869002713563,-0.047085226627276426,0.017404879396150097,-0.0661810886134113,2.2721262338143953e-05,0.0011986692707079672,-0.0012221642230945669,-0.004299173672353981,0.0012849206093028824,-0.001617816662692614,0.04244975966437789,-0.08819303820789434,0.010874507100173127,0.020460987781891104,6.97517035202052e-05,0.002223499981850884,22.93313275235875
1781507082.8670912,-0.011974577860303226,0.7673046799962723,0.3076759917686036,-0.04728412028209862,0.017529383801984544,-0.06629690683941496,-0.022074028312118743,0.7894126410493509,0.3070869002713563,-0.047085226627276426,0.017404879396150097,-0.0661810886134113,0.00039603016001696497,0.0008091241525551364,-0.0008429262919198502,-0.004513877174434743,0.002022977949771116,-0.0016454215561198604,0.041597716300269594,-0.08868842569684683,0.006961437888672705,0.015734271611904556,0.0034205019500856805,-0.0002473759557403089,24.3127100534936
1781507082.87708,-0.011451875932545,0.7661096339135357,0.30784280662097574,-0.04695992326923928,0.017503572213805718,-0.06637984951532443,-0.022074028312118743,0.7894126410493509,0.3070869002713563,-0.047085226627276426,0.017404879396150097,-0.0661810886134113,0.0002537085772761884,0.0007487682914346366,1.784873901537027e-05,-0.00046600040042707024,0.0015626305209981495,-0.0023833777876312197,0.04277306947553681,-0.09132406952975185,0.010151398631070473,0.018084327304207788,0.003901561889425563,-0.0012198748350946082,25.620922254207297
1781507082.8870857,-0.010926728523596576,0.7649147155666919,0.30799154206683665,-0.046686774940175216,0.01748055643948221,-0.06644736232511891,-0.022074028312118743,0.7894126410493509,0.3070869002713563,-0.047085226627276426,0.017404879396150097,-0.0661810886134113,0.00013624188634805327,0.0006908285720017155,0.0007086296625487136,0.0025797006973424254,0.0011749717669905719,-0.0028710409704494583,0.04336600580752668,-0.09306936793224878,0.007899926775239862,0.011147577003803569,-0.0015076739555768008,0.0007554105192989961,26.930076537344487
1781507082.8970857,-0.010399390621045359,0.7637199555292596,0.30812446040846714,-0.046459352950551744,0.017460259862828176,-0.06650146568880144,-0.022074028312118743,0.7894126410493509,0.3070869002713563,-0.047085226627276426,0.017404879396150097,-0.0661810886134113,4.021645752165131e-05,0.0006355626213236417,0.0012541909848768882,0.004791134185661686,0.0008523780716629928,-0.0031578251037174547,0.041243661298619075,-0.09509026762033823,0.0021586620860511675,0.002297089471161397,-0.0028350082554945174,0.002373426802277321,28.239826229817027
1781507082.9070914,-0.009870096556212571,0.7625253734665953,0.3082435765263781,-0.04627241769700639,0.01744255197543132,-0.06654404045683969,-0.01993645438944147,0.7848125460141095,0.30750549278490646,-0.046424166655638956,0.017421608988053228,-0.06614053265837111,-3.737976204914897e-05,0.000583143376128556,0.001676261094239989,0.006316944652282966,0.0005873586591756614,-0.003286251604237099,0.04171165648616496,-0.09574136216596567,-0.0030716006442008384,-0.00791902273485722,-0.002444151523847413,0.000739296398072716,24.466188665149815
1781507082.9170818,-0.009911893274023096,0.7625517312531594,0.3082635918145804,-0.04610914827435611,0.017271226285120678,-0.06645817170013235,-0.01993645438944147,0.7848125460141095,0.30750549278490646,-0.046424166655638956,0.017421608988053228,-0.06614053265837111,-0.00031531093766738115,0.0006919824012648715,0.0016682674413700256,0.007393111373537932,-0.0013887191750920301,-0.0020774959086685063,0.04093827216901299,-0.09697107838674436,-0.0089119444767167,-0.018859542268107994,-0.0033192341121152428,0.003943187638685826,24.425609788025444
1781507082.9270833,-0.009402678949328617,0.761414629167074,0.3081633472574846,-0.04649914567647498,0.017121994052861966,-0.06639230451979027,-0.01993645438944147,0.7848125460141095,0.30750549278490646,-0.046424166655638956,0.017421608988053228,-0.06614053265837111,-0.0005139283188665564,0.0009850386089255828,0.0005676212527182267,0.002315704851816842,-0.0028969744421604928,-0.0012078166383073794,0.04467482634454225,-0.10184558919162111,-0.006384663314081963,-0.01746971433980502,0.003718433693927044,-0.0017585862788562932,25.66818478799395
1781507082.9370966,-0.008888432583351712,0.7602693695549915,0.30808379715496037,-0.04682928290146059,0.016999203759089587,-0.06633586835807043,-0.01993645438944147,0.7848125460141095,0.30750549278490646,-0.046424166655638956,0.017421608988053228,-0.06614053265837111,-0.0006668610264863917,0.0012078148252564539,-0.0003231402955535482,-0.0015519949496073434,-0.0039477764534331635,-0.0005230659699720569,0.047908254087741194,-0.10546108438832791,-0.000809635530234353,-0.009866451755205199,0.004820398711733425,-0.005558453760737837,26.921380582645945
1781507082.9470828,-0.008369806660213459,0.7591169639748254,0.3080223371913892,-0.04710553119933778,0.016899583529172313,-0.06628805444674349,-0.01993645438944147,0.7848125460141095,0.30750549278490646,-0.046424166655638956,0.017421608988053228,-0.06614053265837111,-0.0007811814919870887,0.0013713493505284253,-0.0010341252361365412,-0.004407436896240333,-0.004627056986304184,4.363343573325672e-06,0.04847935334750554,-0.1015523772170728,0.0028377749603343606,-0.0038947111321941783,0.0009606356023530247,-0.00682853537102041,28.183637170708625
1781507082.9570863,-0.007847379415401246,0.7579583169601932,0.30797665911900046,-0.04733383989320954,0.016820048137214272,-0.06624801830006265,-0.017657094546205232,0.7797500130047884,0.3074080527254505,-0.0469104968797491,0.01743734994541346,-0.06629096347927729,-0.0008630565297811524,0.0014852540882262324,-0.0015917814415091702,-0.006426270078820099,-0.005009372378714385,0.00039946709537111804,0.04497468237099784,-0.09292121243614446,0.009449614685872462,0.007849427553725887,0.0009890556805970188,-0.007255675518920127,23.90464056785494
1781507082.9670887,-0.007321662014984849,0.75679423562324,0.3079447217331945,-0.047519979022641705,0.01675773665974245,-0.06621491216833998,-0.017657094546205232,0.7797500130047884,0.3074080527254505,-0.0469104968797491,0.01743734994541346,-0.06629096347927729,-0.0009178478094285703,0.0015578740762129833,-0.0020192833843983788,-0.007763001962923324,-0.005158714661403199,0.000684599118529742,0.04175617128591116,-0.08903376230630075,0.012723373089376539,0.016078245145300964,0.00335458599338796,-0.003739324684883534,25.180883511554775
1781507082.977087,-0.00671934737459577,0.755550401560311,0.308156803299313,-0.04722134636942362,0.016916668726107753,-0.06632955527105455,-0.017657094546205232,0.7797500130047884,0.3074080527254505,-0.0469104968797491,0.01743734994541346,-0.06629096347927729,-0.00045108355587667923,0.0011477782480881823,-0.0007283176204799439,-0.0036339158060962025,-0.0028037885729542363,-0.0005579756352657013,0.042201061917346405,-0.09339220191501366,0.00820332297553544,0.0114600170878154,-0.00017905814744599569,-6.754384218412516e-05,26.56720035448965
1781507082.9870872,-0.006125554330438102,0.7543133580266334,0.308344680238024,-0.04696684263799346,0.017052970255406974,-0.0664255541638406,-0.017657094546205232,0.7797500130047884,0.3074080527254505,-0.0469104968797491,0.01743734994541346,-0.06629096347927729,-7.066205790756046e-05,0.0008040208114935325,0.0003172635593574845,-0.0004406791238689657,-0.000962549297689281,-0.001473732842948475,0.044381978577125364,-0.09436065219202108,0.01141175478694029,0.015328721848646084,-0.00248896735578184,-0.0016799115764922453,27.94417841559964
1781507082.9970846,-0.005539237270090675,0.7530823648970965,0.30851138278158347,-0.04675236682091382,0.017168579026214825,-0.06650496142135069,-0.017657094546205232,0.7797500130047884,0.3074080527254505,-0.0469104968797491,0.01743734994541346,-0.06629096347927729,0.00023562546731882887,0.000517873810361987,0.0011526080078564835,0.0019639540609798648,0.00044339564966919113,-0.0021195470914623484,0.04555211139555497,-0.09888263229787539,0.007615974451983677,0.007927804258552884,-0.0032734890884248777,-0.0022837815405909348,29.31251026051394
1781507083.0070899,-0.005501031011998076,0.7530482609197044,0.3086165591094311,-0.046573751055374986,0.017265514471335175,-0.06656976825228456,-0.015384493711951275,0.7748990652251506,0.3078499243462906,-0.04639183421957771,0.01729325996170883,-0.06639638860464822,0.0004785192555992558,0.00028160069317372503,0.0018085953904210899,0.0037118953324246397,0.0014846999360281763,-0.002545422390793923,0.043661085314443834,-0.09513694345794575,0.005244859441019566,0.003205870804070771,-0.006224789702948837,-3.908759662643032e-05,23.994337094329705
1781507083.0170903,-0.004926916142448125,0.7518274390134139,0.30874888871222517,-0.0464268914164393,0.017345801808453354,-0.0666218653626954,-0.015384493711951275,0.7748990652251506,0.3078499243462906,-0.04639183421957771,0.01729325996170883,-0.06639638860464822,0.0006674445428981068,8.83588113254267e-05,0.0023122877095349574,0.004919956206109554,0.002224284391208583,-0.0027948459245263194,0.041131848333851875,-0.0951126442558002,2.883062784344903e-05,-0.0067278252774221475,-0.008135211253727775,0.0033400233688884564,25.346972237478266
1781507083.0270824,-0.00447653171445875,0.7506357193121879,0.3087626531551749,-0.04643690571477216,0.017177471703237357,-0.06651742352608712,-0.015384493711951275,0.7748990652251506,0.3078499243462906,-0.04639183421957771,0.01729325996170883,-0.06639638860464822,1.7755725944002877e-05,5.234129936358977e-05,0.0019259403289147725,0.0042534671633016425,9.29080446615267e-05,-0.0014361848731403563,0.04293630346764578,-0.10090381374132712,-0.00346734132897638,-0.012792733431654948,-0.0055655291949621,0.0031062524092908585,26.618164168653607
1781507083.0370803,-0.004013008399210898,0.7494440786612596,0.3087796698214365,-0.04644922401382839,0.017035869480627852,-0.06642825252082943,-0.015384493711951275,0.7748990652251506,0.3078499243462906,-0.04639183421957771,0.01729325996170883,-0.06639638860464822,-0.0005040219968645185,2.2764190332006504e-05,0.0015913874047041208,0.003637671534346807,-0.001506585074879598,-0.00037884018696705043,0.04494832584383193,-0.1018676335793705,-0.0034752410403566603,-0.013780891548599699,-0.004231744094536848,0.0016329169726726884,27.895007543184065
1781507083.0470903,-0.003537966944826025,0.7482524805182827,0.30879959200623286,-0.04646292924758737,0.016918169396491933,-0.0663529646292627,-0.015384493711951275,0.7748990652251506,0.3078499243462906,-0.04639183421957771,0.01729325996170883,-0.06639638860464822,-0.0009165046738403766,-1.2679641327207525e-06,0.0013026528047921774,0.0030767120111181807,-0.0026637781554268523,0.0004237874916229661,0.04439170724440104,-0.1034370625755042,-0.0037305556559756713,-0.014883750136820481,0.0020420257485575157,0.0017392738153878652,29.1767465912298
1781507083.0570838,-0.003052851433840169,0.7470609000571075,0.308822112107075,-0.046477296717145206,0.01682159993185328,-0.06629014009147217,-0.013244776658054513,0.7699956319089123,0.30776268386300726,-0.046920353331449234,0.017106211630560253,-0.06632677469937093,-0.0012360216479804717,-2.0544266140726677e-05,0.0010543584860732145,0.002572192248931893,-0.003457898674648687,0.0010135879064532543,0.04542549953311996,-0.10126503899699933,-0.0015810423813144734,-0.011106061492190573,0.007862079596587197,-0.003635446256295573,25.119706469114966
1781507083.0670915,-0.0025589458519177217,0.7458693215343069,0.3088469569308067,-0.04649176567988877,0.016743506077576686,-0.06623837397208927,-0.013244776658054513,0.7699956319089123,0.30776268386300726,-0.046920353331449234,0.017106211630560253,-0.06632677469937093,-0.0014768596472902239,-3.575844716017715e-05,0.0008416746805043053,0.002123769419435384,-0.003958246534931827,0.001427774876335449,0.04564014000911332,-0.09979057869889359,5.402128478246096e-05,-0.005571370706893902,0.006188519700323783,-0.0030230738674850276,26.40911737250474
1781507083.0770905,-0.002057389500468039,0.7446777360935374,0.3088738835230557,-0.04650591354846994,0.016681392808646223,-0.06619631087898105,-0.013244776658054513,0.7699956319089123,0.30776268386300726,-0.046920353331449234,0.017106211630560253,-0.06632677469937093,-0.0016514846159488368,-4.7518887386321306e-05,0.0006602729586084635,0.0017296515145445652,-0.004224786526219788,0.0016990396642876113,0.04784658229744115,-0.10056553238003428,0.005840826579873934,0.00401334443013294,0.007165725081363475,-0.005970547118616673,27.701773311764743
1781507083.0870888,-0.0014429302285562172,0.7435312309609846,0.308812519365525,-0.04659683979507834,0.01686961656082331,-0.0662908041968423,-0.013244776658054513,0.7699956319089123,0.30776268386300726,-0.046920353331449234,0.017106211630560253,-0.06632677469937093,-0.0010562162275442133,0.0002725279813673496,-1.3835467280510312e-05,0.0005659078195606087,-0.0016627488861886705,0.0005788537346319139,0.047357175911462115,-0.10110234769039288,0.011176775675902079,0.013252455266330716,0.0057820089853403665,-0.0052808195545654855,28.99569366751697
1781507083.0970838,-0.001380135673698427,0.7435695689011615,0.3087227669725268,-0.04667386111663601,0.017029422880457945,-0.06637089693232033,-0.013244776658054513,0.7699956319089123,0.30776268386300726,-0.046920353331449234,0.017106211630560253,-0.06632677469937093,-0.0005649674147462583,0.0005259998089047501,-0.0005548163040416289,-0.00032153774592155304,0.00030241319064677145,-0.00027630659924063187,0.04598456947822298,-0.10201503186016384,0.010378151082507186,0.012604055724351417,-0.00041725580512546814,-0.0006442872238756483,28.98324121547587
1781507083.1070945,-0.0007841705478465621,0.7424108119626869,0.30868946315165324,-0.04673835314587828,0.01716356383898865,-0.06643800507897928,-0.010892617760852374,0.764922747907965,0.30814133881360256,-0.04660048775839282,0.01721084570914,-0.0664891458526725,-0.00016344734583743296,0.0007228152353044719,-0.0009820711098961273,-0.0009776703190245023,0.0017665647408657969,-0.00090948461552222,0.04575848566553931,-0.09958052024009378,0.01324341762744051,0.015527820783082,-0.0034082031204247295,-0.0010704085289488456,24.683362926319287
1781507083.117079,-0.0001958661543109696,0.7412470553617043,0.30866769636639974,-0.046791690023255186,0.017274803779870895,-0.0664935454493135,-0.010892617760852374,0.764922747907965,0.30814133881360256,-0.04660048775839282,0.01721084570914,-0.0664891458526725,0.00016095322950497614,0.0008716545726605751,-0.001312615959186334,-0.0014425275016263766,0.002815248235028177,-0.0013590073370759272,0.04470074409067817,-0.09968690781826915,0.011583348048675772,0.012524272536963423,-0.0031325900438592784,0.001238764595065533,25.985302860472803
1781507083.1270843,0.00037362860953049073,0.7400295057899363,0.30885172181605963,-0.04629323023854641,0.01737263898827557,-0.06647326563775136,-0.010892617760852374,0.764922747907965,0.30814133881360256,-0.04660048775839282,0.01721084570914,-0.0664891458526725,0.0003272091992552374,0.0006388251431515034,-0.00017698332099391604,0.004153027591383216,0.0035634542094695365,-0.0009397444876797726,0.04532571846502879,-0.10393244588975248,0.009875982979298127,0.008325835121690623,-0.002065647572704422,0.0033319819152869993,27.333248150103604
1781507083.1370876,0.00039736668719745103,0.7400068039350504,0.30897324546935867,-0.04587777530411558,0.017451692630637394,-0.06645515163843314,-0.010892617760852374,0.764922747907965,0.30814133881360256,-0.04660048775839282,0.01721084570914,-0.0664891458526725,0.0004565289554212069,0.0004438213648215221,0.0007369146304336173,0.008231899893807047,0.004026544440639984,-0.0005998185960026908,0.045973017958289154,-0.1048888312758958,0.005053899796099816,0.002093769817617835,0.00022578217092008944,0.0005650165719025198,27.367135063475665
1781507083.1470814,0.000959219538174562,0.7387955987453313,0.30911956039163996,-0.045535885516533786,0.017514510416340334,-0.06643916690774411,-0.010892617760852374,0.764922747907965,0.30814133881360256,-0.04660048775839282,0.01721084570914,-0.0664891458526725,0.0005545586983485971,0.0002816538996064395,0.0014612299133586809,0.011062725092034589,0.004263324438358137,-0.00032865772452710264,0.045404841330358,-0.10449578943161225,-0.00026066992699040186,-0.005183393384439145,-0.0014510875004251841,0.002238830827884077,28.70628656209045
1781507083.1570814,0.0015179536989194016,0.7375870250376609,0.3092503257579362,-0.04525847429320762,0.01756344422040823,-0.06642522310856099,-0.010892617760852374,0.764922747907965,0.30814133881360256,-0.04660048775839282,0.01721084570914,-0.0664891458526725,0.0006262275223272698,0.00014790137143143574,0.002024175509747603,0.012880944918510471,0.004324051588985218,-0.00011645441871374295,0.04357098413175662,-0.1015153298331966,-0.0017241002415852062,-0.005607403532511117,0.0002101297636082164,0.002503327933171735,30.041535926827517
1781507083.1670947,0.0020739659430541227,0.7363807764527605,0.3093675691332856,-0.04503696835902961,0.01760063623496011,-0.06641319602625774,-0.008567406088022034,0.7597132357103655,0.30849355301108494,-0.046297281883352547,0.01705388740795044,-0.06642132106871373,0.0006758263915284315,3.865437218259022e-05,0.0024504447618533074,0.013890685353005694,0.004251202345402761,4.5756519552871144e-05,0.04313532249263805,-0.1015809916081076,-0.005318701647736874,-0.01031626550189869,0.00475451400563841,0.0012416350614169135,25.659430194247054
1781507083.177082,0.0025630596910705024,0.7352545011252198,0.3092632498142179,-0.04525024142234625,0.017548159246069783,-0.06629033350666633,-0.008567406088022034,0.7597132357103655,0.30849355301108494,-0.046297281883352547,0.01705388740795044,-0.06642132106871373,0.00025808915194531373,0.0004160389209883202,0.0012854106304631134,0.010022195234073609,0.0031548347455286766,0.001354623218369587,0.045245501915551926,-0.10390728787148339,-0.0025556536723874484,-0.004552729998499894,0.005245300662240704,0.0024950959041122674,26.883254995162044
1781507083.1870904,0.0030596314252092018,0.7341187049592206,0.30917974554973204,-0.04543885147728887,0.017501097184034142,-0.06618809865697659,-0.008567406088022034,0.7597132357103655,0.30849355301108494,-0.046297281883352547,0.01705388740795044,-0.06642132106871373,-8.052934040378163e-05,0.0007137214693767743,0.0003338650501783528,0.006849310823333821,0.0022470760003436715,0.0022982284275648752,0.04967577926978298,-0.10810661029609797,0.0005957275679609386,0.0016967207074783215,0.00945787878714462,-0.002966603860916665,28.12007940788014
1781507083.197084,0.003562747809719581,0.7329745355220021,0.30911446643590273,-0.045603818428159464,0.017459375849070646,-0.06610411825827309,-0.008567406088022034,0.7597132357103655,0.30849355301108494,-0.046297281883352547,0.01705388740795044,-0.06642132106871373,-0.00035134278649270455,0.0009436494514834261,-0.00043424060423939204,0.004284476013242484,0.0015054660780288837,0.002942327649732626,0.05065420816838342,-0.10468115339260187,0.007314734365956121,0.013280017079501528,0.004483524129858334,-0.0015819726548211468,29.368082246329976
1781507083.2070832,0.004071583192722991,0.7318230269251519,0.3090651118970602,-0.04574655383198327,0.017422794292734967,-0.06603611457633336,-0.008567406088022034,0.7597132357103655,0.30849355301108494,-0.046297281883352547,0.01705388740795044,-0.06642132106871373,-0.0005642926805020051,0.0011162724658244372,-0.0010453529325211966,0.0022454426557808743,0.0009086328084328541,0.003344387279762296,0.04839164907746753,-0.10234235108753229,0.0016432299925662897,0.00734885570488367,0.0060157746065331846,-0.002194393838311147,30.625715921129636
1781507083.217032,0.004585408246518901,0.7306651080979292,0.3090296426732293,-0.04586872404622312,0.017391062034447513,-0.0659819436809472,-0.006216711474415604,0.7545118920691464,0.30844299839934314,-0.04636481966753388,0.017259621483662224,-0.06641724508412694,-0.0007280929770133406,0.001240705281670227,-0.0015226918197546334,0.0006561913753332831,0.0004366030524790666,0.003554090017252807,0.04674115943659785,-0.09825781226441296,0.006041488555006057,0.012796466450823633,0.007508292500302289,-0.0004996751490063067,26.185855871813455
1781507083.2270827,0.0045612733658415,0.7306928151803888,0.3089639689918805,-0.04597214070803169,0.017363829368330252,-0.06593962052810459,-0.006216711474415604,0.7545118920691464,0.30844299839934314,-0.04636481966753388,0.017259621483662224,-0.06641724508412694,-0.0008503617801223224,0.0013248756098282633,-0.0018865926116197946,-0.0005525490825178708,7.099782652794792e-05,0.0036139266009809043,0.04866948564879002,-0.10388310712984952,0.006596759554740342,0.012551412606743412,0.0037105454950094193,0.0012714026400347655,26.14927898447007
1781507083.2370853,0.005177885321290515,0.7294700265308509,0.3090718943408289,-0.04580030008043198,0.017478490792950607,-0.0660918640455223,-0.006216711474415604,0.7545118920691464,0.30844299839934314,-0.04636481966753388,0.017259621483662224,-0.06641724508412694,-0.0002676747166904935,0.0010888488587267413,-0.0012507178370917715,0.0014130109124547144,0.0013895033792277402,0.0016167683243596969,0.05080483723305497,-0.10941793405346315,0.01059784265186549,0.016927407831381823,0.0019469930713471827,0.0024582547296700887,27.519581680686994
1781507083.247081,0.005783813117174176,0.7282510184608454,0.30917106798354177,-0.045657100420297275,0.017573606357224048,-0.06622132372487961,-0.006216711474415604,0.7545118920691464,0.30844299839934314,-0.04636481966753388,0.017259621483662224,-0.06641724508412694,0.00020348252459266103,0.0008855760990457231,-0.0007244067748097249,0.002847078823701182,0.0023393579331295565,7.611321970082442e-05,0.052830517544271254,-0.11716966258271376,0.009651134803504961,0.015494333274519158,8.59508935653478e-05,0.005857204342769296,28.882107929719144
1781507083.2570891,0.006380399073936325,0.7270354368384624,0.30926256328703433,-0.045539278026905036,0.017651469882280724,-0.0663301719768804,-0.006216711474415604,0.7545118920691464,0.30844299839934314,-0.04636481966753388,0.017259621483662224,-0.06641724508412694,0.000579136578305566,0.0007111730365765922,-0.00029271941476679474,0.0038436587555305056,0.0029870003034368053,-0.0010803283999888207,0.0536108295026748,-0.11742123792859388,0.009057992685601798,0.013023488604068456,-0.0006561722162854115,0.0038542677734504406,30.237633386498963
1781507083.2670774,0.006968830742689253,0.725822944743536,0.3093473224525681,-0.04544369330999189,0.0177142729513573,-0.06642059992704069,-0.0037034553329253206,0.7491165254120127,0.30885071649709744,-0.04568081203420998,0.01737311514787221,-0.06628910523997059,0.000873363318770309,0.000562155655835129,5.75366603541248e-05,0.004485161206965498,0.003390481811509976,-0.0019172375264015586,0.05148811739398663,-0.11532122239629,0.003097707031280178,0.002632083047838148,-0.0033501972357641587,0.0043269723967746775,25.62684545381258
1781507083.2770834,0.006936249415448986,0.7257633191281007,0.3094598445243926,-0.045264784686511045,0.017526000217131132,-0.06632749641368492,-0.0037034553329253206,0.7491165254120127,0.30885071649709744,-0.04568081203420998,0.01737311514787221,-0.06628910523997059,0.0005753745363766367,0.00010962449066951734,0.0007627935405563134,0.00593033744540761,0.0009206451200662199,-0.0007858282856106351,0.050149025169895556,-0.11571802541319873,-0.002085846129856333,-0.005606538541050458,0.001059923573230446,0.003304456043944175,25.669955158222677
1781507083.2870855,0.007449860313779784,0.7245206446788387,0.30959753935227696,-0.04511975232242252,0.017366823895492267,-0.06624844886030705,-0.0037034553329253206,0.7491165254120127,0.30885071649709744,-0.04568081203420998,0.01737311514787221,-0.06628910523997059,0.00032886656253014516,-0.0002550444330025576,0.001319289460924301,0.006850832904863167,-0.000955090972176844,8.346842685762429e-05,0.05046433375514334,-0.11481130945654604,-0.0018026432232290846,-0.0055204521052321966,-0.0011067923438642983,0.004202800450682639,27.016875158548117
1781507083.2970858,0.007967379817648772,0.7232853741529666,0.3097209329007233,-0.045004069770830143,0.017233807770699716,-0.06618209205897088,-0.0037034553329253206,0.7491165254120127,0.30885071649709744,-0.04568081203420998,0.01737311514787221,-0.06628910523997059,0.00012680950597985288,-0.0005445591825480761,0.0017493127082365842,0.007353005507780461,-0.002334350958728371,0.0007325630670302099,0.04979651472693543,-0.11198548526308802,-0.002238167011642512,-0.006913617149143488,0.0014543595890907101,0.0009043741310590408,28.358667900110103
1781507083.3070836,0.007946275425306007,0.7232479437819805,0.30979058751423705,-0.04491354259116176,0.017124035281981254,-0.06612705678727537,-0.0037034553329253206,0.7491165254120127,0.30885071649709744,-0.04568081203420998,0.01737311514787221,-0.06628910523997059,-3.7003279491800226e-05,-0.0007700737329650769,0.002072358257918412,0.007527996505367583,-0.003303869639188357,0.0011988890214763683,0.04674718445302829,-0.10696313553903221,-0.0011607014370812391,-0.002337822386731086,0.0035078953613555098,0.001326569441257427,28.386318884592562
1781507083.3170938,0.007928071420716377,0.7232161338226913,0.3098493518365954,-0.04484433988760192,0.01703468448302292,-0.06608200815945535,-0.0012034391490239882,0.7434519945034211,0.3088472679462925,-0.04584764092688974,0.01734444375071864,-0.06614232027479937,-0.0001680389165819976,-0.0009413531434322606,0.0023054316689008056,0.0074530509653012505,-0.003939848819593883,0.0015154995584620939,0.04604420374056154,-0.10003415597405488,0.002921321470603872,0.003617098976205444,0.0020313623224914026,-0.0016723162580550824,22.223382166051838
1781507083.3270786,0.007918923393509657,0.7233157380908507,0.3097385988365655,-0.04502306608074246,0.016987359135732794,-0.06614437623754392,-0.0012034391490239882,0.7434519945034211,0.3088472679462925,-0.04584764092688974,0.01734444375071864,-0.06614232027479937,-0.00019499435076777112,-0.00021806792564885939,0.0013678233106913756,0.004699703069067219,-0.003994903919177852,0.0006468116249939402,0.04457351701584723,-0.09704311728754764,0.005641400003414809,0.006527559585323696,0.0016265185807081309,0.0012729872501034676,22.124212786586554
1781507083.337088,0.007911194738603298,0.72340132621332,0.30964263474950987,-0.045177718491573905,0.01695118173695276,-0.06619758099620143,-0.0012034391490239882,0.7434519945034211,0.3088472679462925,-0.04584764092688974,0.01734444375071864,-0.06614232027479937,-0.00021416267323057976,0.0003653291708274924,0.0005978047829655041,0.0025080560187600454,-0.003926812063943481,-2.172961572016513e-05,0.04454926414437845,-0.09569307618009307,0.005957693272955311,0.008000044170981591,0.003404728171295038,-0.0003873111513720474,22.03947499685081
1781507083.3470805,0.00790471910838009,0.7234745942784844,0.30955971132336385,-0.04531010035386264,0.016924348842984216,-0.06624246635886902,-0.0012034391490239882,0.7434519945034211,0.3088472679462925,-0.04584764092688974,0.01734444375071864,-0.06614232027479937,-0.00022683682935810832,0.0008290356055883018,-2.7920211615745072e-05,0.0007972670325392705,-0.00376831206410166,-0.0005220184981635332,0.04366827693782708,-0.09016217511784265,0.0069683475796519685,0.00990319383082624,-0.0006159298576244715,-0.0032531342807149382,21.96730848681182
1781507083.357079,0.007899342983736705,0.7235370556465855,0.30948827434117876,-0.04542217227510537,0.016905253183234326,-0.06627989170225007,-0.0012034391490239882,0.7434519945034211,0.3088472679462925,-0.04584764092688974,0.01734444375071864,-0.06614232027479937,-0.00023413704867669536,0.0011907819591566856,-0.0005298816606851698,-0.0005063998781960786,-0.0035464092627356405,-0.0008825552441396274,0.03899877974107249,-0.08211062723911565,0.010086424560312121,0.015368183103668425,-0.002292330783457556,-0.0006195895792579619,21.906079554002645
1781507083.3670897,0.00789492580170596,0.7235900585754872,0.309426942321443,-0.04551595912481399,0.01689247846791475,-0.06631070458970131,0.001080993161377608,0.7386608272628576,0.30919450788007813,-0.04538826913786243,0.017359764917330045,-0.06624522219936547,-0.00023703071461062697,0.0014660938033106397,-0.0009261286969229558,-0.0014693372555160792,-0.00328307376275711,-0.0011285175159445925,0.03574431053359193,-0.07950657561687732,0.00563942197428718,0.008718073666640855,0.0014677032789267058,-0.000401303918605301,16.541214363664185
1781507083.3770874,0.00786754271506722,0.7236444891721401,0.3094620317074279,-0.0453001358357,0.017061114508562847,-0.0662699150850508,0.001080993161377608,0.7386608272628576,0.30919450788007813,-0.04538826913786243,0.017359764917330045,-0.06624522219936547,-0.00040990744913970084,0.001706454603135911,-0.0005040869741816804,0.001040030293976212,-0.0011062275784371484,-0.00047699662242675807,0.036395655673571566,-0.08077033407530433,0.0077311920379187675,0.010085618223556744,-0.0036784225231465354,0.0025897852727218744,16.48087477950184
1781507083.3870854,0.007844263906530945,0.7236902301174232,0.30949275830433337,-0.0451195522508749,0.017203980419849163,-0.06623518958615382,0.001080993161377608,0.7386608272628576,0.30919450788007813,-0.04538826913786243,0.017359764917330045,-0.06624522219936547,-0.0005434943067238018,0.0018777872876456529,-0.00015889591613134428,0.0028917447126818084,0.00055509698255003,2.420371950430291e-05,0.03711542172931792,-0.08425715382187647,0.006438933349198631,0.0058323299153975085,-0.010622977911656261,0.004828901728349389,16.430141915963667
1781507083.3970797,0.007824566775405458,0.7237284040735427,0.3095196764906755,-0.044970316641229746,0.017323628161449722,-0.06620596320408736,0.001080993161377608,0.7386608272628576,0.30919450788007813,-0.04538826913786243,0.017359764917330045,-0.06624522219936547,-0.0006438476248056808,0.001991535095333502,0.00012022757035101282,0.004200015726967106,0.0017846818967722727,0.0003990594744036045,0.036036139325542976,-0.07904488056133056,0.0054365021379343,0.004093133436832737,-0.009550269660164635,0.0010232888564674966,16.38776317921156
1781507083.4070828,0.007807988607751519,0.7237600112781918,0.3095432541456675,-0.04484865480750758,0.017422605159651328,-0.06618166116657534,0.001080993161377608,0.7386608272628576,0.30919450788007813,-0.04538826913786243,0.017359764917330045,-0.06624522219936547,-0.0007162503711767086,0.002057614009698987,0.0003427770061402893,0.005065292289634695,0.002657120510298723,0.0006689922339154488,0.030665364519826634,-0.06733038943034426,0.002407269111094286,-2.7960834182735264e-05,-0.004321115837862053,-0.0003445661823125862,16.352626966398137
1781507083.417087,0.0077941202329130125,0.7237859404732033,0.30956388857103073,-0.04475098393053937,0.017503385726697296,-0.06616171711413668,0.002857384855395717,0.734725698485672,0.30946020143612313,-0.04507180403447405,0.01708401893776501,-0.06616683385082403,-0.0007652977326690796,0.0020845883293561874,0.0005170903855834301,0.005574963316811782,0.00323807949637984,0.0008529236121614949,0.023889756560443186,-0.05601615320466452,-0.003458962945689175,-0.005672960666398752,-0.002412511563358705,0.0014721808082666212,12.002516926917854
1781507083.4270883,0.007782600306474822,0.723806979150481,0.30958191953002845,-0.04467396267642779,0.017568321689012567,-0.06614558661948394,0.002857384855395717,0.734725698485672,0.30946020143612313,-0.04507180403447405,0.01708401893776501,-0.06616683385082403,-0.0007949745383431779,0.002079828738223169,0.0006504724264991696,0.005804240216158534,0.0035847395107689176,0.0009673843601343537,0.023838916221527062,-0.052411801446471847,-0.0006847300546455625,-0.00024729549108149705,0.00010582834507027985,-0.0008058139696972564,11.978772660611249
1781507083.4370854,0.007739028520623837,0.7238516056391963,0.30959325315198416,-0.04475717270916844,0.017481195504670533,-0.06627083667320119,0.002857384855395717,0.734725698485672,0.30946020143612313,-0.04507180403447405,0.01708401893776501,-0.06616683385082403,-0.0009800447687423135,0.0022784912458501004,0.0006201135746415703,0.004285983732132555,0.0023044379409668113,-0.0005465163624358207,0.02459465778523252,-0.05299790357125722,0.0010862699208487264,0.00328494722332267,0.0013830595653292173,-0.00045280352508426914,11.920320585753183
1781507083.447088,0.007702341555865835,0.7238887875259347,0.30960280359396086,-0.044831074023984264,0.017405811476440602,-0.06637557999699795,0.002857384855395717,0.734725698485672,0.30946020143612313,-0.04507180403447405,0.01708401893776501,-0.06616683385082403,-0.001116196018706492,0.002409101375785842,0.0005878848347942399,0.0030311022681121565,0.001282045223438792,-0.0016658637545848769,0.022661651126778638,-0.0507177000277954,-4.198486225921196e-05,0.001800761718866711,0.0051488584238747,-0.00044461745215209595,11.87150285154017
1781507083.4570856,0.007671670330460109,0.7239195468312991,0.3096107421230016,-0.04489597958167807,0.01734129070042645,-0.06646209202533157,0.002857384855395717,0.734725698485672,0.30946020143612313,-0.04507180403447405,0.01708401893776501,-0.06616683385082403,-0.0012113512499487646,0.002483425920983273,0.0005545633699284207,0.002007904373535356,0.0004808874191308287,-0.002458947984757943,0.02051699512597592,-0.04568240696303115,-0.0004999788539307149,0.002245629001922086,0.003963896907763233,0.0005550935110755156,11.831015202049596
1781507083.4670897,0.007646232954385055,0.7239447771448342,0.3096172394198431,-0.04495236976715128,0.017286676985990068,-0.06653257662349096,0.004069847792519898,0.7320594696723803,0.3094339469788725,-0.045068087965167536,0.017115455910741595,-0.0661807776424254,-0.0012723902646040036,0.002511624142425363,0.0005207869115481708,0.001186303890861558,-0.00013257154113664944,-0.0029858668106579715,0.018133106701991766,-0.040272613870170865,-0.001460055754986252,0.001083014320339274,0.0021815208220240774,-0.000160708075209476,8.86974417678095
1781507083.4771013,0.007635309887086174,0.7240839128522815,0.30951409182921014,-0.04504674782981385,0.017392244889118835,-0.0665797465975517,0.004069847792519898,0.7320594696723803,0.3094339469788725,-0.045068087965167536,0.017115455910741595,-0.0661807776424254,-0.001243611704846436,0.0032613257894097683,-0.0001661891047319737,3.5614370994753366e-05,0.001056574381107741,-0.003122418709184159,0.017976011789056338,-0.03874425148109986,0.0002784060098597871,0.0028978750599927827,0.004204525881829167,-0.0013233364564706259,8.736615462262844
1781507083.4870825,0.007626832827528108,0.7242016871981836,0.3094257682230331,-0.04512611523955773,0.017480191967523817,-0.06661652057984142,0.004069847792519898,0.7320594696723803,0.3094339469788725,-0.045068087965167536,0.017115455910741595,-0.0661807776424254,-0.0012047512266792385,0.0038218418347927526,-0.0007155692223147602,-0.0008275464919894816,0.0019186262923062594,-0.0031392680223740993,0.018021158184223857,-0.0402915861410189,0.0038190670792793875,0.006440282887934254,0.0018214604414003033,1.4249590779330843e-05,8.625366939621374
1781507083.497085,0.007620426045530454,0.7243008200343998,0.3093504660126682,-0.04519206175968378,0.017552530257742394,-0.06664449689446592,0.004069847792519898,0.7320594696723803,0.3094339469788725,-0.045068087965167536,0.017115455910741595,-0.0661807776424254,-0.0011582896568032022,0.004223382450943944,-0.0011475298426150914,-0.0014516414634889296,0.0025120044204804907,-0.003065965853696799,0.017355506913249098,-0.04000879862383454,0.003898599716134073,0.006408810663581327,0.0020104443743406684,-0.0009799513297150948,8.53289043685701
1781507083.5070841,0.007615759171023268,0.7243837285171746,0.309286571701103,-0.04524614629045279,0.017611194239504968,-0.06666511429756168,0.004069847792519898,0.7320594696723803,0.3094339469788725,-0.045068087965167536,0.017115455910741595,-0.0661807776424254,-0.0011063148498395977,0.004492213933281329,-0.0014797558632576768,-0.0018795267781281221,0.002887834550428516,-0.0029271218318396566,0.0162836715550855,-0.036179339660172276,0.0023417802414904196,0.0028237626793447034,-0.00011244157773648709,-0.00257447277357699,8.456489180411491
1781507083.5170822,0.007612543153516125,0.7244525568900494,0.3092326443767296,-0.0452898618538497,0.017658007398718478,-0.06667965255334783,0.00495774742650873,0.7301040313131402,0.3095290993824724,-0.044867928288525996,0.017293974874212026,-0.06625160271660589,-0.001050572737736588,0.00465110371805653,-0.001727707983905581,-0.0021486845830019086,0.003090377746709953,-0.0027429693984072716,0.013443841804601609,-0.02975651139150805,0.003577006528849764,0.0040667681747624555,-0.00041620530014851385,-0.0025884261840207973,6.250999046345785
1781507083.5270844,0.007598594232414491,0.7243955942024688,0.3093184524489707,-0.04480010836279934,0.017847402635701615,-0.06663126769754606,0.00495774742650873,0.7301040313131402,0.3095290993824724,-0.044867928288525996,0.017293974874212026,-0.06625160271660589,-0.0010857161713347272,0.003968005580836292,-0.0008288084312021216,0.003423546508138189,0.004793740707572293,-0.0018227082891593305,0.012428343348154654,-0.028267017776161467,0.0013001175805732038,0.00032367637695562314,0.0011409064439438584,-0.003291203712955301,6.293226376775783
1781507083.5370808,0.00758730060286752,0.7243446106429257,0.3093935635820591,-0.04439128616819941,0.018002364547648364,-0.06658862371544642,0.00495774742650873,0.7301040313131402,0.3095290993824724,-0.044867928288525996,0.017293974874212026,-0.06625160271660589,-0.0011001712500199132,0.0033693540760489824,-9.66941591244992e-05,0.007504890928340575,0.005938845128418073,-0.00108321705538035,0.013499302506997832,-0.028151888762382025,0.0020631881569941127,0.0011939776665609366,0.0020128281349599234,-0.004741592440026572,6.332759770983456
1781507083.547081,0.007578267417086664,0.7242990506322536,0.30945924916741574,-0.04405429458944098,0.018127286626938854,-0.06655146682270868,0.00495774742650873,0.7301040313131402,0.3095290993824724,-0.044867928288525996,0.017293974874212026,-0.06625160271660589,-0.0010978351122873289,0.0028460795830165266,0.0004922527362400836,0.01035745370558439,0.00663430809876803,-0.0004994321099280423,0.012294698690891637,-0.02631419163473307,-0.00039515987435176435,-0.0017059651488995264,0.001569597563942899,-0.003635048922596109,6.369443050929012
1781507083.5570796,0.007571151623832743,0.7242584042941752,0.30951660730068065,-0.04378034845768431,0.018226282946660843,-0.06651945225863148,0.00495774742650873,0.7301040313131402,0.3095290993824724,-0.044867928288525996,0.017293974874212026,-0.06625160271660589,-0.001082049038053803,0.002389946150480454,0.0009588061501020532,0.012211254782454859,0.006973823841956816,-4.830710930765926e-05,0.010408060868723631,-0.023274045107812568,-0.002520742986074427,-0.0035035000240892255,0.002649040493110063,-0.003711872666931159,6.403232995569616
1781507083.5670915,0.007565655779404915,0.7242222041673729,0.3095665916209965,-0.043561139459593716,0.018303145496307183,-0.06649217730517983,0.005598200996749125,0.7287035012839747,0.30955127379609265,-0.04488973845130983,0.017355205120173745,-0.06644186970593721,-0.001055665741483705,0.0019934914324757423,0.0013211936574944571,0.013265977904319593,0.007037339891672136,0.00029106075224549446,0.008094306841460504,-0.019232452419969032,-0.0032055969534890466,-0.0029391113069897365,0.0055796552448029845,-0.0019382573912533493,4.894194193615313
1781507083.5770822,0.007561522525491433,0.7241900220821258,0.30961003505478946,-0.04338894399861543,0.01836132110119637,-0.06646920758069255,0.005598200996749125,0.7287035012839747,0.30955127379609265,-0.04488973845130983,0.017355205120173745,-0.06644186970593721,-0.0010211095824870407,0.0016499686680980484,0.0015953677540909922,0.013693111321886548,0.006892314861768381,0.0005373951031342994,0.008114400984115533,-0.018556629756902483,-0.0025978995878469966,0.0005856020985341243,0.006380955282387548,-0.0005049473972024051,4.922355007135189
1781507083.587092,0.007521770697959181,0.7243162211533664,0.3095201117546723,-0.04347979211574326,0.018127335807055278,-0.06641859321265844,0.005598200996749125,0.7287035012839747,0.30955127379609265,-0.04488973845130983,0.017355205120173745,-0.06644186970593721,-0.0012316145118192962,0.0023367098865777515,0.0007946122017714191,0.011195811257963598,0.0035641077059614073,0.0009199003516473953,0.008789160227160883,-0.020613943519045247,-0.0034177846902028594,0.0016246203935006054,0.008969207303637353,-0.0003134842818679975,4.790544688516032
1781507083.597087,0.007488264466212125,0.7244231103166107,0.30944294826469027,-0.04356650601122168,0.017927231989506298,-0.0663766954614892,0.005598200996749125,0.7287035012839747,0.30955127379609265,-0.04488973845130983,0.017355205120173745,-0.06644186970593721,-0.0013849964111478943,0.0028583988126030437,0.00014171859922994723,0.009018192512115362,0.0009728601340363769,0.0011814246548231874,0.008732927206558749,-0.01959148604163058,-0.0020973495474212503,0.004837163613020123,0.008807450178130711,0.00044890593551931684,4.680365495647039
1781507083.6070874,0.007460186385231529,0.7245131353495328,0.30937688315533923,-0.043647746561705864,0.017757990858378037,-0.06634247857531704,0.005598200996749125,0.7287035012839747,0.30955127379609265,-0.04488973845130983,0.017355205120173745,-0.06644186970593721,-0.001490577971196092,0.0032409778610869573,-0.0003842025748802897,0.007139711681724127,-0.000995285215724792,0.001345116752907593,0.007300924251219644,-0.017992996379201535,-0.0008036416156745612,0.008176549047587517,0.0077784980591985,0.0019078935177250767,4.5887436567142625
1781507083.6170886,0.007436815122879413,0.7245884765192777,0.30932046750786224,-0.04372266067927447,0.017616505858051745,-0.06631495604540727,0.006014003870483453,0.7277374283862772,0.30941115139040937,-0.04482824976960628,0.017714633362231114,-0.06645244771169659,-0.0015564488766193149,0.003507035569629156,-0.000801529737057434,0.005536787019045463,-0.002442692293239025,0.0014310058318801394,0.006917289305701205,-0.016065609290149108,-0.00010136157846874183,0.009113319903468807,0.005314865010804425,0.0015997923473606741,3.4566621598267178
1781507083.6270819,0.007452191094989381,0.7246059398841778,0.3093096818879297,-0.043445738997830254,0.01788043299585862,-0.06637704914082054,0.006014003870483453,0.7277374283862772,0.30941115139040937,-0.04482824976960628,0.017714633362231114,-0.06645244771169659,-0.0013315719934017852,0.003415753148065484,-0.0006250834613469659,0.007968133224039217,0.0007314226723246181,0.000723081855945661,0.0069034207944567525,-0.01506058181042132,0.0012914125543987648,0.010718843499668403,0.004726027771017792,0.0007615024792128674,3.4474481564552195
1781507083.6370869,0.007466149931545954,0.7246190643784466,0.3093017047744074,-0.043220161993914374,0.0181017276123161,-0.0664298625403586,0.006014003870483453,0.7277374283862772,0.30941115139040937,-0.04482824976960628,0.017714633362231114,-0.06645244771169659,-0.001134174499741873,0.0032991930101003205,-0.00047551668620135674,0.00957175963350342,0.0030896307556858038,0.00017277759261093639,0.007079568832918765,-0.015253850842088704,0.003070520589393016,0.0132824323352166,0.0013087212343064385,0.0013143055753606465,3.4416421704975377
1781507083.6470838,0.007478813647244038,0.7246285531345316,0.3092961712334662,-0.04303922854178205,0.01828501952085748,-0.06647428838173496,0.006014003870483453,0.7277374283862772,0.30941115139040937,-0.04482824976960628,0.017714633362231114,-0.06645244771169659,-0.0009613379489421048,0.0031638175353510697,-0.0003494232153686387,0.010511305314592934,0.004771963756020825,-0.0002443421321006995,0.006983173043261541,-0.01402608041285313,0.0035870232474489528,0.014764349439134013,7.270770766017122e-05,0.000755502115329903,3.4386034155599505
1781507083.6570861,0.007490291227106432,0.7246350130051258,0.309292723203754,-0.042896696055379414,0.01843481838805361,-0.0665112220908388,0.006014003870483453,0.7277374283862772,0.30941115139040937,-0.04482824976960628,0.017714633362231114,-0.06645244771169659,-0.0008104082782622594,0.0030150529580974103,-0.0002437712153457466,0.010927557888112026,0.005901841607554248,-0.0005502369379775844,0.005985515852146559,-0.012037557209788231,0.004036475086485764,0.014277598136967001,-0.0021149615552390377,0.001768610492230823,3.4377944662129245
1781507083.667082,0.007500680778372887,0.7246389665026652,0.3092910197670941,-0.042786836374294666,0.0185554203694287,-0.06654153743644209,0.006351112844753148,0.7270073275174955,0.30952086286556807,-0.04423065881247133,0.017857824691915658,-0.06637911392621097,-0.0006789772949747188,0.0028574249670619964,-0.00015586779740278943,0.01094032922331764,0.006586859605530476,-0.000764409107410167,0.004962167325935199,-0.00981332331428364,0.0021704551708104057,0.01000090282501046,-0.001335647371944298,0.0007562462352067328,2.642625244050095
1781507083.6770842,0.007510071282517156,0.7246408623674547,0.30929074413911983,-0.04270446353550297,0.018650843981247167,-0.06656606846156693,0.006351112844753148,0.7270073275174955,0.30952086286556807,-0.04423065881247133,0.017857824691915658,-0.06637911392621097,-0.0005648646984440772,0.0026946789721001454,-8.332629020837063e-05,0.010650435052916267,0.006919811315406024,-0.0009039848492073206,0.004538449032024534,-0.008787070255593388,0.00019449540646680798,0.007706684079435396,0.0007474178745789058,0.0001752790449751342,2.645051340727465
1781507083.6870325,0.007473798761037634,0.7246739689264498,0.3093905354233708,-0.043103188837248715,0.01830926916512432,-0.06644943034028446,0.006351112844753148,0.7270073275174955,0.30952086286556807,-0.04423065881247133,0.017857824691915658,-0.06637911392621097,-0.0008089128613554509,0.002693038571260007,0.0002982852960723034,0.005110504478450427,0.0023851395811202453,0.0003067688193976999,0.004573670055325101,-0.00953104936318141,-0.0015858103267788687,0.006429936095924856,0.0017359837364745846,0.00010839319398653407,2.592676459418017
1781507083.6970842,0.007442989487624232,0.7247007808355154,0.3094756640409163,-0.04344327810201462,0.018019812908004695,-0.0663514047835501,0.006351112844753148,0.7270073275174955,0.30952086286556807,-0.04423065881247133,0.017857824691915658,-0.06637911392621097,-0.00099457842715935,0.0026575981683785456,0.0006008532546514106,0.0008197171031143766,-0.0010777950727658783,0.0012055858971997267,0.004306235408779846,-0.008950490899367529,-0.002827880273574725,0.0052223417787315716,0.002894024197679094,-0.00010137997392419851,2.5523313133586343
1781507083.7070777,0.007416930688341343,0.7247221724353823,0.30954775838980086,-0.043730118339825666,0.017777323268650447,-0.06627002719201154,0.006351112844753148,0.7270073275174955,0.30952086286556807,-0.04423065881247133,0.017857824691915658,-0.06637911392621097,-0.0011310234401940339,0.0025954730971933363,0.0008361332677816774,-0.0024176746419771883,-0.0036429305601014725,0.0018460669302404666,0.003578276624417825,-0.008463035150874964,-0.004061969179816803,0.0032258669571756655,0.004803326305028819,-3.759748813313587e-05,2.521631375566764
1781507083.7170825,0.007394998205875611,0.7247389225463731,0.30960834146637106,-0.04396920460113898,0.017576655867878266,-0.06620336642773128,0.006577060006553281,0.7265529538271809,0.30945476065699284,-0.04391680063935911,0.01795514630355699,-0.06637253375546018,-0.001226226618056938,0.0025127134784422816,0.0010144150881559663,-0.0047771732987887845,-0.005465166195268524,0.002275446751345255,0.003517960878982154,-0.007641382337126265,-0.0033426111930792424,0.0029658827445492174,0.00494145704465799,-0.0004017212243454749,1.995825506067393
1781507083.7270834,0.007376645315258795,0.7247517219364753,0.3096588233386724,-0.04416596235043894,0.01741281268207895,-0.06614956948780276,0.006577060006553281,0.7265529538271809,0.30945476065699284,-0.04391680063935911,0.01795514630355699,-0.06637253375546018,-0.0012871156369540422,0.002414437647292434,0.001144681277958466,-0.006414308168143204,-0.006680896682910149,0.0025348970210652584,0.0038302835102290555,-0.007489757461972592,-0.0016495819788829502,0.002867701006491832,0.00435709443600096,-7.794355650078645e-05,1.9812659003896311
1781507083.737082,0.007380510137028901,0.7248260070742709,0.3095400367279911,-0.04425763493055013,0.01747582869901354,-0.06620568010238863,0.006577060006553281,0.7265529538271809,0.30945476065699284,-0.04391680063935911,0.01795514630355699,-0.06637253375546018,-0.0011594775047591244,0.0027570331972175464,0.0003016496105175242,-0.006704029154896178,-0.0052369628306802845,0.0016767526133431591,0.004182884927274802,-0.008588086397999864,-0.0007884465240369237,0.0018983088389537528,0.0026500424094016103,0.0004759866815549115,1.9066067260535018
1781507083.747079,0.007384408318034631,0.7248881730067189,0.3094373457736306,-0.044328619151162804,0.017533566507044407,-0.06625462558670245,0.006577060006553281,0.7265529538271809,0.30945476065699284,-0.04391680063935911,0.01795514630355699,-0.06637253375546018,-0.0010423212817137256,0.0029971252968475654,-0.000378935785665033,-0.006737607488533386,-0.004011698854909599,0.0009879187754977753,0.003989431712307519,-0.008836500282226468,0.0004673262415624371,0.0015591699446547524,0.0008523326108697796,0.0008739030035900416,1.8502999093099155
1781507083.757084,0.007388303330148745,0.7249398410120854,0.3093489144187409,-0.04438215891776448,0.01758576949024193,-0.0662968627497529,0.006577060006553281,0.7265529538271809,0.30945476065699284,-0.04391680063935911,0.01795514630355699,-0.06637253375546018,-0.0009350641422234115,0.0031518881678572553,-0.0009204899685416532,-0.006578345739104754,-0.002983821478093448,0.0004447883484690996,0.0035035713706401076,-0.007906184845712405,0.0020670070621223204,0.0018150179262359466,-0.002578868207192789,0.0015840108368764714,1.8087155968961817
1781507083.7670817,0.007392161733997357,0.7249824414832917,0.3092730866518541,-0.044421162291727115,0.017632396801656514,-0.06633291738281762,0.006769311330880268,0.7261489983843088,0.3094273233313686,-0.043810601573267466,0.018053891619394413,-0.06634941660348848,-0.0008371127781084991,0.0032361900222894363,-0.0013435715846416003,-0.006278953424300244,-0.0021319793819674256,2.5687625085818433e-05,0.0037410413165541033,-0.006326498638949596,0.004350673723043552,0.002074566519045492,-0.006230341042536731,0.001196229149308879,1.331385211455101
1781507083.7770855,0.007395953614867815,0.7250172340845146,0.3092083713496474,-0.04444820611416409,0.017673570374916014,-0.06636335264324278,0.006769311330880268,0.7261489983843088,0.3094273233313686,-0.043810601573267466,0.018053891619394413,-0.06634941660348848,-0.0007478729838683726,0.003262859474221913,-0.0016661857311649024,-0.0058827601201465645,-0.0014353550805917019,-0.00028901582405619096,0.003580107953915138,-0.005695065905713266,0.003891521228062945,-0.0009458772808365864,-0.0065540038261528545,0.0007943543355769241,1.312063623712459
1781507083.7870777,0.007384479813832196,0.7249689377698774,0.30932953499820726,-0.04415501383899336,0.017776435369575294,-0.06638026404365939,0.006769311330880268,0.7261489983843088,0.3094273233313686,-0.043810601573267466,0.018053891619394413,-0.06634941660348848,-0.000764930124482518,0.0027485391730546834,-0.0006431149090116578,-0.002036246021255361,-0.0001492431944278966,-0.00039213234934460934,0.0034841964191893045,-0.005770797029303971,0.0025441458207466944,-0.0035835386811927704,-0.0062984236185609855,0.0006517612385545199,1.334367968085317
1781507083.7970765,0.007375097185221244,0.7249260301526878,0.3094340873663038,-0.04390653844017082,0.01786311156515863,-0.06639411012816843,0.006769311330880268,0.7261489983843088,0.3094273233313686,-0.043810601573267466,0.018053891619394413,-0.06634941660348848,-0.0007689306976619121,0.002300829861384181,0.00018632779901871135,0.0009015523532798705,0.0008184885092071845,-0.00045865267932866487,0.00305490788040904,-0.00526071094036628,0.0009479480899613341,-0.005370174454909754,-0.00580191128970454,0.0006648447324146306,1.3647979883640442
1781507083.8070831,0.007367516486608357,0.724887992822771,0.30952406990976933,-0.043698369072865374,0.017935284496299664,-0.06640528497533497,0.006769311330880268,0.7261489983843088,0.3094273233313686,-0.043810601573267466,0.018053891619394413,-0.06634941660348848,-0.0007623991177166017,0.001912266995312745,0.0008498211741596717,0.003078065701723571,0.0015211776392641118,-0.0004959337956991025,0.0023530634755892224,-0.004070738382383893,-0.0003145939513320323,-0.005479353790860273,-0.004303578036335203,0.000467843191776479,1.3990512267251107
1781507083.8170936,0.007361481099424978,0.7248543472136892,0.30960128013914284,-0.04352609761593482,0.017994614295440137,-0.0664141560932991,0.006928361197865329,0.7258831770563012,0.3095361841083992,-0.043931156285210674,0.017763750430801917,-0.06631482950080202,-0.0007474953697546038,0.0015761087938823842,0.0013716877454271162,0.004624597218360264,0.002006043616630632,-0.000510287912762012,0.00173119861491304,-0.0034137370775803072,-0.002456754027214891,-0.006957621695046268,-0.0026540687253266875,0.0002709100041563613,1.1181776188936283
1781507083.827086,0.007336329610295211,0.724906895267584,0.30954497767129596,-0.04358043024924543,0.018010629971521253,-0.06642921567764981,0.006928361197865329,0.7258831770563012,0.3095361841083992,-0.043931156285210674,0.017763750430801917,-0.06631482950080202,-0.0008558393634764045,0.0018180027877240052,0.0009098644670725036,0.003529574037376256,0.001968992533169392,-0.0006112006661910295,0.0013925527608607425,-0.0034138064811395736,-0.003753792002008826,-0.00667301301000767,-0.0018373349058397525,0.00022100073346110238,1.0581312221411308
1781507083.8370886,0.007315278801188091,0.7249510231983213,0.3094964185183205,-0.04362935792443548,0.018022317041324287,-0.06644124394803859,0.006928361197865329,0.7258831770563012,0.3095361841083992,-0.043931156285210674,0.017763750430801917,-0.06631482950080202,-0.0009319706591425654,0.0019891528504662856,0.0005275962313617854,0.0026124970824118153,0.0018873308808368067,-0.0006700885292415948,0.0013069654569418526,-0.003679057084345206,-0.003953964416054174,-0.004275736960196733,0.0011767014161690517,-0.00036091880030818675,1.010048191356361
1781507083.8470836,0.007297786991654084,0.7249878334981373,0.30945466481612055,-0.04367289650744435,0.018030441137531383,-0.06645067135130878,0.006928361197865329,0.7258831770563012,0.3095361841083992,-0.043931156285210674,0.017763750430801917,-0.06631482950080202,-0.0009812778048224717,0.0021013429395439097,0.00021403637472188007,0.0018538518865185449,0.0017744803074570725,-0.0006958747435457617,0.0013446206314946035,-0.003730639863671819,-0.003945127005346802,-0.00337855758004598,0.00311294036628762,-0.0008712842647149294,0.9719881168387066
1781507083.857085,0.007283373444002296,0.7250183030550506,0.3094188808349195,-0.04371120542036306,0.018035673409344755,-0.06645789168190483,0.006928361197865329,0.7258831770563012,0.3095361841083992,-0.043931156285210674,0.017763750430801917,-0.06631482950080202,-0.0010084264714539434,0.0021647799823482083,-4.039311808511629e-05,0.0012346802643390183,0.0016413506828767592,-0.0006961517508352387,0.0012999655496268192,-0.0034478034446844648,-0.002961447732525911,-0.001359676848982905,0.003933087814476573,-0.001236765522443547,0.9422318137887533
1781507083.8670805,0.0072716126474837535,0.7250432957677571,0.3093883231919609,-0.043744547277681636,0.01803859584664047,-0.06646326047840201,0.00700137713251664,0.7257056150837224,0.30936518718484257,-0.04415431517045014,0.017786949272574404,-0.06634299070981889,-0.0010174429048328756,0.0021882755767572005,-0.000244130462295421,0.0007369597577067715,0.0014966713145025403,-0.0006773069241346648,0.0010875618321514494,-0.0033177006829028266,-0.0011428156232838659,0.0013169892888966102,0.004335789153560656,-0.0011536096300855956,0.7157020222660962
1781507083.8770804,0.007262128992503451,0.7250635740669887,0.3093623317962957,-0.043773254819525015,0.018039707710200803,-0.06646709487013751,0.00700137713251664,0.7257056150837224,0.30936518718484257,-0.04415431517045014,0.017786949272574404,-0.06634299070981889,-0.0010117890207958268,0.0021794095356845325,-0.0004045919515497264,0.00034386233119811316,0.0013472987886631517,-0.0006446497899076939,0.001076048102047762,-0.0031235117892718027,0.0005191011123727908,0.0027195778760191066,0.0020625404927191973,-0.0006277741112446377,0.6929764446925942
1781507083.887088,0.007299927062260758,0.7250565676550726,0.309352424696379,-0.04345315990368741,0.01810997633833389,-0.06651938615244372,0.00700137713251664,0.7257056150837224,0.30936518718484257,-0.04415431517045014,0.017786949272574404,-0.06634299070981889,-0.0006826857699860152,0.002012682985069481,-0.0003082276753121834,0.003811291202957864,0.0019907947476513746,-0.0011110347299428075,0.0009308094215959037,-0.0028399806324472033,0.0021460755215177763,0.0048742097342109915,0.0016126858868149238,-0.0002989400250117184,0.7145330687231433
1781507083.8970888,0.007332851659232547,0.725049561665949,0.30934473309849264,-0.043187413582536034,0.018167309392752795,-0.06656225018811004,0.00700137713251664,0.7257056150837224,0.30936518718484257,-0.04415431517045014,0.017786949272574404,-0.06634299070981889,-0.000409840193950238,0.0018533366493880378,-0.00022696346387704209,0.006304993553308458,0.002418458768189971,-0.0014300524454592134,0.0010229304185456788,-0.00219317646977635,0.0038138909102733184,0.007461574167378919,0.0009606690986150221,-0.00036493024123847247,0.735322934826683
1781507083.9070866,0.007361455252975858,0.725042650042106,0.3093389786382764,-0.042969662412804324,0.01821337766548914,-0.06659688192965885,0.00700137713251664,0.7257056150837224,0.30936518718484257,-0.04415431517045014,0.017786949272574404,-0.06634299070981889,-0.00018561399933281816,0.0017019340319834578,-0.00015885087913839263,0.00800085593328544,0.002672698941013145,-0.0016299246816669313,0.0008765732746529158,-0.0018354634522486507,0.004338229965334417,0.00814339162642033,0.0011774184102298522,-0.0004877658769344405,0.7548945536643197
1781507083.9170902,0.0073862323827469005,0.725035904273814,0.30933488968513784,-0.04279383237296028,0.01824974215997721,-0.06662440093744154,0.007049227397818381,0.7255729947176368,0.30946740350086865,-0.04391454960264069,0.017900142334981384,-0.06636218140774819,-3.259312367655156e-06,0.0015588268432347547,-0.00010215912283156956,0.009052503324251159,0.002790037793103204,-0.0017350573308353347,0.0009498184917152049,-0.001651418531945427,0.002995337280891455,0.006790465296098549,0.0016057173322345758,-0.0011268094915265789,0.6477641670175631
1781507083.9270782,0.007407625620368614,0.7250293775345842,0.3093322083528943,-0.04265422503616396,0.018277838749615194,-0.06664583984216349,0.007049227397818381,0.7255729947176368,0.30946740350086865,-0.04391454960264069,0.017900142334981384,-0.06636218140774819,0.00014317143335817138,0.0014241923152876611,-5.535404308463228e-05,0.009592675695336107,0.0028015881485344185,-0.001766329399032207,0.0010193614870677675,-0.0009299855458603626,0.001735627656968674,0.006190518530379187,0.0012292391883559797,-0.0011778455010642724,0.6650162822615995
1781507083.937085,0.007388042141300873,0.7249992010632336,0.3094068607468979,-0.04274965710507733,0.018216093174004744,-0.06663632935855769,0.007049227397818381,0.7255729947176368,0.30946740350086865,-0.04391454960264069,0.017900142334981384,-0.06636218140774819,3.6293812762478264e-06,0.0011356227608907603,0.0003721327039513289,0.007501576671081868,0.001818047641744201,-0.001498541925257686,0.0007658146509931219,-0.000963041495309055,-9.703024366119141e-05,0.00495661283957489,0.0018168665482965745,-0.0009589663331725629,0.6691038882661651
1781507083.947082,0.007371316929883709,0.7249727586173034,0.3094710068926859,-0.04283678528893786,0.018162549698425234,-0.06662687763162854,0.007049227397818381,0.7255729947176368,0.30946740350086865,-0.04391454960264069,0.017900142334981384,-0.06636218140774819,-0.00010843721972622854,0.0008895773765337,0.0007105922883112539,0.005729452188758133,0.0010313449599582865,-0.0012568652788489264,0.0007544741470444907,-0.0010012755346110677,-0.0010600956542669237,0.004925605538202319,0.0019937317060563955,-0.000958902776020977,0.681203367022027
1781507083.9570804,0.007357089405465665,0.7249496413870823,0.30952584170154973,-0.04291530682995776,0.0181166175725771,-0.06661772927805441,0.007049227397818381,0.7255729947176368,0.30946740350086865,-0.04391454960264069,0.017900142334981384,-0.06636218140774819,-0.0001970272686254768,0.0006807868990639768,0.0009732946300358826,0.00424483146787963,0.00041366144162058186,-0.0010413712980203952,0.0008970231553808015,-0.0009189169154479336,-0.0013274489286448225,0.005047489651751184,0.001580801640956511,-0.0008538916793195176,0.6976843224301897
1781507083.9670827,0.007345039675486724,0.7249294799847087,0.3095724546409335,-0.042985230425888955,0.018077645759443817,-0.0666090592350701,0.007095364639552293,0.7255187290363421,0.3094782554622025,-0.04364732430340703,0.017997641292853528,-0.06641096792788555,-0.00026564844591170947,0.0005045492479914429,0.0011718523858556312,0.003016264988292619,-6.047327499422077e-05,-0.0008513962753919301,0.0012429560374949168,-0.0012101291905403377,-0.0018699145363610006,0.004876619016795835,0.0021520070952383173,-0.0013724412043972603,0.6468582176128699
1781507083.9770777,0.007334884462478373,0.7249119412988994,0.30961183508486945,-0.04304679791351643,0.01804495589084465,-0.06660098541976911,0.007095364639552293,0.7255187290363421,0.3094782554622025,-0.04364732430340703,0.017997641292853528,-0.06641096792788555,-0.0003173696491891525,0.0003566772419740966,0.0013164006618566707,0.002013179961109081,-0.00041407278975727057,-0.0006857437628715728,0.0014164700635551312,-0.001583611264980463,-0.0017966428321803223,0.004271885762323638,0.0022437089769141287,-0.0015245983736450544,0.6658863412604589
1781507083.9870787,0.007347717861425089,0.7249565840965637,0.30952021711377076,-0.043325371068064854,0.018052720125205424,-0.06663700092901312,0.007095364639552293,0.7255187290363421,0.3094782554622025,-0.04364732430340703,0.017997641292853528,-0.06641096792788555,-0.00020317865587200394,0.0006341868205559187,0.0005531488917383955,-0.0012406786113782118,-0.00026661202753347095,-0.0009999683776145511,0.0016730439443992243,-0.00214002750956015,-0.0023745259251724852,0.0027471122029316024,0.002080474022471602,-0.0018905993845880229,0.617616274162466
1781507083.9970765,0.007358918667103887,0.7249946233154417,0.30944100204001246,-0.04355852040833974,0.018059526379177182,-0.06666638753461514,0.007095364639552293,0.7255187290363421,0.3094782554622025,-0.04364732430340703,0.017997641292853528,-0.06641096792788555,-0.00010893471230799068,0.0008489282688532067,-6.657809602192801e-05,-0.003644724682142539,-0.0001488375079659604,-0.0012080304403140425,0.0014982799111883526,-0.002187083234185072,-0.0013477594788847932,0.00320110960757616,0.0019219745901138561,-0.0016780571109032134,0.5878225494007485
1781507084.00708,0.007368670345677939,0.7250268831820796,0.30937269835986664,-0.043751253225122515,0.01806543058414145,-0.06669000277289658,0.007095364639552293,0.7255187290363421,0.3094782554622025,-0.04364732430340703,0.017997641292853528,-0.06641096792788555,-3.189789121483152e-05,0.001010560155133441,-0.0005632346715995012,-0.005346229500129965,-5.6527004715766077e-05,-0.0013308542575325582,0.0012605694478613095,-0.0023560047657390703,0.00026163307037567333,0.004031831823808797,0.0006734138766643046,-0.0012349731437886404,0.572495113699249
1781507084.0170827,0.007377136663616139,0.7250540964913377,0.30931398685650574,-0.043908427636901046,0.018070498849097616,-0.0667086471596054,0.007164858106936622,0.7254201020316468,0.30942334868955057,-0.04344756119925505,0.018096760493675035,-0.0664824790020968,3.0349379182772085e-05,0.0011275090707698152,-0.0009548004813065795,-0.0064747689735610275,1.4179399364027377e-05,-0.0013864506623413968,0.0009470808393999863,-0.0025229163355502612,0.0016085794285678418,0.003353751693416016,-0.00034891983098547005,-0.0006000689605896856,0.43701516185345785
1781507084.027082,0.007384463927415822,0.7250769138366105,0.30926370012270005,-0.04403465700981016,0.018074803185667676,-0.06672305658215284,0.007164858106936622,0.7254201020316468,0.30942334868955057,-0.04344756119925505,0.018096760493675035,-0.0664824790020968,7.99352592244743e-05,0.0012071058356916539,-0.0012570407092038654,-0.007143113615958268,6.676466757299165e-05,-0.001390154575162776,0.0010222655592754901,-0.0022492454448678604,0.0023955290849807485,0.0028640343203619814,-0.00011853289905167181,-0.001140685209868164,0.4375985814624812
1781507084.0370843,0.007359254717161149,0.7250287851772271,0.3093539303791601,-0.04391659294036957,0.01808579223007145,-0.06667897296967785,0.007164858106936622,0.7254201020316468,0.30942334868955057,-0.04344756119925505,0.018096760493675035,-0.0664824790020968,-0.00010219611826523214,0.0008041591160312083,-0.0005529109209501912,-0.005083068467605819,0.00015790623521871034,-0.0007523941824446426,0.0010854636252952726,-0.0023544433466718977,0.0020727852589265,0.0007511853493203217,-0.0001852706758481478,-0.0012946019160572334,0.44242267622390496
1781507084.0470836,0.007337679694487186,0.7249870519075714,0.3094315206204017,-0.04381261033216571,0.018094916616932855,-0.06664119677790394,0.007164858106936622,0.7254201020316468,0.30942334868955057,-0.04344756119925505,0.018096760493675035,-0.0664824790020968,-0.00024711136975708807,0.0004704947950796573,1.9351511714925558e-05,-0.0034004096979728315,0.00022186685942265775,-0.00025394391393546763,0.0009427871389282205,-0.0018285228256800907,0.0020842188153315138,0.00012066112501006235,-0.00022174341329499867,-0.0013171551464373004,0.46633302642962143
1781507084.0570817,0.007319284085665573,0.7249509688574283,0.30949802298830303,-0.04372202483411712,0.01810239476822284,-0.06660918079756455,0.007164858106936622,0.7254201020316468,0.30942334868955057,-0.04344756119925505,0.018096760493675035,-0.0664824790020968,-0.0003603142910787371,0.0001966763894917253,0.0004785032255421818,-0.0020465725466140222,0.00026371253660839225,0.00012648131769473322,0.0009404981840950657,-0.0014415350197616568,0.0010761683717721469,-0.002077503592638218,-0.0005173406697347334,-0.0011877542429361686,0.49950932819405547
1781507084.067084,0.007303665451524373,0.7249198694127744,0.3095548149113471,-0.04364395695840552,0.01810843531715345,-0.06658235730695258,0.007209142188986661,0.7253243622981255,0.3095190540176984,-0.04340402083938734,0.018083161083394472,-0.06653229426556488,-0.00044662500918046496,-2.5629764729566992e-05,0.0008410347726030753,-0.0009761683780184847,0.00028784399430852823,0.00040806056059382274,0.0007240729617521629,-0.0014238442637422176,-0.0005317419419143102,-0.004540531424872044,-0.0005284987854262393,-0.0010033001517304211,0.416926831680265
1781507084.0770788,0.007293342783041481,0.7248855082962861,0.30961965521658225,-0.0435361575578743,0.018111192114536934,-0.0665608006974309,0.007209142188986661,0.7253243622981255,0.3095190540176984,-0.04340402083938734,0.018083161083394472,-0.06653229426556488,-0.0004913261387344801,-0.00025275733718237435,0.0012406494185984893,0.00030299284988026076,0.0002759928276980686,0.0005998979709055688,0.0004941107537348482,-0.0012015423488050273,-0.0015195136266697052,-0.004933194243605959,9.184171197781102e-05,-0.0007505188221817371,0.45804276676584493
1781507084.087088,0.007293778152100469,0.7249045705138244,0.3096050008924422,-0.043801807722323,0.01800977970782691,-0.0664852938033878,0.007209142188986661,0.7253243622981255,0.3095190540176984,-0.04340402083938734,0.018083161083394472,-0.06653229426556488,-0.0004864984060218791,-0.00014085992712844743,0.0009389587169098327,-0.002645321355757474,-0.0008955839370157887,0.0013094646816937568,0.0005945516331423989,-0.0012943160444293092,-0.002105704436165525,-0.00538694420165725,0.0004247387153044011,-0.0008608375969411353,0.436778266053958
1781507084.0970798,0.007294268646536767,0.7249208666746005,0.3095914053907245,-0.04402284219461258,0.017925268415319495,-0.06642300295437949,0.007209142188986661,0.7253243622981255,0.3095190540176984,-0.04340402083938734,0.018083161083394472,-0.06653229426556488,-0.0004764584030326777,-4.924685220079997e-05,0.0006848719609008568,-0.0047819869903469705,-0.0017488846996972182,0.0018052736389180353,0.0005483355793085625,-0.0015785325131698752,-0.002499420827468627,-0.005629567120548445,0.0002632614418603626,-0.0006688725466932475,0.41867643014332795
1781507084.107081,0.007294784803422791,0.7249347231486442,0.30957876715848653,-0.04420439599386887,0.0178557301781046,-0.06637232394551926,0.007209142188986661,0.7253243622981255,0.3095190540176984,-0.04340402083938734,0.018083161083394472,-0.06653229426556488,-0.0004623613464340218,2.4921672390383268e-05,0.00047221991162744244,-0.00625202461726763,-0.002340356722780703,0.0021273499353553276,0.000516070675132044,-0.0015775089418075185,-0.0022417491457117147,-0.005019160711125194,0.00024967223741979107,-0.0005356312284635793,0.4033844114473919
1781507084.1170843,0.007295307694953974,0.7249464378235843,0.3095670154233398,-0.04435139762361579,0.01779931138119295,-0.06633173595216468,0.007234166776381945,0.7252529205360656,0.3094220036361313,-0.04366136521250926,0.018072773822697785,-0.0665681177650706,-0.00044518602014026546,8.414638979898891e-05,0.0002955250498878385,-0.007182340896272286,-0.0027194605375063467,0.002310438452604221,0.00010419833929790551,-0.00158907306199471,-0.00155710414331526,-0.004122902658083381,-7.120362504989096e-05,0.00026489786710649766,0.34452617230503363
1781507084.1270854,0.00599453173631052,0.7250424183482089,0.3095792687092637,-0.044468485893324985,0.017754264783862883,-0.06629982239770739,0.007234166776381945,0.7252529205360656,0.3094220036361313,-0.04366136521250926,0.018072773822697785,-0.0665681177650706,-0.00042575717040256003,0.00013062418270066767,0.00014993455624876266,-0.007682796501962932,-0.002929067995234335,0.002384376749450462,3.4118622777730672e-06,-0.001905997558750577,-0.00011627054788412646,-0.003042963034131484,-0.00023172721952310245,0.0006813267163523635,1.2671773778333764
1781507084.1370811,0.004719367432052088,0.7251378685190555,0.309576878147639,-0.044277793133084095,0.017842797449021397,-0.06635598376007154,0.007234166776381945,0.7252529205360656,0.3094220036361313,-0.04366136521250926,0.018072773822697785,-0.0665681177650706,-0.00020862794149317955,0.00020112307838156962,7.244532856705701e-05,-0.004751145092295905,-0.0016169718383896405,0.0015545386845696387,-1.0781002797520644e-05,-0.0018523952559807353,0.0019505307302478939,-0.0012394807739735567,-0.00013152632348244138,0.0008129578099516883,2.5221892917016997
1781507084.147081,0.0034405850917226554,0.7252319939306152,0.3095782388866791,-0.04411307148455788,0.017918690499509227,-0.06640469854675059,0.007234166776381945,0.7252529205360656,0.3094220036361313,-0.04366136521250926,0.018072773822697785,-0.0665681177650706,-3.167889804782709e-05,0.0002551692654979996,9.321101104201604e-06,-0.0024245036528927526,-0.0005896040357295171,0.0008902227848488375,-8.78921589827674e-05,-0.002189913885785721,0.0023115909888547976,-0.0013974248022409585,-0.0008624248828233362,0.0015354530799642527,3.796855195357314
1781507084.157084,0.0021586325385691287,0.725324971944199,0.3095829647109509,-0.043972317541100835,0.017983034655390417,-0.06644650245024539,0.007234166776381945,0.7252529205360656,0.3094220036361313,-0.04366136521250926,0.018072773822697785,-0.0665681177650706,0.00011077244719525151,0.0002953228398252477,-4.14714417907668e-05,-0.0006148628739567768,0.0001963051714130408,0.0003681097733531771,0.0002469325210205044,-0.001924900014162689,0.00382937886311429,0.0003484159222879652,-0.0007780722486828264,0.0012253731857507198,5.078597018097736
1781507084.1670883,0.0008739048743127303,0.7254169546190246,0.30959068258388256,-0.043853374207292406,0.01803696339820915,-0.06648198571775077,0.007232981360917934,0.7251525713428888,0.3094989787916745,-0.043750117606777134,0.018044293615747664,-0.06651905665181816,0.00022372496331337212,0.0003238150110297274,-8.172084629787581e-05,0.0007578715346379153,0.000779785589225389,-3.3164826865034473e-05,-0.0008390979436701243,-0.001667779761898838,0.003277593101726907,-0.0013385323480246375,-0.000563979424510211,0.0002408850611130998,6.365230700037571
1781507084.1770804,-0.00041324937667537283,0.7255080728691233,0.3096010386384663,-0.04375402829140076,0.018081611249848306,-0.06651176330345676,0.007232981360917934,0.7251525713428888,0.3094989787916745,-0.043750117606777134,0.018044293615747664,-0.06651905665181816,0.00031156538831191266,0.0003425846961475668,-0.00011299650154096235,0.001765670959537365,0.0011956218517912014,-0.00033291610967317993,-0.004678181511115281,-0.001046477190191963,0.002240016133151202,-0.001985243553979992,-0.007340339311694912,-0.0015542242602775544,7.655170934734176
1781507084.1870885,-0.0017184005165054284,0.7255663291917568,0.30970530905512655,-0.0438057143807089,0.018015999972030627,-0.06643786675520733,0.007232981360917934,0.7251525713428888,0.3094989787916745,-0.043750117606777134,0.018044293615747664,-0.06651905665181816,0.00023957559772385398,0.00011735245287542988,0.0003738599928831672,0.0009939374228354388,0.0003143223241101222,0.00047791034097119026,-0.015287916957377815,-0.0005912832864660626,0.0003052100984640407,-0.0034535439042217035,-0.002388573544769034,-0.0014180003618061497,8.963314412123424
1781507084.1970816,-0.0017219570461473133,0.7255420311496885,0.30977427587916645,-0.0438501111564378,0.017960510810428376,-0.06637613626772951,0.007232981360917934,0.7251525713428888,0.3094989787916745,-0.043750117606777134,0.018044293615747664,-0.06651905665181816,0.00017874846050446968,-6.494491983555396e-05,0.0007599581300126758,0.0003884943513538752,-0.0003546049776952222,0.0010723557637460023,-0.02389825670459615,-0.0004936883821249015,-0.0009550472111330449,-0.004610012711172585,-0.0008910397136458223,-0.0006078516246388017,8.967630082793686
1781507084.2070808,-0.003026509607979039,0.7256072964269416,0.30985631845418815,-0.0438878302468335,0.017914124058147074,-0.0663252116058027,0.007232981360917934,0.7251525713428888,0.3094989787916745,-0.043750117606777134,0.018044293615747664,-0.06651905665181816,0.00012765314331075614,-0.00021046543834241414,0.0010602779075858985,-7.57796517115969e-05,-0.0008460997126118005,0.0014884020338467516,-0.031069660020985917,7.857749360448022e-05,-0.000962615023552701,-0.004483703121322362,-0.0007706534582282067,0.00012147496275460852,10.27577838790574
1781507084.2170866,-0.0043308047557161665,0.7256754346736821,0.3099292283739727,-0.04391951287591722,0.017875826650895377,-0.06628377772170328,0.006310330955822785,0.7251211981725554,0.3095114920034991,-0.043920266670272635,0.01794065186110494,-0.06652998484727249,8.501769950813471e-05,-0.00032461859293403535,0.0012879317645240963,-0.00042157153922319987,-0.001191197519494088,0.0017593911035151794,-0.03647754851713673,0.00046397482738361456,-0.0018189284594793695,-0.004785398605374286,-0.0007330025508703247,9.704835986480378e-05,10.663744699015785
1781507084.2270794,-0.005634860196197047,0.7257461124769456,0.30999417199716517,-0.0439458048704936,0.017844638218815545,-0.0662505894264251,0.006310330955822785,0.7251211981725554,0.3095114920034991,-0.043920266670272635,0.01794065186110494,-0.06652998484727249,4.971384930117087e-05,-0.0004121444335332023,0.0014543667657543177,-0.0006691231736277998,-0.0014171594260281692,0.0019142756899059189,-0.04291571383721891,0.0012151852204185416,-0.001497968452845028,-0.0034631424750881587,0.0007510583223172905,0.001045052384413773,11.971260982971257
1781507084.237082,-0.007049635761618871,0.7258814788395865,0.3099170872300779,-0.04393739725102278,0.01772136718524564,-0.0661882237648949,0.006310330955822785,0.7251211981725554,0.3095114920034991,-0.043920266670272635,0.01794065186110494,-0.06652998484727249,-0.0007053036432756478,-8.581111965211974e-05,0.0006827430958593315,-0.0005166827014601682,-0.002636825619864491,0.0023262563950048,-0.04846188445042044,0.0020101640980092245,-0.00026705078512051755,-0.001299842893565289,-0.00015420213287975032,0.0024852081856433696,13.38772739756952
1781507084.2470899,-0.008448096811414002,0.7260096032887606,0.30985338144848157,-0.04392989794596752,0.017620009875882747,-0.06613801071561749,0.006310330955822785,0.7251211981725554,0.3095114920034991,-0.043920266670272635,0.01794065186110494,-0.06652998484727249,-0.0013024745026821456,0.00017724781751493135,5.465328157057219e-05,-0.0003883277725872196,-0.0034785051534603115,0.002571259720964093,-0.052280996818932716,0.002320479467143633,-9.960058871187791e-05,-0.0017660210253520692,-0.001518884195861162,6.334623243338188e-06,14.789095381524724
1781507084.2570798,-0.00983223357206798,0.7261313898483932,0.3098015239926899,-0.043923282778695685,0.017537846329528817,-0.0660982774326954,0.006310330955822785,0.7251211981725554,0.3095114920034991,-0.043920266670272635,0.01794065186110494,-0.06652998484727249,-0.0017653635616286254,0.0003861785599786376,-0.0004502528712718298,-0.0002815311041018506,-0.004013932505016349,0.002684447120150605,-0.056265741082637134,0.002432210115400363,0.00039809998983106006,-0.001305483032238276,-0.0024367086256733227,0.0037319046091036615,16.17674241971489
1781507084.2670887,-0.011203821728918649,0.7262476462841486,0.30976014083356407,-0.04391750988352645,0.017472313160345365,-0.06606748369674977,0.0038624404104741217,0.7252161031377887,0.30949661827932723,-0.04401852761642143,0.01800921122497323,-0.06646687480352119,-0.00211458952191563,0.0005490092762920388,-0.0008498728142551659,-0.00019380939249251714,-0.004305238978931411,0.0026957717953049686,-0.056594811609270504,0.002592622577658412,0.0015656881214488206,-0.0011854387999327054,-0.002317265957771907,0.0031969313052677348,15.10383329662684
1781507084.2770858,-0.012599948863688882,0.7263522061613874,0.3097356460031998,-0.04387461157194507,0.01747840302973347,-0.06615958350509549,0.0038624404104741217,0.7252161031377887,0.30949661827932723,-0.04401852761642143,0.01800921122497323,-0.06646687480352119,-0.002555257164653174,0.0006557954586680102,-0.0010832101517196599,0.0003132436454841365,-0.003724804357513548,0.0014000448903269572,-0.05876805294495819,0.0024812529300563355,0.0017350538799151584,-0.002046198160451431,-0.00402050917383737,0.003909535650634504,16.503276188293245
1781507084.2870872,-0.014015096304936874,0.726414834622028,0.30977794387418256,-0.043484125794275894,0.017565158144699167,-0.066205660179061,0.0038624404104741217,0.7252161031377887,0.30949661827932723,-0.04401852761642143,0.01800921122497323,-0.06646687480352119,-0.0031035529528846578,0.0004735792374241397,-0.0007361337077324299,0.004551003671676366,-0.002350895629213789,0.0007860123010106447,-0.06225800210542082,0.0032104148594973435,0.002956539487586496,-0.0009906308879797686,-0.006192498697718574,0.0028175562689669747,17.91988895815193
1781507084.2970772,-0.015412339731896629,0.7264806307807801,0.3098186216472679,-0.04315988938764246,0.017640262560679076,-0.0662452094629489,0.0038624404104741217,0.7252161031377887,0.30949661827932723,-0.04401852761642143,0.01800921122497323,-0.06646687480352119,-0.0035043849241404978,0.0003213002172628394,-0.0004481824951083642,0.007601639060433986,-0.0012571448791779125,0.0003043624306338088,-0.06647839868032131,0.0035201918931787196,0.0026113151123311807,-0.0005402354360031757,-0.003856756265773772,0.0030825021565240546,19.318899188762913
1781507084.3070786,-0.015492682883846537,0.7264631204733535,0.3098347527501907,-0.04289416621878983,0.017704579658041064,-0.06627878875136277,0.0038624404104741217,0.7252161031377887,0.30949661827932723,-0.04401852761642143,0.01800921122497323,-0.06646687480352119,-0.0037817579540942066,0.00019498350819656553,-0.00021134406509909487,0.009679298194177533,-0.00040324022709494487,-6.48982378913038e-05,-0.06707625916556433,0.003738439233266951,0.0017847125222785027,-0.00019422186372571986,-0.007031883460077431,0.003249870062877875,19.398200558143003
1781507084.3170886,-0.016860772662737257,0.7265341574792991,0.3098726030735944,-0.0426795582499778,0.01775905197720906,-0.06630697858781331,0.0006304709624274651,0.7253847162759067,0.3096089895000268,-0.04403770062715287,0.01785498216226844,-0.06634169692855868,-0.003956506862608419,9.11092064164163e-05,-1.853858810954112e-05,0.010971068212309644,0.00024758647245828674,-0.00033983039702468787,-0.07041462443268723,0.004452404896395631,0.0011753719947716374,0.0011993839939805281,-0.004666148765227164,0.0005806082748243051,17.530952933343087
1781507084.327082,-0.018217127054831146,0.7266073768687779,0.30990925063162206,-0.04250912327806688,0.01780465556476063,-0.06633036092887698,0.0006304709624274651,0.7253847162759067,0.3096089895000268,-0.04403770062715287,0.01785498216226844,-0.06634169692855868,-0.004046657635526173,6.567259557549424e-06,0.00013647537520806592,0.011638639071225906,0.0007284420716129234,-0.000536551206381325,-0.07750756599981576,0.005587342574064576,0.0013800444109800503,0.004317062734593588,-0.004796995463931656,-0.00046669754986555914,18.889600490552404
1781507084.337087,-0.01954482224644713,0.7267186982935737,0.3099507771996509,-0.04291367342889967,0.017628678988472757,-0.06624594705082874,0.0006304709624274651,0.7253847162759067,0.3096089895000268,-0.04403770062715287,0.01785498216226844,-0.06634169692855868,-0.0039890143966010965,0.0001521534636439787,7.172859665039092e-05,0.005934832780314844,-0.0013088805004401536,0.0003606571428706966,-0.08544082577747732,0.006214164322602169,6.095883603043913e-05,0.005678511708751553,0.0013405412402643876,0.0006662215352777262,20.222234864602246
1781507084.3470783,-0.020866692450989405,0.7268261166437114,0.30998903334508293,-0.04325940238618288,0.01748188234083692,-0.06617526744130128,0.0006304709624274651,0.7253847162759067,0.3096089895000268,-0.04403770062715287,0.01785498216226844,-0.06634169692855868,-0.0038921950892392173,0.00026709822078299346,1.884274696262546e-05,0.0014987126954095912,-0.002799522165749202,0.0010231061306262132,-0.08615898594567194,0.006399949821262631,-0.0015757607342177084,0.005309777283005678,-0.0025146817131154902,0.0020913791916760097,21.548784261939733
1781507084.3570805,-0.022183642624264786,0.7269301292402346,0.31002437006047706,-0.043551592903446325,0.017360961880960923,-0.06611682511170514,0.0006304709624274651,0.7253847162759067,0.3096089895000268,-0.04403770062715287,0.01785498216226844,-0.06634169692855868,-0.0037651530848473286,0.0003559883801744031,-2.3851350050407923e-05,-0.001866144518312933,-0.003839758246640295,0.0014915064299025821,-0.08298669058014532,0.006251424017615285,-0.0004955270796408214,0.0071280740941459045,0.0017307585939818747,0.0013654313946548674,22.870168801012564
1781507084.367087,-0.023496455788585262,0.7270311819565439,0.3100571393025723,-0.04379566914040288,0.01726273502163589,-0.06606916103207172,-0.003467122181916915,0.7256866664112694,0.30960975309594485,-0.043740952182542175,0.01786800192204674,-0.06630436599850517,-0.0036154588618737666,0.0004228362794189167,-5.782280407975111e-05,-0.004336235634072896,-0.004514051733554816,0.0018016774433772115,-0.08039881988135472,0.006155284406987475,0.0004699523178147877,0.008463854249731735,-0.0009166009660290376,0.00020417773775697367,20.079394442975097
1781507084.377079,-0.024805808342582822,0.7271296725630082,0.3100876823390071,-0.043997012668938594,0.017184196957322984,-0.06603088482761024,-0.003467122181916915,0.7256866664112694,0.30960975309594485,-0.043740952182542175,0.01786800192204674,-0.06630436599850517,-0.003449476823778268,0.00047114221323821406,-8.43615016868262e-05,-0.006068295890536293,-0.004895703459763388,0.0019847920679342316,-0.0826162261469854,0.005969817009074723,0.0005809570378316748,0.0055910782485228405,-0.003047121374148091,-0.0012478681260834118,21.3927606955887
1781507084.3870926,-0.026168068028252528,0.727241493697586,0.3100335774524825,-0.043890820268970565,0.01724843337647397,-0.06608121477432623,-0.003467122181916915,0.7256866664112694,0.30960975309594485,-0.043740952182542175,0.01786800192204674,-0.06630436599850517,-0.003601058399131986,0.0006156462241941307,-0.0005238264613486854,-0.004236910242515141,-0.0036367419402120113,0.0012500692729459557,-0.08905882750996584,0.005765006536517388,0.0007397837408361639,0.0026674145259270986,-0.0003192182991124778,-0.0014211067752014433,22.75807674856843
1781507084.3970773,-0.027519701274772695,0.7273493887737846,0.3099906266792637,-0.04379763863465727,0.01730575296774539,-0.06612483519664168,-0.003467122181916915,0.7256866664112694,0.30960975309594485,-0.043740952182542175,0.01786800192204674,-0.06630436599850517,-0.0036771149519172707,0.0007238493018494963,-0.0008699797192882198,-0.002748743414383954,-0.0025938941437213805,0.0006653436259066024,-0.09413739580995695,0.0050997094914890075,0.0012864406449357118,0.0007782471405077156,-0.005741409480406964,0.0017607207056551447,24.11298968106944
1781507084.4070745,-0.02886215016985044,0.7274538591563019,0.30995751312550035,-0.043716755828957274,0.017356320472574183,-0.066162234703552,-0.003467122181916915,0.7256866664112694,0.30960975309594485,-0.043740952182542175,0.01786800192204674,-0.06630436599850517,-0.0036915783304931225,0.0008015399219802134,-0.0011368387350190708,-0.0015584729654911044,-0.0017415193949647167,0.00020901253826873103,-0.09232566253760019,0.005023884486625355,0.002394131108608418,-0.0012674466091803463,-0.0028788080511939172,0.001683565889380006,25.458816817444184
1781507084.417086,-0.028895381062665773,0.7274693480732214,0.30991033629348913,-0.043647301798613994,0.017400444204012544,-0.06619394972076997,-0.003467122181916915,0.7256866664112694,0.30960975309594485,-0.043740952182542175,0.01786800192204674,-0.06630436599850517,-0.003656413096743962,0.000853751541351631,-0.001336661087266846,-0.0006239863471031934,-0.0010551920427687841,-0.00013862490007081005,-0.08841161379889312,0.0052417925229686375,0.003289599953113154,-0.0019791796719043245,-0.004647793456413093,0.000900727763537676,25.49244307383835
1781507084.4270856,-0.030223149300596084,0.7275682133244888,0.3098933818890289,-0.043588311844903346,0.017438531624221376,-0.0662205377699896,-0.007977309033590063,0.7259660215600623,0.3096806342739209,-0.04363096072870056,0.0177719338270641,-0.06626457653186779,-0.003581852924641624,0.0008848477287292944,-0.0014801362537404956,9.327125440971153e-05,-0.000512065458519285,-0.00039530538938504774,-0.09223187236548544,0.005840564023168789,0.0028606012424743396,-0.003581789902508706,-0.01202435597375417,0.001639831896110822,22.30447688655524
1781507084.4370904,-0.031561278218853475,0.7276149641120421,0.309959708179407,-0.04330575298544311,0.017477316646556273,-0.06624063971812202,-0.007977309033590063,0.7259660215600623,0.3096806342739209,-0.04363096072870056,0.0177719338270641,-0.06626457653186779,-0.0035796261961859575,0.0005774738239553987,-0.0010051883291447754,0.0031717126961038886,-2.423499879321522e-05,-0.0005529806810873117,-0.1004290124584785,0.006944071041815138,0.0024875069365486715,-0.0025048907944025985,-0.004814526872698926,0.0006360448840425419,23.643191331034544
1781507084.4470792,-0.03289214486215895,0.7276670435080872,0.3100209010932696,-0.04307100015748214,0.01750998663658576,-0.06625703301504568,-0.007977309033590063,0.7259660215600623,0.3096806342739209,-0.04363096072870056,0.0177719338270641,-0.06626457653186779,-0.003532481139813978,0.0003234051257238425,-0.0006111761296742203,0.005391465094085072,0.0003419477124215061,-0.0006559909223525117,-0.10483133704920332,0.007478588515838138,0.001677734731931597,-0.0036358228028569566,-0.0038201009401968838,0.00024078841946814538,24.975153684022683
1781507084.4570787,-0.034216804004266285,0.7277238271096053,0.3100775332084856,-0.04287849246462911,0.017537179426390992,-0.06627020042491881,-0.007977309033590063,0.7259660215600623,0.3096806342739209,-0.04363096072870056,0.0177719338270641,-0.06626457653186779,-0.003449874231469353,0.00011534772457341249,-0.00028712949204789164,0.006907070445470852,0.0006069593356015147,-0.0007152212975714548,-0.10578458226376407,0.0075828739277107055,0.0015052655108355995,-0.001802830930385053,-0.0015249862854121504,0.00040145891625569636,26.301302352362807
1781507084.4670887,-0.03553618253000266,0.7277847541987768,0.31013010390482504,-0.04272290698065442,0.01755952313122755,-0.06628059162561913,-0.007977309033590063,0.7259660215600623,0.3096806342739209,-0.04363096072870056,0.0177719338270641,-0.06626457653186779,-0.0033398462138283383,-5.313674404066788e-05,-2.335532899575888e-05,0.007853596219006411,0.0007889119541269856,-0.0007400264645164101,-0.10233765955231341,0.007666444880816901,0.0003665002397337975,-3.488099728446585e-05,-0.0013116335656297873,0.0006528046056435246,27.62247852296211
1781507084.4770882,-0.03685109257632719,0.7278493224157024,0.310179051342064,-0.04259924478072594,0.01757762134043994,-0.0662886192351601,-0.012979405016496803,0.7263105165153614,0.30977772964121697,-0.043726041476329594,0.017492123177313745,-0.06617600137331876,-0.003209199432534968,-0.0001877182555574109,0.00018869142315908712,0.008347821114124939,0.0009036501035150331,-0.0007383581498811409,-0.1025099993861186,0.007678704630949676,-0.0017028205261872549,0.0005123514528774514,0.0008341973259418645,0.0011315387546362396,23.92459925809952
1781507084.4870849,-0.03816224358888173,0.7279170826938487,0.3102247622635241,-0.04250288653275961,0.017592042696285004,-0.06629465685788341,-0.012979405016496803,0.7263105165153614,0.30977772964121697,-0.043726041476329594,0.017492123177313745,-0.06617600137331876,-0.003063655888717458,-0.00029337809892497613,0.000356525950941457,0.008489624127487178,0.0009648855599802668,-0.0007168991789150844,-0.10454721845949136,0.008064313674450154,-0.0012675122993844393,0.0028507700828791153,-0.0001162576592700936,-0.0011167917041472906,25.23799222628583
1781507084.4970794,-0.038226270609475387,0.727961183521175,0.31012578996214457,-0.04276980787924563,0.01749455768646624,-0.06614927971949722,-0.012979405016496803,0.7263105165153614,0.30977772964121697,-0.043726041476329594,0.017492123177313745,-0.06617600137331876,-0.003329497349058085,-1.963852006517104e-06,-0.0004012274606764427,0.0046207431967919006,-0.00027071747109943243,0.0009014387297742413,-0.10916939012388588,0.008111265124974527,-0.00015674169945861007,0.00604947840524608,-0.002432076131247646,0.001230357099750535,25.30316323744942
1781507084.5070772,-0.039580865006045365,0.7280847666792389,0.31006378574511834,-0.04299858058841657,0.01741281084803359,-0.06602781989912165,-0.012979405016496803,0.7263105165153614,0.30977772964121697,-0.043726041476329594,0.017492123177313745,-0.06617600137331876,-0.0035007196241582487,0.00023200056567541664,-0.0010044475964198008,0.0015954368854298774,-0.001189061627219422,0.0020893550061093532,-0.10808282466821645,0.007847089296411204,0.00020784119334884115,0.006657745447817001,0.0050683791015052534,-0.0027217382646228055,26.66209791659598
1781507084.5170796,-0.040926196166863466,0.7282025447988824,0.31001404004723204,-0.04319250543821358,0.017345087251724456,-0.06592760931300884,-0.012979405016496803,0.7263105165153614,0.30977772964121697,-0.043726041476329594,0.017492123177313745,-0.06617600137331876,-0.003593814597556229,0.0004168812360979491,-0.0014759691555113912,-0.0007149959601810791,-0.001844567148836316,0.0029222480478614753,-0.10525990271965009,0.007401004304593412,0.0011337495627791712,0.007486856762229268,-0.0027010103745572036,-0.0004704959789769935,28.011760909229658
1781507084.527079,-0.04226355057342802,0.7283152709589538,0.3099750095028388,-0.04335500995920234,0.017289719384039115,-0.06584606641251438,-0.018310732364571758,0.7267097099407639,0.3097661490514174,-0.043470579952521904,0.01752598455285148,-0.06617358007062159,-0.0036230114628314145,0.0005600161661798882,-0.0018357919761216696,-0.002426554993400047,-0.0022852013229128143,0.0034663308885793938,-0.10553193295237007,0.006426860082586904,0.0014956836157458521,0.00516761118298876,0.0003138339956007437,0.0007194550736457225,24.007476939858023
1781507084.5370872,-0.04350398754929109,0.7283917282664688,0.3099816016387392,-0.04304990970931052,0.0173938497440147,-0.06594905380698966,-0.018310732364571758,0.7267097099407639,0.3097661490514174,-0.043470579952521904,0.01752598455285148,-0.06617358007062159,-0.002962126951842629,0.0004696298863694478,-0.0017115205491040723,0.0011888898911244614,-0.0008521637509013246,0.0020138836679109446,-0.10499149864355195,0.006250238857233714,0.0021210798357674354,0.004589292916634135,-0.0043016221456133,-0.0004854329567795826,25.25026162770949
1781507084.547079,-0.04475142992482592,0.7284694689454259,0.3099919936793832,-0.0427944254595637,0.017482155457572368,-0.06603753389216734,-0.018310732364571758,0.7267097099407639,0.3097661490514174,-0.043470579952521904,0.01752598455285148,-0.06617358007062159,-0.002394053453381795,0.00039111952007471267,-0.0015900720806877775,0.0038652833161499176,0.00024485506020896237,0.000870470758235117,-0.10745403738995332,0.006675465477674316,0.002050537110523731,0.003309899854875474,-0.003502061533481488,0.004020050174299721,26.500155566020744
1781507084.557084,-0.046005149990468605,0.7285483397503741,0.31000564714302065,-0.04258310895361011,0.01755618358999711,-0.06611272651785657,-0.018310732364571758,0.7267097099407639,0.3097661490514174,-0.043470579952521904,0.01752598455285148,-0.06617358007062159,-0.0019076842120651686,0.0003231376243699001,-0.0014724286830571386,0.005764815496216519,0.0010600864388991965,-1.009036593455537e-05,-0.1062958815993625,0.006728942035868251,0.0020638585469014386,0.003680147009230068,-0.001443680166605121,0.0006101097916473918,27.756417033728525
1781507084.5670865,-0.04726449145078056,0.7286282013225276,0.31002206761015777,-0.0424106691793179,0.017617484715176435,-0.0661759085463468,-0.018310732364571758,0.7267097099407639,0.3097661490514174,-0.043470579952521904,0.01752598455285148,-0.06617358007062159,-0.0014930677469612167,0.0002644691018369431,-0.0013593305553961383,0.00703027531298581,0.001641875268955964,-0.0006695988196744109,-0.10719258627068368,0.007027887887484112,0.0010286775280466298,0.00240343521629623,0.0012420118193204465,0.0009357437789681333,29.018378119957497
1781507084.5770805,-0.04722755990142633,0.7286228835725085,0.3100177522754164,-0.04227207778008405,0.01766756959504079,-0.06622836467416014,-0.0235828192268967,0.7270438029993744,0.3098591596842766,-0.043249843647359495,0.017576881780093645,-0.06614803563717223,-0.0011413060958202403,0.00021402049499616015,-0.0012513143165515548,0.007786006241356569,0.002032833111917777,-0.0011454249305863633,-0.1083302904479782,0.008364099238452622,0.0026980140687086793,0.006951633967210802,0.0004187325128924143,0.0010808820217311306,23.697941020944622
1781507084.58708,-0.04852382223000622,0.7287013650588006,0.3100600745915968,-0.04273264249150761,0.017523430131331175,-0.06615061589894487,-0.0235828192268967,0.7270438029993744,0.3098591596842766,-0.043249843647359495,0.017576881780093645,-0.06614803563717223,-0.0010646984782262789,0.00015185561719530306,-0.0012058663033644157,0.0018927422301147807,0.00020371757294241981,-0.00023933892781460614,-0.10812829342870946,0.008176407288943425,0.0010236450949877112,0.006436294576192405,0.0004757572811176711,0.0006900982326126606,24.996829990659823
1781507084.5970793,-0.049820297099091346,0.728780661000042,0.31009965373973514,-0.04312175961747576,0.017402046274959115,-0.06608494246542625,-0.0235828192268967,0.7270438029993744,0.3098591596842766,-0.043249843647359495,0.017576881780093645,-0.06614803563717223,-0.0009897091287628646,0.00010002715740877407,-0.0011541023080793365,-0.002574689852016086,-0.0011723520403737573,0.0004461205177576934,-0.10952104163868341,0.008208879129760274,-0.00010368096044244739,0.0051743170096734846,-0.00014027482890223295,0.002305763072777899,26.296002703815983
1781507084.6070848,-0.051117021072379684,0.7288606988021316,0.31013672972192025,-0.0434466908174001,0.01730102982286197,-0.06603012425191254,-0.0235828192268967,0.7270438029993744,0.3098591596842766,-0.043249843647359495,0.017576881780093645,-0.06614803563717223,-0.0009169690727078275,5.715321570762251e-05,-0.001097923914314227,-0.005851508504118897,-0.002171303100123162,0.0009475068920770604,-0.1096106788637957,0.008750675810380245,0.000780737064542396,0.006084405565181598,0.0004313499152535231,0.001250478090898814,27.59547837511922
1781507084.6170855,-0.052414014998539114,0.7289414117895744,0.3101715574091294,-0.04371463424744769,0.017218034873541566,-0.06598494795125442,-0.0235828192268967,0.7270438029993744,0.3098591596842766,-0.043249843647359495,0.017576881780093645,-0.06614803563717223,-0.0008469563793814118,2.201097709336351e-05,-0.0010389135972558197,-0.00814654543375389,-0.0028603481622116265,0.001297247625952866,-0.10947519259587844,0.008621904066672988,-0.0010425025443901149,0.0033877365660260907,0.0011421563394045141,0.0009018995317208142,28.895265374831027
1781507084.6270838,-0.05371128788914545,0.7290227382754497,0.31020439390511,-0.04393254341917969,0.017150811348943806,-0.0659482387680767,-0.029006069689450853,0.727460884654137,0.30989658084934407,-0.04297900716828607,0.0175949370077646,-0.0660483747218364,-0.0007800202715438883,-6.479170014154285e-06,-0.0009783776088419798,-0.009643145254409673,-0.003298330265227582,0.0015237908626454034,-0.10839718384301636,0.007886620427838137,-0.0015772065449639553,0.0019753242853232274,-0.0010839809036407026,0.00013646986910391992,24.756452530728804
1781507084.637081,-0.05504261517109255,0.729134377981999,0.3101660207199125,-0.04400426293055575,0.01715096064756816,-0.06588474252326648,-0.029006069689450853,0.727460884654137,0.30989658084934407,-0.04297900716828607,0.0175949370077646,-0.0660483747218364,-0.0009441180922550818,0.00016276348369165882,-0.0013298093207301947,-0.009385246869417302,-0.0029669522572563054,0.0020499406693323765,-0.10750841301411465,0.007238192329526349,0.00021291734946006258,0.0029071576699414817,-0.002419154801892479,-0.0008024799990765059,26.09166300525605
1781507084.6470776,-0.05634730516974674,0.7292569659904927,0.31011113621249103,-0.04410300010277904,0.017125951104064674,-0.06598008824586285,-0.029006069689450853,0.727460884654137,0.30989658084934407,-0.04297900716828607,0.0175949370077646,-0.0660483747218364,-0.0008738521643971242,0.000386433022356862,-0.0017733519481064447,-0.009420798864897505,-0.002869705460246827,0.0007743982598170879,-0.10681664196182367,0.0070328364998064104,0.0003033068075143662,0.0001749999415305193,-0.0060208973907624015,-0.0005495311170946552,27.40100545161894
1781507084.6570818,-0.057650993247785096,0.7293743127374703,0.31006762521486636,-0.04417741068711391,0.017107516415402202,-0.06606110719642679,-0.029006069689450853,0.727460884654137,0.30989658084934407,-0.04297900716828607,0.0175949370077646,-0.0660483747218364,-0.0008063719697710754,0.0005610924242643819,-0.002106945891564246,-0.00918957726739559,-0.0027182449552045863,-0.00020251597718490104,-0.10662565012929846,0.0058857410678659185,6.783364841528726e-05,-0.00297847833226104,-0.006630597139850532,0.0015718562772335908,28.709268692669227
1781507084.6670835,-0.058953825185020924,0.729487042588338,0.3100341009391214,-0.04423155765165504,0.017094513759137175,-0.0661291746963259,-0.029006069689450853,0.727460884654137,0.30989658084934407,-0.04297900716828607,0.0175949370077646,-0.0660483747218364,-0.0007419831295768916,0.0006941946922162439,-0.0023480490094344632,-0.008764797061944697,-0.002530321157778268,-0.0009289384023823332,-0.10613241670544063,0.005369498252951065,-5.222393210823397e-05,-0.0060084196515713,-0.00883566002148535,0.0001950005002152409,30.016533560220857
1781507084.6770825,-0.06025593493361547,0.7295957151498405,0.3100093263347731,-0.04426903982090998,0.017085937847282517,-0.06618567544262556,-0.03449028005272259,0.7278114230574819,0.3098790675826131,-0.042991991992155545,0.01751287752734587,-0.06604667746344037,-0.0006808918177092239,0.0007922494678505856,-0.0025118479543579653,-0.008206614825577645,-0.002320229115504051,-0.001447792364118631,-0.10732149843480322,0.005798130633673441,0.0004370716601294525,-0.007935716770654973,-0.0022326479922923073,0.0002065445424633643,25.827691283865203
1781507084.6870847,-0.0615574441457293,0.7297008315104487,0.30999219880157347,-0.04429300975930487,0.017080914012057136,-0.06623196334525439,-0.03449028005272259,0.7278114230574819,0.3098790675826131,-0.042991991992155545,0.01751287752734587,-0.06604667746344037,-0.0006232217620033383,0.0008609266040207502,-0.0026115136857147577,-0.007563756050993428,-0.002099284302452187,-0.001796920407211061,-0.10711629269622673,0.005900364766781288,-0.00010576424437190648,-0.009249537279996372,-0.005163667005276828,0.0009303480938437778,27.13326436337135
1781507084.697073,-0.061556513571065646,0.7296508689256229,0.31001395535460696,-0.04399025432467429,0.017065719918736066,-0.0662203138402681,-0.03449028005272259,0.7278114230574819,0.3098790675826131,-0.042991991992155545,0.01751287752734587,-0.06604667746344037,-0.0005793595218826774,0.0004849569687076071,-0.00220202378793157,-0.0034350275021602233,-0.002042073295128963,-0.0014810749190961982,-0.10750668349544686,0.006296123381176057,0.0004914099053755619,-0.009394095080393735,-0.0014562008134097137,-4.644631096530305e-06,27.12900205835688
1781507084.7070663,-0.06285665657306277,0.7296937510586532,0.3100562062113207,-0.043732434866335455,0.017054872936487664,-0.0662092458356032,-0.03449028005272259,0.7278114230574819,0.3098790675826131,-0.042991991992155545,0.01751287752734587,-0.06604667746344037,-0.0005368070196987804,0.00017699374211772455,-0.0018453944145085785,-0.00024748289040099495,-0.0019432910791033744,-0.0012039123920063314,-0.1068524887193306,0.007300184612690785,0.0018953716216748662,-0.00759357122074083,-0.0036967218192805575,-0.0008069309021411103,28.429313282094608
1781507084.7170813,-0.06415662605549619,0.7297426313611263,0.3100968418739965,-0.043515341618767904,0.017047579731193307,-0.06619891454108298,-0.03449028005272259,0.7278114230574819,0.3098790675826131,-0.042991991992155545,0.01751287752734587,-0.06604667746344037,-0.0004958451233765283,-7.247355857353029e-05,-0.0015357189071411785,0.0021476121096767396,-0.0018160696255776006,-0.0009633126585794215,-0.10557597394457671,0.007653237159377449,0.0008207089670517317,-0.006602578732802387,-0.0002551993355616147,-0.002764122940117377,29.72993569300703
1781507084.7270741,-0.0654564783303143,0.7297967953156866,0.31013600723616186,-0.04333470555786219,0.017043148762841742,-0.06618941661781498,-0.039770969609896345,0.7281403079735989,0.309925930002238,-0.04337940118179167,0.01753058993720047,-0.06612369731366485,-0.00045667915155409337,-0.00027182089642125535,-0.0012676606059628492,0.003883390771143519,-0.0016710255527764024,-0.0007566882637785619,-0.10734035460955338,0.008127815106844983,0.0008090283514073677,-0.004056406955396614,0.00030311035948779705,-0.0017473690767955351,25.73972495939646
1781507084.7370892,-0.06673812962462077,0.7299126027220547,0.3100815551727143,-0.04339219714245639,0.017161220730376625,-0.06620313624277709,-0.039770969609896345,0.7281403079735989,0.309925930002238,-0.04337940118179167,0.01753058993720047,-0.06612369731366485,-0.00029678240704238774,-6.416270049979604e-05,-0.0017080374643151665,0.0028346195860808805,-0.0001941998114528302,-0.0007678374146029464,-0.10775286718666652,0.008189358079265907,-0.000587533764967669,-0.0023329113654593538,-0.002890994609061349,-0.0020778906620557516,27.025783376783764
1781507084.747079,-0.06802235634105,0.7300242249154428,0.31003928862140445,-0.0434431452837409,0.01726073685632712,-0.06621398581555749,-0.039770969609896345,0.7281403079735989,0.309925930002238,-0.04337940118179167,0.01753058993720047,-0.06612369731366485,-0.00016466105893465373,0.000103352730647335,-0.0020399176142215916,0.0019712153885518757,0.0009176482743004952,-0.0007551882134483623,-0.10971746562524298,0.007988106810528093,-0.002918827092111672,-0.004814529275577138,0.0004863003609771827,-0.0015210496101027873,28.314357585039975
1781507084.7570825,-0.06930886758648536,0.7301321592101795,0.3100075867413609,-0.043487795618821684,0.017343625906037552,-0.0662223869038529,-0.039770969609896345,0.7281403079735989,0.309925930002238,-0.04337940118179167,0.01753058993720047,-0.06612369731366485,-5.6511164992707676e-05,0.0002365200373635552,-0.0022804942609722725,0.001270335183367032,0.0017255974505582371,-0.000725050216154278,-0.10951183275011439,0.008056485696767897,-0.0005560562019871164,0.00018858101980804377,-0.0050742769062436435,-0.00046189923480755853,29.605093413922766
1781507084.7670796,-0.07059740150024914,0.73023685209564,0.30998501984136234,-0.04352650469209715,0.01741178812058153,-0.06622872256608678,-0.039770969609896345,0.7281403079735989,0.309925930002238,-0.04337940118179167,0.01753058993720047,-0.06612369731366485,3.1024720150112727e-05,0.0003404262269577576,-0.0024447265562715387,0.0007104144952169091,0.0022837302977568594,-0.000682630613153691,-0.11017357181850142,0.006683614394454314,-0.0012800397634873584,-0.0009756065417138048,-0.0019076122756691582,-0.0012292337701121567,30.897700431509673
1781507084.7770753,-0.07188772265115832,0.7303387035930905,0.309970329681371,-0.04355970236619051,0.017467050360829406,-0.06623333651689646,-0.04530235901001639,0.7285387795702486,0.3098834092282889,-0.04349618628106194,0.01743936251640532,-0.06615123329839495,0.00010090306391749129,0.0004195257803888492,-0.0025455906659423377,0.00027143714662866496,0.0026394070668344246,-0.0006321678595400423,-0.10982150714683711,0.005908866512620806,-0.002292156423032519,-0.002372305863583344,-0.004513903361231517,-0.0009998217839610917,26.646366386149516
1781507084.787083,-0.07187037127995909,0.7303209630186952,0.3099207041784379,-0.04341178129494806,0.01741808685039148,-0.06616037981575015,-0.04530235901001639,0.7285387795702486,0.3098834092282889,-0.04349618628106194,0.01743936251640532,-0.06615123329839495,0.000183001441268041,0.0002884611761710368,-0.0026456970947029224,0.0018426491006007476,0.0017822931568226442,0.00020922796383874404,-0.111576926694763,0.006970963340212914,-0.0003792087001137398,0.00023930768629731994,0.0021203650626234927,-0.00014084584363750112,26.627745768897697
1781507084.7970872,-0.07315697087444928,0.730391490454905,0.30990246529896903,-0.043289063916473615,0.017375252803183194,-0.06609914178477422,-0.04530235901001639,0.7285387795702486,0.3098834092282889,-0.04349618628106194,0.01743936251640532,-0.06615123329839495,0.0002465890003941268,0.00017959093466468176,-0.0026925361795541525,0.0029694603199013764,0.0010913051283255064,0.0008339465896241222,-0.11016571049481563,0.007337752187364182,2.3476613427896495e-05,0.0015323573421415315,-0.0014467847432396324,-0.0015272889987986947,27.916165619120395
1781507084.8070786,-0.07444589286070644,0.7304640053546951,0.3098916718138301,-0.04318858933224802,0.017338185487213886,-0.06604835982145632,-0.04530235901001639,0.7285387795702486,0.3098834092282889,-0.04349618628106194,0.01743936251640532,-0.06615123329839495,0.00029451085267974094,8.99172281834679e-05,-0.0026960201720457777,0.00373245481574973,0.000543702669889496,0.0012792119705668523,-0.11312226845522433,0.007996660571444856,0.0008636790576481266,0.002997237506372542,-0.0009992472693434108,0.0004886463000678786,29.207056131998893
1781507084.8170764,-0.07573684506745836,0.7305382970417706,0.3098872991870921,-0.043107530297332886,0.01730645490752325,-0.06600680175455147,-0.04530235901001639,0.7285387795702486,0.3098834092282889,-0.04349618628106194,0.01743936251640532,-0.06615123329839495,0.00032924947757198553,1.6790241554620145e-05,-0.0026646557146444583,0.004201969720369222,0.00011852266908785481,0.001577827910755469,-0.11324108479017868,0.008426453795049476,0.0014019267394169786,0.0020040385606245282,-0.0006264366101542919,0.0007772892675833519,30.500098800353594
1781507084.8270774,-0.07702956379344095,0.7306141722350055,0.309888436311321,-0.04304323709246393,0.01727959248784461,-0.06597329196400119,-0.050886203391414864,0.7289081856444887,0.30988317024037737,-0.04342831315795457,0.017361644490689665,-0.06608307610008624,0.0003529647877995455,-4.212688944319882e-05,-0.002605713276784483,0.004438739304005575,-0.00020329264510391315,0.0017583881571075271,-0.1133487183562847,0.009300794983681488,0.0017929164244706048,0.004269228017089092,-0.00038549721512708417,0.000707928112526298,26.198963931589965
1781507084.837076,-0.07705971990104897,0.7305937172468306,0.30990174752840716,-0.0429597989248691,0.01724824011281134,-0.06596451929432166,-0.050886203391414864,0.7289081856444887,0.30988317024037737,-0.04342831315795457,0.017361644490689665,-0.06608307610008624,0.00013420855401506248,-0.0001694969059705611,-0.002320176839212715,0.004863331747317486,-0.0005273648396797972,0.0016473859496837064,-0.11323626275820807,0.009586850013102815,0.0025438569822347676,0.007262689121362368,0.0016781388714307787,-0.0011381789404543837,26.227739673449047
1781507084.847082,-0.07838707930336246,0.7306620002996604,0.309937248692862,-0.04289411265765007,0.0172222869736538,-0.06595867437342641,-0.050886203391414864,0.7289081856444887,0.30988317024037737,-0.04342831315795457,0.017361644490689665,-0.06608307610008624,-4.3103636060471095e-05,-0.000269598437771919,-0.002061556856678591,0.005048339599739795,-0.0007557503715248378,0.0015191273843876956,-0.11445326106588581,0.0084123962686442,-0.0008726261392243015,0.0015642862738627016,-0.0029542182758992364,0.0018327586933300764,27.556795282616914
1781507084.8570838,-0.079710789581247,0.7307329363754583,0.3099723043821835,-0.04284352515142427,0.01720109006233006,-0.06595518266701972,-0.050886203391414864,0.7289081856444887,0.30988317024037737,-0.04342831315795457,0.017361644490689665,-0.06608307610008624,-0.00018489893502960587,-0.00034654117407771515,-0.0018278216593827527,0.005048771232808482,-0.0009061884342648596,0.001381448731939716,-0.11375286577123869,0.007945701516467368,-0.0014205527822536519,0.0025686079507353447,-0.0025853474455904404,0.0008537469884133864,28.882424225477877
1781507084.86709,-0.08103128283510393,0.730806192511875,0.3100068456514616,-0.04280563524933517,0.017184037281952946,-0.06595354940547571,-0.050886203391414864,0.7289081856444887,0.30988317024037737,-0.04342831315795457,0.017361644490689665,-0.06608307610008624,-0.0002963855369455539,-0.00040391770852118275,-0.001617024961859432,0.004910894768215268,-0.0009941043306583163,0.0012404796160438347,-0.1143313760907244,0.0076547293011305015,-0.002084313373744916,0.0016110368240480895,-0.001936562352686467,0.0005953005033856958,30.205025084284856
1781507084.8770843,-0.08234894676201927,0.7308814712562393,0.3100408197004292,-0.04277829631108472,0.017170556487093647,-0.06595335310234958,-0.0565520523003511,0.7293315945588158,0.3098753417495114,-0.04327287478254334,0.01748715869830675,-0.06609451310393019,-0.00038212848213345303,-0.0004448600024631598,-0.0014273136843064415,0.004673163105028814,-0.0010327673376285965,0.0011009030633285714,-0.11386546817085892,0.007166680436020787,-0.0025216401046166135,0.0006707219590331349,-0.0016755749344011632,0.00015582352062623486,25.843940577936298
1781507084.887082,-0.08366412859998038,0.7309585075421745,0.31007418831543265,-0.04275961114717901,0.017160121154956576,-0.0659542386939011,-0.0565520523003511,0.7293315945588158,0.3098753417495114,-0.04327287478254334,0.01748715869830675,-0.06609451310393019,-0.0004461186606764975,-0.0004720905489130024,-0.001256933050328567,0.004367120926594276,-0.001033468023912932,0.0009661899672886792,-0.11631160994757916,0.006787429200581945,-0.00269683645119218,0.0009238469202696413,-0.002487556951060627,0.002950125453727073,27.161573354449104
1781507084.8970873,-0.0849752590747442,0.7310832564224699,0.309997676830324,-0.042913010698868465,0.01716517801102957,-0.06605638214516937,-0.0565520523003511,0.7293315945588158,0.3098753417495114,-0.04327287478254334,0.01748715869830675,-0.06609451310393019,-0.00044853016427033544,-0.00021323105701181506,-0.0018638828007013118,0.0022348442297427705,-0.0008174239354121955,-0.0002508362274578765,-0.11689472180653088,0.007530786536458992,-0.0005019137356048763,0.004459863492901628,0.0014218630712961584,0.0017722341388343756,28.47739399061092
1781507084.907079,-0.08628463877325661,0.7312027515569335,0.3099362544840778,-0.043044082892456696,0.017170177183765345,-0.06614209594252157,-0.0565520523003511,0.7293315945588158,0.3098753417495114,-0.04327287478254334,0.01748715869830675,-0.06609451310393019,-0.0004447827220073695,-2.723752642344384e-06,-0.002327508477603859,0.0005760238921593704,-0.0006331864987306518,-0.0011558419005089121,-0.1157727771483113,0.008265469703150754,0.0013844073853952427,0.005665291540273583,-0.00029955432355271766,0.0010695036756866465,29.7914692024687
1781507084.9170914,-0.0862911784048322,0.7312315537528379,0.309865556828508,-0.043154838055045115,0.0171749987742853,-0.06621315346227356,-0.0565520523003511,0.7293315945588158,0.3098753417495114,-0.04327287478254334,0.01748715869830675,-0.06609451310393019,-0.00043613852726134345,0.00016630037242284287,-0.002670202828139274,-0.0006826442193004518,-0.00047782073202972796,-0.0018022898813021971,-0.11642579446855329,0.008049399367508476,0.0020597763267182594,0.007646062706765755,-0.005047002887538979,0.0013282179643677129,29.79975775307339
1781507084.9270768,-0.08759771925627585,0.7313421720579182,0.30982867917190876,-0.043247338597160116,0.01717955732467713,-0.06627128456318016,-0.062335408972367334,0.7297107223090451,0.30984811839858095,-0.04307506681229965,0.017497171988792637,-0.06603156914349803,-0.0004236728818119518,0.00029988120757543394,-0.002911474471187837,-0.0016070379179755512,-0.0003483380227084351,-0.0022373151923367313,-0.11642911930608936,0.007820843534021148,0.002195895662279933,0.005855153502536754,-0.00767524375535841,0.002925788965348746,25.314942762074374
1781507084.9370794,-0.08890312735399206,0.7314491557888385,0.30980169520029727,-0.04332362950203287,0.01718379556837979,-0.06631813916588217,-0.062335408972367334,0.7297107223090451,0.30984811839858095,-0.04307506681229965,0.017497171988792637,-0.06603156914349803,-0.00040829743071936454,0.00040331651633461,-0.0030682695309144103,-0.002255667406432356,-0.000241791188919639,-0.0025020215025744093,-0.11461225987736194,0.0071175144856665895,0.0011119583132687726,0.004666999664126883,-0.0035054976312947415,-0.002771317177958613,26.62457447701889
1781507084.947074,-0.09021315748871873,0.7315045334042122,0.30986270167948593,-0.04317987002622984,0.01714158357770601,-0.06635922399247873,-0.062335408972367334,0.7297107223090451,0.30984811839858095,-0.04307506681229965,0.017497171988792637,-0.06603156914349803,-0.0004241441064000411,0.0001688087324838175,-0.0025653230917375295,-0.00043237417921306595,-0.0006566979763332833,-0.0026968464399353864,-0.11623634162055974,0.0066004677975323636,-0.0003950715680323651,-0.0005714433814709694,-1.9207206928091592e-05,0.00017305928101287208,27.93540465535016
1781507084.9570735,-0.0902202503489771,0.7314779059433677,0.3098973698188262,-0.043058515217986204,0.017106795316295553,-0.06639133688677581,-0.062335408972367334,0.7297107223090451,0.30984811839858095,-0.04307506681229965,0.017497171988792637,-0.06603156914349803,-0.000431491055701727,-2.1586798488339067e-05,-0.0021290659448955857,0.0009455965743033073,-0.0009495792120430854,-0.0027690072825439812,-0.11497534408207565,0.007298109329067932,-0.0006463785940051783,0.00041511593317010686,-0.0012955125529714403,-0.003425919049257645,27.940825726855348
1781507084.9670904,-0.09152724313325251,0.7315412423183982,0.30995077753228684,-0.042957269729987896,0.017078520014073062,-0.06641584726856048,-0.062335408972367334,0.7297107223090451,0.30984811839858095,-0.04307506681229965,0.017497171988792637,-0.06603156914349803,-0.0004319215595552099,-0.00017415769245382053,-0.0017518729925123057,0.0019521825488831581,-0.0011430185789217252,-0.0027472835453257807,-0.11657505326843574,0.006607926237452822,-0.0018846737155724484,-0.0034438284788993125,-0.0015024834518028564,-0.0006245107918833308,29.249350831753485
1781507084.9770927,-0.09283304002862197,0.7316078680448463,0.3100009082843492,-0.042873863163736065,0.017055897405819698,-0.06643398955324584,-0.06821853982654635,0.7300708531388143,0.30984494605372,-0.04299007873078143,0.01747190713255309,-0.06607201817762601,-0.00042679427177118534,-0.0002944307551848407,-0.0014268746074117297,0.0026529488035227406,-0.001256658083004291,-0.002655808945198342,-0.11525141587185017,0.007774712848014637,-0.00029600811143948243,-0.0007997253595386593,-0.001149511901191184,-0.003371565338108734,24.6629349274722
1781507084.9870794,-0.0941074132964404,0.7317198885443853,0.3099719864226191,-0.04306452323538495,0.01709236615531351,-0.06638993075504078,-0.06821853982654635,0.7300708531388143,0.30984494605372,-0.04299007873078143,0.01747190713255309,-0.06607201817762601,-0.0002414891231820931,-9.755772941165235e-05,-0.0017371983958534302,0.0002737439996551216,-0.0007419607909432266,-0.0018682852929663533,-0.1150564946730244,0.008064156936573728,7.212565968235782e-05,0.00041871272673767515,-0.002368272683928696,-0.0033371783046331777,25.941650420980174
1781507084.9970849,-0.09538544094779924,0.7318281629873401,0.30995123459575236,-0.04322510677796344,0.017123799079036495,-0.06635119333575608,-0.06821853982654635,0.7300708531388143,0.30984494605372,-0.04299007873078143,0.01747190713255309,-0.06607201817762601,-8.967121248272281e-05,6.172280561991488e-05,-0.001964305934223331,-0.0015164080292604685,-0.0003360219173892614,-0.0012270743780449275,-0.11512482471507082,0.008653439434192814,0.0005855108109388447,0.0033252620289950007,-0.003796100423420216,-0.004383601706882265,27.223885683161118
1781507085.007077,-0.096666712165273,0.731933161665419,0.3099375394476303,-0.043358759491711585,0.017150597824853175,-0.06631750264414303,-0.06821853982654635,0.7300708531388143,0.30984494605372,-0.04299007873078143,0.01747190713255309,-0.06607201817762601,3.3340355607416726e-05,0.00018880685224079906,-0.00212173201807431,-0.0028162010769299255,-2.267972255940939e-05,-0.0007130438563486181,-0.11481431318247433,0.00869047544147261,-0.00025992059910783096,0.0017829655815280552,-0.0031395380865570006,-0.005058059390180449,28.509213879003273
1781507085.017083,-0.09795085281948455,0.7320353021764419,0.30992993092178633,-0.04346857551102298,0.017173190223251922,-0.06628851486607676,-0.06821853982654635,0.7300708531388143,0.30984494605372,-0.04299007873078143,0.01747190713255309,-0.06607201817762601,0.00013166828375913732,0.0002884341384528489,-0.002221224952682018,-0.003713005618555682,0.0002127088665743385,-0.00030837685185619704,-0.11593672277801437,0.007686861249223351,-0.0019150530055316833,-0.0024301821128516255,-0.005438973651606314,-0.0027148331121478937,29.79726024921214
1781507085.0270834,-0.09793621328543922,0.7320488630452285,0.3099051292861342,-0.04355752563112421,0.017192012047089644,-0.06626384378274558,-0.07388973325173048,0.7304691021962125,0.30981638243753234,-0.042941936074426486,0.017330347454470152,-0.06616395139003903,0.00020893493377335633,0.00036475749567913934,-0.0022729500339336932,-0.004283316354494005,0.0003832484654581461,3.2700821709902685e-06,-0.11589166040886442,0.007556397227290497,-0.0011486207617866628,0.0008130959033857335,-0.002535608729546783,-0.004669691595794976,24.098479668949526
1781507085.0370803,-0.09922510564296291,0.7321463813085596,0.3099072480732934,-0.04362840691102648,0.01720749310483005,-0.06624308196746548,-0.07388973325173048,0.7304691021962125,0.30981638243753234,-0.042941936074426486,0.017330347454470152,-0.06616395139003903,0.00026831510823148875,0.0004214059899353087,-0.002285672955658901,-0.004593385247327908,0.0005005324529361088,0.00023668896452635216,-0.11756215084202057,0.007110335220686363,-0.0007092144120951675,0.0011370794131893003,-0.0010182272844828188,-0.0037622479604998917,25.390994781357037
1781507085.0470831,-0.10042028484764315,0.7321982058649265,0.3098964545993166,-0.043337519247101074,0.01708322022805575,-0.06616893296777182,-0.07388973325173048,0.7304691021962125,0.30981638243753234,-0.042941936074426486,0.017330347454470152,-0.06616395139003903,0.0009117675591419213,0.00019772369003951673,-0.0022177365952038256,-0.0009304547967080253,-0.0009453652114015221,0.0009604547351000957,-0.11794933792701504,0.007547454510366647,7.049183247498355e-05,0.0015338300441006157,-0.0011384826326073705,-0.0025056715996620393,26.586958815021262
1781507085.0570743,-0.10163116394672933,0.7322547236043797,0.3098916580149466,-0.04309202645803853,0.016979506698620916,-0.06610751579754531,-0.07388973325173048,0.7304691021962125,0.30981638243753234,-0.042941936074426486,0.017330347454470152,-0.06616395139003903,0.0014167608908895364,1.565218507751975e-05,-0.00213509813446783,0.0018395213567837837,-0.0020028658395073715,0.0014764396387474425,-0.11672024821177983,0.007402581954370541,0.001467271196607758,0.0017473381047942405,-7.386340189297741e-05,-0.00336172207543593,27.798940397635377
1781507085.067082,-0.10155446729860196,0.7322295784934755,0.30987006832210257,-0.04288726459490106,0.01689404036246578,-0.06605731328140013,-0.07388973325173048,0.7304691021962125,0.30981638243753234,-0.042941936074426486,0.017330347454470152,-0.06616395139003903,0.0018042041807858258,-0.00013070826001945678,-0.0020417043355470074,0.0038646159139346533,-0.0027404030901536404,0.0018226219682770824,-0.11577041984225604,0.007937522361843424,0.0008832197170928538,-0.0012414950949904372,-0.005910758663377571,0.001313441714460909,27.720744377659784
1781507085.0770757,-0.1027911225840956,0.7322939846846432,0.30987517942416337,-0.042718624594664724,0.01682458847603452,-0.06601688295359856,-0.07968783570078242,0.7308499612601767,0.3098304499857526,-0.04287911726581085,0.01733292018493149,-0.06633039903327835,0.0020923721531270825,-0.0002465462895600914,-0.0019408598341468738,0.0052761640502510376,-0.003218011261407436,0.0020321044088935053,-0.11320166410112534,0.008262196708089186,0.0027207081106387773,0.004168280488878317,-2.227262402333663e-05,-0.0017172345534482826,23.14841396695981
1781507085.0870616,-0.10403825197341407,0.7323616162976462,0.30988420491104657,-0.042581664621623806,0.01676903903485316,-0.06598487764821342,-0.07968783570078242,0.7308499612601767,0.3098304499857526,-0.04287911726581085,0.01733292018493149,-0.06633039903327835,0.0022971931850223454,-0.0003364139578897388,-0.0018353119110562615,0.006189365097488728,-0.003487787734701855,0.0021334306857862906,-0.11235083926921792,0.008253599561255058,0.000996696166413561,0.001607966570396479,-0.002622558421014609,-0.0008796304960148014,24.39735156107615
1781507085.0970852,-0.10526946679662694,0.7324284654048301,0.30992193949180835,-0.0426362614107724,0.016732698859460937,-0.06593310699416231,-0.07968783570078242,0.7308499612601767,0.3098304499857526,-0.04287911726581085,0.01733292018493149,-0.06633039903327835,0.0025838706034141162,-0.0004175342230527346,-0.0016216295754973276,0.0049080871830447775,-0.0035273166079084007,0.0024482378892294347,-0.114595638342522,0.007689476682117436,0.0005563702638915078,0.001925954311338321,-0.0023988909981236097,0.0010768336906252193,25.630448595143353
1781507085.1070752,-0.10651223344608748,0.7324982860446541,0.30995861671296393,-0.042686730277002025,0.016705276855802254,-0.06589194439836599,-0.07968783570078242,0.7308499612601767,0.3098304499857526,-0.04287911726581085,0.01733292018493149,-0.06633039903327835,0.0027812672741985792,-0.0004773648114917586,-0.0014295434400712803,0.0038137251803501966,-0.0034603644455789835,0.002617114965607101,-0.11386725445603378,0.007287444369900763,-0.0013197696372703898,-0.0013570176348948423,-0.001401206702972765,-0.00031272974293075514,26.875299360256697
1781507085.1170847,-0.10776501715654688,0.7325707080123446,0.30999424018574967,-0.04273272435487204,0.016685286777765818,-0.06585985751300462,-0.07968783570078242,0.7308499612601767,0.3098304499857526,-0.04287911726581085,0.01733292018493149,-0.06633039903327835,0.0029044905415190445,-0.000519346504725672,-0.0012572280806823189,0.0028893676494455914,-0.0033154667154505334,0.002672024493386244,-0.11371019585705752,0.006906462181672522,-0.0028140722523053233,-0.002766066158876452,-0.005765206088545135,0.0027724719025971753,28.13033798436548
1781507085.1270802,-0.10902645647094203,0.7326453971525723,0.3100288273779826,-0.04277410637807831,0.016671411739314523,-0.06583544963053545,-0.0853617132493033,0.7312124113441076,0.30980700615120577,-0.042858668043647276,0.017209956468547283,-0.06624977359410425,0.002966608027994709,-0.0005464676334069308,-0.0011029675800673664,0.0021176901743275127,-0.0031161365559986436,0.0026400356616399227,-0.11152716300080923,0.00745030946898395,-0.001759040922704725,-7.159946134796462e-06,-0.00011674261888717325,0.003091501303250076,23.70912745610866
1781507085.1370847,-0.11029534697295246,0.7327220530391136,0.31006240669157814,-0.04281089984471848,0.01666249778412654,-0.06581746392405374,-0.0853617132493033,0.7312124113441076,0.30980700615120577,-0.042858668043647276,0.017209956468547283,-0.06624977359410425,0.0029788843425195733,-0.0005613154475958365,-0.0009651556725226066,0.0014815330669645673,-0.002881480702252531,0.0025438099725726216,-0.10949392929908937,0.007535664280977668,0.0003419104999314803,0.0016055366721237515,-0.002174197093997195,0.0013264683615504952,24.98059923517483
1781507085.14708,-0.11156380191913903,0.7328230610935887,0.31009037490845087,-0.04298825612625899,0.016715026835009805,-0.06588571810366646,-0.0853617132493033,0.7312124113441076,0.30980700615120577,-0.042858668043647276,0.017209956468547283,-0.06624977359410425,0.0030187726417453117,-0.00045248433499763354,-0.0009422423886251981,-0.0006038574874583057,-0.001961613252294494,0.0015463737073981236,-0.11187161682609585,0.00731247484833344,-0.0003369371920477925,0.0005792794718100171,-0.006397720626000953,0.002551764598761513,26.253074889049092
1781507085.1570895,-0.11281988431848758,0.7329312544503656,0.31005125520676696,-0.04312382276627323,0.016736582019025947,-0.06590318652122797,-0.0853617132493033,0.7312124113441076,0.30980700615120577,-0.042858668043647276,0.017209956468547283,-0.06624977359410425,0.0031202145000708208,-0.00028508022882862277,-0.00132679001601015,-0.002014681674570133,-0.0015038437607615572,0.001197199402355581,-0.11571300000434195,0.008577649497565712,0.002325395295991075,0.008385257299074302,-0.0057647517853220975,9.188606019317418e-05,27.51300124831279
1781507085.167082,-0.11278281072136723,0.7329508508503132,0.3099995578242362,-0.0432360163051205,0.01675604347042814,-0.06591903816925776,-0.0853617132493033,0.7312124113441076,0.30980700615120577,-0.042858668043647276,0.017209956468547283,-0.06624977359410425,0.0031621130145872184,-0.00014708045081633138,-0.001618682750448182,-0.003016616974922342,-0.0011196793428865763,0.0009028157326959709,-0.11759874807268934,0.007615110018945088,0.0021513920892640725,0.008018111843449801,-0.0024390067489579947,0.0005502311368862647,27.476823590727395
1781507085.1770823,-0.1127527808639736,0.7329677837738933,0.30995589782101474,-0.04332762612216754,0.016773403473714366,-0.06593324446248913,-0.09164217669947228,0.7316324092694464,0.30983459950670383,-0.0426686725930327,0.01714876209056171,-0.06616793558311605,0.003155680834562004,-3.4434275323718525e-05,-0.0018324960470560456,-0.0036847600188734575,-0.0008011825854881532,0.0006575400524701338,-0.11651800909076236,0.006856868419430605,0.0005552099802930699,0.0007671411815181771,-0.0013426025546408988,0.004153749995101589,21.153145074395955
1781507085.187079,-0.1127287806127615,0.7329823562453296,0.30991922189568344,-0.04340130563050696,0.0167887138033751,-0.06594582898906401,-0.09164217669947228,0.7316324092694464,0.30983459950670383,-0.0426686725930327,0.01714876209056171,-0.06616793558311605,0.0031105315727689123,5.6431367325769806e-05,-0.001980920035643776,-0.004084514966013946,-0.0005406081871475445,0.00045577104475492334,-0.11356588166641368,0.005806643581477863,-3.3118080844769915e-05,-0.004355573100381239,-0.006987150684358992,0.00441541308543328,21.12994042543322
1781507085.1970816,-0.11285216504137591,0.7329781771757559,0.30992026991260896,-0.04315570764428581,0.01675495636293456,-0.0659625529119265,-0.09164217669947228,0.7316324092694464,0.30983459950670383,-0.0426686725930327,0.01714876209056171,-0.06616793558311605,0.0021246637798935488,1.8663836696163234e-05,-0.0017518240676350587,-0.0009544160169150059,-0.000842424320948249,0.00020767606276886612,-0.1120676619897461,0.006201977180559593,0.001999490902852096,-0.0020653000372771453,-0.0033615695138394003,0.004160584126663699,21.252812428941926
1781507085.2070765,-0.11295917916175997,0.7329745799204765,0.30992238387092175,-0.04294826545752871,0.016727331146663582,-0.06597685059340623,-0.09164217669947228,0.7316324092694464,0.30983459950670383,-0.0426686725930327,0.01714876209056171,-0.06616793558311605,0.001306313936445239,-1.1891412691259799e-05,-0.001545714585484858,0.0014169849863828808,-0.0010455070218288723,1.6091284288190298e-05,-0.10832649563226064,0.00667737133529766,0.0008561513497443044,-0.0033165900906908814,-0.0027202479667499824,0.0001751598293594221,21.359394235985896
1781507085.2170784,-0.11305169105804273,0.7329714891972219,0.30992538385332496,-0.042775090418167905,0.016705056267930285,-0.06598893735074846,-0.09164217669947228,0.7316324092694464,0.30983459950670383,-0.0426686725930327,0.01714876209056171,-0.06616793558311605,0.0006328123288034887,-3.626967029455789e-05,-0.001360669653468513,0.003155007852474887,-0.0011690527891622408,-0.00012790536690767494,-0.10254526544875724,0.005793753007795234,-0.0009401360017099757,-0.007740113480208927,-0.0035155170980785046,0.003114086287300697,21.45154264663493
1781507085.2270875,-0.1131313853814443,0.7329688397245053,0.3099290966113076,-0.04263233089708635,0.016687399519266455,-0.06599903541515514,-0.09705134342187038,0.7319335089248897,0.3098488734776357,-0.04285429650945506,0.016984598177541388,-0.06598614292027706,8.412494527665468e-05,-5.5380307453611034e-05,-0.0011948794839467937,0.00437088771030865,-0.0012296221521724898,-0.00023230220739521308,-0.09276221056836932,0.005886207437816295,-0.001377859964813726,-0.006213886363439559,-0.00023419998063967129,0.00039089668137921917,16.113537632607756
1781507085.237077,-0.11319977796082044,0.7329665748116395,0.30993335977436026,-0.04251626843540654,0.016673685956952955,-0.06600736605240005,-0.09705134342187038,0.7319335089248897,0.3098488734776357,-0.04285429650945506,0.016984598177541388,-0.06598614292027706,-0.0003574125038103735,-7.002008916520306e-05,-0.0010466472505997592,0.00516226171153092,-0.0012413472641089943,-0.00030416908372984117,-0.08468058204765906,0.0052075549529835225,-0.0015482218328052401,-0.004143805747410849,-0.0025558800167798093,-0.0011280398871982241,16.18166558545366
1781507085.2470791,-0.1131849291106412,0.7329864813560261,0.30987352111997707,-0.04262845863104434,0.01673679994468591,-0.066100911042383,-0.09705134342187038,0.7319335089248897,0.3098488734776357,-0.04285429650945506,0.016984598177541388,-0.06598614292027706,-0.0002111312373017365,2.459967085598063e-05,-0.0014256642118706964,0.0033911108619573502,-0.0003737605746071556,-0.0012618167695626085,-0.08344201498092943,0.0049022214774667,-0.001697638373823191,-0.0033419867658457544,-0.0017439539214077506,0.0019727099904480305,16.16792954041786
1781507085.2570794,-0.11317194242404732,0.7330033743869452,0.3098229944300216,-0.04272592040337806,0.016790265651622116,-0.0661784539265764,-0.09705134342187038,0.7319335089248897,0.3098488734776357,-0.04285429650945506,0.016984598177541388,-0.06598614292027706,-9.102531668158405e-05,0.00010024617108969615,-0.0017118642395815601,0.001971218205108004,0.0002865030191204881,-0.0019448188877895945,-0.08167932304628368,0.006125708654162549,7.760594685482717e-05,0.0022002425226777334,-0.004210493524981082,-0.000786507211106029,16.15608226090077
1781507085.2670786,-0.1131606025703376,0.733017616228038,0.3097805336937079,-0.04280967780146873,0.016835040649890054,-0.06624188338087585,-0.09705134342187038,0.7319335089248897,0.3098488734776357,-0.04285429650945506,0.016984598177541388,-0.06598614292027706,6.545875035636749e-06,0.0001597029297834952,-0.0019199268799827472,0.0008533791030138993,0.0007733583798099648,-0.0024033406197227812,-0.07907444608457874,0.005395877976379263,-0.000626894992427795,0.0026003977946501096,5.8904824091516195e-06,-0.0016467062584663216,16.145841238017955
1781507085.2770758,-0.11315072069209675,0.7330295380628338,0.3097450486541955,-0.04288087346792072,0.01687207992730766,-0.06629300102222435,-0.09705134342187038,0.7319335089248897,0.3098488734776357,-0.04285429650945506,0.016984598177541388,-0.06598614292027706,8.47904653207546e-05,0.00020540962111983038,-0.0020626265587306283,-7.542186490193761e-06,0.0011169621314077666,-0.002681114215161694,-0.07027107222738176,0.005598019411822899,0.0006327421351673541,0.004655315393227369,-0.003295668753107706,-0.0009722691362575639,16.136976419213923
1781507085.2870817,-0.11314213056569594,0.7330394405043759,0.30971558586724734,-0.04294070759433694,0.016902310436146095,-0.0663334939157133,-0.10119521383391711,0.7322142613769709,0.30980212155867587,-0.042874762608853714,0.016879617243297895,-0.0659966077291944,0.00014652874044095835,0.0002394989773480974,-0.002151046456872522,-0.0006523971437979816,0.001343829830400187,-0.0028158547390368122,-0.06293704924583284,0.0046010455924666875,0.00019373695434307813,0.00470871670387135,-0.0008760809374516678,-0.0006047836080730956,11.975693233139072
1781507085.2970812,-0.11313468538162957,0.7330475946365086,0.30969131199477906,-0.04299039060505798,0.016926612798732865,-0.06636491710071798,-0.10119521383391711,0.7322142613769709,0.30980212155867587,-0.042874762608853714,0.016879617243297895,-0.0659966077291944,0.00019423390226705727,0.0002638303020912343,-0.0021947716345317695,-0.0011177089153496338,0.0014770233436502455,-0.002839736317636011,-0.060851166798237794,0.004614040907524683,-2.6664931311247136e-05,0.003098877203185247,-0.0021511400390593614,-0.003294996774053231,11.969031035114677
1781507085.3070798,-0.11307796033914605,0.7330359529241517,0.3096831857551752,-0.042816555333593506,0.016819359363967612,-0.06636990790349102,-0.10119521383391711,0.7322142613769709,0.30980212155867587,-0.042874762608853714,0.016879617243297895,-0.0659966077291944,0.0005491970308493996,0.00016965897608920178,-0.0020065391502377353,0.0009027784724210048,0.00014794257379704186,-0.002634360405301588,-0.06688190218792515,0.005291849077939624,0.00037192402560977514,0.002807151122339646,-0.0007696416776690012,-0.0023728153353733484,11.911716384786592
1781507085.3170369,-0.11302947313779496,0.7330257140884724,0.3096776194213269,-0.04267113133326418,0.01672912007599625,-0.06637169665296562,-0.10119521383391711,0.7322142613769709,0.30980212155867587,-0.042874762608853714,0.016879617243297895,-0.0659966077291944,0.0008271930165848513,9.191101234550051e-05,-0.0018300062770048391,0.0023919626641863393,-0.0008519215400105849,-0.0024083639635873047,-0.06815837599800673,0.0052356606236766195,-3.999937654123711e-05,0.00201166583753173,0.0033710557581392193,-0.00353724480795527,11.862699926940204
1781507085.327079,-0.11298821998329031,0.7330167396644028,0.30967423572992275,-0.04255097616571492,0.016654097998050954,-0.06637103446360146,-0.10119521383391711,0.7322142613769709,0.30980212155867587,-0.042874762608853714,0.016879617243297895,-0.0659966077291944,0.0010398793550099696,2.833242854018996e-05,-0.0016651023881765774,0.0034422930833113976,-0.0015777509364541856,-0.002173104804689357,-0.06293277162175914,0.0039494594227158395,-0.00069318562180802,4.6634914445049726e-05,-0.0033904348585129932,-0.002165958847104734,11.820969512952386
1781507085.337079,-0.11295330336435758,0.7330089023908052,0.30967268594391106,-0.04245304344666175,0.016592530527133276,-0.06636855178930665,-0.10442610873756947,0.7324571763818584,0.30981302428674784,-0.04272276297907868,0.01694599358218496,-0.06612977593411368,0.0011974419101117917,-2.3065752250283424e-05,-0.0015116234355291233,0.004135052399231236,-0.002078391357066005,-0.0019373461453567227,-0.05469066909561983,0.0033761369937873515,-0.001595832985035466,-0.0020939169433758413,-0.001017184385665149,-0.00031883003417039436,8.54617719466093
1781507085.347038,-0.11292392229067424,0.7330020854064123,0.309672652149813,-0.04237444220156569,0.01654272894523512,-0.0663647713551104,-0.10442610873756947,0.7324571763818584,0.30981302428674784,-0.04272276297907868,0.01694599358218496,-0.06612977593411368,0.0013087560943398915,-6.403456537507041e-05,-0.0013692608490845793,0.0045409312726887585,-0.0023966043265822726,-0.0017076673749023942,-0.044616946513798474,0.003431811961596473,-0.001070032345530361,-0.00026627747983927415,-0.0008642579004135216,-0.0016019182793335235,8.5164232730178
1781507085.3570783,-0.11286574959362909,0.7330022938309319,0.30967220161277664,-0.042669798585096216,0.0165667011518964,-0.06633673348271549,-0.10442610873756947,0.7324571763818584,0.30981302428674784,-0.04272276297907868,0.01694599358218496,-0.06612977593411368,0.0015880713021087733,-4.6516851190920306e-05,-0.0013921429449838723,0.000815763336056033,-0.0018858725696104233,-0.0012043106541339702,-0.03992493849678607,0.003293500653593405,-0.001569943124105205,0.0008313853732544783,-0.0024660345540698176,-0.004610650590823241,8.458399484421363
1781507085.3670733,-0.1128166941241408,0.7330024679347814,0.3096724450548845,-0.04291895099850341,0.01658864606356003,-0.06631212315941655,-0.10442610873756947,0.7324571763818584,0.30981302428674784,-0.04272276297907868,0.01694599358218496,-0.06612977593411368,0.0017921755761141306,-3.18646848142074e-05,-0.0013928722125920428,-0.0019977072080602006,-0.001451592371049973,-0.000794172498210841,-0.0421531815309042,0.0028090522081474626,-0.0024489940535844038,-0.0007922310132109041,-0.0014539361978146879,-0.0037894222689223767,8.40946065615774
1781507085.3770773,-0.11277558917775699,0.7330026230923361,0.30967316768882036,-0.04312666441337199,0.016608470682015986,-0.06629075466524584,-0.10442610873756947,0.7324571763818584,0.30981302428674784,-0.04272276297907868,0.01694599358218496,-0.06612977593411368,0.0019333163233265054,-1.969856110992532e-05,-0.0013758085438350292,-0.004051061692301757,-0.0010864783438676875,-0.0004651126667539893,-0.04133565121650819,0.0034853849699390755,-0.0020719392768041626,0.001221365251529805,-0.005720033699764138,-0.002169471454742709,8.368446427087214
1781507085.3870761,-0.1127413952560413,0.733002769557038,0.30967421162017417,-0.04329764336035912,0.016626163411059824,-0.06627239996621179,-0.10678159068733761,0.7326177757146419,0.3097273070833889,-0.04272521465857716,0.016873505717127646,-0.06619740709632566,0.0020221232450653385,-9.682322859510104e-06,-0.0013446773974689213,-0.0054786812814880455,-0.0007831794845645555,-0.00020581399392503782,-0.03752831353428365,0.002391183598393815,-0.0022570945715223115,-0.0002326429045481577,-0.0033359702629132903,-0.0018763411044668634,5.972462631447614
1781507085.397075,-0.11258052004182968,0.7330069119093651,0.309629558144724,-0.043280679687926336,0.016545757485485924,-0.06630840674701641,-0.10678159068733761,0.7326177757146419,0.3097273070833889,-0.04272521465857716,0.016873505717127646,-0.06619740709632566,0.002937334927161099,2.8506696406875693e-06,-0.0015085108447022264,-0.004689034031588689,-0.0015576699768558074,-0.0006140218635805354,-0.0334472294272248,0.0015685499607016797,-0.0022843980971201934,-0.0008043287771330366,-0.003076699124893751,-0.0008068909889076358,5.8127930886488235
1781507085.4070818,-0.11244407383356446,0.7330103953082461,0.3095920404975032,-0.043262096089278446,0.016479584611564846,-0.06633819325649601,-0.10678159068733761,0.7326177757146419,0.3097273070833889,-0.04272521465857716,0.016873505717127646,-0.06619740709632566,0.003634823278396501,1.287569866153861e-05,-0.001620917573524492,-0.003969027095146244,-0.0020953227732378663,-0.0009030889356958652,-0.029031432782269877,0.001700337083392337,-0.001395792369064054,-0.0006667048219311132,-0.0019088060341322793,-0.0007826208785240525,5.67768989782307
1781507085.4170835,-0.1123289620817012,0.7330132987823437,0.3095607581040614,-0.04324280792398173,0.016425887266529493,-0.06636250345677373,-0.10678159068733761,0.7326177757146419,0.3097273070833889,-0.04272521465857716,0.016873505717127646,-0.06619740709632566,0.004148691299324944,2.0760374636903298e-05,-0.0016906160060964608,-0.0033209076851804875,-0.0024408063476537515,-0.001094970728693816,-0.028801486903841905,0.0018406692122623749,7.246827954211062e-05,0.00077951737244029,-0.0033415104483629984,0.0009874310671460131,5.563947020470513
1781507085.4270728,-0.11223243226833873,0.7330156957163714,0.30953490162395597,-0.043223520202173654,0.016383007114133763,-0.06638204468711041,-0.10678159068733761,0.7326177757146419,0.3097273070833889,-0.04272521465857716,0.016873505717127646,-0.06619740709632566,0.0045086426192380204,2.6826925800005943e-05,-0.0017251462151392284,-0.002744391842156433,-0.00263284890369439,-0.001208779139222515,-0.0272055541430783,0.001940686621458664,0.00014323668997550998,-0.0009460314194774783,-0.0018887708723266635,-0.0012286933848092581,5.468732406121802
1781507085.437077,-0.11215204090789797,0.7330176534993867,0.3095137464040308,-0.04320476104950505,0.016349405534974437,-0.06639747749979631,-0.10837199027752403,0.7327175615487123,0.30966778452450805,-0.04271587079908629,0.016777373450955313,-0.06626658896885934,0.004740472795147155,3.135706581280084e-05,-0.0017310067857020067,-0.0022373068481572667,-0.0027046678465462676,-0.001260972002541746,-0.024180167030210864,0.0014322111126803877,-0.0007491484410460138,-0.0036031520757551557,0.00029848383675380003,-0.002726117260037185,3.7950712364342003
1781507085.447072,-0.1120856232020203,0.7330192333961276,0.30949664602030386,-0.043186911622676113,0.01632367572932436,-0.06640940931851887,-0.10837199027752403,0.7327175615487123,0.30966778452450805,-0.04271587079908629,0.016777373450955313,-0.06626658896885934,0.004866513232659836,3.459641472934855e-05,-0.001713777880821341,-0.001796124268869196,-0.002684442382046711,-0.0012655678446889466,-0.022103780616086154,0.0008167229492261011,-0.001394176901939972,-0.0045359815470967695,-0.0012632576991452535,-0.0009114850053763994,3.729794067914063
1781507085.4570768,-0.11208264250436012,0.7330148148368959,0.3094945094415675,-0.0429071578597501,0.016250427752458885,-0.06635883832477044,-0.10837199027752403,0.7327175615487123,0.30966778452450805,-0.04271587079908629,0.016777373450955313,-0.06626658896885934,0.00455925931075906,2.396235174087966e-05,-0.0014956685817506716,0.0014448964572791809,-0.00321464900903219,-0.000610364519859808,-0.018725758218436625,0.0009612520806704639,-0.001902033176137091,-0.005960996126391848,-0.0025762034345534132,-0.0011781137311537232,3.7265699671719106
1781507085.467078,-0.11208260902458084,0.733011039535461,0.30949406570341287,-0.04267318279891546,0.016191782556503442,-0.06631588956795163,-0.10837199027752403,0.7327175615487123,0.30966778452450805,-0.04271587079908629,0.016777373450955313,-0.06626658896885934,0.004254833666454541,1.5121984144518927e-05,-0.0013016246525580145,0.003833741808459101,-0.003523910215009026,-0.00010277169590806987,-0.01781150348493848,0.0005968454469409688,-0.0019743664712611564,-0.006309801170290959,-0.002472391143645605,0.0006982292014391697,3.72625804843387
1781507085.477077,-0.1120849522190472,0.7330078411502349,0.3094950430165343,-0.04247991215934863,0.01614568588852716,-0.06627982269110894,-0.10837199027752403,0.7327175615487123,0.30966778452450805,-0.04271587079908629,0.016777373450955313,-0.06626658896885934,0.003956535869490044,7.83356348634926e-06,-0.0011293584898177413,0.005518689501928452,-0.0036591619212316454,0.0002803364431828628,-0.015770473410307937,0.0008215849640993249,-0.002043418680534537,-0.004327447481065678,-0.0043425187209645616,0.0004417482149312933,3.7282956233159203
1781507085.4870758,-0.1120891812020253,0.7330051555923528,0.30949718369161355,-0.04232242989020224,0.016110254713869843,-0.06624989581610748,-0.10939729461878916,0.7327623898711482,0.30958890457382227,-0.04295794918873925,0.016633550174432576,-0.0662906562265903,0.0036669370798228617,1.8833558544227243e-06,-0.0009767577205026965,0.0066301072073080974,-0.003660334056243911,0.0005596925048283052,-0.011779429665051364,0.0014383397800572443,-0.0017551449792577787,-0.0021310933665525597,-0.003498838585213777,-0.003612371930468847,2.7043670780113853
1781507085.497084,-0.11210239458704842,0.7329930931043415,0.30951519972562763,-0.04279245083702515,0.016221206016087564,-0.06610525687381182,-0.10939729461878916,0.7327623898711482,0.30958890457382227,-0.04295794918873925,0.016633550174432576,-0.0662906562265903,0.003298939889900192,-1.5853144664856587e-05,-0.0009981170813428233,0.0007497976300398371,-0.0021166271250728855,0.0021275730871848234,-0.010033869505272247,0.001644264139513538,-0.0012613729674250235,0.0006764303329384975,-0.0031241471387559385,-0.0030503735000202534,2.7159201432901976
1781507085.5070817,-0.11206569618852356,0.7330055979595778,0.309513453463577,-0.042956604837754986,0.016345416097734322,-0.06616936955033036,-0.10939729461878916,0.7327623898711482,0.30958890457382227,-0.04295794918873925,0.016633550174432576,-0.0662906562265903,0.0033410851445091973,3.9814036658836376e-05,-0.0010479462087299896,-0.0011124487457455663,-0.0005004205223266855,0.001254254242062572,-0.009626281118474899,0.0020895143578915656,-0.0007425009240780541,0.003628906231851613,-0.004011549706809126,-0.0034760579872456774,2.6805241990468627
1781507085.517079,-0.11203606136055012,0.7330163129951821,0.3095122365905606,-0.04309367642302083,0.016450290647390453,-0.06622447934047775,-0.10939729461878916,0.7327623898711482,0.30958890457382227,-0.04295794918873925,0.016633550174432576,-0.0662906562265903,0.003332583282196968,8.399767103054384e-05,-0.00107466915189151,-0.0024773101119170563,0.0007242585545110449,0.0005655839115867736,-0.010699193813123418,0.001326222383680136,-0.0017140633882976697,0.0026043328057293513,-0.0040566260888630235,-0.0027166254561401615,2.652064262041988
1781507085.5270872,-0.11201245809749041,0.7330254343839061,0.3095114002663145,-0.04320670309737763,0.016537808214647676,-0.06627133212902869,-0.10939729461878916,0.7327623898711482,0.30958890457382227,-0.04295794918873925,0.016633550174432576,-0.0662906562265903,0.003283531001396723,0.00011840277070351943,-0.00108250446387642,-0.003432139258784981,0.0016220534092583588,3.411267756968806e-05,-0.01176516059194716,0.00103522203677801,-0.0011842071581767725,0.0022658685947125564,-0.004755720220805313,0.0011151214639566682,2.6295017310713327
1781507085.5370789,-0.11199398503255471,0.7330331449931893,0.3095108390704642,-0.04329861908857277,0.016609926169092404,-0.06631071340044388,-0.10994675586705482,0.732840826609952,0.30952460766566525,-0.042885901574029564,0.016469154023766697,-0.066410611140652,0.003202547475515475,0.00014452197770288577,-0.0010750780112797557,-0.0040536100058290395,0.0022503475770146697,-0.0003650287070271287,-0.01115869905862682,0.0012658208949508736,7.067494192559493e-05,0.0030639043226238253,-0.003204792029404882,0.002410432925582615,2.0562886934519167
1781507085.5470824,-0.11197985650341438,0.733039613827481,0.3095104801598922,-0.04337220092709382,0.016668532430975436,-0.06634341674811933,-0.10994675586705482,0.732840826609952,0.30952460766566525,-0.042885901574029564,0.016469154023766697,-0.066410611140652,0.003096956546858349,0.0001636585356458979,-0.0010554939245121903,-0.004408296098502175,0.0026595141508811908,-0.0006540956746523858,-0.00951183438438038,0.001375853058800688,0.0009053781269589636,0.0026846103531746436,-0.002215649534725571,0.002604379998634574,2.0428446200917776
1781507085.5570765,-0.11198477824866446,0.7330278982442286,0.3095172438012311,-0.04315602641921586,0.016586410338890856,-0.06636469963902293,-0.10994675586705482,0.732840826609952,0.30952460766566525,-0.042885901574029564,0.016469154023766697,-0.066410611140652,0.0028744940330805834,6.876859837808709e-05,-0.0008403275848603425,-0.001563364635295867,0.0014830647592531472,-0.0008535480560193183,-0.009218771253708031,0.0008575863785453624,0.00017882511804838896,0.0005282646114127671,-0.0013286564183215231,0.0023445350890373318,2.04660334476228
1781507085.5670729,-0.11199052416948513,0.7330177357020495,0.30952362630669833,-0.042972753257301224,0.01651601661608848,-0.06638177158091914,-0.10994675586705482,0.732840826609952,0.30952460766566525,-0.042885901574029564,0.016469154023766697,-0.066410611140652,0.002659484341508033,-8.277863670245702e-06,-0.0006569500203220601,0.0006110445013209793,0.0005610058494391624,-0.0009796181147792035,-0.010087827461232544,0.0005478705569081722,-0.0004077471518439668,-0.0018130159737195207,-0.001196266971311223,0.0024274441523153335,2.051410895932614
1781507085.577076,-0.11199685693201318,0.7330089461574969,0.3095296949581704,-0.04281914902875715,0.016456336345290534,-0.06639521899585064,-0.10994675586705482,0.732840826609952,0.30952460766566525,-0.042885901574029564,0.016469154023766697,-0.066410611140652,0.002453181966618768,-7.002380596010987e-05,-0.000501415210934657,0.0022235332378243147,-0.00014521019468396036,-0.0010472566386103936,-0.009152601270331604,0.0004281258447171297,-0.0006828057741282945,-0.003652700257281884,0.0005182230685431262,0.0008736680788313824,2.0569891685070028
1781507085.5870812,-0.11200357985766184,0.733001369264344,0.3095354878696729,-0.04269197958440565,0.01640631608851395,-0.06640558082388168,-0.11045661884454316,0.7328858185556051,0.3095151008000111,-0.04287469067115518,0.016405213279310882,-0.06630166228637267,0.0022564836523562186,-0.00011870451798478937,-0.00037020260183438146,0.0033708549333197804,-0.0006703733640907883,-0.0010692646177845669,-0.00820237781056136,7.884269900974972e-05,-0.0009088487149164409,-0.00478340100052256,0.0017784718788211296,0.0006881330424061345,1.5514045168841717
1781507085.597075,-0.1120102892235373,0.7329960158272705,0.30952717272294017,-0.042702592875366874,0.016422050613684513,-0.06641250995797737,-0.11045661884454316,0.7328858185556051,0.3095151008000111,-0.04287469067115518,0.016405213279310882,-0.06630166228637267,0.002070414899271098,-0.00014826248405422118,-0.0004094512066512186,0.002888267485696442,-0.00042232060750295285,-0.0010207695672988474,-0.007242269847764871,-4.3582314436649024e-05,-0.0008198170599162654,-0.00417501028761179,0.0016746363200654,0.0006491808555380334,1.5576202414483062
1781507085.6070828,-0.11201713437973015,0.7329914384701718,0.3095204025833219,-0.042714156794782375,0.01643571143523137,-0.0664174182830803,-0.11045661884454316,0.7328858185556051,0.3095151008000111,-0.04287469067115518,0.016405213279310882,-0.06630166228637267,0.0018948096407642207,-0.000170112189443088,-0.0004357707703387499,0.002447620458886803,-0.00022490434671451834,-0.0009564945469863982,-0.0068383615276059375,0.0002722671134926279,-0.0005329745879206744,-0.0035243812628819437,0.002364588586558412,-0.000200616409453537,1.5640947576215742
1781507085.617079,-0.11202400378238718,0.7329875444843277,0.30951494163600424,-0.04272611640309809,0.01644744460800096,-0.06642067810820305,-0.11045661884454316,0.7328858185556051,0.3095151008000111,-0.04287469067115518,0.016405213279310882,-0.06630166228637267,0.0017298292917156657,-0.000185497052152373,-0.00045137775132401216,0.0020504598951384496,-7.083178436919239e-05,-0.0008821550314911104,-0.006480553117599939,0.0007978576145257409,-2.1694104656298797e-05,-0.001000884556624553,0.002589707714486658,-0.002079177526165662,1.5706825692315889
1781507085.6270766,-0.11203080775281228,0.7329842510504533,0.3095105864601161,-0.042738045084430284,0.016457412326409848,-0.06642261351456523,-0.11045661884454316,0.7328858185556051,0.3095151008000111,-0.04287469067115518,0.016405213279310882,-0.06630166228637267,0.0015754688032665293,-0.0001954971708914296,-0.0004581872022259959,0.001696753793649228,4.654767732694689e-05,-0.0008023090454867561,-0.005515781910281147,0.0013688507310706955,0.0005560856845252781,0.002102453696749974,0.001647552363246398,-0.00323259747525833,1.57726981021772
1781507085.6370792,-0.11203747519916757,0.7329814841997172,0.30950716199135975,-0.042749624046417654,0.016465784437028397,-0.0664235035784497,-0.11080455080326262,0.7329068048541905,0.3094935555273142,-0.04301032126418782,0.016500096508840212,-0.06632659222051733,0.0014315895579115564,-0.0002010478500797882,-0.00045784794951182707,0.0013852886691828597,0.00013322143364603498,-0.0007205225798127386,-0.0048758129326983615,0.0011521161130648334,0.00019645920470236905,0.003010848548802739,0.0005132062919836123,-0.00301201275631869,1.235258963347239
1781507085.6470768,-0.11204395077295375,0.7329791778987369,0.3095045179167748,-0.04276062400912504,0.016472731870613266,-0.06642358601752005,-0.11080455080326262,0.7329068048541905,0.3094935555273142,-0.04301032126418782,0.016500096508840212,-0.06632659222051733,0.001297947469246714,-0.00020295630591197998,-0.0004517742081356384,0.0011139990169914647,0.00019451608897665693,-0.0006395206944357866,-0.004765613238787453,0.0008267636624004274,0.00016571597852442366,0.0031345077772547292,-0.0006986083802319315,-0.0017255534758660925,1.2415596306379963
1781507085.6570792,-0.11201691865638393,0.7329949976887586,0.309513087800559,-0.04273017091401508,0.016505256647244115,-0.0665785448467364,-0.11080455080326262,0.7329068048541905,0.3094935555273142,-0.04301032126418782,0.016500096508840212,-0.06632659222051733,0.0014359621707745799,-0.00015136579350529282,-0.00037004762029537103,0.00135282084408225,0.0006002296112943737,-0.002244449662039243,-0.005170860678128961,0.0006944111698366427,0.00025348294435031726,0.003662034926099355,-0.0007728279386766075,-0.0006118898291548494,1.2157282990245937
1781507085.6670802,-0.11199429304648834,0.7330083563902655,0.3095206730422485,-0.04270576869307097,0.01653215290438692,-0.06670679545386961,-0.11080455080326262,0.7329068048541905,0.3094935555273142,-0.04301032126418782,0.016500096508840212,-0.06632659222051733,0.001528561569075586,-0.0001080323569252661,-0.00029975083064721924,0.0014947317448911473,0.000887780948120196,-0.0033855333230182775,-0.005758219025335032,0.000786234900990234,0.000356419517662767,0.0040545228388092925,-0.0012793144617590647,0.00022168123350718212,1.1943762721233038
1781507085.677074,-0.11197547005824568,0.7330195409570575,0.3095273677985691,-0.042686567255881186,0.01655409487344217,-0.06681152408293244,-0.11080455080326262,0.7329068048541905,0.3094935555273142,-0.04301032126418782,0.016500096508840212,-0.06632659222051733,0.0015835294528341853,-7.1876557778062e-05,-0.00023952030782829138,0.001560146036796003,0.0010789278377283176,-0.0041478384714221045,-0.005495217589757989,0.00046458555595439564,0.0002394973392456461,0.00301252250847989,-0.0004902242243636621,-0.0004437183013422124,1.176819697433351
1781507085.6870816,-0.11195992504306569,0.73302882047264,0.30953325955689975,-0.0426717875096652,0.0165717235589935,-0.06689576189762231,-0.11107482482662112,0.7329498407848989,0.3095068302397372,-0.04283501724039424,0.016491032401505734,-0.06638718266188284,0.0016075912681301667,-4.194090394698749e-05,-0.00018813389564622922,0.001566453409468387,0.001192611084016142,-0.0046054710713383335,-0.004915946897555922,0.00031155856297574184,-6.6683471349856374e-06,0.001455897840663679,-0.00013116558556573916,-0.0010649130699604055,0.8890099510306851
1781507085.6970844,-0.11198552081037622,0.7330181023293408,0.30954659254579686,-0.04286374728594202,0.016501350362535305,-0.06681849181820199,-0.11107482482662112,0.7329498407848989,0.3095068302397372,-0.04283501724039424,0.016491032401505734,-0.06638718266188284,0.0013153721929395617,-7.627982082046447e-05,-0.00012742713342552307,-0.0007142878369712224,0.0002591729101341547,-0.0032928692203614187,-0.0043369499983122485,0.00034715302371561004,0.00012096408567601816,0.001398677169255209,0.0006264315379874562,-0.002057439376050643,0.9141158866688854
1781507085.707081,-0.1120081235626563,0.733008842033384,0.309557961622497,-0.0430244994976776,0.016442060678426795,-0.06675045944427699,-0.11107482482662112,0.7329498407848989,0.3095068302397372,-0.04283501724039424,0.016491032401505734,-0.06638718266188284,0.0010641194634536093,-0.00010287963859052981,-7.707874337322125e-05,-0.0024036076936336357,-0.00044734658701679633,-0.002219251064906892,-0.0043229357224313465,8.442998542932049e-05,-0.0003112128086950418,0.00033859995749936964,0.0011045425713437935,-0.002228827772645721,0.9365586454198108
1781507085.7170827,-0.11202806176797142,0.7330009013181192,0.30956759061363187,-0.04315746836814606,0.016392697397181744,-0.06669121278944162,-0.11107482482662112,0.7329498407848989,0.3095068302397372,-0.04283501724039424,0.016491032401505734,-0.06638718266188284,0.0008489370436525138,-0.0001229296686760071,-3.5683741625557546e-05,-0.0036035568145105805,-0.0009644963063167275,-0.0013540819715739307,-0.004424317587211911,-0.00029290659594489435,-0.0005893585656762533,-0.0006958810212692183,0.0020917788914449967,-0.0027180742285079426,0.956535241088086
1781507085.727084,-0.11204562773693735,0.7329941458198769,0.3095756879339654,-0.04326598007281657,0.01635212188569235,-0.0666401722964061,-0.11107482482662112,0.7329498407848989,0.3095068302397372,-0.04283501724039424,0.016491032401505734,-0.06638718266188284,0.0006654374798174916,-0.0001374676508142783,-2.00079633606276e-06,-0.004403993075533921,-0.0013255959264975139,-0.0006687778466585214,-0.003962751882694873,0.00018512172988872436,-4.402239323789851e-05,0.00016101795392784308,0.002013494056126081,-0.0037114774129573705,0.9742497671835965
1781507085.7370734,-0.11206108180485717,0.7329884469873065,0.3095824456638869,-0.043353196301358324,0.016319240587260975,-0.06659667873152506,-0.11129361058419529,0.732957051851048,0.3094990142253789,-0.04281064313297681,0.016549608585121778,-0.06649890247404494,0.0005096971879403519,-0.00014739649785013587,2.5064319960687186e-05,-0.004883179216580658,-0.001559883763000004,-0.0001369984225050593,-0.0035653059458980382,0.0001665654492452315,-0.00014058012517243252,-0.0004602209648932104,0.002020890356695724,-0.0040378969778743536,0.7726309170984815
1781507085.7470798,-0.11207465602512474,0.732983683449192,0.3095880391982237,-0.04342206896578257,0.016293023677031337,-0.0665600312633836,-0.11129361058419529,0.732957051851048,0.3094990142253789,-0.04281064313297681,0.016549608585121778,-0.06649890247404494,0.00037821468195608517,-0.00015349944639606183,4.6473878309697386e-05,-0.005108547987623796,-0.00169273939642145,0.0002651943949465259,-0.003087837941625717,0.00030222898790942466,8.853932599498703e-05,-0.0010280827139451116,0.0008969173250859697,-0.00380071653442401,0.7865536654332012
1781507085.7570825,-0.1120463748928217,0.7329852579468024,0.30958477881455926,-0.04334274200930002,0.01628456436739989,-0.06651100024646976,-0.11129361058419529,0.732957051851048,0.3094990142253789,-0.04281064313297681,0.016549608585121778,-0.06649890247404494,0.0005209754635906654,-0.00011373392735774263,5.2315635993171704e-05,-0.003693567756626428,-0.0016236056870749759,0.0007669267206991859,-0.0029414121613404193,0.00016996866053600146,0.00020839662388452484,-0.0017617766583885386,-2.3932639167360837e-05,-0.0031349714356386214,0.7581591211195515
1781507085.7670758,-0.11202247667002244,0.7329867731341653,0.30958194232082753,-0.043272642339998,0.016278904725024024,-0.06647053034199783,-0.11129361058419529,0.732957051851048,0.3094990142253789,-0.04281064313297681,0.016549608585121778,-0.06649890247404494,0.000628978698210819,-8.037011193683981e-05,5.634234999712614e-05,-0.0025322647988301654,-0.00152737464049436,0.0011218572111432472,-0.0032058562559188417,-2.400105032744479e-06,0.00023808347142117252,-0.0024172944014052254,-0.0005226643129267619,-0.0024064398670024427,0.7341704126113088
1781507085.7770777,-0.11200240595395845,0.7329882299327932,0.3095795060332341,-0.04321137511761715,0.01627549845404297,-0.06643758239765453,-0.11129361058419529,0.732957051851048,0.3094990142253789,-0.04281064313297681,0.016549608585121778,-0.06649890247404494,0.0007077109965950799,-5.2568165728285806e-05,5.8860973109500066e-05,-0.0015928224610813181,-0.001413471823841052,0.0013570805678611098,-0.003179959452071926,0.00016763281916795173,0.0008501115268052712,-0.0018937169828774202,-0.0014691764950112494,-0.0014629222916446886,0.714032128206293
1781507085.7870715,-0.11198566582914138,0.7329896263880286,0.30957743997066733,-0.043158402761359946,0.01627387441114725,-0.06641117200779784,-0.11145012733926385,0.7329658638950521,0.30951376796497976,-0.04287223034689405,0.01654315201582035,-0.0666538849813716,0.00076194775505761,-2.9583417688726588e-05,6.0137027830393437e-05,-0.0008453284689983949,-0.0012894439116554151,0.0014961741620889376,-0.003077710575454358,2.7292852859073757e-05,0.0007593880645195084,-0.0019721904683369907,-0.0023512421482786558,4.3871485306482745e-05,0.5398335433455741
1781507085.7970748,-0.1119718131690232,0.7329909589867757,0.30957571045985816,-0.04311309544710321,0.016273630672649197,-0.06639038271326174,-0.11145012733926385,0.7329658638950521,0.30951376796497976,-0.04287223034689405,0.01654315201582035,-0.0666538849813716,0.0007958329169148294,-1.0757027105188935e-05,6.039941309749848e-05,-0.0002621162668389195,-0.0011612230412640964,0.0015594346920116066,-0.002887994415938357,-7.415035699078882e-05,0.0007052641857166883,-0.0021824816401204844,-0.002650843553900029,0.0009391045955153126,0.5259493713962187
1781507085.8070765,-0.1120010568028834,0.7329872308494471,0.30957049320485636,-0.04305052004716294,0.016315319425070696,-0.0664077497920536,-0.11145012733926385,0.7329658638950521,0.30951376796497976,-0.04287223034689405,0.01654315201582035,-0.0666538849813716,0.0005623154336108259,-4.119499373303528e-05,2.7849149922839697e-05,0.0004528229753877278,-0.0005717360231668962,0.0012193923838537228,-0.00254419698600771,-0.00015602630376120518,0.0004089450774937386,-0.0026050422167006463,-0.0027992599743954663,0.001547720598230811,0.5542540694151902
1781507085.8170836,-0.11202649419098698,0.7329841086178854,0.3095660659316812,-0.04299832350067154,0.01635086001727548,-0.0664234966353599,-0.11145012733926385,0.7329658638950521,0.30951376796497976,-0.04287223034689405,0.01654315201582035,-0.0666538849813716,0.0003677287598723702,-6.510779375977911e-05,1.365795532616895e-06,0.0009761096638848005,-0.00011440726668490194,0.0009312295935162847,-0.0020499613161526465,-0.00017943767633388412,0.00012462676369549874,-0.00300227696367443,-0.0030219088991281034,0.002114789990225707,0.5790221886919366
1781507085.8270774,-0.1120485467158634,0.7329815031012921,0.3095623283524216,-0.042955332233962897,0.016380821144302615,-0.06643759878653929,-0.11145012733926385,0.7329658638950521,0.30951376796497976,-0.04287223034689405,0.01654315201582035,-0.0666538849813716,0.00020686030559203633,-8.347936576697414e-05,-1.9911636376289517e-05,0.001341473319052961,0.00023138241608812774,0.0006898268017984376,-0.0017182329906129618,-9.108334125548432e-05,0.0002715991308767916,-0.0015295504006097968,-0.003040541278514336,0.002146664038792064,0.6005900817446996
1781507085.8370762,-0.11206759679124004,0.7329793377931504,0.30955919053955544,-0.04292041494285463,0.01640578162022477,-0.06645008287840541,-0.11157298282290068,0.7329624422769552,0.3095389491358388,-0.042978654153242715,0.01640118314854333,-0.06659684224924384,7.509829929958187e-05,-9.716980221700404e-05,-3.6740286816351475e-05,0.0015785092342062122,0.0004841351704007991,0.0004900680187541492,-0.0016539971325599452,0.00011594904725855065,0.0006120450331656475,-0.00019904879962507816,-0.0012967412991092694,0.0015753264258326672,0.4953162127049048
1781507085.8470764,-0.11204555216050763,0.7329832928553579,0.3095615935300762,-0.04288845728607922,0.016439658592563244,-0.0664637095544221,-0.11157298282290068,0.7329624422769552,0.3095389491358388,-0.042978654153242715,0.01640118314854333,-0.06659684224924384,0.00021611334989621073,-7.111610650081481e-05,-2.131587987023964e-05,0.001757586209050995,0.0008070845091548378,0.0003038216899720289,-0.0020373059813771797,-2.9697786165165557e-05,0.000507698139556377,0.00045686149803257945,-0.00023927716819153465,0.0016770273890521583,0.47357079096622545
1781507085.857075,-0.1120267594246524,0.732986725566061,0.30956369960597546,-0.04286319609367349,0.01646739959738075,-0.0664754171083354,-0.11157298282290068,0.7329624422769552,0.3095389491358388,-0.042978654153242715,0.01640118314854333,-0.06659684224924384,0.00032657807103588974,-4.929978577787911e-05,-8.663486239126702e-06,0.0018436535181073244,0.0010269659605316136,0.00015595562143545826,-0.0019043436260846192,4.866394408945635e-05,0.00033675411314310706,0.00046912403154056494,0.00015080295910140768,0.0012993675264484747,0.4550994047448591
1781507085.8670807,-0.1120108120628646,0.7329896910496658,0.30956553654503877,-0.04284364375503237,0.01648978373699994,-0.0664853664615473,-0.11157298282290068,0.7329624422769552,0.3095389491358388,-0.042978654153242715,0.01640118314854333,-0.06659684224924384,0.00041111810770803,-3.1161550871849915e-05,1.6032908501174005e-06,0.0018576757096190701,0.0011636037443420488,4.089447459255043e-05,-0.002222287573591114,-3.1158041705531e-05,-0.00032760094241637274,0.0002527331797518247,0.00017440227404965416,0.0014373755194256555,0.4394813184989681
1781507085.8770738,-0.11199734850405739,0.7329922405803455,0.30956713066424096,-0.04282890402873215,0.01650754140850097,-0.06649372625648589,-0.11157298282290068,0.7329624422769552,0.3095389491358388,-0.042978654153242715,0.01640118314854333,-0.06659684224924384,0.0004737752955984934,-1.620581436538133e-05,9.824868537091246e-06,0.0018173329381578102,0.0012341299921716433,-4.6437222379124625e-05,-0.002250699595130289,0.0002034702717821059,-2.3173460461682184e-06,0.0008926853862948628,0.0007508924061902842,0.0010866649569937277,0.4263430177352783
1781507085.887079,-0.11198604770284343,0.7329944215057239,0.30956850671766245,-0.04281817366567917,0.016521346522103686,-0.06650066631685561,-0.11166852404808042,0.732968642256316,0.3095518792284776,-0.042958786725668885,0.016386687317284432,-0.06652941866178838,0.0005180715897959552,-3.994406499203199e-06,1.6300439315209048e-05,0.0017373605048086316,0.0012531908145891797,-0.0001106014536205308,-0.002266129842357372,0.0001944537096159383,-0.00022390153342709984,0.0006502773701744489,0.0011017450130222286,0.0010117776786707094,0.3190020602295336
1781507085.897084,-0.11200725513473204,0.7329985262482592,0.30957538443347177,-0.04294381676021414,0.016583162390606754,-0.06647359286639543,-0.11166852404808042,0.732968642256316,0.3095518792284776,-0.042958786725668885,0.016386687317284432,-0.06652941866178838,0.00033923587565507873,3.392793220146587e-05,-6.377512883236657e-06,0.00017128111906098776,0.0017782182408585003,0.0002256376149143146,-0.0021572042362821625,0.0002339996701890425,-0.00033827603871411474,0.0006536608620082584,0.00033463353895394753,0.000900036491539448,0.3408581768132802
1781507085.9070761,-0.11201997737029784,0.7329976355421279,0.30956748682390534,-0.04295270262776639,0.016639158087132788,-0.06643766307280967,-0.11166852404808042,0.732968642256316,0.3095518792284776,-0.042958786725668885,0.016386687317284432,-0.06652941866178838,0.00022433124694017662,4.0675421955975436e-05,-8.125644019686142e-05,4.917690222790529e-05,0.0021780156559383945,0.0006190810063159595,-0.0018311790473347733,0.00020573662706733245,-0.00019094542410759007,0.0006434792776158842,0.00047726067853084265,7.198928924813269e-05,0.3529924154353353
1781507085.9170752,-0.11203106934924413,0.732996917980996,0.3095605735108724,-0.04296022792210077,0.01668423320385992,-0.06640792553946,-0.11166852404808042,0.732968642256316,0.3095518792284776,-0.042958786725668885,0.016386687317284432,-0.06652941866178838,0.00012924639123163413,4.5576726680975985e-05,-0.00014033763112981256,-4.366003416792463e-05,0.0024179524288028796,0.0008969277885093657,-0.002061681944770857,0.00010554946547375506,-7.130429946991697e-05,0.0005230843450240315,0.0008999727980874896,0.0002562245694064733,0.3637501925063763
1781507085.9270725,-0.11204071729410822,0.7329963552077047,0.3095545313101807,-0.04296652814026511,0.016719892014005033,-0.06638364154570042,-0.11166852404808042,0.732968642256316,0.3095518792284776,-0.042958786725668885,0.016386687317284432,-0.06652941866178838,5.127713884940912e-05,4.893385912221913e-05,-0.00018598820474769557,-0.00011202621773519553,0.0025315432327322773,0.0010805567973437423,-0.0013774739160645631,6.370785627495139e-06,-0.00020084308606470024,0.00016116337430925804,0.0011800522644397032,-7.833018765404102e-05,0.37323297496435714
1781507085.9370751,-0.11204908697568985,0.7329959279489467,0.30954926235437097,-0.04297173824972465,0.016747519381071108,-0.06636410834086273,-0.1117654152929386,0.7329803010767102,0.30955396999993556,-0.04291850535490506,0.0164314282453204,-0.066506888521462,-1.1964217098251088e-05,5.100883323441465e-05,-0.00022027860024353271,-0.00016018549866624808,0.002547357931542893,0.0011885653993975013,-0.00110794701266199,2.098617910263461e-05,-6.315272499869555e-05,5.5039049957163114e-05,0.0007698767957290241,0.00029542773905466313,0.28414078316494706
1781507085.9470687,-0.11205632606552042,0.7329956169729994,0.3095446813729446,-0.04297598914343617,0.01676837278961374,-0.06634866935685607,-0.1117654152929386,0.7329803010767102,0.30955396999993556,-0.04291850535490506,0.0164314282453204,-0.066506888521462,-6.258108100217426e-05,5.2028233033903904e-05,-0.0002450148556069952,-0.0001918858608202231,0.0024894793702768063,0.0012369578568338475,-0.001068668344343742,0.00020135411725301765,0.00024896941522237084,0.0004156467115020989,0.0015615403348591727,0.0003722127861798021,0.2914617176829107
1781507085.9570763,-0.11204128051421686,0.7329982519300537,0.3095504424042867,-0.04296928712041174,0.01676271435741228,-0.06638961801804542,-0.1117654152929386,0.7329803010767102,0.30955396999993556,-0.04291850535490506,0.0164314282453204,-0.066506888521462,5.077622772473561e-05,4.8944532990515524e-05,-0.00018784068919674903,-9.028014918927765e-05,0.002175170961081521,0.0006527031358911379,-0.0009584714594184732,0.0002285447133536869,0.00027855315188723766,0.00021730261813896845,0.0012794049635358946,0.0005244060072720694,0.2764711510767928
1781507085.967077,-0.11202839399990301,0.7330004745263631,0.30955537467333816,-0.042963574799895966,0.016755934163287467,-0.06642457245153457,-0.1117654152929386,0.7329803010767102,0.30955396999993556,-0.04291850535490506,0.0164314282453204,-0.066506888521462,0.00014113304544877806,4.584884445553166e-05,-0.00013956267112595137,-1.1675230059697312e-05,0.0018801299251261382,0.00019707535139953003,-0.0011373082089295792,6.406913491453202e-06,-1.2083507443606314e-07,-0.00012296295469555322,0.0012701565355134896,0.0008182417072852201,0.2637550786144995
1781507085.9770324,-0.1120173946020262,0.7330023256688607,0.30955959033142993,-0.042958760434955764,0.016748499028556685,-0.06645407883913075,-0.1117654152929386,0.7329803010767102,0.30955396999993556,-0.04291850535490506,0.0164314282453204,-0.066506888521462,0.00021188077387517782,4.278275739829902e-05,-9.90379736118178e-05,4.7543343582343615e-05,0.0016076013682535522,-0.00014970503971209817,-0.0013493087893581368,-2.550099627027502e-05,3.106963514962879e-06,-0.00011637313811655029,0.0011462008167839525,0.0011551760418347329,0.25300245649749736
1781507085.98707,-0.11200804257239592,0.7330038461292768,0.3095631871391881,-0.04295475070609761,0.016740776659935452,-0.06647869553622535,-0.1118208688088973,0.7329860843313268,0.3095617604354558,-0.04291140434495977,0.01649471017886861,-0.06647539869036728,0.0002659904063141318,3.977928404884031e-05,-6.525092274837214e-05,9.061466239740957e-05,0.0013594005070849185,-0.00040543758262091996,-0.0014901888072967168,-9.322165970221866e-06,-0.00021772258508409212,-0.0003503117655355768,0.0021450144725850815,0.0011070199934648235,0.18802003800710967
1781507085.997082,-0.1113293689649925,0.7341150085219492,0.3095137756818612,-0.043100139011362996,0.01672918420499503,-0.06648093696159581,-0.1118208688088973,0.7329860843313268,0.3095617604354558,-0.04291140434495977,0.01649471017886861,-0.06647539869036728,0.00015902749336414184,4.589164138195785e-05,-3.668312796953977e-05,-0.0015061033017471953,0.0010859269234549027,-0.0003910738578986331,-0.0017301183763986463,0.00010826151986124098,-2.0062805178468826e-05,-0.0003611099031740007,0.001979375013438901,0.001495919449138056,1.2322112080761056
1781507086.0070844,-0.1106487798191149,0.7352259006450669,0.30946235708756403,-0.04322103345182174,0.01671845297854846,-0.06648241988998457,-0.1118208688088973,0.7329860843313268,0.3095617604354558,-0.04291140434495977,0.01649471017886861,-0.06647539869036728,7.114549872174477e-05,5.0216984054194686e-05,-1.328485681659855e-05,-0.002661243425377288,0.000851295243612828,-0.0003696148880770576,-0.0014733826035927614,5.693932799342645e-05,-0.00013062208311167683,-0.0005142936660087335,0.001824112752035258,0.0010564626834057714,2.5299112128367724
1781507086.017075,-0.10996650215950576,0.7363365634790304,0.30940921742819644,-0.04332026627375668,0.016708660954407817,-0.06648329386672895,-0.1118208688088973,0.7329860843313268,0.3095617604354558,-0.04291140434495977,0.01649471017886861,-0.06647539869036728,-3.0529287337116237e-07,5.3052952850203877e-05,5.6669797048368315e-06,-0.0034539049977127547,0.0006521896008107247,-0.0003434250665744463,-0.001033638810525742,0.0006698372788348307,8.301425847709602e-05,-0.00018461885962228698,0.0020549629282048715,0.0005754491130141351,3.8324477241882753
1781507086.0270724,-0.10928273939438729,0.7374470327864442,0.3093546151588606,-0.04340055251848095,0.016699840796031262,-0.06648368765504904,-0.1118208688088973,0.7329860843313268,0.3095617604354558,-0.04291140434495977,0.01649471017886861,-0.06647539869036728,-5.766020172032476e-05,5.465735768002664e-05,2.080919886794009e-05,-0.003953276441597896,0.00048515293157231113,-0.00031440595492978235,-0.00015598478848729582,0.0024844780471142483,-0.0005929674123072408,-0.0013513369700240338,0.0021774519886335916,0.0001460589237365293,5.1366400700876955
1781507086.0370784,-0.10859767340600261,0.7385573396075821,0.30929878098134955,-0.04346444509150485,0.016691990336569873,-0.06648371089927539,-0.11188044927834911,0.7330142899756757,0.3095475884564258,-0.04295051551729945,0.016596017273944996,-0.06643677284723687,-0.00010297256940469355,5.525276658381939e-05,3.270129220268077e-05,-0.004219226431306428,0.0003467170460605168,-0.0002840601527659432,0.0006081966038331631,0.006613743904937751,7.580215160001694e-05,-0.00025902747454801346,0.003621875789108797,0.0013508218274742836,6.447008748985148
1781507086.047077,-0.10791146650589865,0.739667510742743,0.30924191856084393,-0.04351430553569814,0.01668508138183844,-0.06648345590306662,-0.11188044927834911,0.7330142899756757,0.3095475884564258,-0.04295051551729945,0.016596017273944996,-0.06643677284723687,-0.0001380433546484565,5.503063621198173e-05,4.1833586882770345e-05,-0.004303001903703775,0.00023350038033326834,-0.0002535501058645964,0.005619450994419422,0.011335322674203334,-0.0005654338543953512,-0.0012785185369530274,0.001821874008968576,-0.0008457278335919179,7.753167411349241
1781507086.0570803,-0.10719478815778777,0.7407818545606056,0.3091830082653444,-0.04357057154402869,0.016647426984521596,-0.0664350152494518,-0.11188044927834911,0.7330142899756757,0.3095475884564258,-0.04295051551729945,0.016596017273944996,-0.06643677284723687,1.2523152154573028e-05,9.977831434976113e-05,4.709253150597472e-05,-0.004456400891150668,-0.0002255773672051154,0.00028448045906698504,0.008694692824119466,0.014709268673247415,-0.001365454035375844,-0.002346481123479936,0.0017837983552185452,-0.0023868183693142105,9.078733305562302
1781507086.067078,-0.10648167465087365,0.7418956058578048,0.3091235956575538,-0.043613810186767105,0.01661595378816738,-0.06639454164641806,-0.11188044927834911,0.7330142899756757,0.3095475884564258,-0.04295051551729945,0.016596017273944996,-0.06643677284723687,0.0001332352204287734,0.0001344362564408009,5.0717560869424854e-05,-0.004449353747683026,-0.0005633829020188042,0.0006798139697701032,0.011291577133784063,0.019282188065258252,0.0007100843934631607,-7.31476971888742e-05,0.0023620260533895945,-0.0023024210974809754,10.402130030427696
1781507086.0770755,-0.10646420297992562,0.7418990651617148,0.3091244078032516,-0.04364610401640786,0.016589973060124885,-0.066361145663942,-0.11188044927834911,0.7330142899756757,0.3095475884564258,-0.04295051551729945,0.016596017273944996,-0.06643677284723687,0.00022845140249656235,0.000160555278000928,5.298499412617304e-05,-0.004322282651689275,-0.0008010744120959057,0.0009574099516954065,0.015653593526025068,0.025261429315362998,0.0011019633664670048,0.00030603327355991023,0.0001876349472734461,-0.0012989471207578648,10.414126748645899
1781507086.0870712,-0.10575691157648316,0.7430118230597157,0.3090643141145096,-0.04366931307138859,0.016568818530566576,-0.06633396705837581,-0.11147002469025225,0.7337670316354047,0.30953830507255004,-0.04301041005400266,0.01666570721503824,-0.06648684212367255,0.0003019936859121435,0.00017948852888369655,5.4133854994841736e-05,-0.004108759955322394,-0.0009572459583645569,0.0011391920542451505,0.020409612958932483,0.03198627340414405,-0.0017737682620100103,-0.0037826145416744216,-0.0014201619785745407,-0.0008866753245452627,10.877982228246132
1781507086.0970688,-0.10499834098245564,0.7442086003902004,0.30900030965459846,-0.04374364050042909,0.016547161595511284,-0.06634641182269296,-0.11147002469025225,0.7337670316354047,0.30953830507255004,-0.04301041005400266,0.01666570721503824,-0.06648684212367255,0.0007098124608782414,0.0007226717942705363,1.713480935900625e-05,-0.00446943974766783,-0.0010828399495938436,0.0008687832689575762,0.024155315215076113,0.0395830571567383,-0.002688604115556292,-0.005205823675157619,-0.0031219698345790413,0.0005828185185678262,12.296279402511296
1781507086.1070786,-0.10424955321609894,0.7453926343464519,0.3089365010850991,-0.04380206652000977,0.016529905350928686,-0.06635771847283774,-0.11147002469025225,0.7337670316354047,0.30953830507255004,-0.04301041005400266,0.01666570721503824,-0.06648684212367255,0.0010282043799062484,0.001149567751199415,-1.278414657844084e-05,-0.004617345641172762,-0.001147297284816088,0.0006423935341764801,0.028205858157494806,0.044266370110289124,-0.002914266860563273,-0.005144420051449093,-0.002997457998590062,-0.0008792264758718748,13.69861360662023
1781507086.1170866,-0.10350932651329098,0.746565491235157,0.3088729057236005,-0.043846978881758966,0.016516418751854278,-0.06636786324579692,-0.11147002469025225,0.7337670316354047,0.30953830507255004,-0.04301041005400266,0.01666570721503824,-0.06648684212367255,0.0012707724709747944,0.0014777021736899255,-3.664029303815322e-05,-0.004601778305245501,-0.001164184054281156,0.00045518284519165304,0.028189430702544822,0.0465397692311614,-0.001703867673286476,-0.0029418799167990647,0.0016893290877659404,-0.001401877144407347,15.086949323330737
1781507086.1270752,-0.10277657270599878,0.7477285712782261,0.30880953492021485,-0.043880536554382926,0.016506125804231164,-0.06637686002785288,-0.11147002469025225,0.7337670316354047,0.30953830507255004,-0.04301041005400266,0.01666570721503824,-0.06648684212367255,0.0014493976446273377,0.001722395691522674,-5.5327097221958e-05,-0.004464151861695586,-0.0011449666468516509,0.00030245227307579975,0.027884250007825958,0.046542898609200564,-0.0015373746801290392,-0.0026547786691480963,0.0009548156953524227,0.00047966788239981465,16.463043538043916
1781507086.1370833,-0.10205032446788076,0.7488831234258942,0.3087463944439029,-0.043904667988115154,0.016498507518696304,-0.06638475056218415,-0.11017933888346154,0.7358654899961246,0.30942155056960935,-0.04321608585692208,0.01658027719245858,-0.0664881910533621,0.0015744277985648171,0.0018970045759501514,-6.962731142758018e-05,-0.004238837668437387,-0.0010992244398718401,0.0001797372248366956,0.028529680455265608,0.04750170376976424,-0.0002762993399126675,-0.0009247982530514457,-0.001195639225732867,0.0025849702785183323,15.362144748525727
1781507086.1470678,-0.10130247894538871,0.7500703116275771,0.3086678331105753,-0.04390342229076902,0.01655398553715126,-0.06636254660280944,-0.11017933888346154,0.7358654899961246,0.30942155056960935,-0.04321608585692208,0.01658027719245858,-0.0664881910533621,0.001824155914191947,0.002280216865260875,-0.00019668413760243658,-0.003766365969368529,-0.0003847946871816031,0.00042884485943583327,0.03288556235929983,0.05089369569434635,-0.0034308383163627458,-0.004875269533642462,-0.0012292349270526623,0.0017224567395529374,16.767339978350677
1781507086.1570697,-0.10054509892903461,0.7512632216566509,0.3085759085215371,-0.0437936778127877,0.016538486863215907,-0.06639185402190698,-0.11017933888346154,0.7358654899961246,0.30942155056960935,-0.04321608585692208,0.01658027719245858,-0.0664881910533621,0.002129691553407434,0.002657350317480714,-0.0003547575042200967,-0.0021518439885085186,-0.0004980409830797686,5.5006665428157314e-05,0.03529832993195172,0.05499814491935037,-0.0055565524923517915,-0.008237943961120656,-0.001953512692210146,0.0009744798264757545,18.183064380420603
1781507086.1670744,-0.10049061401918567,0.7513330697255262,0.30854951315314866,-0.04369939819902559,0.01652590895118289,-0.06641657636648259,-0.11017933888346154,0.7358654899961246,0.30942155056960935,-0.04321608585692208,0.01658027719245858,-0.0664881910533621,0.0023479820072964002,0.002926431601117946,-0.0004771594212779438,-0.0008832363141170673,-0.0005692571722672814,-0.00022660722208056583,0.036570338253694774,0.057614802267020065,-0.003608475886020777,-0.003936702230699395,-0.002786415013171406,-0.00010171027964539195,18.272325014533326
1781507086.1770718,-0.09975254015049584,0.7525010681823013,0.30846665416357866,-0.04361928663161864,0.01651586327692156,-0.06643718618240296,-0.11017933888346154,0.7358654899961246,0.30942155056960935,-0.04321608585692208,0.01658027719245858,-0.0664881910533621,0.002493468407023794,0.00310536197166667,-0.0005693742997459785,9.146443080985023e-05,-0.0006070329186405591,-0.0004314110399920845,0.0371129177632681,0.05895094864122223,-0.0013384815052397583,-0.0005570913347755212,0.0004828847309786442,-0.0012509183784288644,19.65635827289547
1781507086.1870763,-0.09902223798641659,0.7536590175171561,0.30838753068214303,-0.04355198361728062,0.016507989506148846,-0.06645415018603756,-0.1084714255783698,0.7385503697251399,0.3092324908869668,-0.04345731986146809,0.016528039206944678,-0.0664778448739676,0.0025786662062698717,0.003209654380038943,-0.0006361873779381989,0.000819270600636004,-0.0006187193538470723,-0.0005730569015792973,0.03880974942667352,0.06109945538906469,-0.0026391173462832593,-0.0011966943014694474,0.0023837623111020506,0.00022440546086730903,17.840188956366365
1781507086.1970737,-0.09829865360914512,0.7548082867773842,0.30831164323518157,-0.04349611991703908,0.016501958283442253,-0.06646791793746551,-0.1084714255783698,0.7385503697251399,0.3092324908869668,-0.04345731986146809,0.016528039206944678,-0.0664778448739676,0.0026143863930238494,0.003252707945508946,-0.0006817619833030588,0.0013421651026317358,-0.0006105384409053875,-0.0006635028628939549,0.04049288896234932,0.06541149954362681,-0.0032835981557305938,-0.0016808680714767087,0.004840329622946209,-5.810983220585735e-05,19.200341580641187
1781507086.2070756,-0.09757450350063797,0.7559309454763373,0.30827426607805475,-0.043397218903868384,0.0164028402050862,-0.06642499294911898,-0.1084714255783698,0.7385503697251399,0.3092324908869668,-0.04345731986146809,0.016528039206944678,-0.0664778448739676,0.0026416880119272874,0.00313980011182469,-0.00044137424996201134,0.002267418923825879,-0.0016455022119073203,-0.0001699533969788861,0.04320239194391708,0.06981553760894876,-0.0007138226715454636,0.001743913434249966,-0.0007662977718229564,0.00053545213823181,20.53644367936393
1781507086.2170737,-0.09685637504030989,0.7570501228535944,0.3082344409640067,-0.04331611826698858,0.016320986288856032,-0.06638880606849765,-0.1084714255783698,0.7385503697251399,0.3092324908869668,-0.04345731986146809,0.016528039206944678,-0.0664778448739676,0.002630132149201608,0.0030093762787607014,-0.00024280477153971916,0.0028986184978587706,-0.0023759188019928665,0.00020450165310568395,0.04416138312759983,0.0718881544809445,-0.0027085563871968536,0.0001800336410802417,0.001094633345882435,0.0009043983255948792,21.866558221726848
1781507086.2270768,-0.09683595089942758,0.7570565988186502,0.30825234581468614,-0.04325057415134973,0.016254308996161537,-0.06635865659495457,-0.1084714255783698,0.7385503697251399,0.3092324908869668,-0.04345731986146809,0.016528039206944678,-0.0664778448739676,0.0025875289679644048,0.0028665436740488415,-8.032194236373051e-05,0.0032922146148639834,-0.002858156222374293,0.00047947266621309526,0.04490212373496941,0.07247090492003366,-0.005886482249305861,-0.0024794371268352126,-0.003989087238249428,0.0032364680372029956,21.882081039711665
1781507086.2370782,-0.09612736055245094,0.7581704332899839,0.30820817932062217,-0.04319847962836397,0.016200828643911702,-0.06633385469226981,-0.10636550080704804,0.7419370521150891,0.3090850075999992,-0.04347983457201667,0.016483873736323096,-0.06643773372599836,0.0025205416585331974,0.002715559474732065,5.1132671207679184e-05,0.0034970080264207096,-0.0031412421540751184,0.0006723763784073163,0.046039485816145205,0.07577588240667756,-0.0015498978568835233,0.003833849104400386,0.0039839017491571215,0.00020304917055938355,19.21226191976744
1781507086.2470808,-0.09542250974738899,0.7592822822186196,0.30816219033888426,-0.04315788801899309,0.016158700568057904,-0.06631373747083465,-0.10636550080704804,0.7419370521150891,0.3090850075999992,-0.04347983457201667,0.016483873736323096,-0.06643773372599836,0.002434828222868033,0.002559944517226593,0.00015601300289271155,0.003554731700331563,-0.003267362470319458,0.0007985091108467287,0.048531755823046016,0.07949783594640619,-0.0026860175622629816,0.004119558503500395,-0.000310507388086654,0.0012050812403219767,20.529433805480622
1781507086.2570796,-0.09468769695799022,0.7604307322446813,0.30807378944432345,-0.043298904604381114,0.016162106098688955,-0.06623610157069751,-0.10636550080704804,0.7419370521150891,0.3090850075999992,-0.04347983457201667,0.016483873736323096,-0.06643773372599836,0.0025393473703267605,0.0026682257353550453,-6.088300064392455e-05,0.0016134941360286786,-0.002909805620327499,0.0015596195055078755,0.05089956302059245,0.07985930123540623,-0.005942745846881789,0.0007212554630221055,-0.001277030216486853,0.0004443880844072011,21.895430336741747
1781507086.2670805,-0.09396052224717708,0.7615724431618001,0.3079892762935615,-0.04341901766631644,0.01616758765145443,-0.06617234816223588,-0.10636550080704804,0.7419370521150891,0.3090850075999992,-0.04347983457201667,0.016483873736323096,-0.06643773372599836,0.002591076426270561,0.0027213418608861553,-0.0002342298397313596,0.00011483531314978516,-0.002562235148566103,0.0020872216811531393,0.05164379800622489,0.07848609683378667,-0.006884198030492441,-0.0007082728741842212,-0.0043832951851687455,-0.0015391516288286206,23.25150966548244
1781507086.2770736,-0.09323991369012176,0.7627083443266119,0.30790817332751214,-0.04352018071601092,0.016174472507792137,-0.06612074224881515,-0.10636550080704804,0.7419370521150891,0.3090850075999992,-0.04347983457201667,0.016483873736323096,-0.06643773372599836,0.00259977155436508,0.002729499895881793,-0.00037042009832272474,-0.0010111944875844864,-0.0022316650801703264,0.0024254173895817827,0.04854727298603845,0.07657166026853514,-0.003851280846317062,0.003919731926574646,-0.004244900769462171,0.0004913197266151845,24.59903567633071
1781507086.2870843,-0.09321715724544814,0.7627292832187899,0.3078903786083193,-0.043604376178365184,0.01618221868385561,-0.0660796511111442,-0.10383418574052894,0.7459191810402677,0.30882650265214995,-0.04341682403193484,0.016456519578661233,-0.06647725697425022,0.002573810024433716,0.002701463412221023,-0.0004750563827931979,-0.0018272054432785477,-0.0019228844365938432,0.0026124363465922437,0.04945701919497811,0.076513537263502,-0.0038472796908185607,0.0026562933562063492,-0.0007610845412829718,-0.0001586213611359656,19.90419949516061
1781507086.2970757,-0.09250692212018245,0.7638558929883369,0.3078149721182344,-0.04367355386620292,0.016190396915309435,-0.06604756342292908,-0.10383418574052894,0.7459191810402677,0.30882650265214995,-0.04341682403193484,0.016456519578661233,-0.06647725697425022,0.0025203560188284783,0.002644726191430384,-0.0005530361360158867,-0.0023885948106509842,-0.0016388842820952315,0.0026810617978498008,0.05128711528676063,0.08060018787701433,-0.0036066340530618627,0.0021344203732477428,-0.00476740764958392,0.0026877639667747667,21.2380726680619
1781507086.3070936,-0.09181768468775779,0.7649708599965249,0.30777448439144617,-0.04358088234967049,0.016167582661323676,-0.06599003016978994,-0.10383418574052894,0.7459191810402677,0.30882650265214995,-0.04341682403193484,0.016456519578661233,-0.06647725697425022,0.0023331882515637736,0.0025220579381260945,-0.0003715518682191946,-0.0011263483468537,-0.0017364072855474114,0.003004908260302247,0.05197312627596327,0.08321963618128744,-0.004460366604293033,0.000512035330437037,0.003240348127909646,0.0016774237843495239,22.54926852526263
1781507086.3170843,-0.09182157221034108,0.7649739080782968,0.30779186409307235,-0.04350195012205542,0.016149861076850902,-0.06594446844785737,-0.10383418574052894,0.7459191810402677,0.30882650265214995,-0.04341682403193484,0.016456519578661233,-0.06647725697425022,0.0021533711287936375,0.002391626122811598,-0.00022115323099753203,-0.00014975765369771286,-0.0017619633418613741,0.003165294281225026,0.050867700192764674,0.0800876330522686,-0.004199878837231551,0.0001566758180785056,-0.0052630588215826475,0.002974739678160401,22.548968563270936
1781507086.327079,-0.09113411026113338,0.766085461697064,0.307746901797739,-0.043435472550295263,0.016136441720302486,-0.06590912311734881,-0.10383418574052894,0.7459191810402677,0.30882650265214995,-0.04341682403193484,0.016456519578661233,-0.06647725697425022,0.001981733371603702,0.0022566146318841007,-9.761500687392074e-05,0.0005860686561420808,-0.0017328935609635444,0.0031988168962835306,0.04810191097911704,0.07544744195469111,-0.0032360256167629354,0.0010567506411141355,-7.766305344014446e-05,0.001228010285617982,23.856578353063725
1781507086.3370757,-0.09044720646553814,0.7671957618619976,0.3077000881410841,-0.04338014628545096,0.016126614240649317,-0.06588239961774779,-0.10128528497812817,0.7499336139267887,0.30861420113099886,-0.043375769576818046,0.016331604306705882,-0.06638005183890874,0.0018188366141654413,0.0021196374330039254,2.795044012786257e-06,0.0011213566187886397,-0.001663687285964053,0.0031363690788862872,0.04668953081393069,0.07354894244700448,-0.0028118306793512298,0.0006684961162360601,-0.002389044955055291,0.0025920739003975147,20.40297281624499
1781507086.3470736,-0.08976067326750777,0.7683050423049458,0.3076516119491711,-0.043334689605851996,0.01611974780434311,-0.0658628673208271,-0.10128528497812817,0.7499336139267887,0.30861420113099886,-0.043375769576818046,0.016331604306705882,-0.06638005183890874,0.0016650209639710524,0.001982817856745882,8.336612106047352e-05,0.001491735567996615,-0.001566300269245595,0.0030037244525724133,0.04635597057574473,0.07440000895421008,-0.003838572624999571,-0.0010961192300609894,0.0005747294241335626,0.004972338974145718,21.708354006402605
1781507086.3570855,-0.08976148516264307,0.7682799385096502,0.30769194580696946,-0.043500153934708984,0.01615957969915005,-0.06585766109766844,-0.10128528497812817,0.7499336139267887,0.30861420113099886,-0.043375769576818046,0.016331604306705882,-0.06638005183890874,0.0015525176075770917,0.0016974507563561013,0.0003093816832151891,-0.00047832123384176375,-0.0009629424665025424,0.0027514671283127754,0.047991749008319845,0.07881488547894372,-0.003742314351209302,-0.001575824738112743,0.0035767322375698436,0.0049496446456673395,21.68492893162856
1781507086.367074,-0.08907109237781002,0.7693677053622165,0.30766596524228623,-0.04363892579371721,0.016193858064041278,-0.06585584945522595,-0.10128528497812817,0.7499336139267887,0.30861420113099886,-0.043375769576818046,0.016331604306705882,-0.06638005183890874,0.0014425309590301095,0.0014468572849324394,0.0004869007284977316,-0.001941319725370246,-0.00048448780760684546,0.0024871523074971678,0.051270531120480835,0.08206770176288641,-0.005392355372215028,-0.0021893817899521035,-0.003208771371848713,0.005237820553235424,22.973235777723584
1781507086.377075,-0.08838130756083573,0.7704579447169324,0.3076344530731738,-0.04375389956520679,0.016223036046591366,-0.06585663012373799,-0.10128528497812817,0.7499336139267887,0.30861420113099886,-0.043375769576818046,0.016331604306705882,-0.06638005183890874,0.0013359582984895876,0.0012273544229857761,0.0006232387254941986,-0.002984351687010849,-0.00011272065391239349,0.0022210361773787836,0.049935751787433806,0.07986612321079005,-0.005330513870802791,-0.0014534015648782516,-9.26749866512562e-05,0.0029342942665222865,24.263567211480797
1781507086.3870807,-0.08769197370019174,0.7715504116910835,0.30759813940771036,-0.043847895258356494,0.01624759310598045,-0.06585933114728258,-0.09885511460972263,0.753795404442521,0.3083848184158592,-0.0434564304943812,0.016297297705246017,-0.06621680797301517,0.0012334766796833314,0.0010355915917597148,0.000724790141679229,-0.0036841673378018858,0.00016892898940053805,0.001960853172942226,0.04859961359988447,0.07729500689916402,-0.0019988852162526193,0.0023285681445882602,-0.003575052281335374,0.002568438731155956,20.98749297139634
1781507086.397076,-0.08702270642704267,0.7726633218168004,0.30752836670524475,-0.04381977361940282,0.016339414415939446,-0.06580439542795065,-0.09885511460972263,0.753795404442521,0.3083848184158592,-0.0434564304943812,0.016297297705246017,-0.06621680797301517,0.0010059241914099945,0.0010004262297052943,0.0005990135400410839,-0.0029845248310419654,0.0011255892207176412,0.0023898098440131898,0.05011352791929808,0.07775258866138371,-0.00534302270915586,-0.002235349295444121,0.004889249962201626,0.00041343784612082467,22.28761312874935
1781507086.4070735,-0.0863158732317974,0.773792842336297,0.3074746149126128,-0.043907355292733374,0.016342403008858142,-0.06584688820135778,-0.09885511460972263,0.753795404442521,0.3083848184158592,-0.0434564304943812,0.016297297705246017,-0.06621680797301517,0.0010393567216728792,0.0010512839114271333,0.0005982908887406909,-0.0036072416226215465,0.0010558528060166314,0.001666952169603597,0.052818555033424426,0.08238231071290199,-0.004277062781389294,-0.0026247715180652918,-0.0006177719545690055,0.0037588710121961217,23.621146607788123
1781507086.4170845,-0.08561165347982702,0.774919006964297,0.30741927523298596,-0.04397773089063317,0.016343880108264264,-0.06588411576373082,-0.09885511460972263,0.753795404442521,0.3083848184158592,-0.0434564304943812,0.016297297705246017,-0.06621680797301517,0.0010530257543931887,0.0010787902583124036,0.0005901298106312684,-0.003975079735017116,0.0009747137652417862,0.0010797070060145977,0.05404285851055565,0.08566389717547981,-0.004514617137410136,-0.0028449126324754633,-0.002390630326961083,0.0033219430404038152,24.950513418265192
1781507086.4270718,-0.08490968347556492,0.7760422642345361,0.30736261201491466,-0.04403328817941251,0.016344184538785056,-0.06591637904200068,-0.09885511460972263,0.753795404442521,0.3083848184158592,-0.0434564304943812,0.016297297705246017,-0.06621680797301517,0.0010506559813630726,0.0010872022471715586,0.0005761007723289113,-0.004141877774244494,0.000887248695821567,0.0006101470516433293,0.05229451707264131,0.08361152543532677,-0.004553375993858478,-0.0035723145864693514,-0.0005295910695836589,0.0032441273285224153,26.276276868103793
1781507086.4370866,-0.0842096441276072,0.7771630135683418,0.3073048535643025,-0.04407622185443736,0.016343602232876897,-0.0659440394715338,-0.09623819456236349,0.7579632493309758,0.30820873887913836,-0.04350186819335862,0.016198490288338085,-0.06603774170772778,0.0010354407131087848,0.001080179209602907,0.0005575388552836118,-0.004153478044631,0.0007974353392731916,0.00024161840799490628,0.051049616626516026,0.08427412822466647,-0.0027314541763606157,-0.0015068660045466668,0.001288666133480489,0.0035208414653057998,22.674522729140097
1781507086.447084,-0.0842033416892309,0.7771715876396229,0.30730719365444154,-0.04410852187384396,0.016342371655638788,-0.06596749390873788,-0.09623819456236349,0.7579632493309758,0.30820873887913836,-0.04350186819335862,0.016198490288338085,-0.06603774170772778,0.001010106219055834,0.0010608543362268011,0.0005355732632161571,-0.004048476701758277,0.0007083190047183565,-4.112278912579877e-05,0.05303048300770218,0.08433973257902277,-0.002809713187658786,-0.001989079511233855,0.0015304943320021747,0.0004469014697197992,22.685033128685557
1781507086.4570827,-0.0835083350303593,0.778283916755792,0.3072920234542438,-0.044109355320762315,0.016373586510790128,-0.06603667344057801,-0.09623819456236349,0.7579632493309758,0.30820873887913836,-0.04350186819335862,0.016198490288338085,-0.06603774170772778,0.0009658925043916398,0.0009916898151650481,0.0007884804094428581,-0.003603169720798988,0.001004745620105469,-0.0007759997810406905,0.054381454602658946,0.08467825233288041,-0.004691577882276316,-0.004686558283745073,0.005396580302587379,-0.0009117599272339377,23.996233359941797
1781507086.4670763,-0.08281412917508338,0.77939522322194,0.3072698036561021,-0.044106736746255135,0.01639895258977475,-0.06609410638945183,-0.09623819456236349,0.7579632493309758,0.30820873887913836,-0.04350186819335862,0.016198490288338085,-0.06603774170772778,0.0009181600825181115,0.0009236006776608854,0.00098151662912299,-0.0031708858279415816,0.0011993566167501064,-0.0013053712767152241,0.05600928282605945,0.09098630932781082,6.617344249513913e-06,0.0005301165114998866,0.0007324436912932915,0.0021407402342277933,25.306454428425972
1781507086.4770803,-0.08212059836215978,0.7805056887681482,0.30724144522971014,-0.04410160300433633,0.016419241999324097,-0.06614116594174767,-0.09623819456236349,0.7579632493309758,0.30820873887913836,-0.04350186819335862,0.016198490288338085,-0.06603774170772778,0.0008682077552166171,0.0008572375877132804,0.001124044111449594,-0.002760192959006589,0.0013123507785751981,-0.0016662755576430876,0.05675939637905044,0.09257497348883362,-0.004100505968258162,-0.0049243623207743704,0.0026285910299942406,0.0015599900309511028,26.615855335773354
1781507086.4870825,-0.08142763334394143,0.7816154726533614,0.3072077565152078,-0.044094724985773326,0.01643517218484103,-0.06617916494488595,-0.09350003093795217,0.762321612823869,0.3080187311050538,-0.04371206094428523,0.01632759598644018,-0.06602716687886698,0.0008171062941434373,0.0007931010101366792,0.0012242185675427552,-0.0023769196527222035,0.0013610971496612525,-0.0018910752020982367,0.05683904876103975,0.09006463425705903,-0.006135641326202075,-0.007310378206048932,0.0010203248285204267,0.001207752904697053,22.77396519215203
1781507086.4970734,-0.08073513909728372,0.7827247132986758,0.30716945306824883,-0.04408672811346507,0.016447400012189917,-0.06620933509146842,-0.09350003093795217,0.762321612823869,0.3080187311050538,-0.04371206094428523,0.01632759598644018,-0.06602716687886698,0.0007657298467283971,0.0007315644924756704,0.0012891238391756841,-0.0020246823975226045,0.001360368931020963,-0.002007743679780531,0.055215921815613786,0.09176842014716105,-0.001350999913781964,0.00032341275343441417,0.003036661138735645,0.001464702390254157,24.082156171589435
1781507086.5070717,-0.0800406890739815,0.7838215007306025,0.3070936840909056,-0.0442549398656927,0.016476251212173443,-0.06615349575772247,-0.09350003093795217,0.762321612823869,0.3080187311050538,-0.04371206094428523,0.01632759598644018,-0.06602716687886698,0.0007312916100651872,0.0006148034073020099,0.0011055432923849874,-0.003650004997785363,0.0014999547836052761,-0.0011657359850577873,0.05858661566978219,0.09080661191542769,-0.005016281221253399,-0.004640005196858671,0.0015547303605625016,-0.003129002596128707,25.3821743629604
1781507086.5170724,-0.0793470618084049,0.7849198725640999,0.3070189550979492,-0.044393049735261314,0.016499195030810876,-0.06610540381843494,-0.09350003093795217,0.762321612823869,0.3080187311050538,-0.04371206094428523,0.01632759598644018,-0.06602716687886698,0.0006943793110215115,0.0005132805594441371,0.0009441614020498519,-0.004767898862682172,0.001563465268651107,-0.0005029460298747996,0.05774912230857538,0.09210928064379299,-0.0049181714674391384,-0.0034006594322088042,0.0021023717854074396,-0.000580943529625107,26.68309259687191
1781507086.5270803,-0.07865410968263199,0.7860196729524391,0.3069452581529545,-0.04450482498597224,0.016517083618384998,-0.06606443197508459,-0.09350003093795217,0.762321612823869,0.3080187311050538,-0.04371206094428523,0.01632759598644018,-0.06602716687886698,0.0006559486174297008,0.00042527695696054253,0.0008026448695517463,-0.005474992437013074,0.0015682412714895057,7.421592097550211e-06,0.05773190235600032,0.09232093391054653,-0.004531376440529872,-0.002841675164795146,0.004442889626099741,-0.002087411574320135,27.98484904292644
1781507086.5370748,-0.07796170514359828,0.7871207554688605,0.3068725734277939,-0.0445938091226053,0.016530694015633784,-0.06602991563607351,-0.09058643108236963,0.7669616513960708,0.3078092430689879,-0.043879186189667435,0.016306474968214912,-0.06606147233781162,0.0006167859533689046,0.0003492413367050719,0.000678868871148372,-0.005854931203012068,0.0015288822830502374,0.00038961553293907254,0.057633249239987916,0.0907069143447006,-0.006759993706148601,-0.007790774074086744,0.00033735352694157076,-0.0011045575498975075,23.80442253160932
1781507086.5470748,-0.07796183749778536,0.787113012196854,0.30686263071481484,-0.0446632809996208,0.01654072571596732,-0.06600118038972108,-0.09058643108236963,0.7669616513960708,0.3078092430689879,-0.043879186189667435,0.016306474968214912,-0.06606147233781162,0.0005775319137854199,0.0002837767397849747,0.0005709028648055367,-0.005979343256536752,0.001457534425331323,0.0006653126090508895,0.056340079264566086,0.09240456025425334,-0.003005575253659221,-0.003129098726891292,0.0023166593462713133,0.0010114472649551329,23.798188591746733
1781507086.5570726,-0.0772701880936053,0.7882162466378527,0.30679193651511466,-0.044716231429905905,0.016547800945058366,-0.06597756286709554,-0.09058643108236963,0.7669616513960708,0.3078092430689879,-0.043879186189667435,0.016306474968214912,-0.06606147233781162,0.0005387019089244112,0.00022762777950676848,0.00047699673455598617,-0.005908891752234151,0.0013641733412837012,0.000853669378666461,0.057610424519336255,0.09043714661440705,-0.0060176793182343995,-0.007015053900450298,0.001733800313997906,-0.0007006043250245012,25.102092718583236
1781507086.5670862,-0.07660984375671899,0.7893104105526092,0.3067592546777848,-0.04469798809226659,0.016577839662769822,-0.06601609949949942,-0.09058643108236963,0.7669616513960708,0.3078092430689879,-0.043879186189667435,0.016306474968214912,-0.06606147233781162,0.00029880185543153823,0.00010390668572726083,0.0006273089263444857,-0.005057610126663633,0.0015616212254260789,0.00035491370007583335,0.056703773964706106,0.09191313033223979,-0.0031950093469292045,-0.00368797929082978,0.0037559402374217413,-0.0002308607544608533,26.38019152186277
1781507086.5770743,-0.0759450760792342,0.7904067189198968,0.30672206392634255,-0.04467800441778159,0.01660166028494592,-0.06604877245630071,-0.09058643108236963,0.7669616513960708,0.3078092430689879,-0.043879186189667435,0.016306474968214912,-0.06606147233781162,0.00010243041030074461,3.2701100310250365e-06,0.0007400268773588707,-0.0042813299308178294,0.00166682471759956,-2.849324502973233e-05,0.05710339024012833,0.09264324418656489,-0.0019734843912308174,-0.003365843245667433,-0.0016884834099402436,0.0008878288680941843,27.66265399438029
1781507086.5870717,-0.07527641390003689,0.791504917833056,0.30668095512565985,-0.04465726362980995,0.016620169734804513,-0.06607615779110745,-0.08772315688241134,0.7715130716671006,0.3075845798401684,-0.04416863396584255,0.016381185184301206,-0.06610815625911798,-5.650921107172298e-05,-7.755966671222739e-05,0.0008211369303013289,-0.003582495464040331,0.001700030823656137,-0.00031498059043031,0.056657916759365025,0.09146544745685523,-0.002363495351152244,-0.004157482649273423,0.006088029687260803,0.0013674536757057002,23.567177633674838
1781507086.5970697,-0.0746043311516856,0.7926047810371476,0.30663645061118217,-0.044636523184625264,0.01663419292024182,-0.06609883184570653,-0.08772315688241134,0.7715130716671006,0.3075845798401684,-0.04416863396584255,0.016381185184301206,-0.06610815625911798,-0.00018338564289651057,-0.00014146488167560912,0.0008758452645371017,-0.0029608180562397633,0.0016783812261030658,-0.0005210090664301008,0.0572569213926418,0.09231733801863239,-0.003030165246148818,-0.0031128710929370592,0.0042566851006482324,0.0015224925334726312,24.856844967504188
1781507086.6070733,-0.07392744790928232,0.7936922432807637,0.3066239472383679,-0.044623376857952916,0.016681692695080796,-0.06612195739710902,-0.08772315688241134,0.7715130716671006,0.3075845798401684,-0.04416863396584255,0.016381185184301206,-0.06610815625911798,-0.00027106495802188497,-0.0002807152749584452,0.001127205770043391,-0.002489752182153773,0.002024428195190797,-0.0006931619359278392,0.0578383749918248,0.09383836310036342,-0.004408370410453422,-0.0053582140398747685,5.9139944891076885e-05,0.002378374468622344,26.137330669661626
1781507086.6170692,-0.07324820239003618,0.7947829993543446,0.30660374787520356,-0.044610021891560825,0.016719816597168702,-0.06614068798972836,-0.08772315688241134,0.7715130716671006,0.3075845798401684,-0.04416863396584255,0.016381185184301206,-0.06610815625911798,-0.00033801688998509117,-0.00038894480459783384,0.0013147083938263543,-0.002068646794121781,0.002228298162971795,-0.0008031697096750709,0.06008616698175705,0.09403142875873027,-0.0038736084716495763,-0.004773565142568433,-0.00023900426074859212,-0.00014229787534063043,27.422178496053036
1781507086.6270726,-0.07325915852262761,0.7947667742157127,0.30663866311757904,-0.0445968759365271,0.01674987184050325,-0.06615561305413041,-0.08772315688241134,0.7715130716671006,0.3075845798401684,-0.04416863396584255,0.016381185184301206,-0.06610815625911798,-0.00038748108626511903,-0.00047090023970326414,0.0014485717759583018,-0.0016965020076486932,0.002320058540663702,-0.000863604763785687,0.057107709149350365,0.09338783842510823,-0.004726534130557375,-0.004189108751629895,0.004544267221697063,0.00011355668910813273,27.401399402534746
1781507086.637075,-0.07257608119838796,0.7958629507869779,0.3066059536180053,-0.04458424626667479,0.01677305874573687,-0.06616727837985119,-0.0847622175508389,0.7762219065459504,0.3073790065104146,-0.04440311353362156,0.016455199732222203,-0.06611150103024067,-0.0004222798362493144,-0.0005307250785326949,0.001537678829999733,-0.0013712284324470536,0.0023253067425188377,-0.0008852436661646644,0.056943285298629714,0.09197647720463863,-0.002249697700859915,-6.498881410644726e-05,0.0017310672639003757,-0.0005273229120970774,23.12725986477839
1781507086.6470702,-0.07189145414170992,0.7969613285744158,0.30656821412962093,-0.04457234902906633,0.016790464687338025,-0.06617618211496296,-0.0847622175508389,0.7762219065459504,0.3073790065104146,-0.04440311353362156,0.016455199732222203,-0.06611150103024067,-0.0004448646241818349,-0.0005720260273705699,0.0015897276285941665,-0.0010899775472521275,0.0022655902500192805,-0.0008772225696644916,0.05636225832159894,0.09190218846192275,-0.0054057731401402995,-0.003780449984587277,0.0007227140404102593,0.0015955667459069938,24.42207118762299
1781507086.6570663,-0.07116744057438866,0.798102730938329,0.30649511882434066,-0.04473069460807932,0.016800203673221326,-0.06620612049297489,-0.0847622175508389,0.7762219065459504,0.3073790065104146,-0.04440311353362156,0.016455199732222203,-0.06611150103024067,-0.00021492627680873579,-0.00033386868632935334,0.001428682423732244,-0.0026941326674612227,0.002139400273646303,-0.0011031955517600864,0.05713702926156562,0.09592322758949,-0.0027215865547410853,-0.00227480696646245,0.00677193722686469,0.0011822415697006889,25.775369921130615
1781507086.6670816,-0.07046989965516257,0.7992199588514315,0.3064277307036206,-0.04495928707244073,0.016827473214064304,-0.06626795179869169,-0.0847622175508389,0.7762219065459504,0.3073790065104146,-0.04440311353362156,0.016455199732222203,-0.06611150103024067,-0.00017326575975701625,-0.0002691302077584876,0.0013216419771257943,-0.00488414557984594,0.0022339999509984297,-0.0016436763331456783,0.058717053189153254,0.09709372475773478,-0.006875471638128641,-0.006646985762146581,0.007525441296775759,0.0012756188163166814,27.09401569234999
1781507086.6770647,-0.06977293011174483,0.8003361513667906,0.30635994640572417,-0.04514704233492301,0.016848417688524853,-0.06631836355668697,-0.0847622175508389,0.7762219065459504,0.3073790065104146,-0.04440311353362156,0.016455199732222203,-0.06611150103024067,-0.0001376263620435723,-0.00021374974222891478,0.0012189662345527172,-0.006391351687193998,0.002243726022032179,-0.0020036649556810647,0.05990287770328381,0.09587955345193397,-0.0049876687231790685,-0.002792428872983495,-0.0014127731980442494,-0.0011373717135922754,28.411512186227878
1781507086.687083,-0.06976894923667042,0.800341744421141,0.3063546529821538,-0.045299059945395216,0.016864052533581475,-0.06635883727086594,-0.0847622175508389,0.7762219065459504,0.3073790065104146,-0.04440311353362156,0.016455199732222203,-0.06611150103024067,-0.0001072721446391018,-0.00016658336505954663,0.001121095365108558,-0.007345698442121064,0.00218959384905495,-0.002218558888446862,0.058132938838976286,0.09344538270274633,-0.0025074155887688456,0.0008406281960520439,0.0032791145561850196,-0.003979758289201967,28.418549822554137
1781507086.697081,-0.06907302310208606,0.8014562680813548,0.3062867648260643,-0.04542013916979598,0.01687528319399867,-0.06639075554326804,-0.08182322030569728,0.7810249547472952,0.3071713746115107,-0.04452106845694449,0.016501025120245094,-0.06609237672547702,-8.154534684808585e-05,-0.00012660868338820107,0.0010283218421043875,-0.007859684097953715,0.0020890972800440577,-0.0023188529389502376,0.05635766768891958,0.0918302662390702,-0.0016073338534769086,0.001682433831771199,0.002668078168064286,3.998797193319507e-05,24.099556588410653
1781507086.707076,-0.06840095042236252,0.8025523556017434,0.30621686167529205,-0.04559779798437269,0.016870882645757757,-0.06636709664183832,-0.08182322030569728,0.7810249547472952,0.3071713746115107,-0.04452106845694449,0.016501025120245094,-0.06609237672547702,-0.00020378361339179102,-0.00019876769052496588,0.0009396996172085497,-0.008945519630716513,0.0018016514230564623,-0.0018099299443243237,0.05723660400212293,0.09697390440227767,0.0022774591848473483,0.003964961908628848,0.003228103749969453,0.0005616861675582046,25.3869535650614
1781507086.717078,-0.06769065084555248,0.803652193190943,0.3061901537542597,-0.04554399256894487,0.016813116718453758,-0.06635505975861702,-0.08182322030569728,0.7810249547472952,0.3071713746115107,-0.04452106845694449,0.016501025120245094,-0.06609237672547702,-7.574273017910439e-05,-0.0002487632422707166,0.0011134564535462738,-0.0073838748526390465,0.0009688827717349185,-0.0015098387908981511,0.05884736222114857,0.09485408625293179,-0.0039011009900049207,-0.005666857556354628,0.004434111475492653,-0.0009578427190462812,26.696146416706263
1781507086.727074,-0.0669828851956605,0.8047535829246982,0.3061579817002752,-0.04549193359506154,0.016763705657967254,-0.0663435145021948,-0.08182322030569728,0.7810249547472952,0.3071713746115107,-0.04452106845694449,0.016501025120245094,-0.06609237672547702,2.8004790585058517e-05,-0.0002857462460904894,0.0012388351529856647,-0.006011666991771112,0.00031839703529674263,-0.0012436796342865453,0.05879976128862724,0.09308264596312477,-0.003571599976610613,-0.005591210613095544,-0.0011325894493365086,-0.0023958927529567353,28.005540640240806
1781507086.737071,-0.06696978669692526,0.80474662368828,0.306183811157723,-0.04544260822737083,0.016721907062075214,-0.06633265318929897,-0.08182322030569728,0.7810249547472952,0.3071713746115107,-0.04452106845694449,0.016501025120245094,-0.06609237672547702,0.00011093566576134465,-0.0003118145135799415,0.0013237885075272772,-0.004818959765687816,-0.00017770485969276597,-0.001010225718911835,0.05494228661965183,0.08682650814236334,-0.00441659311399714,-0.00758493711148507,0.0053633196235297045,-0.003009530316660558,28.00566637113174
1781507086.7470782,-0.06626619860686885,0.8058505365775053,0.3061426416412344,-0.0453966812542135,0.016686956331960934,-0.06632260122199683,-0.07891457983423877,0.7856399688537359,0.3070163259478643,-0.04470472404481563,0.01657731694601905,-0.06621849982517598,0.00017610467834052514,-0.000328790412358718,0.001375213035243134,-0.0037933946051772385,-0.0005445526168168003,-0.0008076637386394777,0.054040611677478034,0.08484890930977583,-0.002985016545274538,-0.0069876095316289575,0.006493713807758644,-0.0021311262348986102,23.85816253732891
1781507086.7570758,-0.06558081428055973,0.8069129292650692,0.3060980990435827,-0.045536313649633856,0.016686634444193604,-0.06632284786055688,-0.07891457983423877,0.7856399688537359,0.3070163259478643,-0.04470472404481563,0.01657731694601905,-0.06621849982517598,0.0001200525816667497,-0.0006085085406101461,0.00142512411591305,-0.004903596457632363,-0.0004881886933576243,-0.0007223357895339888,0.055502738167769336,0.08995847084765045,-0.0036296161348780484,-0.00943678939196282,0.0008052003995459424,-0.00047111608602031624,25.123122599517338
1781507086.767077,-0.0648945143825906,0.8079823820508046,0.3060500745393124,-0.04564924357413555,0.016686842166701688,-0.0663224127440652,-0.07891457983423877,0.7856399688537359,0.3070163259478643,-0.04470472404481563,0.01657731694601905,-0.06621849982517598,7.353427520806111e-05,-0.000825348323168029,0.0014471336219107245,-0.005601208247554239,-0.0004325986345385735,-0.000638627087026425,0.059317134414372294,0.09333091748149858,-0.005454396598314294,-0.00973426421904618,0.002044237391008217,-0.0002597538062250576,26.394683262384103
1781507086.777086,-0.06420740201141349,0.8090580165007102,0.30599909604243847,-0.045739075045017105,0.01668744120879362,-0.06632147886379379,-0.07891457983423877,0.7856399688537359,0.3070163259478643,-0.04470472404481563,0.01657731694601905,-0.06621849982517598,3.5258873751753736e-05,-0.0009889634777118953,0.0014464656100601346,-0.005970584761501181,-0.00037910891141623997,-0.0005584237352327212,0.059518382675658225,0.09412058326930976,-0.007019311634264129,-0.009522924473795593,-0.0003961384105327899,-0.0026422206506843257,27.67202182329031
1781507086.7870882,-0.06351957009888515,0.8101390482501484,0.30594561967812894,-0.045809140696717036,0.01668831717671293,-0.06632019693177807,-0.07891457983423877,0.7856399688537359,0.3070163259478643,-0.04470472404481563,0.01657731694601905,-0.06621849982517598,4.085643330124076e-06,-0.001107778159696157,0.0014276011601040382,-0.0060839148758832975,-0.0003286561992246507,-0.0004830427841756665,0.05812603004128276,0.09217391631683507,-0.0034724973440646983,-0.0035985525422868557,0.004815037858826664,-0.003983102082799633,28.95440601945422
1781507086.7970724,-0.062831102278931,0.8112247785026544,0.30589003842907564,-0.04586247860286809,0.01668937673366022,-0.06631868936427944,-0.07605127850503896,0.7901335891614796,0.3067751594817857,-0.0451238088993635,0.016568026898485577,-0.06630844603090064,-2.0991158378579687e-05,-0.0011891227224286203,0.0013943681299009624,-0.006002295955441599,-0.00028185940099585786,-0.0004133389080386296,0.05447531558076392,0.0878328360122282,-0.00366197574395147,-0.0038236209460917638,-0.001809281084476165,0.00047944641324612836,24.907725037678308
1781507086.8070755,-0.06214207369573585,0.8123145861162215,0.3058326899717914,-0.045901822972642045,0.01669054489000721,-0.06631705403692333,-0.07605127850503896,0.7901335891614796,0.3067751594817857,-0.0451238088993635,0.016568026898485577,-0.06630844603090064,-4.085616225052085e-05,-0.0012393565611998288,0.0013500214854724921,-0.0057768424694058795,-0.00023908232878277832,-0.00034979697993999133,0.05639473910616053,0.09095310296565151,0.0001435720725774863,-0.0004558631360375914,0.0018211055873436927,-0.0004391649502906425,26.198298668247173
1781507086.8170695,-0.06147651803605377,0.8133933841399223,0.30577247164467425,-0.04601807722594099,0.016692207679664284,-0.06620148929811256,-0.07605127850503896,0.7901335891614796,0.3067751594817857,-0.0451238088993635,0.016568026898485577,-0.06630844603090064,-0.00018642921117820922,-0.0013453212511281777,0.0013059410777868598,-0.006436398401223321,-0.00025258085869185094,0.0009493420851564212,0.05737512700551099,0.09249100529819405,-0.005428049674593269,-0.006949966437763259,-3.5364598548684976e-05,0.002625030092064908,27.467200222559562
1781507086.8270712,-0.061499359208342666,0.8133676911521966,0.30577462484578344,-0.046109961741622206,0.016693806106518716,-0.06610517079523673,-0.07605127850503896,0.7901335891614796,0.3067751594817857,-0.0451238088993635,0.016568026898485577,-0.06630844603090064,-0.0003009290991851518,-0.001413340273065699,0.0012540069104767545,-0.006754398348788099,-0.0002558100032914101,0.0018967571418604674,0.058452117466068515,0.093877428207841,-0.005132038991903977,-0.005723214088622464,0.0003781988186477228,0.0016457728348791387,27.43324479696933
1781507086.8370779,-0.06082659298494593,0.8144563809801072,0.30571241666038634,-0.04618107174656509,0.01669531045168071,-0.06602590936223073,-0.07605127850503896,0.7901335891614796,0.3067751594817857,-0.0451238088993635,0.016568026898485577,-0.06630844603090064,-0.00038903345800073743,-0.0014500356614138763,0.0011964260144261827,-0.006807777750441719,-0.0002512489889069827,0.0025547039178822287,0.05843415032510206,0.093885576047129,-0.003345760463069327,-0.003800656678636022,-0.0004295527886755431,0.0008194945066275302,28.714433188598115
1781507086.8470736,-0.06015088946168515,0.8155490426632565,0.30564945627002615,-0.04623466967339139,0.01669670159091896,-0.0659615978227133,-0.07303237773640231,0.7948993421669176,0.3065525018089654,-0.04539603470484045,0.016544308602600477,-0.06634425684338584,-0.00045483182295070476,-0.0014611203098480212,0.001135041684562128,-0.006661425034697119,-0.0002409704756099986,0.0029777520763367583,0.05813733306822725,0.09245338653327918,-0.00222081723335725,-0.0025216572235017827,-0.0012952494487539928,0.0011539082873182826,24.354842680780568
1781507086.8570747,-0.05947260219771833,0.8166451053334369,0.305585903376273,-0.046273679300920176,0.01669796875569718,-0.06591024811613407,-0.07303237773640231,0.7948993421669176,0.3065525018089654,-0.04539603470484045,0.016544308602600477,-0.06634425684338584,-0.0005018898027918702,-0.0014515048901126203,0.0010713818619324626,-0.0063694260577016925,-0.00022668530593669854,0.003213218645664644,0.06006003527647087,0.09410522930865337,-0.0026855589509347396,-0.004055138117092708,0.0014840526212907394,-0.0016531807103860828,25.645273265924164
1781507086.867073,-0.05878085407776218,0.817759543859203,0.30553747989815855,-0.04627313389963724,0.01671946164657001,-0.0659062174125496,-0.07303237773640231,0.7948993421669176,0.3065525018089654,-0.04539603470484045,0.016544308602600477,-0.06634425684338584,-0.00046947166718906675,-0.0013292065142232311,0.0010988557496801373,-0.00566880334302559,3.0411559782096074e-05,0.002917241424830099,0.059247738819714416,0.0957193185711157,-0.002378105955945413,-0.004770562539997652,0.0055270238517920135,0.0020550397068299035,26.957837774646663
1781507086.877078,-0.05808871965572775,0.8188741316186487,0.3054864373267215,-0.046267514334996124,0.016737388195321,-0.06590550153531594,-0.07303237773640231,0.7948993421669176,0.3065525018089654,-0.04539603470484045,0.016544308602600477,-0.06634425684338584,-0.00043749857556231957,-0.0012141862652931754,0.0011069874310655134,-0.00498867707216181,0.0002222117012633127,0.002615628426551446,0.06005559703376059,0.09361309220431265,-0.004626041289461815,-0.008281401506355774,-0.0014254839208135636,0.00045381937954054455,28.27083195746548
1781507086.8870723,-0.05739627497862636,0.8199887728274594,0.30543313485094875,-0.04625824682787739,0.016752151946227034,-0.06590728896838349,-0.07303237773640231,0.7948993421669176,0.3065525018089654,-0.04539603470484045,0.016544308602600477,-0.06634425684338584,-0.0004062878848266495,-0.0011064661246285765,0.0010994886718132715,-0.004342525713607536,0.00035983747348089696,0.002318047311964163,0.057862856498926564,0.09269089922911881,-0.004482607734714631,-0.006954613988455602,0.0032203426936062846,0.002150923760924552,29.584121124491155
1781507086.8970807,-0.05670358619797201,0.8211033907656627,0.30537788798997856,-0.04624649980887904,0.016764141850762693,-0.06591090315988771,-0.07001055367730319,0.7996643144046001,0.30637558667917086,-0.04568402636675456,0.016563788872679952,-0.0663460677653081,-0.00037608470019980216,-0.0010059712384478162,0.0010795372313490454,-0.0037395180619178518,0.00045310529369454696,0.002031631716272916,0.05766778289418135,0.09155000789803132,-0.0062378950066202974,-0.00942935634378823,0.0017388147400685123,0.00238431984660353,25.252817296014126
1781507086.907076,-0.05601222725419262,0.8222073323673955,0.3053235358140794,-0.046362759672224634,0.01680660554596236,-0.06590378552038935,-0.07001055367730319,0.7996643144046001,0.30637558667917086,-0.04568402636675456,0.016563788872679952,-0.0663460677653081,-0.00035198701517557315,-0.0009764616208411462,0.0010975317447660879,-0.004601693615898212,0.000863393008046911,0.0019089108412654412,0.05821125413870642,0.09483430836404436,-0.002506138586556582,-0.0036560714138790624,0.00342929966466951,0.002702551388862773,26.556498499267814
1781507086.9170687,-0.056012452008121424,0.8222027527475271,0.30533120094410676,-0.04645634724844688,0.01684145035734974,-0.06589951671685929,-0.07001055367730319,0.7996643144046001,0.30637558667917086,-0.04568402636675456,0.016563788872679952,-0.0663460677653081,-0.00032818200772140435,-0.0009403993318802191,0.0010980704154229636,-0.005121728288129496,0.0011471825370195088,0.001764712445785565,0.0591072394144085,0.09473089206825588,-0.005138648781038528,-0.0057482195955709655,0.0014317582942353722,0.0038622234415405994,26.552190019700394
1781507086.9270666,-0.05532046317877286,0.8233093305758283,0.30527328894444816,-0.046530385680547404,0.016869632278867952,-0.06589749838445348,-0.07001055367730319,0.7996643144046001,0.30637558667917086,-0.04568402636675456,0.016563788872679952,-0.0663460677653081,-0.0003049135875781514,-0.0008995336800965556,0.001084589178653476,-0.0053711744711518435,0.0013284210968180859,0.001608367701689371,0.06036535396888627,0.09382033922603336,-0.005101364589338187,-0.006589157311606187,-0.00254993690089863,0.001032974494061438,27.858582320151044
1781507086.9370737,-0.054628249563435954,0.8244169153134489,0.3052139663511947,-0.04658775008953353,0.016892050159124983,-0.06589722083228558,-0.07001055367730319,0.7996643144046001,0.30637558667917086,-0.04568402636675456,0.016563788872679952,-0.0663460677653081,-0.00028237075983133565,-0.0008553298268989807,0.001060023957559827,-0.005411050481971842,0.001427859144959262,0.0014472008875217296,0.05634870936040547,0.09194678522935762,-0.004066564708427036,-0.0032051493516372627,0.00061770215977739,0.004184401425921386,29.166005783970594
1781507086.9470758,-0.053935857778881456,0.8255253357450111,0.3051534726384819,-0.04663105107827708,0.016909535375413398,-0.06589825471254382,-0.06711512193596775,0.8043190811306791,0.3061712588127949,-0.04593582658453238,0.016484881252532668,-0.06615267359209742,-0.0002606960586969046,-0.0008090062629319288,0.0010268720777220157,-0.0052928116259595035,0.0014632837886049603,0.0012868320316932285,0.05641573290891112,0.08995338971932466,-0.004529698223860386,-0.004103361717772472,0.002946514832967395,0.002561550348613481,24.988679980878533
1781507086.957074,-0.05325048763594728,0.8266339779454637,0.305108421072861,-0.04680707600072324,0.016952621643543164,-0.06594888888882464,-0.06711512193596775,0.8043190811306791,0.3061712588127949,-0.04593582658453238,0.016484881252532668,-0.06615267359209742,-0.0002982996792924296,-0.0007620167920264688,0.0011327216610256682,-0.006627198246480115,0.0017996239106446875,0.0006162215778074061,0.05636694081574557,0.09323039765508274,-0.0017074333625199,-0.00027905036398406585,-0.0004188916357592072,0.004504854096491717,26.292818947180535
1781507086.9670725,-0.052563927531902074,0.82774318122506,0.30505998686802327,-0.04694905238460559,0.016987180322782347,-0.0659919705367001,-0.06711512193596775,0.8043190811306791,0.3061712588127949,-0.04593582658453238,0.016484881252532668,-0.06615267359209742,-0.00032470709652231643,-0.0007146393798495636,0.0012033421311290116,-0.007445599113518244,0.0020023912772117415,9.688760064975664e-05,0.058053587096524195,0.09455441286548402,-0.005270853512166589,-0.006008177220716502,0.002981303501042701,0.004410492444006903,27.59820010710343
1781507086.9770718,-0.051876354741563505,0.8288528470352342,0.3050086824929878,-0.04706163077221741,0.01701440471893001,-0.06602821237116202,-0.06711512193596775,0.8043190811306791,0.3061712588127949,-0.04593582658453238,0.016484881252532668,-0.06615267359209742,-0.0003417918934907075,-0.0006675508587528869,0.0012447867819064778,-0.007854988816863875,0.002099521864630795,-0.0002948842927598622,0.060537009354753486,0.0962560799488942,-0.006115326232235084,-0.007611957972943407,0.0002800034385297256,0.001739214227455641,28.904623830178785
1781507086.9870691,-0.051187922512254055,0.8299628899997149,0.30495494511595334,-0.047149100430674024,0.017035389446954152,-0.06605833610828933,-0.06711512193596775,0.8043190811306791,0.3061712588127949,-0.04593582658453238,0.016484881252532668,-0.06615267359209742,-0.00035117625947722283,-0.0006212909110340445,0.0012622847224198841,-0.007946715211024509,0.00211483996078673,-0.0005803542571887993,0.05925389917658146,0.09590462311355788,-0.0029804008552372346,-0.002652307040851064,0.0027466035732036263,0.0013230299060642,30.211918737536532
1781507086.9970708,-0.05049876296574779,0.8310732363145569,0.304899147029021,-0.04721536251799934,0.017051125239648357,-0.06608305034603743,-0.0641611650000038,0.8090929277204044,0.3059532862746523,-0.04616773670710597,0.01654336940464529,-0.0660392143203716,-0.00035426001676313104,-0.0005762822802864686,0.0012603371701693476,-0.007797917207805919,0.0020684366572079824,-0.0007783616102767303,0.0590866671212204,0.09532264674575473,-0.00464169176526747,-0.004864950235571943,0.005026798163297318,0.00019865659715306573,25.901861029451048
1781507087.0070825,-0.04980812676037982,0.8321802716740887,0.30485731462863813,-0.04732071664206353,0.017071148439856687,-0.06608496429460131,-0.0641611650000038,0.8090929277204044,0.3059532862746523,-0.04616773670710597,0.01654336940464529,-0.0660392143203716,-0.0003401043683637472,-0.0005537195083867063,0.0013619098150877,-0.008096370459228269,0.0020621907183801286,-0.0007039304974052402,0.0589071384960842,0.09771618624040922,-0.0017613762116633395,-0.0031709131332184875,0.0007124116321507558,0.003667618356625904,27.207284160545996
1781507087.0170777,-0.04979527138507756,0.8321781992257874,0.30488607176870874,-0.047440035794158175,0.017080992038383425,-0.0661238036711714,-0.0641611650000038,0.8090929277204044,0.3059532862746523,-0.04616773670710597,0.01654336940464529,-0.0660392143203716,-0.000247129739925838,-0.0005281960083462952,0.0014976219812806867,-0.008507828630587546,0.001964757258597381,-0.0010454740448483774,0.06060383005348494,0.09743280367327492,-0.005290266001687522,-0.009137273397745544,0.00425961581493536,0.0010192604412903635,27.211166947309
1781507087.0270715,-0.0490920024000436,0.8332864744340294,0.304844998871051,-0.047532563434376465,0.017087513940345245,-0.06615542795527901,-0.0641611650000038,0.8090929277204044,0.3059532862746523,-0.04616773670710597,0.01654336940464529,-0.0660392143203716,-0.00016936081961902103,-0.0005010136480159664,0.0015875916736255325,-0.008583234931441476,0.0018379821870067507,-0.0012727696990211866,0.05986614605858815,0.09796972699120328,-0.0024922850879678204,-0.005653673072236121,0.0057937854268057766,-0.0015236872478559902,28.52429955349251
1781507087.0370739,-0.04839023572341941,0.8343952302428738,0.30479989665449203,-0.04760248429837687,0.017091369369875098,-0.06618078000111476,-0.0641611650000038,0.8090929277204044,0.3059532862746523,-0.04616773670710597,0.01654336940464529,-0.0660392143203716,-0.00010478404474913471,-0.00047284402728667074,0.0016397005286815703,-0.008404785615523784,0.0016926902950017738,-0.0014082400425185248,0.05949839856235402,0.09484752508397441,-0.00547362331786417,-0.009396896019000386,0.0013972356426365225,-0.0005298069788425601,29.837208830610788
1781507087.0470736,-0.04768980436388786,0.8355043885617496,0.30475132803691457,-0.04765355270759275,0.017093121981599513,-0.0662007381488668,-0.06115621703704566,0.813904878917689,0.3057426721322854,-0.04652280466202227,0.016653266488103613,-0.06606658411150022,-5.161582336683337e-05,-0.0004442387981117254,0.0016607554479274957,-0.008041016085996345,0.001537499670377925,-0.0014711994508773327,0.059205404525987465,0.09533719615532599,-0.005374582329970688,-0.009056013960783949,0.004110496536555678,-0.0008519420914236291,25.472845350747058
1781507087.0570703,-0.0469905554058566,0.8366138807447877,0.3046997808489788,-0.04768909771295554,0.017093251455007064,-0.06621610829601368,-0.06115621703704566,0.813904878917689,0.3057426721322854,-0.04652280466202227,0.016653266488103613,-0.06606658411150022,-8.27977778357874e-06,-0.0004156463314701741,0.0016566143140201188,-0.007548350178308803,0.0013791389460273606,-0.0014781046414362124,0.06051428850780358,0.09665557239420534,-0.00470892421620985,-0.0095746098558531,0.004458468535159548,-0.00035913738363949234,26.785301112014952
1781507087.067079,-0.04629139191962022,0.8377081423562487,0.30462707396909555,-0.047627732703446335,0.017053456348776974,-0.06615358983679917,-0.06115621703704566,0.813904878917689,0.3057426721322854,-0.04652280466202227,0.016653266488103613,-0.06606658411150022,5.758520078586147e-05,-0.0004905662171810807,0.0014827450005475262,-0.0060661173661898625,0.0007619621259191459,-0.0006558072860717053,0.062095845752902785,0.09966095633130152,-0.005613774402713539,-0.010438828337543416,0.010053865408765733,-0.0026430952332107192,28.08563574781289
1781507087.077081,-0.04559333665158062,0.8388049721193626,0.3045549998818739,-0.04757054042705576,0.017019311376726298,-0.06610037443933782,-0.06115621703704566,0.813904878917689,0.3057426721322854,-0.04652280466202227,0.016653266488103613,-0.06606658411150022,0.00010973017430737116,-0.0005444939179406321,0.0013243794989562603,-0.004789485262196185,0.0002786604409398943,-2.1746327926587582e-05,0.06348937751902993,0.09858908328288524,-0.0055621965457897755,-0.009480600571760058,0.0006554672548987936,-0.0039666205232991286,29.387556086185832
1781507087.0870728,-0.044896228304943435,0.8399040219463493,0.3044834943317363,-0.04751803981019727,0.016990335059568595,-0.06605558583691484,-0.06115621703704566,0.813904878917689,0.3057426721322854,-0.04652280466202227,0.016653266488103613,-0.06606658411150022,0.0001502003663632477,-0.0005808863374836949,0.0011804666930094292,-0.0037018474887451844,-9.110008776305398e-05,0.0004539219595171169,0.06009331960353277,0.09641891116528634,-0.0032077021550547483,-0.005258802171534852,0.005467242906961482,-0.0031849522035036605,30.69084880752273
1781507087.097071,-0.04419992889280134,0.8410049844132228,0.30441250056771163,-0.047470491299191994,0.016966025104078408,-0.06601833683547935,-0.05806844067404748,0.8188306319379799,0.30550464204378447,-0.04697074689106168,0.01670520361423633,-0.06613306405009887,0.00018078555887160948,-0.000602740775137062,0.0010499796444833288,-0.0027855882117118957,-0.0003656638985234359,0.0007978934929072951,0.059600683229262416,0.09564151956296675,-0.0016010929554553187,-0.004335328910554889,0.0009423114965734702,-0.0006018623299367195,26.176903936994403
1781507087.1070788,-0.04419099647840109,0.8410099835492444,0.3044416661561437,-0.04764330522728356,0.016961534611767082,-0.06600452609568382,-0.05806844067404748,0.8188306319379799,0.30550464204378447,-0.04697074689106168,0.01670520361423633,-0.06613306405009887,0.00023321594421451633,-0.0005263784466360172,0.0012363013535700716,-0.00437066996735322,-0.00038148970951743444,0.0008590395906130486,0.06034768754028442,0.09729952942285777,-0.0019903768440377354,-0.004488232372723769,0.004128264475418816,0.0001798017763557399,26.184671337198154
1781507087.117027,-0.0441833928213437,0.8410145935706873,0.30446641858145307,-0.04778465746424919,0.01695807305136876,-0.06599371402062683,-0.05806844067404748,0.8188306319379799,0.30550464204378447,-0.04697074689106168,0.01670520361423633,-0.06613306405009887,0.000272350567129574,-0.0004584070700650246,0.0013702102259006603,-0.005438680785722857,-0.0003829009402877537,0.0008813420400646598,0.06249169753065189,0.0991351966649796,-0.0029409612185035366,-0.004207689191980783,-4.4982368548365577e-05,-0.0004651223360444854,26.19161345833899
1781507087.1270754,-0.04417695171719123,0.8410188353348549,0.3044873381658621,-0.04789856731494684,0.01695547655217977,-0.06598544492401265,-0.05806844067404748,0.8188306319379799,0.30550464204378447,-0.04697074689106168,0.01670520361423633,-0.06613306405009887,0.00030031583351705757,-0.00039803299078467716,0.0014603467186574256,-0.006090033524590351,-0.00037347421365212463,0.0008739292791370546,0.06278767336736725,0.09775107425920214,-0.006190914239104724,-0.005953224192102687,-0.00334467160703537,5.697156035885875e-05,26.197800338951936
1781507087.137068,-0.04417152602527731,0.8410227291869009,0.30450492808565127,-0.04798879748557272,0.016953598831174643,-0.06597930770267225,-0.05806844067404748,0.8188306319379799,0.30550464204378447,-0.04697074689106168,0.01670520361423633,-0.06613306405009887,0.0003189602920332419,-0.0003445228186873967,0.0015142017993860703,-0.006411369202870887,-0.0003561857785841983,0.0008444544495018867,0.060482957689683474,0.09511159448704132,-0.005368282547862414,-0.0039669064164400535,0.0005385644479453963,0.00014146180716612583,26.203298362207324
1781507087.1470666,-0.04416698550435297,0.8410262950329211,0.30451962569599555,-0.04805881542474481,0.016952310746116472,-0.06597493592654749,-0.05503503506029628,0.8236637229068795,0.3053006226020202,-0.04721882187109472,0.016685818689321286,-0.06610900535360281,0.00032988601201029135,-0.000297200835211055,0.0015382487380480123,-0.006476638464062136,-0.0003334806407827984,0.0007992557841900203,0.058504754738099345,0.09276779595410006,-0.0036456207841696195,-0.001854525489373962,0.0005833606507643788,-0.00044638219419729463,20.498374768494642
1781507087.1570668,-0.044163214907923846,0.8410295523705671,0.3045318120730728,-0.04811177244005695,0.01695149949807373,-0.06597200668058308,-0.05503503506029628,0.8236637229068795,0.3053006226020202,-0.04721882187109472,0.016685818689321286,-0.06610900535360281,0.0003344768959511808,-0.00025544618100229426,0.0015380618014033856,-0.006348259251949991,-0.00030733888529423955,0.0007435127812696638,0.057125692337271085,0.08977902966376099,-0.004989316641119124,-0.003633028340826379,0.007163127205552732,-0.000380561740047714,20.502672411586534
1781507087.167069,-0.044171907756684683,0.8410257722740184,0.3045292244272372,-0.04830912337530383,0.01699569814980917,-0.06601951679419346,-0.05503503506029628,0.8236637229068795,0.3053006226020202,-0.04721882187109472,0.016685818689321286,-0.06610900535360281,0.0002421832630709624,-0.0002555164460345133,0.001498415511044492,-0.00780079819543081,0.00023362200997035615,0.00016762342711483926,0.056512612318687046,0.08999706237160997,-0.0043012743062657895,-0.004143091802337465,-0.0029699975640114337,0.0021591765332031475,20.494959092066985
1781507087.1770718,-0.044179518935303974,0.8410227262655386,0.3045268051118785,-0.04846795405799617,0.01703264762475487,-0.06605962567409988,-0.05503503506029628,0.8236637229068795,0.3053006226020202,-0.04721882187109472,0.016685818689321286,-0.06610900535360281,0.0001650237045990873,-0.0002523352001010304,0.0014476020875773196,-0.00867560641908417,0.0006325685327945652,-0.0002684447059562006,0.051381638040595784,0.0813139962777017,-0.007699913691973491,-0.010433145276024437,-0.004444319211616331,0.004142148830346026,20.48843628620682
1781507087.1870723,-0.044186175456507236,0.8410203109301679,0.3045245679081791,-0.04859357486704899,0.017063155425012244,-0.06609308981905951,-0.05503503506029628,0.8236637229068795,0.3053006226020202,-0.04721882187109472,0.016685818689321286,-0.06610900535360281,0.00010099106470153044,-0.0002465840380752903,0.0013884678471301336,-0.009093594927679607,0.0009141837983479366,-0.0005878168096544882,0.045577894157682805,0.07403740368981858,-0.005380011283325899,-0.008666123912410546,0.007130353689201143,0.0017160915686110498,20.48294811302118
1781507087.1970775,-0.04419198858334744,0.8410184337880625,0.3045225093857312,-0.04869087380212988,0.0170880026032465,-0.06612065827097444,-0.052318814398606306,0.827964996094309,0.3050588763777532,-0.04749764780342629,0.01666868179149983,-0.06604953784072455,4.830772117484466e-05,-0.00023884268946891256,0.0013234031690740927,-0.009157862591115614,0.0011001748214396288,-0.0008110131823279527,0.042686927032962216,0.07039056369728046,-0.00017248700009699465,-0.0034916790975320004,0.006054216164650218,0.00045299835825896853,15.385877388254293
1781507087.207077,-0.04419705602461894,0.8410170126504227,0.30452061528190033,-0.048764288583021495,0.01710792905747871,-0.06614305392496098,-0.052318814398606306,0.827964996094309,0.3050588763777532,-0.04749764780342629,0.01666868179149983,-0.06604953784072455,5.402839530045919e-06,-0.000229601763254332,0.0012544021304587102,-0.008955340161939404,0.0012094242647262413,-0.0009560408954946943,0.04181202072139183,0.0657567562439293,-0.00390124135429322,-0.010706066580722188,0.0008525448784414766,0.0017054370755172942,15.382061639254035
1781507087.217073,-0.04426449202007197,0.8409287619909946,0.30452790148925196,-0.048938946279033904,0.01713118235917732,-0.06612264357462062,-0.052318814398606306,0.827964996094309,0.3050588763777532,-0.04749764780342629,0.01666868179149983,-0.06604953784072455,-0.0004180092373431264,-0.0007763827603141665,0.0012877062354024389,-0.009888194967200477,0.0013204338064864707,-0.0006167515939774148,0.04084468692355562,0.06290733598696258,-0.0030288557089685527,-0.011146228710155552,0.001713360075898588,-0.00026905412825483266,15.271321800474535
1781507087.2270722,-0.04428559190444065,0.8408975502172048,0.30454007702274427,-0.04917869179490579,0.017187062125477715,-0.06617401410601509,-0.052318814398606306,0.827964996094309,0.3050588763777532,-0.04749764780342629,0.01666868179149983,-0.06604953784072455,-0.0005423298786539942,-0.0009176300761372073,0.0013752637337034622,-0.011416254968303749,0.0018136339057794578,-0.0010795473458479162,0.03589264085669805,0.05819876607215739,-0.0028799258323329736,-0.010538545143589425,0.0013126180481819135,0.00074736376277998,15.233278457152847
1781507087.237067,-0.044303476742694844,0.8408713616403704,0.30455063294884,-0.049369839686430626,0.017232441724978953,-0.06621615824066246,-0.052318814398606306,0.827964996094309,0.3050588763777532,-0.04749764780342629,0.01666868179149983,-0.06604953784072455,-0.0006352592815724081,-0.001019392324344585,0.0014281265547325817,-0.01224868335096012,0.002133541524970855,-0.0013967436430548652,0.03120365215029858,0.05192008517751631,-0.0024805426917100266,-0.00971921799191941,0.00213083686299704,0.0013229578385144602,15.201257208858296
1781507087.247073,-0.044318560309086805,0.8408495399237172,0.30455976741914764,-0.04951934220058388,0.017268714013392028,-0.06625023305327576,-0.050426537271635985,0.830949940583356,0.30488628819330105,-0.048031477796883645,0.016757910952219346,-0.06606775945449092,-0.0007018111311928658,-0.0010881675893342005,0.00145246759469536,-0.012537112999989261,0.002314846806418693,-0.0015961673627570218,0.029964514493477753,0.0467124590363474,-0.001855032377637546,-0.009113788224100595,0.002011477871315944,-0.0013282959735972527,11.636840872447538
1781507087.2570786,-0.04433120764209422,0.8408315010621511,0.3045676431759596,-0.04963354852256558,0.01729717127367092,-0.06627732714652364,-0.050426537271635985,0.830949940583356,0.30488628819330105,-0.048031477796883645,0.016757910952219346,-0.06606775945449092,-0.0007463445096875743,-0.0011295903373748622,0.0014536036888649915,-0.012410047959543171,0.002387336679794618,-0.0017018913259109483,0.029280816060803953,0.04709529209103614,-0.0016061483942721396,-0.008552765967328546,0.004470934535446382,-0.000993242304291594,11.614637981268764
1781507087.2670805,-0.04441482495213374,0.8406791443068554,0.3046294063477924,-0.049513199365893656,0.017319128123237437,-0.06623432591615797,-0.050426537271635985,0.830949940583356,0.30488628819330105,-0.048031477796883645,0.016757910952219346,-0.06606775945449092,-0.0012194235388120007,-0.002041131063860613,0.0017107716430127,-0.009749469902417138,0.002342577028544366,-0.0010353888673690448,0.03140659854355846,0.05083027715696723,-0.0014752158071580368,-0.008461338089711671,0.004662318548784847,-0.0009423247637946379,11.439583838075642
1781507087.277075,-0.04448588406453081,0.8405496011097792,0.30468186469972414,-0.04940300406189838,0.01733549071303231,-0.06619709769240667,-0.050426537271635985,0.830949940583356,0.30488628819330105,-0.048031477796883645,0.016757910952219346,-0.06606775945449092,-0.0015837473480027407,-0.002747028283414588,0.0018955419585038014,-0.0074891250962993575,0.0022449034032525086,-0.0005076380429720155,0.030436144472144083,0.05116020565071784,-0.003584608207912161,-0.010337938585633479,0.005835648978026808,0.0010149636269075376,11.290997817481934
1781507087.287067,-0.04454594900365319,0.8404400068362953,0.3047261243046604,-0.04930343314138356,0.017347214395109445,-0.06616521504084458,-0.050426537271635985,0.830949940583356,0.30488628819330105,-0.048031477796883645,0.016757910952219346,-0.06606775945449092,-0.0018561490338503278,-0.0032788959820987495,0.0020198521658693334,-0.005590531876889012,0.002110260238944907,-9.830053967544415e-05,0.031043271682259982,0.04817952515473277,-0.0032428743902636055,-0.01101031561527546,0.0010994058872587109,-0.00146029567271227,11.165497227348977
1781507087.2970643,-0.04459641779549705,0.8403478102734321,0.30476318782154027,-0.049214548313587174,0.01735514192284171,-0.06613821116088539,-0.048881384387586824,0.833423309852529,0.3047934898599792,-0.04850309447874556,0.01688750009586526,-0.06613314221687891,-0.002051306501008843,-0.003664318149901001,0.002094051485086117,-0.004014955463674138,0.0019516052368336806,0.00021110511325858714,0.027427970041859488,0.04323038135926094,-0.0007316260394818863,-0.009275783796258642,0.0029704375990767147,-0.0028504405046542646,8.14312980296557
1781507087.30707,-0.0446385369517055,0.8402707439804226,0.304793960932998,-0.04913610328445364,0.01736000859462772,-0.06611560256534443,-0.048881384387586824,0.833423309852529,0.3047934898599792,-0.04850309447874556,0.01688750009586526,-0.06613314221687891,-0.002181981539951822,-0.003927294086995135,0.0021270829479348007,-0.0027245316131243105,0.0017793037725498458,0.0004371628863009182,0.024523596245707654,0.04004081444592082,-7.248478712682945e-05,-0.0083323097441198,0.00530223835297543,-0.0023363253523554692,8.055377627517911
1781507087.3170772,-0.04463699948798189,0.8402603321197756,0.30478631551897817,-0.049127648215906684,0.017344602900491113,-0.06610538749901074,-0.048881384387586824,0.833423309852529,0.3047934898599792,-0.04850309447874556,0.01688750009586526,-0.06613314221687891,-0.0020286171677680776,-0.003742381543488929,0.0019380703766738732,-0.0023367605238207825,0.0014115788169452978,0.0004925431313307685,0.023267738842318118,0.03741622757163169,-0.0017007609059148613,-0.010926203653532822,0.0027859612803092363,0.00028952443979342394,8.047342923598373
1781507087.327084,-0.044634520490384376,0.8402534707142879,0.3047788077142669,-0.049118397798672296,0.01733032880253038,-0.06609718411228047,-0.048881384387586824,0.833423309852529,0.3047934898599792,-0.04850309447874556,0.01688750009586526,-0.06613314221687891,-0.0018797957279163508,-0.0035465189439440837,0.0017617788394495254,-0.001982254269439691,0.0010974150231664087,0.0005205542540387433,0.02045875272000391,0.033197558927252624,-0.0015118315962115048,-0.009166879999885741,0.0027320690888691605,0.0002767542892250791,8.042833202564106
1781507087.3370738,-0.044631317354537216,0.8402495455061058,0.3047714948518372,-0.0491088046225909,0.017317293318384275,-0.06609071256092983,-0.048881384387586824,0.833423309852529,0.3047934898599792,-0.04850309447874556,0.01688750009586526,-0.06613314221687891,-0.0017365069509261135,-0.0033443477114021946,0.0015979331995996035,-0.0016623757860689552,0.000831982611098917,0.0005272921740519843,0.01739360242349649,0.028003763726363706,-0.0014989510638544535,-0.007206859742684185,0.0024426656083659363,0.0006932713674040453,8.0412092849248
1781507087.347069,-0.04462757424327271,0.8402480263154545,0.3047644216306059,-0.0490992171870223,0.017305542726832268,-0.06608571575776916,-0.047794838564397424,0.8351717076027709,0.30476568746905824,-0.04892136650271204,0.01697208872629896,-0.06615919852177997,-0.0015994752614384895,-0.003139673792456259,0.0014461548826414387,-0.0013771984800978114,0.0006103288041536019,0.0005179065892349134,0.015016987955067307,0.02443091856750459,0.0001684379079787924,-0.0046171389720244625,0.002673252769608622,0.001092933376292624,5.983358300733604
1781507087.357075,-0.04462344616956095,0.8402484571648893,0.3047576220144929,-0.049089896459969175,0.017295076529340925,-0.06608196070485003,-0.047794838564397424,0.8351717076027709,0.30476568746905824,-0.04892136650271204,0.01697208872629896,-0.06615919852177997,-0.0014692029244544674,-0.002935584210428707,0.001305987073910353,-0.0011258275324097012,0.0004275442585733475,0.0004966972827320464,0.01361558732742148,0.021215262867948205,-3.2121726668340355e-05,-0.004095153977436288,0.0029749649663635834,0.0006079448370078095,5.985915209059743
1781507087.3670676,-0.04469084746266535,0.840157115476279,0.3047747103340394,-0.04949207960016511,0.017309936134060067,-0.06596847782582502,-0.047794838564397424,0.8351717076027709,0.30476568746905824,-0.04892136650271204,0.01697208872629896,-0.06615919852177997,-0.00176020954384235,-0.0033227681332998107,0.0014863600280470787,-0.005414987059420279,0.0004827608632025598,0.0016876639807773858,0.011977291212076696,0.01939441777124171,0.002701462013255487,0.0008677125079663277,0.0024799219322422118,-0.000135085869191754,5.872745000164819
1781507087.3770795,-0.0447474753463583,0.8400806272691577,0.3047892514300421,-0.04982540422160055,0.017321951086931353,-0.0658745600189484,-0.047794838564397424,0.8351717076027709,0.30476568746905824,-0.04892136650271204,0.01697208872629896,-0.06615919852177997,-0.0019715182029035787,-0.0035914861455743894,0.0016123249023053147,-0.00848048793926488,0.0005109212755319659,0.0025338124098935313,0.010690585860155009,0.018239992913291432,0.0026043839579195723,0.0027581411549214697,0.0017553279848782658,0.0008530707161629108,5.777929571563977
1781507087.387086,-0.044794715159071526,0.8400170398462816,0.3048016359249747,-0.0500980117393806,0.017331497682403052,-0.06579787113598785,-0.047794838564397424,0.8351717076027709,0.30476568746905824,-0.04892136650271204,0.01697208872629896,-0.06615919852177997,-0.0021161699838386,-0.003761697975271612,0.0016930163279001138,-0.010545231160953085,0.0005180378283317443,0.0030984404330376245,0.011230959772715668,0.017943840027085083,0.00025168767919465885,0.0002222133227002225,0.0021732136756749277,0.0015589537093474118,5.6990593336682664
1781507087.3970733,-0.04483380639885359,0.8399646196202816,0.30481217745347094,-0.050317664171715695,0.0173389273381801,-0.0657361895081609,-0.04716898616277626,0.8361659336688029,0.30481009609878396,-0.04897862974708893,0.017059914921565555,-0.06611953938309591,-0.0022054785276447407,-0.003850674929529933,0.0017363410020927422,-0.01180362255282801,0.000509191574540792,0.0034366805835425573,0.010736758323325258,0.01844876704813987,0.00144070485921943,0.0013506845300821455,0.0021001547773983648,0.002158303007638224,4.459045169072957
1781507087.407068,-0.044865854036919145,0.8399218313675602,0.3048211294730959,-0.05049162680827142,0.017344562902657845,-0.06568743999224505,-0.04716898616277626,0.8361659336688029,0.30481009609878396,-0.04897862974708893,0.017059914921565555,-0.06611953938309591,-0.002249227376579996,-0.0038733112783840003,0.00174911968385085,-0.012423395987720038,0.0004886266605586959,0.003596038352344902,0.012411608412734886,0.01980163868267388,0.0017030596577806475,-9.60856603880622e-06,0.002373013556053045,0.001052793907270255,4.405826465946437
1781507087.4170797,-0.04492455551185815,0.8398397352958203,0.30489841390107036,-0.05014386733696462,0.01736124943438,-0.06569361648441753,-0.04716898616277626,0.8361659336688029,0.30481009609878396,-0.04897862974708893,0.017059914921565555,-0.06611953938309591,-0.002486756921357878,-0.004163929888495153,0.001999673093824596,-0.007269413413636905,0.0006197763461504641,0.00314530697746401,0.013574512382888707,0.020621214935801338,6.066713221793886e-05,-0.004389116494437927,0.003039186704499839,0.0006807553503544075,4.306052412089012
1781507087.4270747,-0.044973373622594584,0.8397715885577829,0.30496366046005924,-0.0498447452629575,0.01737456970498852,-0.06570166160681533,-0.04716898616277626,0.8361659336688029,0.30481009609878396,-0.04897862974708893,0.017059914921565555,-0.06611953938309591,-0.0026459295276604444,-0.004344469486694496,0.002175472756113292,-0.003208722478100643,0.0007010289482106563,0.0027215091476303736,0.013344480245355362,0.02037082002201412,-0.0003192276163381518,-0.007826026754882613,0.003028294401256554,0.00024256889389948853,4.224339429790461
1781507087.4370728,-0.045013654504244285,0.8397154957503815,0.305018309149406,-0.04959025344574247,0.01738500493243289,-0.06571088804785397,-0.04716898616277626,0.8361659336688029,0.30481009609878396,-0.04897862974708893,0.017059914921565555,-0.06611953938309591,-0.0027401824089018025,-0.0044343529894532475,0.0022890345564886027,-7.835089304301544e-05,0.0007426833941742339,0.002329488319436709,0.011524328461786158,0.017238339421642275,0.0002061556270849724,-0.008758704370041096,0.0008995819399518154,0.0015286747987126605,4.157907911883139
1781507087.4470665,-0.045046585284606706,0.8396697846947138,0.30506367668123324,-0.04937616777644046,0.017392994048176513,-0.06572074815758686,-0.04656548164180507,0.8371135906269731,0.304843119833515,-0.0492244103068594,0.017141618909790823,-0.06606181204305564,-0.0027811251980892878,-0.004450321297436493,0.002351194528932618,0.002269276571607688,0.0007535371885429527,0.001972004684054948,0.007870746496117279,0.013889020766864763,0.0005606188893613705,-0.00929289053896719,0.000852765753134869,0.0035675342351647113,2.9815800473806533
1781507087.4570372,-0.04507321044997778,0.8396329831935312,0.3051009597033012,-0.04919821721851172,0.017398932458857708,-0.06573081397958602,-0.04656548164180507,0.8371135906269731,0.304843119833515,-0.0492244103068594,0.017141618909790823,-0.06606181204305564,-0.002778753289907391,-0.004406750136816231,0.002371302863957582,0.003966159040651423,0.0007410228205879718,0.0016501817129462703,0.007304485193782149,0.011225449695412434,-0.0012901523998606178,-0.012169421239529948,1.5060057412496911e-05,0.0038798022952918065,2.939505674911545
1781507087.4670799,-0.045030450526963056,0.8396788199076703,0.3050195857640845,-0.04904478809150965,0.01733882622039218,-0.06576815467531391,-0.04656548164180507,0.8371135906269731,0.304843119833515,-0.0492244103068594,0.017141618909790823,-0.06606181204305564,-0.002343303747012976,-0.0038333837848479654,0.0016372615188876406,0.005215111477952506,2.4383976191779213e-05,0.0010307330683590101,0.006724232539611535,0.01020823397091737,-0.0014541767652932237,-0.013163083043057959,0.0007960254947666274,0.0043211187454623955,2.994638878184046
1781507087.4770703,-0.04499247275042134,0.8397202139665173,0.30494843241589825,-0.04892054428685565,0.017288204603874924,-0.06580051124236955,-0.04656548164180507,0.8371135906269731,0.304843119833515,-0.0492244103068594,0.017141618909790823,-0.06606181204305564,-0.001964044506913231,-0.003324527806083247,0.00102724706836816,0.006008154659019168,-0.0005132535850500186,0.0005384013518473909,0.006073035498250184,0.009610132286586548,-0.00108426070968218,-0.009708323419861468,0.00037292264214336347,0.004043986238292894,3.046298236653311
1781507087.4870777,-0.044958829108383204,0.8397575169101298,0.3048863695962207,-0.04882156914433834,0.017246074606177775,-0.06582824636865689,-0.04656548164180507,0.8371135906269731,0.304843119833515,-0.0492244103068594,0.017141618909790823,-0.06606181204305564,-0.0016346989329884794,-0.0028739067449122554,0.0005245275814604419,0.006437893419113358,-0.0009020507046749438,0.00015478696157433656,0.005303953852030624,0.009027224830492918,6.975000425298332e-05,-0.0039610923422264055,-6.511772071692358e-06,0.0032528290808576665,3.0941152363626867
1781507087.4970832,-0.04492910156937701,0.8397910633366408,0.30483238462278756,-0.04874423634607245,0.01721145985799044,-0.06585175861527659,-0.04624816881157767,0.837633738613706,0.3048196443748137,-0.04965918505988389,0.01711805629326868,-0.06587212201566953,-0.0013495958530411857,-0.0024757449385157337,0.00011431157708435998,0.006583657886597512,-0.0011686811127837372,-0.00013687130361525815,0.004278504204646992,0.008234957084268649,0.0016835465241002365,0.001132277575736596,-9.559494003047087e-05,0.0030032658812658777,2.5286657872385385
1781507087.5070748,-0.04490290204663476,0.8398211698583119,0.3047855696150669,-0.04868523637555286,0.017183423183337432,-0.06587146246834882,-0.04624816881157767,0.837633738613706,0.3048196443748137,-0.04965918505988389,0.01711805629326868,-0.06587212201566953,-0.0011036220049667395,-0.00212474112782101,-0.00021644726170594834,0.0065126604602044925,-0.0013364753645503295,-0.0003516484687777579,0.0038480279010690544,0.008114891090762584,0.0031366214776792525,0.005344540636016933,7.38400708447388e-05,0.002046653505114074,2.5682210200817375
1781507087.5170708,-0.04489223506902197,0.8398301115036486,0.30474580616934754,-0.04856257111295071,0.017181784064822736,-0.06592521305136372,-0.04624816881157767,0.837633738613706,0.3048196443748137,-0.04965918505988389,0.01711805629326868,-0.06587212201566953,-0.0009859443723040382,-0.0019336648171054455,-0.0005051299553684527,0.007150892741657122,-0.0011802183509784488,-0.0009001552165142806,0.0044974158653325715,0.008976103844206886,0.003123104269429094,0.007482107852429839,0.000539075210025022,0.0010027151747020202,2.5822591400675163
1781507087.527067,-0.044929214751652014,0.8397781691247947,0.30480024066263134,-0.04881194673890668,0.017252037507745843,-0.06591353417464396,-0.04624816881157767,0.837633738613706,0.3048196443748137,-0.04965918505988389,0.01711805629326868,-0.06587212201566953,-0.0011510455511195257,-0.002135040534786181,-2.7200622124695466e-05,0.00364573959401992,-0.00029098071687849345,-0.0006372407824266846,0.005492154002810117,0.010118699689363743,0.0021309910796244954,0.00863623203041833,0.001277312593216064,-0.00019361336381518645,2.5176573502224215
1781507087.5370696,-0.04496032219104838,0.8397347878388334,0.30484700558969635,-0.04902503116575617,0.01731142337430769,-0.06590315421631494,-0.04624816881157767,0.837633738613706,0.3048196443748137,-0.04965918505988389,0.01711805629326868,-0.06587212201566953,-0.0012689994290496624,-0.0022696464230748865,0.0003568128748980855,0.0009196514510278714,0.00038325507030098746,-0.00042281321482649483,0.006178373512169047,0.01039471907562135,0.0007205957974121865,0.008592279647655528,0.0008964185805886934,-0.0005788453387839897,2.4644888720577964
1781507087.5470667,-0.044986312923160625,0.8396988354409461,0.3048870921454377,-0.049205091119512316,0.0173610408330811,-0.0658940290785869,-0.04624816881157767,0.837633738613706,0.3048196443748137,-0.04965918505988389,0.01711805629326868,-0.06587212201566953,-0.0013476101242158927,-0.0023489456916512773,0.0006605674190848275,-0.0011480887237257588,0.0008779427756361203,-0.00025058259532307714,0.006355925078932343,0.010162859185661772,5.513802364196692e-05,0.009480403794925868,0.0009266379325920928,-0.0013346932781854162,2.4210440703903027
1781507087.5570712,-0.04500786021025642,0.8396693072118732,0.3049213620967123,-0.0493554782289026,0.01740198083361344,-0.0658860918398432,-0.0459949450094268,0.8381142796031824,0.30492604585493577,-0.049285196472772484,0.017174660739900816,-0.06582991523099578,-0.0013936410911985643,-0.0023828414885158074,0.000896043352188754,-0.002665951035502768,0.0012245611314622542,-0.00011468157744739794,0.005799981844431697,0.009701416214230044,9.746259408336141e-05,0.010157065044127661,0.00016841596487588437,-0.0014024805567993952,1.8418656851504684
1781507087.5670743,-0.04500458371287487,0.8396775077102989,0.30493196085941426,-0.048887051127261966,0.01733637363215812,-0.06596163996935031,-0.0459949450094268,0.8381142796031824,0.30492604585493577,-0.049285196472772484,0.017174660739900816,-0.06582991523099578,-0.0013185098994394238,-0.002191196400093932,0.0007266611845100271,0.0027531231688305924,0.0004149683241356217,-0.0009609505874196729,0.005547434712000855,0.009162860703900117,-0.0011523415670294625,0.006546439878470695,-7.061117936235891e-05,-0.001017955912358614,1.8505492697750763
1781507087.5770712,-0.04500119628764407,0.8396856931487066,0.30494003339613956,-0.04849557107896475,0.01728088256183291,-0.06602430456684111,-0.0459949450094268,0.8381142796031824,0.30492604585493577,-0.049285196472772484,0.017174660739900816,-0.06582991523099578,-0.001241489736578659,-0.0020095841850361023,0.0005814781927472814,0.006738095936298984,-0.00020298021180778492,-0.001568710727827429,0.0052358926501279365,0.00793502791300058,-0.0023808316304205954,0.00020895076258162362,-0.00023013256167557034,-9.761914931758355e-05,1.8593204953451452
1781507087.5870702,-0.04499777972264217,0.8396937578529264,0.3049458774045133,-0.04817246155201361,0.017234483913232346,-0.06607559638221026,-0.0459949450094268,0.8381142796031824,0.30492604585493577,-0.049285196472772484,0.017174660739900816,-0.06582991523099578,-0.0011639290820990406,-0.0018383273025256097,0.00045756126564262714,0.009539464206099902,-0.0006604239209247641,-0.001981132366100012,0.004903478200534344,0.006732833105472617,-0.0017539936171127337,-0.0012472753445706892,0.0006477207864224548,-0.0011099278102478618,1.8680159102484581
1781507087.5970767,-0.04499439384241934,0.8397016204234558,0.3049497928379456,-0.04790942476641907,0.01719616317562145,-0.06611695953816993,-0.0459949450094268,0.8381142796031824,0.30492604585493577,-0.049285196472772484,0.017174660739900816,-0.06582991523099578,-0.001086917307703659,-0.0016775534015598754,0.00035228631759274496,0.011377315752165417,-0.0009850873318479603,-0.0022359075147182278,0.003917582688583591,0.005055153323889069,-0.0018868065753465562,-0.002045674903155728,0.001072789687348614,-0.001116088314156217,1.8765173691463937
1781507087.6070747,-0.04499108134398435,0.8397092195762679,0.3049520712467186,-0.04769859896542951,0.017164940289662756,-0.06614974862411309,-0.045736641183435456,0.8385173259220493,0.30485858197054455,-0.0491122901822552,0.01721053272037576,-0.06587735216626336,-0.0010113219768808639,-0.0015272321253066794,0.0002633105903223644,0.01244292924055468,-0.0012013775558670386,-0.0023655919578961264,0.0032412241077846276,0.004283886396090406,-0.001585456786094963,-0.0011223111373217535,0.0012937697040553847,-0.0009467814217730463,1.408974876258762
1781507087.6170726,-0.04497686231564821,0.8397219330047024,0.3048719082073766,-0.048027424421902644,0.017213700194930626,-0.06616678732348097,-0.045736641183435456,0.8385173259220493,0.30485858197054455,-0.0491122901822552,0.01721053272037576,-0.06587735216626336,-0.0008569367416158059,-0.0013359533754504793,-0.00014231577417402812,0.007498028198974984,-0.0005289452310010727,-0.002267654740543999,0.002978646991482405,0.0048948560171166566,-0.0005906693448927107,0.0013624871708403528,0.0019845177555012513,-0.001087808186007197,1.4242611207577989
1781507087.6270697,-0.044964333143418286,0.8397335728349467,0.30480313681338717,-0.04831084652720355,0.017255287094314786,-0.06617907490080542,-0.045736641183435456,0.8385173259220493,0.30485858197054455,-0.0491122901822552,0.01721053272037576,-0.06587735216626336,-0.0007221421609782367,-0.001165472044667949,-0.00046613844417721004,0.0035877342721873685,-1.067503699717933e-05,-0.0021322109129039563,0.0029147019380147405,0.005703954350255052,0.00039875065467860724,0.0037148164823047284,0.0011668062506919744,-0.0007173835434838245,1.4418011053053368
1781507087.6370683,-0.044953311007273594,0.8397442132011957,0.3047444855271464,-0.04855249101831971,0.017290363477129755,-0.06618746418808195,-0.045736641183435456,0.8385173259220493,0.30485858197054455,-0.0491122901822552,0.01721053272037576,-0.06587735216626336,-0.0006047824161185906,-0.0010138464951216853,-0.0007201881424369924,0.0005596733074453887,0.00037791005331610074,-0.0019723698360141727,0.0025164586959671767,0.0060834387970918,0.0022310386805558203,0.007510744620912415,5.327493314584737e-06,-0.0005457107469266637,1.4600947089189906
1781507087.6470675,-0.04494363030429054,0.8397539238696186,0.30469478024698476,-0.04875621820691775,0.017319603325800514,-0.06619270122556073,-0.045736641183435456,0.8385173259220493,0.30485858197054455,-0.0491122901822552,0.01721053272037576,-0.06587735216626336,-0.0005029059564706694,-0.0008792791101901632,-0.0009150069045794627,-0.0017244730193705328,0.0006586972239603095,-0.0017986223041507145,0.0023831646139741937,0.005502044559235288,0.002598654458599021,0.008677376613481034,0.00012030922864717002,-0.0012723563002410274,1.4781311657007403
1781507087.657073,-0.04493514151149558,0.8397627705957554,0.30465294411272276,-0.04892595847336459,0.017343670917925547,-0.0661954316143033,-0.04558851366079619,0.8387821168397616,0.3048751014530282,-0.04894736403141242,0.017262266403921478,-0.06591775247086129,-0.000414749940689283,-0.0007601106672450366,-0.0010598081098799692,-0.003388705210311655,0.0008510346795195854,-0.0016192098010848596,0.002373484952869859,0.005006677241648642,0.002202961365882386,0.008864190653914084,-0.00018659107212287056,-0.001619753322449357,1.199137539433318
1781507087.6670678,-0.04492771001566386,0.8397708154315718,0.30461799565103675,-0.04906558709371486,0.017363205189139697,-0.06619620800037841,-0.04558851366079619,0.8387821168397616,0.3048751014530282,-0.04894736403141242,0.017262266403921478,-0.06591775247086129,-0.00033872535511527823,-0.0006548140666757551,-0.001162621785095997,-0.004542901593297764,0.0009718391010591594,-0.0014404627781336543,0.002988634880028127,0.005490019146427814,0.0019462819687733105,0.010649173263268086,-0.0005709984130848652,-0.0023209226323403424,1.2166715893311018
1781507087.6770732,-0.044960695352920244,0.839736112402664,0.30472422260907656,-0.049126408319316646,0.01735582114135026,-0.0660981618588992,-0.04558851366079619,0.8387821168397616,0.3048751014530282,-0.04894736403141242,0.017262266403921478,-0.06591775247086129,-0.0004909995120594001,-0.0008360088064442706,-0.0003820930777402254,-0.004729550386408634,0.000732815458653543,-0.00021824644895192973,0.003634427726774735,0.005951365188811104,0.0009155294923594051,0.00929656768071295,-0.00046861855339109973,-0.00267688621816407,1.151966921093629
1781507087.6870701,-0.04498862764930571,0.839706824369988,0.3048158850762388,-0.04917321828855236,0.017348951333179485,-0.06601546327235228,-0.04558851366079619,0.8387821168397616,0.3048751014530282,-0.04894736403141242,0.017262266403921478,-0.06591775247086129,-0.0006070196547103186,-0.0009708739984695058,0.0002493359205435542,-0.004739942475751719,0.0005336421867997002,0.0007034880420115882,0.003368772454034656,0.005607177760528853,-0.00023600034916036213,0.005882115763200126,-0.00014544574988319646,-0.0024286576292028837,1.1038359581566062
1781507087.697073,-0.04501212651623833,0.8396822528291801,0.3048946904348471,-0.04920824866330249,0.017342654080968467,-0.06594652775590096,-0.04558851366079619,0.8387821168397616,0.3048751014530282,-0.04894736403141242,0.017262266403921478,-0.06591775247086129,-0.0006924659550054692,-0.0010668381944777278,0.0007530708287961725,-0.0046179861424695745,0.00036978482955961497,0.0013748524871570209,0.003071163113271908,0.004329167008482891,-0.0017386584172621971,0.0005428645931914451,4.326774397272752e-05,-0.001934452446834655,1.0690419393394814
1781507087.7070723,-0.045031752562824906,0.8396617773856245,0.3049621690231437,-0.04923349400629508,0.017336957628234062,-0.06588979138919861,-0.04543528170021682,0.839047504141109,0.304914178427345,-0.048574880954920116,0.017269336039754668,-0.06601839602072193,-0.0007522857041042238,-0.0011303577514753717,0.0011479135170737577,-0.004400203308815589,0.00023687780879743083,0.0018402469664563718,0.0028070226302868277,0.002793642292661613,-0.0030776923045716283,-0.004046789922473744,0.0011361766444344052,-0.002371790444040749,0.7365259540145694
1781507087.717075,-0.04502694605677336,0.8396787525991588,0.30490623414815493,-0.0491751387111862,0.017237146334169395,-0.06592698467001047,-0.04543528170021682,0.839047504141109,0.304914178427345,-0.048574880954920116,0.017269336039754668,-0.06601839602072193,-0.0006913421689106681,-0.0009495448235787937,0.000692456509415921,-0.0032759711914513976,-0.0008574659220089466,0.0011802416069979955,0.002694811047753271,0.0023011967146781406,-0.0031859768338258873,-0.006799194157575603,0.0010898960280295604,-0.0019315623076485407,0.7518482061350859
1781507087.7270677,-0.04502242243771326,0.8396938482886392,0.30485798710699985,-0.04912306611502027,0.01715393197166537,-0.06595939513440338,-0.04543528170021682,0.839047504141109,0.304914178427345,-0.048574880954920116,0.017269336039754668,-0.06601839602072193,-0.0006336583277906388,-0.0007923613623840944,0.00031805372447518866,-0.0023439568970679953,-0.0016539462571534993,0.0006533985050469856,0.0020196398340168674,0.0021212644927677484,-0.003046378677051394,-0.00852622444325157,0.0019886885003214494,-0.0008289900341381346,0.7690064968280608
1781507087.7370734,-0.0450181987618632,0.8397072425661123,0.3048164973175864,-0.049077126606545125,0.017085430726169637,-0.06598733380335284,-0.04543528170021682,0.839047504141109,0.304914178427345,-0.048574880954920116,0.017269336039754668,-0.06601839602072193,-0.0005793221943956201,-0.0006561386767181986,1.3463156871210808e-05,-0.0015814749265211131,-0.002205446596455839,0.00024075477220229194,0.0018574744102324006,0.001730530876526479,-0.0026326257951599917,-0.008944235933125568,0.0017302269877688405,8.157061152259075e-05,0.7866095385229132
1781507087.7470727,-0.04501428125470876,0.8397191001830515,0.3047809370182892,-0.04903704017079034,0.017029828394088398,-0.06601115629332541,-0.04543528170021682,0.839047504141109,0.304914178427345,-0.048574880954920116,0.017269336039754668,-0.06601839602072193,-0.0005283620048660521,-0.0005384688186464154,-0.000231224565174592,-0.0009668876790844907,-0.0025582962535110614,-7.502486101322348e-05,0.0011823472823287034,0.0014481379015154941,-0.0018947633110190638,-0.00810449082580652,0.0005401352100006303,0.0014418729835213103,0.8037635795170569
1781507087.7570722,-0.04501066796462811,0.8397295730540305,0.3047505708169135,-0.04900243674110166,0.016985412597448013,-0.06603124189036196,-0.045319934770912784,0.8391550796506153,0.304776323178458,-0.04892778405490271,0.017306384135905573,-0.06607262497024992,-0.00048075764978080263,-0.0004371836690503664,-0.00042472344916091024,-0.0004799348797938355,-0.0027526456759300612,-0.0003095813617415182,0.0008048344542504973,0.0017073618043375264,-8.072120712909038e-05,-0.00502378415054075,-9.433398794840445e-05,0.001811769439769375,0.6529562099882501
1781507087.7670684,-0.04501715839874915,0.839724584250219,0.3047454312684681,-0.04956285681941653,0.01707780191275421,-0.06603824198388003,-0.045319934770912784,0.8391550796506153,0.304776323178458,-0.04892778405490271,0.017306384135905573,-0.06607262497024992,-0.00048606983005138564,-0.0004218405946731981,-0.00021522735086441791,-0.006544164392280344,-0.0014397499885579633,-0.00030232683469377043,0.0006240541389324899,0.0021522098339478994,0.001430472351038419,-0.002635118330974909,-0.0009709078963296799,0.0023782906299717084,0.6457269783841791
1781507087.7770684,-0.045022459549050216,0.8397206069509155,0.30474206457313674,-0.050028208387559135,0.017156841451394955,-0.066043951420624,-0.045319934770912784,0.8391550796506153,0.304776323178458,-0.04892778405490271,0.017306384135905573,-0.06607262497024992,-0.00048417530746650483,-0.0004041784378276679,-4.4322358527110656e-05,-0.010908756490716128,-0.00041663880679228445,-0.0002885508595885591,0.0009217215327560757,0.0026228089258904263,0.0022735241201299974,-6.294638491752844e-05,-0.001313378889398439,0.0018413997777870503,0.6399111555877255
1781507087.787074,-0.04502673369044049,0.8397175055100498,0.3047402682160206,-0.050409590126074655,0.017223715746309542,-0.06604853134367908,-0.045319934770912784,0.8391550796506153,0.304776323178458,-0.04892778405490271,0.017306384135905573,-0.06607262497024992,-0.00047651944283599304,-0.00038487838129895943,9.343719023614981e-05,-0.01388039631091165,0.00036134301463968625,-0.00027028194120031314,0.0014156752103179429,0.0023784476966002216,0.002220257382544094,0.0007187923735577202,-0.0019651229267138456,0.000897663178236683,0.6352870857077574
1781507087.797078,-0.04503012540317284,0.8397151554941794,0.3047398215223445,-0.05071761645178136,0.017279645123389642,-0.06605213455580614,-0.045319934770912784,0.8391550796506153,0.304776323178458,-0.04892778405490271,0.017306384135905573,-0.06607262497024992,-0.00046433553506726195,-0.0003645080141909339,0.00020284291341064617,-0.015727001877088944,0.0009343635220993719,-0.0002491588745477985,0.0016323169748250395,0.002192175746276875,0.0019417773020586175,0.00047897886217576716,-0.0016133769279404963,-4.364402254289992e-05,0.6316698434094278
1781507087.8070703,-0.04503276301269272,0.8397134439148065,0.3047404998016367,-0.050962248378795795,0.01732584335902354,-0.06605490338041838,-0.04526906442089368,0.8392683638424073,0.3048554716763625,-0.04898522591028495,0.01724437640046328,-0.06599860427533126,-0.00044867101831639337,-0.00034353654371978645,0.0002881006650318339,-0.016680110527295417,0.0013381293115034268,-0.00022648462235614686,0.0012881778946074664,0.0019143782473396318,0.0012775684042573344,-0.0006849335847848752,-0.0016970178861901806,-1.8479534381114687e-05,0.5168686083934559
1781507087.8170776,-0.04503475997210053,0.8397122691681633,0.30474208463674846,-0.05115268467677202,0.01736348613193872,-0.06605696826825751,-0.04526906442089368,0.8392683638424073,0.3048554716763625,-0.04898522591028495,0.01724437640046328,-0.06599860427533126,-0.00043041084745280996,-0.0003223482534314273,0.0003528927711214868,-0.016937662888523473,0.0016040268494691894,-0.0002032756201581944,0.0010854786800504515,0.0013544717298201966,-0.00031783092201063105,-0.0037857165955023815,-0.0009068255933776359,-0.0003768567707568449,0.5145941446530845
1781507087.8270712,-0.045037566615222346,0.83968554805933,0.30482331396613116,-0.050362914263871406,0.017355159944187015,-0.06601877151094654,-0.04526906442089368,0.8392683638424073,0.3048554716763625,-0.04898522591028495,0.01724437640046328,-0.06599860427533126,-0.0004135527228288279,-0.0005019387318793127,0.0005487361019343687,-0.006473879875949136,0.0013152080456377514,0.00023075953661171367,0.0006964687664758321,0.0010467242453046902,-0.001099100098967602,-0.008507654559906071,-0.00035563348067172584,0.00020262799099052134,0.47819245415144934
1781507087.837068,-0.045039706135448124,0.8396628283577364,0.30489226180414325,-0.04969270598664851,0.017346916124580503,-0.0659867964258616,-0.04526906442089368,0.8392683638424073,0.3048554716763625,-0.04898522591028495,0.01724437640046328,-0.06599860427533126,-0.0003947793400719697,-0.0006397490730361375,0.0006990008264261685,0.0015434866178999137,0.0010627854479690808,0.0005496955500969204,0.0005516615912111534,0.0007011038709138308,-0.0013960896347069438,-0.012939255430263452,-0.00015825273315614024,0.0006275510188217173,0.4577783202145624
1781507087.8470745,-0.04504127969060779,0.8396435964919697,0.3049502694779608,-0.049130427078655066,0.01733896454227124,-0.06596035931723579,-0.04526906442089368,0.8392683638424073,0.3048554716763625,-0.04898522591028495,0.01724437640046328,-0.06599860427533126,-0.00037470631732739254,-0.0007422732447168275,0.0008107722628012991,0.007508377813317595,0.0008445477238492844,0.000773650276585873,0.0004814835478125702,0.0003125062860811881,-0.0026619162595202094,-0.01706054351875998,-4.244190478589693e-05,0.0009564753696192394,0.44907911088905467
1781507087.8570764,-0.04504237700418019,0.8396274000144396,0.30499861018641955,-0.04866440711572572,0.01733145345639575,-0.06593879586024487,-0.04522426254833756,0.8393315826752097,0.30483035174409256,-0.049368370461683186,0.01719068841447613,-0.06599805482387185,-0.0003538443240724709,-0.000815171541532367,0.0008902260633366669,0.011772143079824951,0.0006579010221268753,0.0009203000834707271,0.0007535367106818471,0.00020856263745719356,-0.002712908985020045,-0.01847996992779592,0.0016289355968023074,-0.0005811002113547566,0.38587712134406277
1781507087.8670661,-0.04503202514535324,0.8396499599527473,0.30492776490037204,-0.049005395496078796,0.01728271548966598,-0.06594733797335749,-0.04522426254833756,0.8393315826752097,0.30483035174409256,-0.049368370461683186,0.01719068841447613,-0.06599805482387185,-0.00026652942028494784,-0.0006058279348691636,0.0005089129639749459,0.006765894421834865,5.995379905471439e-05,0.0007007463304033528,0.0004941550036669405,-0.00045654633824625127,-0.0034553111227231333,-0.02082996324068604,0.001718372000296029,-5.498884646457539e-05,0.38445888333439454
1781507087.877076,-0.045022972185978234,0.8396696379046062,0.30486667802548373,-0.04929841995816757,0.017241633284299285,-0.06595514822755123,-0.04522426254833756,0.8393315826752097,0.30483035174409256,-0.049368370461683186,0.01719068841447613,-0.06599805482387185,-0.00019305816133002076,-0.0004300960527175116,0.0001963566011212588,0.0028296792835963503,-0.0003897013400516769,0.0005170748333811763,0.0003679298600030926,0.0003046326729043842,-0.0016524571696151442,-0.012978929704551634,0.002206272872702543,0.0003125043722729913,0.3951186490420555
1781507087.8870714,-0.045015079944088245,0.8396867638028677,0.3048143030303998,-0.04954748583467642,0.01720741180195917,-0.06596219884968436,-0.04522426254833756,0.8393315826752097,0.30483035174409256,-0.049368370461683186,0.01719068841447613,-0.06599805482387185,-0.0001316311642309386,-0.0002835734619929144,-5.7043293132463834e-05,-0.00019705054593055233,-0.000715939840345371,0.0003653127705850421,0.0002071758931397417,0.0011938915246752257,0.0003701678535535156,-0.004419516854287041,0.0012996792628298015,0.0007840842799857602,0.41251491679224067
1781507087.8970778,-0.04500822228329897,0.8397016322696628,0.3047696635795559,-0.049756797457416665,0.017179267609600757,-0.06596848936246164,-0.04522426254833756,0.8393315826752097,0.30483035174409256,-0.049368370461683186,0.01719068841447613,-0.06599805482387185,-8.065131961580704e-05,-0.00016235589622872165,-0.0002597431286423909,-0.0024594836615808935,-0.0009407778139095482,0.00024161087296741506,0.00038019834500164053,0.0022547009564653805,0.0022289020944009585,0.0018913689955848188,0.0016540017394599126,-0.0002507210400060822,0.4327737882400685
1781507087.907073,-0.04500228438321154,0.8397145062455038,0.30473185639448974,-0.049930593171268384,0.017156447382835616,-0.06597403978719214,-0.045198352156428534,0.8393576974646135,0.30476348106068285,-0.04996225447542493,0.017230261884348952,-0.06600462107240306,-3.870413492956637e-05,-6.298847476501368e-05,-0.0004191739054312772,-0.0040873259540291145,-0.0010834864449544108,0.00014231759005895744,0.00018882113888285814,0.0026076819758306196,0.00273361805760644,0.005515777451044722,0.0014233510706634347,0.000862019556656688,0.40835670354055076
1781507087.9170713,-0.044986972677903345,0.8397500276357888,0.30519935209350896,-0.05007302078760235,0.01713824095721539,-0.06597888500893309,-0.045198352156428534,0.8393576974646135,0.30476348106068285,-0.04996225447542493,0.017230261884348952,-0.06600462107240306,-4.539640551799785e-06,1.757915135135631e-05,-0.0005418492937217902,-0.005195132206574185,-0.0011607528179826967,6.402930298076529e-05,0.0005732641284703986,0.0024285867851504203,0.002436368362466607,0.00816042285744103,-1.7734343850708814e-05,0.0009409219774841116,0.6233681130863763
1781507087.9270716,-0.0449825827785791,0.8397608591609762,0.30575975709977965,-0.050199016624604985,0.0171726115287556,-0.0658740954975266,-0.045198352156428534,0.8393576974646135,0.30476348106068285,-0.04996225447542493,0.017230261884348952,-0.06600462107240306,7.638169312653304e-07,-6.984525579092714e-05,-6.604338046072554e-05,-0.006023032670124738,-0.000716349080677638,0.0012182457252163977,0.001129354712786913,0.002197266382387846,0.0018092273163616778,0.007867717874903871,-0.0002978275654605447,0.000240667319022483,1.0962033223403267
1781507087.9370737,-0.044977151122069486,0.8397737925288883,0.3063119652737397,-0.05029947634247665,0.017202129828051804,-0.06578711061855967,-0.045198352156428534,0.8393576974646135,0.30476348106068285,-0.04996225447542493,0.017230261884348952,-0.06600462107240306,5.011611878035253e-06,-0.0001391422124085683,0.0003167576691962938,-0.006478478467630604,-0.00036378627295406365,0.0020497264871075778,0.0013822654730879476,0.0023531218043892767,0.0014664231640777047,0.007225627768543643,-0.000988115108131969,8.869233126372152e-05,1.6186007408257512
1781507087.9470737,-0.04498104016004707,0.8397639881348414,0.3063576383766366,-0.050378053490313095,0.01722720231243091,-0.06571584670422381,-0.045198352156428534,0.8393576974646135,0.30476348106068285,-0.04996225447542493,0.017230261884348952,-0.06600462107240306,8.35812540749941e-06,-0.00019300887561932083,0.000620046433316087,-0.006642391105817935,-8.968178217662976e-05,0.002616629395564305,0.0012190466388743995,0.002034426560200302,0.0018089423140502424,0.00720704096167192,-0.0013026969029154593,0.0003295683075677085,1.6594077740249364
1781507087.957067,-0.04497390658479519,0.8397802869810017,0.30689621070110984,-0.050438084405262665,0.017248255800309087,-0.06565831230443132,-0.04515339173500543,0.8394726724255709,0.3048606342641092,-0.04961764856014264,0.01723392078667274,-0.06597151667287791,1.093871068793817e-05,-0.0002338059682304063,0.0008556618927207632,-0.006583382063149887,0.00011813774859679616,0.002969773112965343,0.001098117471550239,0.0012323651848514777,0.0011478176704145095,0.002112286299149184,-0.0016432323848745867,0.00042081365214075706,2.0664977775771067
1781507087.9670663,-0.04496592176394037,0.8398055034577786,0.30743382121185686,-0.04982044684807502,0.01727538282348151,-0.06573158571909299,-0.04515339173500543,0.8394726724255709,0.3048606342641092,-0.04961764856014264,0.01723392078667274,-0.06597151667287791,-3.681158255049984e-05,-0.0002246006281168187,0.0008091228948372904,0.0008919838368140684,0.0004396480448863771,0.0018616112080292492,0.0009670363943647181,0.0010530654955416443,0.0013180787877971893,-0.0028309391389722055,0.00011621511261905537,-0.00013714021526055182,2.6013866598624906
1781507087.9770749,-0.044957587869586355,0.8398301324205936,0.30796489606805555,-0.04930180816686497,0.01729774032347442,-0.06579488825082726,-0.04515339173500543,0.8394726724255709,0.3048606342641092,-0.04961764856014264,0.01723392078667274,-0.06597151667287791,-7.467779585818775e-05,-0.0002143649102030568,0.0007615102281555581,0.006468611338772868,0.0006684546656330121,0.0009803567757335004,0.00029632502694912377,0.0006467350280300516,0.0016873670212722545,-0.009852428138106214,0.0002806445302890835,0.0016631156358073971,3.13090372723195
1781507087.9870741,-0.04494897611868245,0.8398543073680108,0.3084901805838779,-0.048871542450750136,0.01731590753123191,-0.06584899032407614,-0.04515339173500543,0.8394726724255709,0.3048606342641092,-0.04961764856014264,0.01723392078667274,-0.06597151667287791,-0.00010412953178945032,-0.00020343172959337295,0.0007136389498192603,0.010469929294716908,0.0008215524701682669,0.0002932360273450607,0.0008891792542727778,7.484749236530954e-05,0.0035563498420732647,-0.013644112101046336,-0.0007407842974020164,0.001902355543351492,3.6552752920723095
1781507087.9970672,-0.044940140654692935,0.8398781428117897,0.309010390391397,-0.048519269048135555,0.017330433841208803,-0.06589472031268548,-0.04515339173500543,0.8394726724255709,0.3048606342641092,-0.04961764856014264,0.01723392078667274,-0.06597151667287791,-0.00012645316779192475,-0.00019207717915607937,0.0006661666426932898,0.013181393137487675,0.0009137439957883945,-0.0002296206328381426,0.00043004781958204435,-0.000669544691836667,0.005340301268563074,-0.016203050040178742,-0.00043158013627724284,0.0032251441207038762,4.174968044586392
1781507088.0070746,-0.04493112233745144,0.8399017347728577,0.30952619988941493,-0.048235075235325935,0.01734183130469047,-0.06593292744855882,-0.04511628888158109,0.8394984932860989,0.3049781705610045,-0.049998753021122784,0.01717423120119843,-0.0659070192807765,-0.00014277169340832013,-0.00018052823801710622,0.0006196161412767848,0.01485219215923433,0.000957784832040367,-0.0006150893315062219,0.00034926648066987346,-0.00022587544544174726,0.008896100201787863,-0.010687673941810739,0.0011999123968954183,0.0021865481964726554,4.569623739192282
1781507088.0170195,-0.04492195182409238,0.839925161935865,0.3100382346071906,-0.04800967023656713,0.01735056993945272,-0.06596445346032856,-0.04511628888158109,0.8394984932860989,0.3049781705610045,-0.049998753021122784,0.01717423120119843,-0.0659070192807765,-0.00015406270534005525,-0.00016896958205238582,0.0005743954828545481,0.01569752151898525,0.0009645483589338948,-0.0008870677382023605,0.0004736710451727756,0.001619023980200429,0.014812071628258382,0.0012044279584796599,-0.00010060148948389487,0.0019311060366723693,5.081738007818944
1781507088.0270748,-0.044913581345764675,0.839927257494423,0.3100076372184591,-0.04829963123757251,0.01729790677062204,-0.06597250219439582,-0.04511628888158109,0.8394984932860989,0.3049781705610045,-0.049998753021122784,0.01717423120119843,-0.0659070192807765,-9.163665011873185e-05,-0.00014383927444905738,0.0004527743211002747,0.010819710322966525,0.00028983613778700644,-0.0009056247523818381,0.0004217030622864611,0.003399756092634122,0.0198650168875807,0.010734542476134968,0.0011512841723264192,0.001264030987394023,5.051778295794837
1781507088.0370681,-0.044896216555391874,0.8399527789204669,0.3104801718670865,-0.048553433404567005,0.017253381321725048,-0.06597841379320325,-0.04511628888158109,0.8394984932860989,0.3049781705610045,-0.049998753021122784,0.01717423120119843,-0.0659070192807765,-4.036155956829754e-05,-0.00012184274853371571,0.0003494030072860256,0.006868768915684987,-0.0002236537969074223,-0.0008947174308201551,0.0005125978057896551,0.004376358141009322,0.023614163107719202,0.017996804312520345,0.001448999013856415,0.0007928421626072493,5.52510865399724
1781507088.0470715,-0.04487992755902213,0.8399783222101351,0.31095619095135774,-0.0487731959160862,0.01721617288006927,-0.06598256456659155,-0.04511628888158109,0.8394984932860989,0.3049781705610045,-0.049998753021122784,0.01717423120119843,-0.0659070192807765,1.3121284593835354e-06,-0.00010264065674118224,0.00026199200094139465,0.0037204471874313313,-0.000602285360742925,-0.0008620375697846275,0.0005195054516283464,0.005050202363412921,0.027202862962486165,0.02118321927194768,0.0017814826549736296,0.0004742309235040182,6.001902220015121
1781507088.0570686,-0.04486457424399658,0.840003858730347,0.31143538729004167,-0.048961438312338,0.017185466001414573,-0.06598528429735263,-0.04509299973678571,0.8396357771872991,0.30591662004878467,-0.04963163947285495,0.017240702362936844,-0.06582577478665277,3.4750020373915883e-05,-8.592517163914925e-05,0.00018850108714397546,0.001259678947854283,-0.0008695046808426327,-0.0008139429612344721,0.00047475992225319823,0.005495661063694121,0.03067230593958431,0.023418091749762206,0.0016656190327161255,2.6256977696039946e-05,5.535743318765767
1781507088.0670686,-0.044850032481624766,0.8400293637319611,0.31191745440053936,-0.049120911153284305,0.01716047155529843,-0.06598685889190842,-0.04509299973678571,0.8396357771872991,0.30591662004878467,-0.04963163947285495,0.017240702362936844,-0.06582577478665277,6.115274423694327e-05,-7.141766979757362e-05,0.00012711605442206406,-0.0006185711346595045,-0.0010459296229020799,-0.0007556181891981024,0.0006709208042892691,0.0052855246924547955,0.03246436255167626,0.024207422843473218,0.0018439473340930868,-0.0009115353442498813,6.018634095242756
1781507088.077073,-0.044839140525330466,0.8400312146420486,0.31255996327004765,-0.048725598897486955,0.01720430135448181,-0.06607807765672477,-0.04509299973678571,0.8396357771872991,0.30591662004878467,-0.04963163947285495,0.017240702362936844,-0.06582577478665277,2.3824822307760236e-05,-0.00020092001071227465,0.0008860646767382908,0.003781808250624356,-0.00040599191528029955,-0.0016442486853228098,0.0010495748574783446,0.004613286095561094,0.031184429135105742,0.022016564907506492,0.0014861074454683018,-0.00216638741711577,6.659941774171914
1781507088.0870714,-0.04482853429946996,0.8400359748065449,0.31318104505026495,-0.04839655687480875,0.017241640203367048,-0.06615329889748414,-0.04509299973678571,0.8396357771872991,0.30591662004878467,-0.04963163947285495,0.017240702362936844,-0.06582577478665277,-6.442915945361336e-06,-0.0003023351526409418,0.0014841009157253518,0.00697533986394052,8.461936065794131e-05,-0.002265077629591168,0.0011671829497010007,0.0037718009539504027,0.02942615626118583,0.015396516563887208,1.2955309946650878e-06,-0.0018720109501775206,7.280245236536773
1781507088.0970705,-0.04481817955011907,0.840043335201534,0.31378330446121333,-0.04812617496637149,0.017273086909779245,-0.06621447693336595,-0.04509299973678571,0.8396357771872991,0.30591662004878467,-0.04963163947285495,0.017240702362936844,-0.06582577478665277,-3.065940531498587e-05,-0.00037991761247273563,0.00194538328709455,0.009177206866059974,0.0004499123766539031,-0.002668254185064104,0.0010766915559701797,0.002050044253163394,0.026884249622520402,0.005750723317365748,-7.376148640859278e-06,-0.0012713535324466658,7.882027233822184
1781507088.1070793,-0.044818244873074266,0.8400296930013567,0.3138697468246976,-0.04790714562950404,0.017299252988830283,-0.06626346004783831,-0.04504385221829155,0.8398500055467667,0.30744059218723796,-0.048720217175886996,0.01734816678427742,-0.06587982267796734,-4.97112670328146e-05,-0.0004373847864240077,0.002291038409021824,0.010575783028617244,0.0007113068684497651,-0.002897312170138076,0.0011035827388520812,0.0008670096365167052,0.026313402258013943,-6.171864046427769e-05,-0.0013974673736537953,-0.00046131255957364476,6.435620840907403
1781507088.117086,-0.0448252364968442,0.8400561423277034,0.3143777781514256,-0.048173692659128756,0.017294450234683234,-0.06624362653838442,-0.04504385221829155,0.8398500055467667,0.30744059218723796,-0.048720217175886996,0.01734816678427742,-0.06587982267796734,-0.00014786267606841652,-0.0003959893063067178,0.0023027585448600948,0.006507558142108517,0.0005714453683414841,-0.002367295295804688,0.0011519023791614611,0.00025959652427926915,0.02636619431484444,-0.0031967948335050378,-0.000749396982032915,-0.0009216671080235109,6.943690251432647
1781507088.1270735,-0.044822285823945644,0.8400914014809958,0.31484018420646015,-0.048031409583356166,0.01728328684889946,-0.06624739687598198,-0.04504385221829155,0.8398500055467667,0.30744059218723796,-0.048720217175886996,0.01734816678427742,-0.06587982267796734,-0.0001868763033287288,-0.00029081148916572646,0.001862409751176874,0.007351124348456529,0.00038901094638519175,-0.0021558155808277333,0.001273366926719317,0.0001707265777680131,0.02935968446710932,-8.713120739557203e-05,-0.000527325248020215,-0.0020180587541650543,7.40684316798341
1781507088.1370704,-0.044818350093557495,0.8401250620054932,0.31530627080311696,-0.04791845226098257,0.017273635969743628,-0.06624857395243317,-0.04504385221829155,0.8398500055467667,0.30744059218723796,-0.048720217175886996,0.01734816678427742,-0.06587982267796734,-0.00021582748336334778,-0.00020269268447708827,0.0014853109392890123,0.0077819607524175945,0.00024168337009941333,-0.0019383442040399538,0.0014031513694169654,0.0002830261996248371,0.029155607714830733,0.001421446936021948,-7.147975157022503e-05,-0.0028899538168664714,7.873716235174021
1781507088.1470685,-0.044813535838106065,0.8401573230280696,0.31577572732544107,-0.04783055973264809,0.017265381890678944,-0.06624777561589984,-0.04504385221829155,0.8398500055467667,0.30744059218723796,-0.048720217175886996,0.01734816678427742,-0.06587982267796734,-0.00023633396006951572,-0.0001293849517219394,0.0011637657395241212,0.00789175925578442,0.00012468975144018754,-0.0017223378309144592,0.001344823999765536,0.0009430333329828261,0.027534029143757303,0.0013831996552734177,-0.001087655298839479,-0.002375284814627136,8.343977914724142
1781507088.1570685,-0.04480793990385775,0.8401883602239977,0.3162482702471955,-0.04776385329871904,0.01725839991033573,-0.06624551890145572,-0.04498215209010409,0.8398745213565837,0.30885137148740227,-0.04871983380228616,0.017320777429284062,-0.06596945931146633,-0.0002498014177812231,-6.889603328342377e-05,0.0008908917922643299,0.007758009247546229,3.362439840310372e-05,-0.0015133429934496058,0.001073443284853548,0.001602776992945201,0.028675843325184153,0.0034516532186410925,-0.0008285736959434308,-0.0024264978160704895,7.405603012798269
1781507088.16708,-0.04480165033220275,0.8402183282198247,0.31672363918494484,-0.0477148468485177,0.017252561930002575,-0.06624223115534765,-0.04498215209010409,0.8398745213565837,0.30885137148740227,-0.04871983380228616,0.017320777429284062,-0.06596945931146633,-0.0002574474936605502,-1.9464170840388713e-05,0.000660547409794049,0.0074454375400343584,-3.552285672834315e-05,-0.0013153233003405263,0.0008481896787488846,0.002064480553286059,0.03040450166590964,0.0053287941910522265,-0.0005528079248650963,-0.0023435647893750014,7.881838792159431
1781507088.1770668,-0.044807459957622954,0.8402041889329267,0.3167637932260632,-0.04766974477685408,0.017281578544204645,-0.06623811153484542,-0.04498215209010409,0.8398745213565837,0.30885137148740227,-0.04871983380228616,0.017320777429284062,-0.06596945931146633,-0.00027796187087386615,-0.00010729324928079657,0.0008586129539332798,0.007124282362111267,0.00028253256140121365,-0.001111722443352199,0.0007246776870739096,0.0020556338149881536,0.032359059144503426,0.008343090870599111,0.0012734065823564306,-0.002791217967369037,7.921213027212214
1781507088.187063,-0.04480215798740814,0.8402153532442933,0.31729668626913,-0.04763833378200696,0.01730577248498255,-0.0662336143414499,-0.04498215209010409,0.8398745213565837,0.30885137148740227,-0.04871983380228616,0.017320777429284062,-0.06596945931146633,-0.0002909082030029861,-0.00017644056105104922,0.0010067351572681286,0.006688639120348151,0.0005131111069059847,-0.00092874918429714,0.0006269950078994194,0.0021364820337608625,0.03511059336425528,0.011907557031664833,0.001363315701038909,-0.0027004019590216644,8.454105867278559
1781507088.1970713,-0.04479603876733999,0.8402283465008671,0.31782385784189826,-0.04761804080971804,0.017325690646968983,-0.06622895752293824,-0.04498215209010409,0.8398745213565837,0.30885137148740227,-0.04871983380228616,0.017320777429284062,-0.06596945931146633,-0.0002976150685481871,-0.0002297144854470835,0.0011128873287439061,0.006179138985028131,0.0006718336088742932,-0.0007662377477064562,0.0006657351841200385,0.0021985301739081337,0.035581674616299325,0.01299870068216582,0.0028161742249923063,-0.003017135902382374,8.9813886333492
1781507088.2070668,-0.04478920826278753,0.8402429441975983,0.31834610144704795,-0.04760663364295516,0.017341859869439036,-0.06622430868024955,-0.044945252620296305,0.8399745999943167,0.3104705530799243,-0.048294219373581485,0.017398640514440178,-0.06609539516050411,-0.00029922807503747863,-0.00026957064590500115,0.001184002029637254,0.005628247081257681,0.0007723713779911514,-0.0006235043827938168,0.0007058332650538654,0.002180441585050058,0.03482275549106279,0.011567390933532535,0.0003605386333543019,-0.0020915215751893565,7.881663563984996
1781507088.2170734,-0.04479071578894122,0.8402463174706936,0.31888308669939164,-0.047746790161225905,0.017317692848311417,-0.06621877137690496,-0.044945252620296305,0.8399745999943167,0.3104705530799243,-0.048294219373581485,0.017398640514440178,-0.06609539516050411,-0.00035146294019930446,-0.00038702711459249074,0.0014040811630407115,0.0034826137172688848,0.0004219451599583227,-0.0005076352651015888,0.0005083997555125278,0.002433914858187928,0.03529331401512999,0.010383389315030639,0.00016448072638515317,-0.001321481452550826,8.418339142484202
1781507088.2270737,-0.04479305321386452,0.8402600685896698,0.31941453425909716,-0.04780761196065257,0.017309921949816953,-0.06621824620933336,-0.044945252620296305,0.8399745999943167,0.3104705530799243,-0.048294219373581485,0.017398640514440178,-0.06609539516050411,-0.00040866825863263294,-0.00042655370189353665,0.001543677208071015,0.0024383050120738276,0.0002910020417071667,-0.0004505422109406491,0.00042279397917685334,0.0018708207309574357,0.03458017791188161,0.006494262306619586,0.0001913099019532574,-0.000792813129478949,8.949829959929348
1781507088.237076,-0.04479341276040904,0.8402754727556753,0.31994049458258655,-0.04786099989709124,0.017303138268279783,-0.06621737802647792,-0.044945252620296305,0.8399745999943167,0.3104705530799243,-0.048294219373581485,0.017398640514440178,-0.06609539516050411,-0.0004494129106650242,-0.0004528797164761763,0.001636181207587563,0.0015890970298988358,0.00018492404496983793,-0.00039543169654293673,0.0006146727631011514,0.001260399256090424,0.03422713509599936,0.005122804125687417,0.0009533351801579675,-0.0010629818107364846,9.475936461660275
1781507088.2470827,-0.04479204820047931,0.84029230099804,0.320461736134238,-0.04790735652607802,0.01729728001435693,-0.06621627664064819,-0.044945252620296305,0.8399745999943167,0.3104705530799243,-0.048294219373581485,0.017398640514440178,-0.06609539516050411,-0.00047642710552630576,-0.00046827508834742544,0.0016897088576695715,0.0009093164988946786,0.00010038059544777343,-0.00034331517134677305,0.0007885409548593907,0.000824830286731891,0.03369537921489799,0.0024471059221485517,-0.00047801198837692097,-0.0010017012031421153,9.99740688112788
1781507088.2570767,-0.04478918534323131,0.8403103515892946,0.3209789306890276,-0.047947175932788695,0.01729227554390156,-0.0662150307109362,-0.04491568813310115,0.8400549984359906,0.3121659991836428,-0.04798981579038949,0.017421240243721048,-0.06614407443354064,-0.0004920765607207325,-0.0004747005587166652,0.0017112690911660353,0.0003750896258426599,3.428666947289126e-05,-0.0002948685228455665,0.0006031769989177432,0.0002022864176050981,0.03485783661561232,0.0008633788411509155,0.00033539482140372513,-0.0004717583208091211,8.817537632885461
1781507088.2670715,-0.04478502469289754,0.8403294473402728,0.3214926646150815,-0.047981007258505806,0.017288047794224104,-0.06621371061837887,-0.04491568813310115,0.8400549984359906,0.3121659991836428,-0.04798981579038949,0.017421240243721048,-0.06614407443354064,-0.0004984044135381278,-0.00047384381574572243,0.0017068935508227853,-3.5455605720800224e-05,-1.61743087724507e-05,-0.0002504977133690585,0.0006845450896395764,2.9109474913044507e-05,0.035006231422801876,-5.6499567217174904e-05,-0.000623256654408034,-0.00028585851509993135,9.331617394946159
1781507088.2770789,-0.04478742393603924,0.8403418850936779,0.3214091071792334,-0.04821474362456108,0.017262209721248478,-0.06622085409966927,-0.04491568813310115,0.8400549984359906,0.3121659991836428,-0.04798981579038949,0.017421240243721048,-0.06614407443354064,-0.00048230152644171214,-0.0003794045895796626,0.001151338567072968,-0.002582003194241873,-0.00029189477788092407,-0.00031459647653482505,0.0005633899367090638,0.0004088477106147685,0.03637420207759272,0.0019908616999763924,-0.0016435266131923502,-5.0542236446802206e-05,9.248448576748292
1781507088.2870748,-0.044779038299733606,0.8403762681486276,0.32183651082666176,-0.04840896068772972,0.01724075823983484,-0.06622658211321986,-0.04491568813310115,0.8400549984359906,0.3121659991836428,-0.04798981579038949,0.017421240243721048,-0.06614407443354064,-0.0004632633109485271,-0.00029878387288445325,0.0006907653127001928,-0.004419368252113462,-0.0004904952038504432,-0.0003540120266178465,0.0008885152761126128,0.000712880132607777,0.03672441606464935,7.558971013424924e-06,-0.0023200331669841466,-0.0005295273181225179,9.676811605223211
1781507088.297064,-0.04477016032030816,0.8404093608525818,0.32227419261371154,-0.048568251085488644,0.0172231810522252,-0.0662310938136792,-0.04491568813310115,0.8400549984359906,0.3121659991836428,-0.04798981579038949,0.017421240243721048,-0.06614407443354064,-0.0004421099261457584,-0.00023027783094043918,0.00031227677143466463,-0.00567507323941855,-0.0006258753620965296,-0.00037385439987129375,0.0002393586929620713,0.0014693644956133422,0.03937188747212316,0.0004946871376567078,-6.363022770475024e-05,-0.0006092052156072857,10.115449841024054
1781507088.3070652,-0.044760869313209835,0.8404412801581241,0.3227209359752369,-0.048697011949546884,0.017208988161979466,-0.06623457147464998,-0.04488839182694587,0.8400838013675247,0.31401362358983825,-0.04798569794427594,0.01738742551182071,-0.06615932588722734,-0.0004195265750722203,-0.00017236516574844582,4.47946820620194e-06,-0.006460588033463375,-0.0007101805455661438,-0.00037848813755177033,6.49182460230922e-05,0.0020079755859123273,0.04079983850857733,0.00018184498585747984,4.871537375873106e-05,-0.00016143056468421958,8.715580419808786
1781507088.3170815,-0.04475123419640294,0.8404721376054737,0.3231756364925773,-0.048799373566486504,0.01719771971490336,-0.06623717976898492,-0.04488839182694587,0.8400838013675247,0.31401362358983825,-0.04798569794427594,0.01738742551182071,-0.06615932588722734,-0.00039608143945607315,-0.00012369039127790716,-0.00024266870264893386,-0.006872303615914848,-0.0007539089846608477,-0.00037159973891457245,0.00022246823002028274,0.0010585318434044066,0.04141144680563585,-0.003371000640508417,-0.0008542238056868118,0.0005633071760930178,9.171264780785544
1781507088.3270679,-0.04476141653902812,0.8404631663720695,0.3232277546283212,-0.04866603198655823,0.0172199156551478,-0.06621653448037015,-0.04488839182694587,0.8400838013675247,0.31401362358983825,-0.04798569794427594,0.01738742551182071,-0.06615932588722734,-0.00042999002385809,-0.00016302714651289193,5.5810470872673314e-05,-0.004670187086534595,-0.00044085559807487834,-9.414109618943397e-05,0.000496030793016408,0.0010065969392580984,0.042202675820547854,-0.0022010933524538178,-0.0005553023865471111,-0.0006702696354222665,9.22281146531523
1781507088.3370721,-0.044759701695260556,0.8404791745938565,0.32377189623989655,-0.048549590222210254,0.017238991208858412,-0.06619910078928307,-0.04488839182694587,0.8400838013675247,0.31401362358983825,-0.04798569794427594,0.01738742551182071,-0.06615932588722734,-0.00045176251485425534,-0.00019253991804291283,0.0002947143626228785,-0.0028923797524274524,-0.0001942319699174203,0.00011632799506540922,0.0006121243801372057,0.001253904000765139,0.04138767709558564,-0.00022705490489735862,-0.0009651917520848672,-0.0010739828258385094,9.767126816570416
1781507088.3470762,-0.04475650070487504,0.8404962617643725,0.3243095549583712,-0.0484489983195432,0.01725520702760064,-0.06618455099681984,-0.04488839182694587,0.8400838013675247,0.31401362358983825,-0.04798569794427594,0.01738742551182071,-0.06615932588722734,-0.00046351659631989865,-0.00021379230242234447,0.0004827656627299458,-0.001481156435484296,-4.131646540059248e-06,0.00027084251192524116,0.0005791899096756503,0.0017794362176511435,0.039441039365569086,-0.0043520353000583,-0.0009527411693463746,-0.0005968944316795265,10.305033798711676
1781507088.3570728,-0.044752016052175436,0.8405143069024017,0.324841485530933,-0.04836303571641327,0.017268836618062444,-0.06617256058338175,-0.044866440120052864,0.8401545752504009,0.31610698790587766,-0.04807944903381549,0.017340248034724892,-0.06618130477145816,-0.0004670792314367471,-0.00022814418047901314,0.0006276110666167468,-0.00038323118726912874,0.00013841488310986557,0.00037920233416580406,0.0007724887039184156,0.0018702876730915042,0.039817371579546644,-0.00241153961498245,-0.003007729855977471,-0.0009286965078004274,8.742651113412816
1781507088.367071,-0.044746427461651826,0.8405331996092033,0.32536837547985137,-0.048290387430678344,0.017280155635093664,-0.06616281629016124,-0.044866440120052864,0.8401545752504009,0.31610698790587766,-0.04807944903381549,0.017340248034724892,-0.06618130477145816,-0.0004640208511402895,-0.0002367746644534666,0.0007359365986491799,0.0004498971873191388,0.0002414296547522267,0.0004500136462461092,0.0007711495813030669,0.00140673475191725,0.038037167386724836,-0.005924166793682061,-0.0022929358457950202,-0.0005037964722580928,9.269900713524908
1781507088.377074,-0.044752029563400346,0.8405605905179686,0.3258656418369053,-0.04833441797812092,0.01732773610984606,-0.0661979261114064,-0.044866440120052864,0.8401545752504009,0.31610698790587766,-0.04807944903381549,0.017340248034724892,-0.06618130477145816,-0.0005540378551167922,-0.00019965418296157174,0.0006925892018671991,-7.315877002782767e-05,0.0007525088909115371,4.317842494351836e-05,0.0005407702340127456,0.00029852299881243213,0.03779997026748058,-0.007934404189806064,-0.001025583050015377,2.7268272785053786e-05,9.767766618758507
1781507088.3870683,-0.04475509015269224,0.8405875687481699,0.32636286812057513,-0.04837138552237151,0.01736706223062412,-0.06622746454716431,-0.044866440120052864,0.8401545752504009,0.31610698790587766,-0.04807944903381549,0.017340248034724892,-0.06618130477145816,-0.0006192808670002759,-0.00016732503579086535,0.0006490152670779099,-0.0004630630712387714,0.0011148452029893286,-0.0002628326513237999,0.0004702734539110679,0.0005358797552909725,0.03875941968442691,-0.004705963282405098,0.0004470505625544782,-0.000385795376086584,10.265620349621573
1781507088.3970702,-0.04475595504120042,0.8406141688710995,0.3268600992769603,-0.04840204884125396,0.017399127413877835,-0.06625201960037044,-0.044866440120052864,0.8401545752504009,0.31610698790587766,-0.04807944903381549,0.017340248034724892,-0.06618130477145816,-0.0006638092879448199,-0.00013925188629861047,0.0006058115996557677,-0.0007425289179830955,0.0013558153059024,-0.0004849229239381022,0.00039970178891629983,0.0004189642587110722,0.03765333189790909,-0.004111684004653954,3.3396517210597433e-05,0.00021088615099277284,10.763495594264105
1781507088.407075,-0.04475492626399939,0.8406404239142431,0.32735736814328037,-0.04842714908082981,0.017424874696596593,-0.06627216833765721,-0.044840295956054654,0.8401947956161183,0.3179843907124104,-0.048338727077828776,0.017298009784910473,-0.06620674181243712,-0.0006911443711123107,-0.00011495105278850328,0.000563452607269138,-0.0009315974662480542,0.0014992537800073596,-0.0006380547184151961,0.0001513574045983073,0.0011647447530027846,0.03642048098194543,-0.0021155793101437833,3.562431538851295e-05,0.0002929261221998448,9.38395324391638
1781507088.4170747,-0.044762564145446736,0.8406427812816747,0.3273553606860403,-0.04844739388207582,0.01744518355984237,-0.06628846382223715,-0.044840295956054654,0.8401947956161183,0.3179843907124104,-0.048338727077828776,0.017298009784910473,-0.06620674181243712,-0.0007043307410515265,-9.398644950646133e-05,0.0005223084287671694,-0.0010477592369916298,0.001565688783688657,-0.0007353264421390767,0.00012556384444732788,0.001408866553904795,0.03726924244288788,-0.0015452654206248517,0.0011291623036088778,0.0005211706903472215,9.381994011807812
1781507088.4270725,-0.04475715447419997,0.84067994324376,0.32781154769245546,-0.04857179417717084,0.017459095520275802,-0.0662796932756239,-0.044840295956054654,0.8401947956161183,0.3179843907124104,-0.048338727077828776,0.017298009784910473,-0.06620674181243712,-0.0006886326501891694,-1.4524106942858457e-05,0.00026021916200988463,-0.0022931004740247268,0.0015420886414676744,-0.0005520745852144507,-0.00016278045537209204,0.0013563296544274648,0.037851421419136826,-0.001848040402670212,0.0027163777646578577,0.00014206514649868116,9.83947635990145
1781507088.4370687,-0.04475070568401737,0.840715227135638,0.32827397405801234,-0.048674309922100006,0.017469407839876494,-0.06627174332421472,-0.044840295956054654,0.8401947956161183,0.3179843907124104,-0.048338727077828776,0.017298009784910473,-0.06620674181243712,-0.0006673049694046547,4.945016348442513e-05,4.6523694096613954e-05,-0.0031634250238873666,0.0014821905377264643,-0.0003996657962964514,7.717636086071088e-05,0.002379089223734009,0.042605540811554196,0.003461919578866973,0.00193666515030124,-0.00010635969996824372,10.303125778589806
1781507088.4470656,-0.044743371472990366,0.8407488430690319,0.3287418977670924,-0.04875762217085158,0.017476740780007383,-0.0662646252164065,-0.044840295956054654,0.8401947956161183,0.3179843907124104,-0.048338727077828776,0.017298009784910473,-0.06620674181243712,-0.0006417282483420543,0.00010018040645287078,-0.0001256147927986843,-0.003728938879930342,0.0013967362173658764,-0.00027453666147646,-0.0001947945230858686,0.0018947503373490764,0.04405486201158954,0.0020587705841393243,0.0012416858623809305,0.0003926693241040634,10.772201305537779
1781507088.4570706,-0.044735286746354685,0.8407809834431378,0.32921464500695236,-0.04882426540269734,0.017481640620850447,-0.06625832478908886,-0.04484754166404481,0.8402883676065226,0.32004546256315997,-0.04829001706165789,0.017384072803431794,-0.06618465566475686,-0.0006130645948459927,0.0001396358960580194,-0.00026221128162046375,-0.004050588576702905,0.0012944733880565034,-0.00017327098194803048,-9.397274169815819e-05,0.0027310068817324976,0.045284939149104815,0.0047211820898744004,0.0015440720940178914,-0.0005235881079227715,9.18309197474251
1781507088.46707,-0.04473365083698379,0.8407938467754185,0.3297340980760533,-0.04874097218949536,0.017537821310898538,-0.06630158833112818,-0.04484754166404481,0.8402883676065226,0.32004546256315997,-0.04829001706165789,0.017384072803431794,-0.06618465566475686,-0.0006531775973866807,7.246428097042954e-05,-0.00014859143085042186,-0.002690667991819164,0.0017886039838622123,-0.0005961039480748694,5.6638119158110146e-06,0.00299766781996059,0.04346072883628831,0.0028546923465653505,6.3385761428416795e-06,-0.0003358504951254121,9.702481044164646
1781507088.4770677,-0.04473462583029577,0.8408079394124731,0.3303082220606535,-0.04871294052839613,0.0175742174055471,-0.06629873031556631,-0.04484754166404481,0.8402883676065226,0.32004546256315997,-0.04829001706165789,0.017384072803431794,-0.06618465566475686,-0.0006873924059812266,9.660017753003087e-06,0.0003305685331577038,-0.002091373093961713,0.0019886261892787397,-0.00048050635502473044,-0.0001705315236022768,0.002640373315302503,0.04397620600974829,-0.003885852733217676,0.00019374506118901354,0.00024125681895716648,10.276523602388316
1781507088.48707,-0.04474404165493405,0.8407996454441232,0.330372295108837,-0.0486874334322811,0.017603027745141553,-0.06629579539210827,-0.04484754166404481,0.8402883676065226,0.32004546256315997,-0.04829001706165789,0.017384072803431794,-0.06618465566475686,-0.0007061491759977108,-4.087996085406203e-05,0.0007110366490532928,-0.0015850963977851033,0.0020840620978775583,-0.00038073419975179754,2.1558553679220798e-05,0.0021873314869598685,0.04185784066867954,-0.0049469620670359584,-0.0004099984772076227,-0.000133838414117237,10.33999940549135
1781507088.497076,-0.044751800727525694,0.8407925371711109,0.3304269346994162,-0.04866451608722464,0.017625365697909956,-0.0662928834632456,-0.04484754166404481,0.8402883676065226,0.32004546256315997,-0.04829001706165789,0.017384072803431794,-0.06618465566475686,-0.0007122589803322107,-8.093410819560404e-05,0.0010074566815690275,-0.0011623729513948445,0.0020985226577184346,-0.0002955520563696115,0.0004594432677587857,0.0010681311226986788,0.04085128039429817,-0.0047770303162788085,-0.00042745235460316426,-0.0008649809808686113,10.394148209095695
1781507088.5070868,-0.04475812856973448,0.8407864744936194,0.33047329692310473,-0.0486441664558694,0.017642242647106565,-0.06629006869824378,-0.04483677724085522,0.8403954683666689,0.3221492657571697,-0.048394329942543036,0.017409663346658943,-0.06622753441239385,-0.0007081387227319539,-0.00011206298499890559,0.0012326492264402341,-0.0008138239839601616,0.002051915278186465,-0.00022363451455636142,0.0006185413660340089,0.0002513361158366883,0.03931520889830189,-0.0071626030094016245,0.002121702930814443,-0.0019105415009582607,8.33358063837148
1781507088.5170739,-0.04476784493205554,0.8407814537391759,0.33042460881214614,-0.048825082734968134,0.01760883202226604,-0.06621115616681965,-0.04483677724085522,0.8403954683666689,0.3221492657571697,-0.048394329942543036,0.017409663346658943,-0.06622753441239385,-0.0006902782808618681,-0.0001623703542430643,0.0009115030514168882,-0.002715322885642704,0.0014220313151929445,0.000643323836684419,0.0002698182116448304,0.00013222651854991654,0.038847194293505444,-0.008509290458090962,0.002476080755852541,-0.001272737597006257,8.284626669230962
1781507088.5270658,-0.04477570351968702,0.840777118872338,0.3303826740523097,-0.0489747676455754,0.017579408652883988,-0.0661453071390862,-0.04483677724085522,0.8403954683666689,0.3221492657571697,-0.048394329942543036,0.017409663346658943,-0.06622753441239385,-0.0006671938709305103,-0.0002006983623912162,0.0006421458549050654,-0.004065731887924414,0.0009111515137428617,0.0012752802682767569,0.00014794084205702203,0.0014389910497715843,0.03930997735616991,-0.002879435341307252,0.0019110113638835954,-0.0008362848413738325,8.242475311602414
1781507088.5370717,-0.04478195061128089,0.8407733782727508,0.33034672447378144,-0.04909695421402306,0.0175537758766382,-0.06609104901300743,-0.04483677724085522,0.8403954683666689,0.3221492657571697,-0.048394329942543036,0.017409663346658943,-0.06622753441239385,-0.0006402083026030768,-0.00022892400628689197,0.0004177764891147202,-0.004966261991713694,0.0005034227325590257,0.0017138635023169727,-0.0001715090903272129,0.0017607805611737511,0.03670032682165966,-0.0021261354510232144,0.0018534402400370265,-0.00031115074087658377,8.206348229692635
1781507088.5470743,-0.044786810752576234,0.8407701551866175,0.3303160550650494,-0.0491951922567849,0.01753168311292863,-0.06604696111614554,-0.04483677724085522,0.8403954683666689,0.3221492657571697,-0.048394329942543036,0.017409663346658943,-0.06622753441239385,-0.0006104329236026501,-0.00024868209581633047,0.00023236513369940615,-0.00550506197439633,0.0001841429575117109,0.0019955566443190533,-0.00019373991525995564,0.002321812281924611,0.03608973109231266,-0.0013510829401153662,0.0014444292162131504,0.0005796975407969784,8.175532671471185
1781507088.5570672,-0.04479048697368369,0.8407673848726775,0.33029002304043265,-0.049272797142237215,0.017512846163213247,-0.06601170054716186,-0.04483808991026844,0.8404605876841035,0.3240611845405262,-0.04859631162075923,0.017513002380003195,-0.06625499869956958,-0.0005787952437783287,-0.0002613923049770103,8.05775732223144e-05,-0.005758080557884958,-6.012482298178699e-05,0.0021519889801932188,-0.00016314217030533664,0.0023722162289148184,0.03503766333787833,-0.0003795784497363938,0.001112958140897901,0.0008044484786869547,6.236571142254809
1781507088.5670717,-0.0447931614007581,0.8407650122915273,0.3302680459256709,-0.04933281781464552,0.017496963336508076,-0.065984019426105,-0.04483808991026844,0.8404605876841035,0.3240611845405262,-0.04859631162075923,0.017513002380003195,-0.06625499869956958,-0.0005460634403780248,-0.000268283613739939,-4.229440488138586e-05,-0.005790046377525339,-0.00024150193872587457,0.002210287407812756,-0.0005004863651399088,0.0019734219682524105,0.03413990560678968,-0.0018015547045450643,0.0001636686082869613,0.0019113524977013646,6.214484786929034
1781507088.5770779,-0.04480464531590873,0.8407699979355618,0.3302523725605547,-0.04875378980990183,0.01745423489493625,-0.0659467595559923,-0.04483808991026844,0.8404605876841035,0.3240611845405262,-0.04859631162075923,0.017513002380003195,-0.06625499869956958,-0.0005640080935408615,-0.00014765068273180697,-0.0003673637399227675,0.0011561160503039992,-0.0007023436164384448,0.002352316143513258,-0.0005998213939365547,0.0011504611294957654,0.033463471623865274,-0.0046167874729405095,0.0006259771262055727,0.0023665431270879812,6.19900494788831
1781507088.5870671,-0.04481727349441626,0.8407753993183456,0.3302343158997656,-0.04859273705227713,0.017427561922679358,-0.06595727023038062,-0.04483808991026844,0.8404605876841035,0.3240611845405262,-0.04859631162075923,0.017513002380003195,-0.06625499869956958,-0.0006094363416072775,-8.312895515666224e-05,-0.0005229565590723853,0.002790061404796144,-0.0009113098950125539,0.001966748593121229,-0.0003627535399476083,0.0009089615592067655,0.029293709677610715,-0.005183835747792717,0.0007267926156409286,0.0020589628715057553,6.181188434811557
1781507088.5970638,-0.044827645434453785,0.8407801727380234,0.33021878935599364,-0.04845987183444683,0.017405874916299302,-0.06596795881976589,-0.04483808991026844,0.8404605876841035,0.3240611845405262,-0.04859631162075923,0.017513002380003195,-0.06625499869956958,-0.0006381827422688438,-3.027931623776148e-05,-0.0006412359064101802,0.003937946805650132,-0.0010429522751027743,0.0016240172430405614,-0.00030495150068952394,0.0012867964049569083,0.026989946626699093,-0.0027854455699535424,-0.0005179080578573636,0.0025612155752313794,6.16590145536174
1781507088.6070735,-0.04483608362096126,0.8407843912946891,0.3302054636075907,-0.048351763393111924,0.017388517719358232,-0.06597848725260433,-0.044852558304392665,0.8405302661405134,0.3255778158058654,-0.048738955134893944,0.017518007083677123,-0.066164508520748,-0.000653173157615046,1.2530624687280281e-05,-0.0007280622809227825,0.004690223926743746,-0.0011130510398796093,0.0013227639480143643,-0.00020638746425126193,0.001465838601005185,0.02568084925039765,-0.0008708311426984984,-0.0005930976240688722,0.002191657279505495,4.634649413493058
1781507088.6170712,-0.04484287082031712,0.8407881170252176,0.33019405738153795,-0.048265163542482434,0.017374880023652617,-0.06598860683318668,-0.044852558304392665,0.8405302661405134,0.3255778158058654,-0.048738955134893944,0.017518007083677123,-0.066164508520748,-0.0006569306934805918,4.673852018424513e-05,-0.0007885388749589078,0.005125493841874876,-0.0011351154478148634,0.0010608355145195164,6.042244450330494e-05,0.0009135219660509265,0.022648157201783713,-0.0049732823469408214,-0.0006303050116495466,0.001898620881205805,4.6234475460480855
1781507088.6270673,-0.04485675509048985,0.8407654005221754,0.33020137135924704,-0.0478696531056054,0.01733820371978312,-0.06595428205914393,-0.044852558304392665,0.8405302661405134,0.3255778158058654,-0.048738955134893944,0.017518007083677123,-0.066164508520748,-0.0006853033983003894,-5.362196674932301e-05,-0.0008459735882202186,0.008877156556341937,-0.0014300189779427534,0.0013000070859700377,0.00011321692504358345,0.00010790909286697991,0.022162610676379372,-0.005745735869506161,-0.0009250254371675096,0.0019810938374415672,4.629532562328419
1781507088.6370687,-0.04486873278864363,0.8407502576657963,0.3302120407255402,-0.047700689417701794,0.017333239230896247,-0.06594381694509122,-0.044852558304392665,0.8405302661405134,0.3255778158058654,-0.048738955134893944,0.017518007083677123,-0.066164508520748,-0.0007132547330399222,-0.00012648248888382898,-0.0007893011262746532,0.009750625048048401,-0.001333875969422623,0.0012695859327563818,0.00026296309847027627,8.220305476838388e-05,0.020107637647036145,-0.0027284421493979686,-0.00019917228947355015,0.0011243405255247372,4.639471790114902
1781507088.6470673,-0.04487850290542744,0.8407375595246676,0.3302209074995097,-0.047567550768247556,0.017330227829328804,-0.06593623913102474,-0.044852558304392665,0.8405302661405134,0.3255778158058654,-0.048738955134893944,0.017518007083677123,-0.066164508520748,-0.0007266556524605436,-0.00018337029837007393,-0.0007338047486361148,0.010138184487398578,-0.0012253327204408745,0.0012120324913887852,-8.488785853800915e-05,0.00015074604097606965,0.017550819852705825,-0.0010644032556576199,-0.0010564736359893689,0.0017169351193121914,4.6477891674457
1781507088.6570687,-0.04488638078886182,0.8407269864059217,0.3302282125659081,-0.04746489894898904,0.01732876289759977,-0.06593103159072419,-0.04484651883415114,0.8405497305589031,0.32660165380992356,-0.04888076537232901,0.017471426493079978,-0.06608264849987264,-0.0007282060858494319,-0.00022671481666132194,-0.0006799556953583449,0.010151060120348188,-0.0011104681964408942,0.0011357271165379536,-3.636650466404281e-05,0.0011062881666541195,0.016244697042719945,0.0027850338202068813,-0.001119170981438384,0.001208327972631067,3.631106858981688
1781507088.6670697,-0.0448926440789836,0.8407182514152617,0.33023417895190094,-0.047387899725353934,0.017328497221575034,-0.06592774222995448,-0.04484651883415114,0.8405497305589031,0.32660165380992356,-0.04888076537232901,0.017471426493079978,-0.06608264849987264,-0.0007202236216426244,-0.0002586379253272653,-0.0006281113920325698,0.009882845389306663,-0.0009940105214549318,0.0010474617200149261,5.2863105238783154e-05,0.002443136461059719,0.017439868293946604,0.008294038438207214,-0.0013218948061984727,0.0006724475335566217,3.6367245873637994
1781507088.677071,-0.044902998698608206,0.8407322384888646,0.3301682526893944,-0.04724113120112693,0.017291648672481452,-0.06590441730969099,-0.04484651883415114,0.8405497305589031,0.32660165380992356,-0.04888076537232901,0.017471426493079978,-0.06608264849987264,-0.0007264945784798248,-0.00013457590245496555,-0.001068891738308805,0.010401716549912381,-0.0012996834381625866,0.0011684120052580732,-0.00018792131302931484,0.002246972035225427,0.018308192142198438,0.009608650601385516,-0.0008711625791080406,0.0008333203932836182,3.5717120105952977
1781507088.6870697,-0.0449113518784201,0.8407445389113568,0.330111549386868,-0.047127257527267395,0.01726179306892206,-0.06588593012781646,-0.04484651883415114,0.8405497305589031,0.32660165380992356,-0.04888076537232901,0.017471426493079978,-0.06608264849987264,-0.0007223233102992728,-3.327702791939745e-05,-0.0014091944228056352,0.0105057650333488,-0.0014931354657261803,0.0012270627155757444,-6.384957676159862e-05,0.0018104194218855505,0.01748242915272578,0.010689132702198754,-0.0004800643038800576,0.0003317825023490669,3.515895416372465
1781507088.6970596,-0.04491799034846851,0.8407553280618455,0.3300629738886948,-0.04704114765376586,0.01723799506838164,-0.06587157266477257,-0.04484651883415114,0.8405497305589031,0.32660165380992356,-0.04888076537232901,0.017471426493079978,-0.06608264849987264,-0.0007098221584252965,4.846464266878038e-05,-0.001664524357453986,0.01029615305367108,-0.0015972094905055746,0.0012374266846732552,0.0001206193014956066,0.002000688603570142,0.01596858197653061,0.012489379135732654,-0.001173722196820207,9.726109559660606e-05,3.4681573202898415
1781507088.7070708,-0.04492316824198651,0.8407647632573961,0.33002155215767365,-0.046978197153229304,0.017219387781632678,-0.0658607017175651,-0.0448501186588488,0.8406519618298266,0.3274478357243347,-0.04838067350527678,0.017451304987644356,-0.06604477716366633,-0.0006907924018463051,0.0001134705650256575,-0.0018484051603033782,0.009857263721821169,-0.0016314672788945328,0.001211325583440216,-6.617506011151758e-05,0.0017524208283491952,0.014013876125976396,0.012913760378696588,-0.0012368337348302681,0.00010977471726148345,2.577222668474175
1781507088.717068,-0.04492710974179765,0.8407729861011976,0.3299864173301144,-0.04693432219947567,0.01720517940415278,-0.06585274017445103,-0.0448501186588488,0.8406519618298266,0.3274478357243347,-0.04838067350527678,0.017451304987644356,-0.06604477716366633,-0.0006667627830249143,0.00016421778697406806,-0.001972598561895828,0.009258598350822633,-0.0016124767446124952,0.0011586155793012393,-0.00016627080828548335,0.0020159622823958966,0.014910561995954847,0.01374572357960203,-0.0010368867418300326,0.0003633742446320085,2.5426307380973525
1781507088.727064,-0.044927475890664786,0.8407872247360533,0.3299596828632446,-0.04702311634552802,0.017204712603277494,-0.06586847722063607,-0.0448501186588488,0.8406519618298266,0.3274478357243347,-0.04838067350527678,0.017451304987644356,-0.06604477716366633,-0.0006325111311574482,0.0002343506817382884,-0.0019828383393518893,0.007281419015010901,-0.0014332719995284323,0.0008603103389285343,7.295802652648109e-06,0.0014605380907989664,0.015340034670023804,0.011719818920080668,-0.0011115444405890972,0.0005580797364603089,2.5166756335223144
1781507088.7370641,-0.044929404627090885,0.840786088543896,0.32996671745013445,-0.047006258404500054,0.01726753962237515,-0.06589845491129934,-0.0448501186588488,0.8406519618298266,0.3274478357243347,-0.04838067350527678,0.017451304987644356,-0.06604477716366633,-0.000623871921672876,0.00021548504792722332,-0.0018167276392214529,0.006676325830627444,-0.0005763454478504624,0.00047174035225067346,-3.333512759817079e-05,0.0009025770254987676,0.014216595242094473,0.0103049470541878,-0.0009595755734554708,0.0006326289551545161,2.523695977877477
1781507088.7470686,-0.04493072728190185,0.8407851222597128,0.3299733620770848,-0.04699821916198696,0.017320889035872256,-0.06592412773801698,-0.0448501186588488,0.8406519618298266,0.3274478357243347,-0.04838067350527678,0.017451304987644356,-0.06604477716366633,-0.0006090315055315419,0.0001976098092445702,-0.0016603586449740232,0.006040201479207212,8.148804560822607e-05,0.00016766509630877346,-0.00018641935063109475,0.0006385596508492616,0.012436884883643019,0.009342642466302014,-0.0008740679261805514,0.0008350903835519921,2.5303187168088064
1781507088.7570667,-0.04493156115487478,0.8407842986856537,0.32997963115149365,-0.04699700730108179,0.01736567685138035,-0.0659458724109116,-0.0448501186588488,0.8406519618298266,0.3274478357243347,-0.04838067350527678,0.017451304987644356,-0.06604477716366633,-0.0005894009703140478,0.00018075613060539546,-0.0015137913845985561,0.005398238814363079,0.0005721433363692573,-6.477270880543719e-05,-0.0003914461326401579,0.00047249316949262034,0.010347239770388922,0.008391927050777046,-0.0013751178472769965,0.0011897512754665766,2.536559482557424
1781507088.7670758,-0.04493200279047953,0.8407835940251901,0.32998554058788204,-0.047000943947482055,0.01740282378469815,-0.06596407864413573,-0.04485625610086702,0.8407135607249252,0.3281516897071979,-0.04780930113636311,0.01743096754673279,-0.06599988039845525,-0.0005661737949183805,0.00016493608616387608,-0.0013769498490323298,0.004769473839892381,0.0009241087229419802,-0.00023716876462671796,-0.00043665738852965595,0.0007208778446197285,0.009347290435366291,0.008230486229404529,-0.0015625640934853018,0.0012663555177721661,1.836750194424741
1781507088.777063,-0.0449400950385267,0.840771112824623,0.3299837671498625,-0.046971994383119706,0.017390183302712137,-0.0659531570872548,-0.04485625610086702,0.8407135607249252,0.3281516897071979,-0.04780930113636311,0.01743096754673279,-0.06599988039845525,-0.0005758834392698258,7.740371972185818e-05,-0.001311248732028517,0.004562728469052354,0.0006797191019988862,-9.867220030143571e-05,3.658273460310617e-05,0.0007343315833290803,0.009078832165167916,0.007585833763382085,-0.0016778767163722057,0.0006748143607310953,1.8348975359861506
1781507088.7870615,-0.044946722933836,0.8407604548935552,0.3299826835451072,-0.04695183276167532,0.017378931534225872,-0.06594385113545008,-0.04485625610086702,0.8407135607249252,0.3281516897071979,-0.04780930113636311,0.01743096754673279,-0.06599988039845525,-0.0005763810531653477,6.154302244819351e-06,-0.0012418907863712835,0.004282926602381281,0.0004780027766425627,7.803154978697118e-06,-0.00016313481214748173,0.0006371156198362394,0.008337896876084673,0.006805992370682774,-0.0018887202050081413,0.001008162292061187,1.8338270761936002
1781507088.7970686,-0.0449520864829962,0.8407513919450077,0.3299821780274228,-0.046938807507132786,0.017369028305984413,-0.06593601041725256,-0.04485625610086702,0.8407135607249252,0.3281516897071979,-0.04780930113636311,0.01743096754673279,-0.06599988039845525,-0.000569477191057487,-5.112079849558082e-05,-0.0011704760724432915,0.003956044987072251,0.00031378105514631347,8.737066852927215e-05,-8.83088553044662e-05,0.0005578725977197086,0.006667154285880045,0.005069189117022296,-0.0013112622698245341,0.0003293191779191769,1.8333854351531784
1781507088.8070621,-0.04495636344128256,0.8407437202521354,0.3299821545765118,-0.04693148581039953,0.0173604065923032,-0.06592948215934069,-0.04485625610086702,0.8407135607249252,0.3281516897071979,-0.04780930113636311,0.01743096754673279,-0.06599988039845525,-0.0005567191016680947,-9.645195925342248e-05,-0.0010983151371043943,0.003602835803079565,0.0001821475339974077,0.00014459838351473208,-0.0003182224242513277,0.000490438511198181,0.0051819617446949625,0.0035113937160067524,-0.0005223367900545376,0.00022275350735894523,1.8334483124645424
1781507088.817063,-0.044959711253973154,0.8407372585600729,0.3299825304426692,-0.04692863799707272,0.017352981084915342,-0.06592411597242498,-0.04486595444797803,0.8407449356221854,0.3285628991267795,-0.047467168380239115,0.017379164936105473,-0.0659552388775069,-0.0005394230537351852,-0.00013162045382346144,-0.0010264695075717105,0.0032395685997847357,7.853409154198606e-05,0.00018352065286228477,-9.687151814257115e-05,0.0007185841404980094,0.004940890396773611,0.0033682870979279403,0.0002736796792528344,-0.0006239950703065994,1.422744653480642
1781507088.8270648,-0.044962268894179744,0.8407318460830387,0.32998323413843605,-0.04692922025411758,0.01734665511462752,-0.06591976737023908,-0.04486595444797803,0.8407449356221854,0.3285628991267795,-0.047467168380239115,0.017379164936105473,-0.0659552388775069,-0.0005187032130055631,-0.00015818501228481661,-0.0009557873541512017,0.0028787089047508834,-1.248915864873252e-06,0.00020766147915070332,-0.00036158097791012545,0.0005324245622013304,0.006015459787252481,0.00409420993943258,0.00043024876360074805,-0.0003582383254962559,1.4236570352158748
1781507088.837069,-0.044955310772805186,0.840743538910395,0.3299350241911917,-0.0469301678211491,0.017333299096457866,-0.06591948368242434,-0.04486595444797803,0.8407449356221854,0.3285628991267795,-0.047467168380239115,0.017379164936105473,-0.0659552388775069,-0.00043888306375736337,-7.313954106198785e-05,-0.00120376803760063,0.002554011037776472,-0.00014690343275235596,0.00018124602307193413,-0.00029580419175915054,0.00016232807296527233,0.0067540122518199375,0.0034115329422444766,0.0005362361282632189,-0.00045845363644587777,1.3750322527048684
1781507088.8470721,-0.04494908136054037,0.8407536550610382,0.32989418653519326,-0.046933312979211245,0.01732219197303131,-0.06591941746359765,-0.04486595444797803,0.8407449356221854,0.3285628991267795,-0.047467168380239115,0.017379164936105473,-0.0659552388775069,-0.0003692444968657353,-3.940567773457257e-06,-0.0013875873093070908,0.0022408155858788473,-0.0002520163060841592,0.00015649419274709833,-0.00037203753425968595,-0.00017131040398297938,0.0065116305428974865,0.002395384999730921,0.0006091024642923364,-0.00018327105375206054,1.333908646050052
1781507088.8570702,-0.044943515711094034,0.8407623740802006,0.32985979458798875,-0.046938018620938576,0.017313073900917963,-0.0659195160084493,-0.04486595444797803,0.8407449356221854,0.3285628991267795,-0.047467168380239115,0.017379164936105473,-0.0659552388775069,-0.00030866182229136445,5.166044115812747e-05,-0.001517570345422535,0.0019448115448126736,-0.0003238754673448316,0.00013366599156824414,-0.00024218487280608378,-4.933066691314653e-05,0.006716933633515496,0.0033339251546057247,0.00023216663088745918,-0.0004429477421110843,1.2993297066792822
1781507088.8670716,-0.044938553552293994,0.8407698580425784,0.3298310221653046,-0.04694376467048847,0.017305695742136917,-0.06591973531999548,-0.0448813634193177,0.8407590054971299,0.328875391166137,-0.04729578323489331,0.01740449612128314,-0.06597011218943165,-0.0002561166189419201,9.564084813653913e-05,-0.0016026880799253026,0.0016697909032125841,-0.00036885176311623704,0.00011290367513431994,-0.00025454986510310365,0.00028766331525593633,0.006742043524656318,0.003895361500132536,0.00046536448079606226,-0.0006224790938192385,0.9574022642664687
1781507088.877076,-0.044944520510305605,0.8407511373147665,0.329871338989847,-0.04694570497518663,0.0172840500174698,-0.06590141466903518,-0.0448813634193177,0.8407590054971299,0.328875391166137,-0.04729578323489331,0.01740449612128314,-0.06597011218943165,-0.0002681122855697738,-3.171342938598545e-05,-0.0012399883267184882,0.0014628082816350266,-0.0005740088335861025,0.00028924779034061697,-0.00027678430259699686,0.00040607605794319,0.006325783861945642,0.003949557564137374,0.00012214944188681747,-0.0003923043326773779,0.9979793554920945
1781507088.887071,-0.04494943783095204,0.8407351166339275,0.3299065292360301,-0.04694868552193105,0.017266357974958346,-0.06588629526030954,-0.0448813634193177,0.8407590054971299,0.328875391166137,-0.04729578323489331,0.01740449612128314,-0.06597011218943165,-0.0002743448297937228,-0.0001335481828863817,-0.0009331107912784575,0.0012676823330414146,-0.0007120126901097437,0.0004134605227431267,-0.0002325011713669111,0.0002191519324751934,0.005568918595335822,0.0038326491474030186,-0.0011880753845195699,0.00018214132000698128,1.0336588037100471
1781507088.8970656,-0.04495344619055161,0.840721464240252,0.3299371641633883,-0.04695236383028206,0.017252112559433597,-0.06587398830780967,-0.0448813634193177,0.8407590054971299,0.328875391166137,-0.04729578323489331,0.01740449612128314,-0.06597011218943165,-0.00027587192141356515,-0.0002136061979102717,-0.000674934283542936,0.0010867812768967804,-0.0007959236784236443,0.0004952125440198864,-6.768681345203944e-05,3.140992731955761e-05,0.004401246843997846,0.0030294503220833434,-0.0011860385697212029,0.00028601479882027877,1.0648789459693249
1781507088.9070652,-0.0449566717484658,0.8407098840740818,0.3299637595983844,-0.0469564642094662,0.017240839506427186,-0.06586412552504643,-0.0448813634193177,0.8407590054971299,0.328875391166137,-0.04729578323489331,0.01740449612128314,-0.06597011218943165,-0.00027360225221106785,-0.0002751680155974016,-0.0004591250118455301,0.0009214901754956291,-0.0008370080669062911,0.0005429121244450649,-9.560396731662192e-05,-7.621785560803857e-05,0.003195084193914307,0.002198308218758327,-0.0013330890512681377,0.0004837686694456154,1.092076051817839
1781507088.917075,-0.044959227046159046,0.8407001124705555,0.3299867803006389,-0.046960768555118895,0.017232102103781566,-0.06585636406423195,-0.04489327510670443,0.8407691047098592,0.3291517878370994,-0.04711749937327592,0.01739544785278957,-0.06596616985958768,-0.00026831340436727274,-0.00032110153190097955,-0.0002800615423838354,0.0007724195294153968,-0.0008448795129223725,0.0005637914777274015,-0.00010541847683664989,-0.00011558657193233751,0.002571023378512825,0.0014347528023108207,-0.001640436742893297,0.000665006372677189,0.8404296529571426
1781507088.9270651,-0.04496121195634472,0.8406919150924768,0.33000664413692277,-0.04696510787743724,0.01722550373099696,-0.06585038952133655,-0.04489327510670443,0.8407691047098592,0.3291517878370994,-0.04711749937327592,0.01739544785278957,-0.06596616985958768,-0.00026066785603995064,-0.0003539070431436077,-0.00013276553239791015,0.0006395827734990673,-0.0008276502905231213,0.0005640036543492624,-9.230667051753655e-05,-0.00011426778640752013,0.002563653999576667,0.0012938151980686288,-0.001047519880873729,0.00028854566398119297,0.8610185514368214
1781507088.9370675,-0.04496743295423262,0.8406992404924987,0.3299689420590646,-0.04708785989423828,0.01722431109963085,-0.06583701088037788,-0.04489327510670443,0.8407691047098592,0.3291517878370994,-0.04711749937327592,0.01739544785278957,-0.06596616985958768,-0.00027870216002493924,-0.0003000112419703436,-0.0003183661957738905,-0.0007728486432084677,-0.0007568894247318673,0.0006476967619848714,-0.00030543023409133083,-0.000156503311905008,0.0030095996831714655,0.0008392154101888515,-0.0007322695902213569,0.0004614185464035732,0.8234812795036044
1781507088.9470656,-0.04497255176503587,0.8407056305915999,0.32993694125838846,-0.04719040639442811,0.017223975944189007,-0.06582638465198903,-0.04489327510670443,0.8407691047098592,0.3291517878370994,-0.04711749937327592,0.01739544785278957,-0.06596616985958768,-0.0002896481757349062,-0.00025294369269767157,-0.0004633274024589992,-0.0018099802150480931,-0.0006831493974152227,0.0006926801537153038,-0.0003591474147246426,-0.0002852042214806948,0.0024845407826008404,-0.0005134628933342878,-0.000997583101459556,0.0007414356168158677,0.791694162670718
1781507088.9570744,-0.04497672125045915,0.8407111807084099,0.3299099488569742,-0.047275006610986034,0.01722429203313891,-0.06581811177462474,-0.04489327510670443,0.8407691047098592,0.3291517878370994,-0.04711749937327592,0.01739544785278957,-0.06596616985958768,-0.00029476520678717836,-0.00021195407436953842,-0.0005738275387023987,-0.002537523324693004,-0.0006091964495096141,0.0007074272944221306,-0.00014689194878678448,-0.0004338691355770647,0.001996887621613304,-0.0011346181018325363,-0.0004737485909371186,0.00012408630030256006,0.7649356710920446
1781507088.9670656,-0.044980076898879805,0.8407159808276321,0.32988733643619145,-0.04734384455080918,0.01722508712305504,-0.06581182876597719,-0.044900395473882915,0.8407599749470733,0.32928526234922967,-0.04708833122169097,0.017349498559784404,-0.06594717478183569,-0.0002951380474707927,-0.00017636303591032866,-0.0006552631038640585,-0.0030131875390116683,-0.0005371088595235032,0.0006991149774411174,-0.00010030601939075129,-0.0005642401836448186,0.0025922900360348584,-0.0007431161345629803,-0.0013659771409514833,0.00046232793726559945,0.6089152800068364
1781507088.9770656,-0.04497458333958403,0.8407244654687809,0.3298730477409047,-0.04733914456286899,0.01728966332308679,-0.06589529859464925,-0.044900395473882915,0.8407599749470733,0.32928526234922967,-0.04708833122169097,0.017349498559784404,-0.06594717478183569,-0.0002816310102743911,-0.00010706504569650105,-0.0007066701889743501,-0.0026170499971037244,0.00026883515353296036,-0.0002539212619049612,-0.0003993108438495969,-0.0005885240779709913,0.0031770061573835368,-0.0010956323712446763,-0.0009978252072488513,0.0007196583332085642,0.593511945231485
1781507088.9870732,-0.044969841926964876,0.8407317660220109,0.32986132123061424,-0.0473327882755362,0.017343743963111447,-0.06596525844408926,-0.044900395473882915,0.8407599749470733,0.32928526234922967,-0.04708833122169097,0.017349498559784404,-0.06594717478183569,-0.0002672193725834735,-5.0077856790801754e-05,-0.0007389841879234754,-0.0022486015915044576,0.0008653526359071811,-0.0009610401726509574,-0.0003200867793267155,-0.0006885012191791617,0.004230474760889789,-0.0006056127612148923,-0.0008385265504278887,0.0005138683398260079,0.5809151298777464
1781507088.9970727,-0.044965787506463226,0.8407380288380266,0.3298517892004729,-0.047325364123794955,0.017388480198434975,-0.06602318079837625,-0.044900395473882915,0.8407599749470733,0.32928526234922967,-0.04708833122169097,0.017349498559784404,-0.06594717478183569,-0.0002522641559844978,-3.6955342075878516e-06,-0.0007555613187266043,-0.0019109852021829152,0.001288623174649358,-0.0014645478784685753,-0.00033202827254866007,-0.0005665221008960453,0.004139149591809436,-0.0012330051895638268,-0.0013667262521182067,0.0008706775851073956,0.5707104544397893
1781507089.0070682,-0.04496235161993294,0.8407433836921052,0.32984412958390885,-0.047317342412682414,0.01742499032268463,-0.06607049844967294,-0.044900395473882915,0.8407599749470733,0.32928526234922967,-0.04708833122169097,0.017349498559784404,-0.06594717478183569,-0.0002370620666112518,3.358577528377797e-05,-0.0007592952651985346,-0.0016057117139055613,0.0015704977603238695,-0.0018017157958102532,-0.00028777756274130404,-0.0006596284785207872,0.003710670938790417,-0.0014600585338226501,-0.001213817580453544,0.0005960168960162308,0.5625357053314455
1781507089.0170689,-0.044959465463196534,0.8407479455020241,0.32983806107533614,-0.047309092040628845,0.017454337406205056,-0.06610857522300713,-0.04491436776620439,0.8407269720352375,0.3294617453770441,-0.04714120537537898,0.017295246877244264,-0.06591701488020003,-0.00022185442031084012,6.308864375877478e-05,-0.0007526717352035952,-0.0013330278588155541,0.0017387121107460448,-0.0020050229157007765,-0.0002515012602933948,-0.00041117558254520354,0.002766343552307232,-0.0019418886300589353,-0.000860727774778181,0.0007059584693064182,0.37958818917885206
1781507089.0270693,-0.04496255300141749,0.8407339920869089,0.3298762877101067,-0.04717329157662671,0.01743563310865892,-0.0661272847750876,-0.04491436776620439,0.8407269720352375,0.3294617453770441,-0.04714120537537898,0.017295246877244264,-0.06591701488020003,-0.00023218975414260716,-1.308104511380884e-05,-0.0005119731920582601,0.00029856594215839317,0.0013542875410049579,-0.00199975900195601,-0.0003882396148547113,-0.0003249020607095058,0.0021015253330945957,-0.0022318452388937183,-0.0012803506063184908,0.0008057513221479309,0.4173924339503427
1781507089.0370646,-0.044965224237686625,0.8407220882731612,0.32990921029015496,-0.047059311789774946,0.017418748687219043,-0.06614112924122577,-0.04491436776620439,0.8407269720352375,0.3294617453770441,-0.04714120537537898,0.017295246877244264,-0.06591701488020003,-0.00023754460272146523,-7.406227625160347e-05,-0.0003122596435891085,0.0015128941312665429,0.0010291929386815018,-0.0019410673700083802,-0.00025904252960553815,-0.00037763139023160215,0.001509061573959448,-0.0024116666563212775,-3.409431571827653e-06,-0.0004045261309935529,0.45037215754191867
1781507089.047061,-0.04496752082820985,0.8407119904467314,0.32993742678253324,-0.0469648015698188,0.017403689087398755,-0.06615094944974893,-0.04491436776620439,0.8407269720352375,0.3294617453770441,-0.04714120537537898,0.017295246877244264,-0.06591701488020003,-0.00023883340008420568,-0.00012207792717478487,-0.00014797832194373914,0.0023813391575192313,0.0007574479283446538,-0.0018439528937179725,-0.0004673100124262028,-0.00023790152786160498,0.0012134128304248579,-0.0022030103309945287,0.0008448041692321875,-0.000783842614868665,0.47887628415161043
1781507089.0570686,-0.04496948068218305,0.8407034769202729,0.3299614866286109,-0.04688746634308893,0.017390408320667072,-0.06615748553052425,-0.04491436776620439,0.8407269720352375,0.3294617453770441,-0.04714120537537898,0.017295246877244264,-0.06591701488020003,-0.00023684175032275825,-0.00015907675134433274,-1.4222651877377856e-05,0.0029668534167395263,0.00053311206210636,-0.0017207094071329295,-0.0005927888466114295,-0.00015341555764581186,0.0007957649035168009,-0.002174257233376561,0.001547443002565177,-0.001310485757099096,0.5033197517010857
1781507089.0670707,-0.044971138479028984,0.8406963470491103,0.329981891480528,-0.04682511671120098,0.01737882343425312,-0.06616138192661639,-0.044931027024977255,0.8407117003999807,0.32954407667078456,-0.04724559373015557,0.017304954749687518,-0.06593990191230442,-0.00023224188190654194,-0.00018676275010056072,9.333302448746153e-05,0.0033243497262297034,0.0003504372221334006,-0.0015812630753121691,-4.752050823278352e-05,0.00010546580565163256,0.0007208247632636234,-0.0010737373176232454,0.0016153569903826943,-0.0023961844779547942,0.4399164258808237
1781507089.0770698,-0.04497252605992347,0.8406904201690845,0.32999909665132443,-0.04677570201498493,0.01736882600038836,-0.06616319375884919,-0.044931027024977255,0.8407117003999807,0.32954407667078456,-0.04724559373015557,0.017304954749687518,-0.06593990191230442,-0.00022560649058181326,-0.00020662185292533614,0.000178493209684705,0.0035012139715443424,0.0002039765943396024,-0.0014334944457577775,-3.638234194688629e-05,0.00020774579749548164,0.0008399096247426577,-0.00019189014915779224,0.0016407126488722128,-0.002471715853656921,0.4574037612645622
1781507089.0870297,-0.04497991076645667,0.8407016195295308,0.3299475356668883,-0.04681167110924654,0.017341764907798263,-0.06610737269940908,-0.044931027024977255,0.8407117003999807,0.32954407667078456,-0.04724559373015557,0.017304954749687518,-0.06593990191230442,-0.00023338473191193622,-0.00012773654765248379,-0.00015019852328917373,0.0027156692472254944,-0.00014180740788495187,-0.0006821710471927859,-0.00025688034123117604,0.0003292951820660391,0.0010997132072097728,0.0008720070574806684,0.0021852347846345976,-0.0024601858932703866,0.40653463034171683
1781507089.097065,-0.04498608555639198,0.8407113323083998,0.32990326999989783,-0.046844408163505595,0.01731916524213961,-0.06605980141984713,-0.044931027024977255,0.8407117003999807,0.32954407667078456,-0.04724559373015557,0.017304954749687518,-0.06593990191230442,-0.0002366716737003257,-6.279099069391418e-05,-0.00041216025417315394,0.0020527532473085643,-0.0003970043403073717,-0.00010055309416405359,1.7806041059737416e-05,2.3612868457682437e-05,0.0009572657116467952,0.0009705759709747831,0.0012930922655404395,-0.002379322224069616,0.3633888069993818
1781507089.107063,-0.04499119336334267,0.8407197213584885,0.32986544049748745,-0.04687382726825221,0.01730052670588278,-0.06601971374646456,-0.044931027024977255,0.8407117003999807,0.32954407667078456,-0.04724559373015557,0.017304954749687518,-0.06593990191230442,-0.00023631147190683916,-9.858815585063948e-06,-0.0006172336097946443,0.0014998642872070026,-0.0005773434314232486,0.00033798886927226913,-0.0002383238477321384,0.0001133244550197297,0.0008866758655747569,0.0011895637370400473,0.0010174000539597962,-0.0018176839548943006,0.3270459190401431
1781507089.1170704,-0.044995367254086274,0.8407269355725101,0.329833272655097,-0.04689995491149723,0.017285366049085704,-0.06598633073896286,-0.0449416564029938,0.8407165539734911,0.3295891346926314,-0.04723184381595131,0.017385446895822554,-0.06605019998045744,-0.00023302800528496564,3.275863469977885e-05,-0.0007740400174248601,0.0010445486925276136,-0.0006966587676589307,0.000657324018811863,-0.000213959108060737,0.00014980111064152234,0.0011534843557650465,0.0018601311329672096,-0.00014020914003524696,-0.0011481213124019814,0.2501918820427963
1781507089.1270645,-0.04499872983019164,0.8407331105624105,0.32980607012367413,-0.04692290106974181,0.017273226026605082,-0.06595888521360059,-0.0449416564029938,0.8407165539734911,0.3295891346926314,-0.04723184381595131,0.017385446895822554,-0.06605019998045744,-0.00022743942499723406,6.655569445278945e-05,-0.0008901121186531941,0.0006748045588059494,-0.0007669858818304273,0.0008785999191306433,-0.0006237141760973432,5.061050496708196e-05,0.001608569060560265,0.002241121662503339,-0.0004994994801567134,0.0001853015157607129,0.22492771721254962
1781507089.1370451,-0.04499547570320487,0.8407282057950315,0.3298315477399719,-0.046923081053826365,0.017251886475918354,-0.06590151167267078,-0.0449416564029938,0.8407165539734911,0.3295891346926314,-0.04723184381595131,0.017385446895822554,-0.06605019998045744,-0.00016680802093812418,2.896688480462259e-05,-0.0006692171900180701,0.000588307190687321,-0.0009453323417149358,0.0013973230096412915,-0.0003383175723117235,-7.89819977578001e-05,0.0016389816973826172,0.002159944271049569,-0.0005631616985528594,0.0003378756216210761,0.24858875183992957
1781507089.1470726,-0.04499243000475473,0.8407239815007689,0.3298537389545274,-0.04692379644563619,0.0172347449993846,-0.065854577963567,-0.0449416564029938,0.8407165539734911,0.3295891346926314,-0.04723184381595131,0.017385446895822554,-0.06605019998045744,-0.00011602113056380431,-1.5754422580306642e-06,-0.00048340901048527245,0.0005073949795776991,-0.0010530833757541305,0.001747736785521758,-7.388405328469363e-05,0.0001414602716954313,0.0019875842725906798,0.003018161697146551,-0.000931017013396803,0.0001323537761561975,0.26953393517471985
1781507089.1570714,-0.04498958169367902,0.8407203556774188,0.3298730131447331,-0.046924893185012556,0.01722121819617528,-0.06581675117011422,-0.0449416564029938,0.8407165539734911,0.3295891346926314,-0.04723184381595131,0.017385446895822554,-0.06605019998045744,-7.378067294359916e-05,-2.6074039985855472e-05,-0.0003281219094391001,0.00043288209835374626,-0.0011049906127094142,0.0019624501460220375,-0.00027766693778856385,-6.447687223961174e-05,0.0013351156749427347,0.0016648485267496958,-0.0007241066226082843,0.0009029296733574005,0.28792058281351796
1781507089.1670656,-0.04498692364223829,0.8407172552491792,0.3298897036402907,-0.04692624546498806,0.017210769996495623,-0.06578678330501016,-0.04495037103987376,0.840719934820345,0.3296718304705588,-0.047112407195664396,0.01737429524072076,-0.06605075715448933,-3.8936291575801184e-05,-4.5410471954380715e-05,-0.00019930395603158028,0.0003652034688186856,-0.0011136354442373478,0.0020696103674945456,-0.00023721287812274373,-3.335871724754196e-05,0.0008304755317220057,0.0012095995563724056,-0.00022595885299115127,0.0004323564889443894,0.22093435887219187
1781507089.1770718,-0.04498445100960817,0.8407146151750037,0.32990411058777347,-0.0469277520783279,0.01720291447010469,-0.0657635241748577,-0.04495037103987376,0.840719934820345,0.3296718304705588,-0.047112407195664396,0.01737429524072076,-0.06605075715448933,-1.0470795349159355e-05,-6.035784361589957e-05,-9.336697798548417e-05,0.0003044979335796217,-0.0010896288150794135,0.0020932513047884366,-4.10750647022711e-05,3.4174931809217905e-06,0.0005964879408758748,0.0007626874870194727,-0.0014082534481335237,0.0010288560927206823,0.2348271615825356
1781507089.1870706,-0.044989860369325424,0.8407128858768337,0.32990881636709635,-0.04688699803026418,0.017196963532607246,-0.06577649027101543,-0.04495037103987376,0.840719934820345,0.3296718304705588,-0.047112407195664396,0.01737429524072076,-0.06605075715448933,-4.8804456253777633e-05,-6.212358631630382e-05,-7.311457199537086e-05,0.0007185907151857646,-0.0010290279732433972,0.0017203067712306308,-0.0001542868878980517,-2.2383566607789048e-05,0.0007718704877310285,0.00101881242506083,-0.0009401548854417339,0.0012119807176456036,0.2403568386854568
1781507089.1970706,-0.04499436931692112,0.8407114561734617,0.3299128096544545,-0.046853408258963426,0.01719282798207944,-0.06578901863477202,-0.04495037103987376,0.840719934820345,0.3296718304705588,-0.047112407195664396,0.01737429524072076,-0.06605075715448933,-7.895928804984826e-05,-6.27539082332705e-05,-5.593004832741175e-05,0.0010091855558575242,-0.0009554581913181893,0.001393780840185401,-3.434615619001853e-05,0.00022362638349769065,0.0006032420284347867,0.0008729681077731232,-0.0009694458081364982,0.0011988298465063236,0.24510957326703853
1781507089.207076,-0.04499810876229193,0.8407102880332816,0.32991617365601317,-0.04682610587141739,0.01719016589864153,-0.06580087597594414,-0.04495037103987376,0.840719934820345,0.3296718304705588,-0.047112407195664396,0.01737429524072076,-0.06605075715448933,-0.00010216628308151707,-6.246475800985167e-05,-4.142608358624074e-05,0.0011992934685976296,-0.0008741841070514046,0.0011109731390882003,-0.00028313102701080895,0.00014395179139366598,0.0005037825039393125,0.0003398836428217122,-0.001172634959408571,0.001779005029065494,0.24914963961503508
1781507089.2170708,-0.0450011922668481,0.8407093466174823,0.3299189859154193,-0.04680426174357218,0.017188680731323736,-0.06581190589883514,-0.044960429871690744,0.8407217114990371,0.32970044384531044,-0.04707590758140528,0.017326990713282475,-0.0659864271513974,-0.00011950168510001867,-6.144114406469696e-05,-2.925777954535177e-05,0.0013089063601673257,-0.0007893614535716266,0.0008686635726361835,-0.00032359094137545877,0.00019280074262754886,0.000512667280600357,0.0005753665886680834,-0.0013932450511977838,0.0020591812265807804,0.2226546643623034
1781507089.227072,-0.044989007544543026,0.8407339372599285,0.32988118690826085,-0.04683241847356482,0.017180886704524223,-0.06584422339030674,-0.044960429871690744,0.8407217114990371,0.32970044384531044,-0.04707590758140528,0.017326990713282475,-0.0659864271513974,-4.5235381048336896e-05,9.776417341642469e-05,-0.0002592068148809442,0.0008646714510134523,-0.0007716113692270187,0.0004174779067955135,-0.0002113205593439975,1.1565263601503612e-05,-8.555749533226643e-06,-0.00010607073442668328,-0.0012650242428382892,0.0016780587910680685,0.18339631244853613
1781507089.2370677,-0.04497852099746258,0.8407549852869555,0.3298488821302582,-0.04685690195134721,0.017175020073568303,-0.06587182108628839,-0.044960429871690744,0.8407217114990371,0.32970044384531044,-0.04707590758140528,0.017326990713282475,-0.0659864271513974,1.4956792188496452e-05,0.00022433115668203478,-0.0004405193133570567,0.0005081516131199789,-0.00073719149416093,6.799351172555215e-05,-0.00020770964099921864,-6.555292522732121e-06,0.0003005962546364859,0.00028501656517735465,-0.0018443521351730627,0.001872355059872555,0.15319385833760904
1781507089.2470694,-0.04496954027082354,0.8407729201824002,0.329821407276934,-0.04687796303527074,0.017170758278157283,-0.06589512705247313,-0.044960429871690744,0.8407217114990371,0.32970044384531044,-0.04707590758140528,0.017326990713282475,-0.0659864271513974,6.308793511012726e-05,0.00032309322930674475,-0.0005804902923566898,0.00022711294222513626,-0.0006912234838993848,-0.00019572353835366533,-0.00013029695309678147,-4.448120952179919e-05,0.001057979973300585,0.001341578833789368,-0.0014423524030086953,0.0014007610202539662,0.13167186644948858
1781507089.2570658,-0.04496188953612911,0.8407881267289078,0.32979816561488146,-0.046895883357148435,0.01716781568847936,-0.06591457948128332,-0.044960429871690744,0.8407217114990371,0.32970044384531044,-0.04707590758140528,0.017326990713282475,-0.0659864271513974,0.00010092693625147164,0.0003982828504211023,-0.00068549983501068,1.0322783312913123e-05,-0.0006378609733400125,-0.00038795960243741983,-0.0001382793608256455,-8.655929300996236e-05,0.0009382823434434723,0.0009982286937852472,-0.000361984559898304,0.0008638311299326233,0.11816368996922606
1781507089.267068,-0.044955408842448766,0.8408009488619113,0.3297786225682563,-0.046910959898462105,0.017165942163587022,-0.0659306121619908,-0.04496923760897642,0.8407213822466307,0.3297293683924114,-0.04704102281688472,0.017259229569668078,-0.0659057659122909,0.00013002422372480828,0.00045359641147931114,-0.0007611126976645012,-0.0001523938280004266,-0.0005804185839555878,-0.0005213755363296843,-3.159134634533224e-05,-9.039108287218029e-05,0.0012701199548155748,0.00151581955734203,-0.0007218016592653097,0.0006290458413577767,0.09459415885262115
1781507089.2770648,-0.04494995335185304,0.8408116932900779,0.3297623005489551,-0.0469234930139046,0.017164921001323608,-0.06594364371406927,-0.04496923760897642,0.8407213822466307,0.3297293683924114,-0.04704102281688472,0.017259229569668078,-0.0659057659122909,0.00015173520598180833,0.0004922531261647184,-0.0008121686030966522,-0.00027014083278485056,-0.0005214915536370136,-0.0006070677137683531,-0.0002695436488289459,-6.295633961384953e-05,0.000770864849138615,0.0009432839026003577,-0.0004930474003048042,0.0007090593550135717,0.09804332754416231
1781507089.2870605,-0.04495434438286103,0.8407891914030284,0.32979823990993806,-0.046814563227610864,0.0171675391603614,-0.06593708100573192,-0.04496923760897642,0.8407213822466307,0.3297293683924114,-0.04704102281688472,0.017259229569668078,-0.0659057659122909,0.00011618694434087981,0.000329681094522207,-0.0005717640753876308,0.0009473168609412717,-0.0004396025260547067,-0.00046790166785359627,3.212410194744415e-05,-3.6631040232380106e-05,0.000490481137717336,0.0005730649715403501,-0.0005679865490599528,0.00020767102097696895,0.0977914914597231
1781507089.2970283,-0.04495818557006097,0.8407697588585817,0.329829222506389,-0.046723806549864806,0.017170164090704265,-0.06593115085517326,-0.04496923760897642,0.8407213822466307,0.3297293683924114,-0.04704102281688472,0.017259229569668078,-0.0659057659122909,8.617754771988769e-05,0.00019499523795588644,-0.00037152894341555996,0.0018335860573756068,-0.0003662101084279242,-0.000350823822222631,4.795907599572409e-05,0.00020054267794723156,0.0006003970290989463,0.0009507431823281364,-0.0003108869542286987,-7.285919037962088e-05,0.11150465562612864
1781507089.307075,-0.044961534112691263,0.8407530436329541,0.32985581136034087,-0.04664915062327408,0.01717272225720934,-0.06592585692993308,-0.04496923760897642,0.8407213822466307,0.3297293683924114,-0.04704102281688472,0.017259229569668078,-0.0659057659122909,6.0994852758055975e-05,8.440226062542715e-05,-0.00020607790632816954,0.0024474473200145684,-0.0003011935219161587,-0.00025350008009188677,5.829188646640166e-05,0.00010952911401192982,-5.929513519321844e-05,0.0004099821690598761,0.00018884392622403004,-0.0003708799112759474,0.13057416045200093
1781507089.3170652,-0.04496444268871947,0.8407387262197319,0.3298785217828135,-0.046588601979905,0.017175160398275713,-0.0659211845857084,-0.04496833762228514,0.8407263457594408,0.32976005593441615,-0.046993004412822975,0.017245766344344382,-0.0659016783069809,4.000599461825385e-05,-5.448274772503151e-06,-7.064703938215633e-05,0.002840399485811887,-0.0002442328364454245,-0.0001736410024734381,-0.0001395597364011275,0.00025120417202146466,0.00018490389168303057,0.0004303882801933018,0.00011027240998393144,-0.00019250318673241022,0.11917467659283508
1781507089.3270779,-0.044966959605421984,0.8407265177600468,0.32989782272643087,-0.046540280827448155,0.017177441894031142,-0.06591710585023675,-0.04496833762228514,0.8407263457594408,0.32976005593441615,-0.046993004412822975,0.017245766344344382,-0.0659016783069809,2.2649786229230497e-05,-7.750883715452688e-05,3.8968394344132635e-05,0.003057075775213995,-0.00019486770347600113,-0.00010905324300107093,6.266673230369488e-05,0.000470710596374664,0.00047707008530629226,0.0010522025661152084,-9.520656938089491e-05,-0.0003542266916407741,0.13777379103700887
1781507089.3370633,-0.044973361728569104,0.8407173529305637,0.32990077944633334,-0.046645413019759496,0.01718520710223559,-0.06585369652555831,-0.04496833762228514,0.8407263457594408,0.32976005593441615,-0.046993004412822975,0.017245766344344382,-0.0659016783069809,3.695439135302253e-06,-0.00014642388985824988,9.666044312369839e-05,0.0015637193748667042,-0.00012090481595894305,0.0005981897332295527,0.0002830404844386025,0.0006670791890806439,0.0004247549295885966,0.001016268956283093,-0.00032021631475723385,-0.00048388309841250807,0.1411000333857924
1781507089.3470602,-0.044977129237362266,0.8407250845478494,0.3298880361151394,-0.046793204334083516,0.017212235467459314,-0.0658510137475573,-0.04496833762228514,0.8407263457594408,0.32976005593441615,-0.046993004412822975,0.017245766344344382,-0.0659016783069809,-2.3342043726943207e-05,-0.00010589911933384127,6.65332925922492e-05,-0.0002208795994161645,0.0001860069905761452,0.0005759159488872147,3.3658828673721e-05,0.000590811660296164,-0.0004691467784707641,-0.00010659106745685844,-0.0004027301104079754,-0.00017666061354577864,0.12828799557361653
1781507089.3570664,-0.044980327742266506,0.8407317204211492,0.3298772301899312,-0.046917315876709775,0.0172347740650014,-0.06584928082167957,-0.04496833762228514,0.8407263457594408,0.32976005593441615,-0.046993004412822975,0.017245766344344382,-0.0659016783069809,-4.475124168518277e-05,-7.202507217684987e-05,4.1504980611164075e-05,-0.0015519723343099573,0.00041087794945732947,0.0005434615796207176,5.647293080366369e-05,0.0005218811306681883,-0.0006342373417431524,-0.0004966693195585213,-0.00041558820844831226,-0.0001421529497772595,0.11790867703928073
1781507089.3670647,-0.044983032322665976,0.8407373820909101,0.32986815060397257,-0.047020287726651025,0.017253331467564026,-0.06584830635880425,-0.04496515798591627,0.8407515336650924,0.3297473406255524,-0.046991427771628604,0.017226488481019375,-0.06591314357343955,-6.137092735147192e-05,-4.391926575607929e-05,2.0887013453012455e-05,-0.0025068327528910447,0.0005681221815085824,0.0005042678559167876,-6.028105790149499e-06,0.000540382258639014,-0.000843175181572862,-0.000705236359050904,7.733743613930982e-05,-0.0002715801818175457,0.12294230293907023
1781507089.3770666,-0.0449853089260896,0.840742182819218,0.32986059535093776,-0.04710460172067074,0.017268397773121835,-0.06584792634035495,-0.04496515798591627,0.8407515336650924,0.3297473406255524,-0.046991427771628604,0.017226488481019375,-0.06591314357343955,-7.393513284368747e-05,-2.0800177240605938e-05,4.070803290809613e-06,-0.0031536580508392917,0.0006703910704857513,0.0004610975874572399,4.5569869398251874e-05,0.0004917487310959446,-0.00030180779532559593,-0.00011510942861155487,-0.00065312690064943,-5.498754495620551e-05,0.11541287419760128
1781507089.387072,-0.044979516525962326,0.8407356840633419,0.3298555008537397,-0.04706079839095962,0.01726728319028159,-0.0658883000256499,-0.04496515798591627,0.8407515336650924,0.3297473406255524,-0.046991427771628604,0.017226488481019375,-0.06591314357343955,-4.7543255290862515e-05,-5.4561253740974285e-05,-4.608497217936182e-05,-0.0023235553273081447,0.0006056985383539679,-3.001864019148916e-05,-1.437741308254447e-05,0.00015294447021933492,0.0002135906911120996,3.280934418711211e-05,-0.00018582775091628088,0.00021355937720547898,0.11025430834864433
1781507089.397063,-0.044974576492947636,0.8407301150946749,0.3298512411867575,-0.047021821202647945,0.017265793767923032,-0.06592220409744735,-0.04496515798591627,0.8407515336650924,0.3297473406255524,-0.046991427771628604,0.017226488481019375,-0.06591314357343955,-2.575414322878705e-05,-8.09723930703193e-05,-8.57647387789805e-05,-0.0016379843525885572,0.0005406513675147417,-0.00039717235776582185,-4.055722632718441e-05,0.00017221560810359938,0.0005307487234281586,0.00045063959474356935,3.224641622570085e-05,0.00010765160115641206,0.10650253542601348
1781507089.407063,-0.04497039166936647,0.8407253699342897,0.3298476864656704,-0.046987527002525585,0.01726406397055058,-0.06595033270642754,-0.04496515798591627,0.8407515336650924,0.3297473406255524,-0.046991427771628604,0.017226488481019375,-0.06591314357343955,-7.936097903791167e-06,-0.00010114854421379683,-0.00011653186377951234,-0.0010794723419679918,0.00047711790092543483,-0.0006613955044943838,-0.00026966287535500815,4.658315932861116e-05,0.0006219945910458879,0.0002330464919669125,-0.00021211442381534776,0.0004803921596559091,0.10383265325014518
1781507089.4170744,-0.04496687167167242,0.840721351654882,0.3298447272229767,-0.04695768034539248,0.017262201174276237,-0.06597336403213308,-0.04496630830579834,0.840764234594479,0.3297640121059885,-0.04697794049907037,0.017228134613033408,-0.06591189880576098,6.468308931711662e-06,-0.0001160637619142098,-0.0001397543086725826,-0.0006314495096753484,0.00041645686501870976,-0.00084126400647805,-0.00023180794571479825,-0.00010817527006285161,0.0003609250270739473,-0.0002733343550180814,3.764976339437276e-05,0.0004731647790710723,0.09140128007859556
1781507089.4270651,-0.044963933255049715,0.8407179720285806,0.32984227125589666,-0.04693198307859413,0.017260289517961436,-0.06599194572751213,-0.04496630830579834,0.840764234594479,0.3297640121059885,-0.04697794049907037,0.017228134613033408,-0.06591189880576098,1.7949819975094138e-05,-0.00012656665253678073,-0.0001566258349750633,-0.0002784762344046732,0.00035960788693756567,-0.0009530051294559274,-5.589424683007914e-05,0.00017405607853851525,0.0010797926354534431,0.0005569299463692487,-0.00012571109472350525,0.0002607625463433724,0.09094152194633985
1781507089.4370637,-0.04496562275746221,0.8407094098492723,0.3298522695867274,-0.04682718675991081,0.017251353850453066,-0.06597839137519224,-0.04496630830579834,0.840764234594479,0.3297640121059885,-0.04697794049907037,0.017228134613033408,-0.06591189880576098,1.2531960647569221e-05,-0.00016063994798909466,-0.00012340268317548954,0.0008934166041241495,0.00021574591123571608,-0.0007057458986195724,0.0001484095796076831,-0.00025709086783407676,0.0008843075461641321,7.361122565312617e-05,0.0005706107308809992,-0.00016958030984594451,0.1039019035912304
1781507089.4470804,-0.044972633962217325,0.8406994593087505,0.3298752169307273,-0.04678021090126256,0.017235880853112118,-0.06593955942532137,-0.04496630830579834,0.840764234594479,0.3297640121059885,-0.04697794049907037,0.017228134613033408,-0.06591189880576098,-1.6115539845656802e-05,-0.0002095168370009924,1.3517020095353007e-05,0.0013013715683810403,3.5283270126167305e-06,-0.00021319832023453827,-9.409305880402261e-06,-7.385623105573244e-05,0.0014824936685262132,0.0009721375262957925,0.0005019004839951329,-0.00014554801494313566,0.12885016342844857
1781507089.4570696,-0.044978606451656716,0.8406910748317349,0.32989477481987706,-0.04674189209819336,0.01722287126567945,-0.06590670306715192,-0.04496630830579834,0.840764234594479,0.3297640121059885,-0.04697794049907037,0.017228134613033408,-0.06591189880576098,-3.890878387485802e-05,-0.00024609910021578945,0.00012326120756043585,0.0015714164611259573,-0.00015557296254910193,0.00016168773061840945,-0.00023025046479778407,-0.00044966798934071596,0.0007209094190387551,-0.00016641099811221468,-4.233011565587727e-05,0.00040576118235036114,0.1503412206277271
1781507089.4670646,-0.04498365827858584,0.8406840550270127,0.32991135781829717,-0.0467111085368239,0.017212063784008302,-0.0658792232767387,-0.044967876019184005,0.8407574310681445,0.32981381917018276,-0.04695786444195911,0.01724104977732388,-0.06591024349993918,-5.671357444145268e-05,-0.0002723480335010237,0.00020979905024514657,0.0017307381098852252,-0.00027052166221960735,0.00043815207650928445,8.430048576994398e-05,-0.0001639057788575339,0.0005642709671585094,0.00011716238486682434,0.00033535427927459385,-0.0004618425113932873,0.123072787406415
1781507089.4770367,-0.044987899112192115,0.8406782201464905,0.3299253395187115,-0.04668681343693387,0.017203202288982977,-0.06585652407948399,-0.044967876019184005,0.8407574310681445,0.32981381917018276,-0.04695786444195911,0.01724104977732388,-0.06591024349993918,-7.028816372083425e-05,-0.00028996904630577047,0.0002766109400377727,0.0018027374896446736,-0.0003492423772457851,0.000633304599663314,0.00020677948372914426,-0.00019744995678287056,3.2737668767805604e-06,0.00011514958646221849,7.008256922591693e-05,-0.000827809343864431,0.13824645564662444
1781507089.4870677,-0.04498132606276321,0.8406864805830887,0.32990160827744813,-0.046624901824796505,0.01717980286030074,-0.0658775994149903,-0.044967876019184005,0.8407574310681445,0.32981381917018276,-0.04695786444195911,0.01724104977732388,-0.06591024349993918,-2.872940009135454e-05,-0.00021003973367149002,8.207407247958357e-05,0.002285727960495073,-0.0005557030366979891,0.00032245749525041013,0.00013515775402063053,3.259382808478552e-05,1.803072951834212e-05,0.00023681343854401712,0.0001340755263585547,-0.0006454394458769364,0.11367410591856175
1781507089.4970691,-0.044975655261510566,0.8406937436660521,0.32988101219619387,-0.04657493283226523,0.017160618029052443,-0.06589564618932682,-0.044967876019184005,0.8407574310681445,0.32981381917018276,-0.04695786444195911,0.01724104977732388,-0.06591024349993918,4.996890271729801e-06,-0.00014321321069698975,-7.513486380199464e-05,0.0025850488364412287,-0.0006951891439337667,8.072452694537954e-05,-0.000149329557916347,-3.4968203742605335e-05,2.394794428750529e-05,0.0007953744953158612,0.0001789855231350757,-0.00017475055288572743,0.09290589077654006
1781507089.5070627,-0.044970785722705416,0.8407001163898858,0.329863188080433,-0.04653527987962921,0.017145116044920528,-0.06591092950535443,-0.044967876019184005,0.8407574310681445,0.32981381917018276,-0.04695786444195911,0.01724104977732388,-0.06591024349993918,3.200813503530475e-05,-8.775201538397016e-05,-0.00020038594216832537,0.0027385593120331864,-0.0007806745624979714,-0.00010260686467439192,0.0001097026252058871,-1.9859248631700532e-05,0.0003236628117949673,0.0013620198681772648,-0.0001055867567105014,-0.0003323866080103829,0.07570157209578086
1781507089.5170646,-0.04496662514832549,0.8407056945561898,0.3298478131872487,-0.04650444183785156,0.01713279770694065,-0.06592372371137965,-0.044967876019184005,0.8407574310681445,0.32981381917018276,-0.04695786444195911,0.01724104977732388,-0.06591024349993918,5.328646157619982e-05,-4.211734964522135e-05,-0.00029839505184980306,0.0027786171693681126,-0.0008233585183666981,-0.00023716179947816138,-8.972858129021997e-05,1.2276055697199249e-05,0.00036936220149764526,0.0016338609236842103,-0.0001692240966640343,-0.00011932316877025323,0.06191788548892715
1781507089.527067,-0.04496308954343946,0.8407105640861263,0.3298346003998393,-0.04648105266415953,0.017123201864588378,-0.06593430255889482,-0.04496480279353049,0.8407594943149113,0.3298252903064347,-0.04691790377941611,0.017257382702168922,-0.06593471365342123,6.969293727978499e-05,-4.949395582030521e-06,-0.0003732931655145821,0.0027325724620844813,-0.0008328039572281169,-0.00033148716195327386,0.00012712209758699504,0.00010101347244913463,0.0005078520846680697,0.002328684037238499,-0.0010427221208367187,8.815723338097986e-05,0.04983753960643734
1781507089.537063,-0.04496010278733077,0.8407148021482307,0.32982329405491234,-0.046463884924734855,0.01711590849615452,-0.06594293184567727,-0.04496480279353049,0.8407594943149113,0.3298252903064347,-0.04691790377941611,0.017257382702168922,-0.06593471365342123,8.198053522238126e-05,2.4950753940902555e-05,-0.0004286893569001684,0.0026232744877694404,-0.0008170860132140061,-0.00039308800884102393,-0.0001491597224007049,9.360808026975429e-05,0.0005502618912772366,0.0022151303896216466,-0.0008929586746187684,0.0005485821135773574,0.044982939443992176
1781507089.5470617,-0.04496777826016317,0.8407138409125943,0.3298398217983908,-0.04643254850812452,0.017094765691213487,-0.0659411269223692,-0.04496480279353049,0.8407594943149113,0.3298252903064347,-0.04691790377941611,0.017257382702168922,-0.06593471365342123,3.0827240578076e-05,2.091491337121295e-05,-0.0003072828697623623,0.0026786079973459467,-0.0009594355953571893,-0.0003412096760426944,8.044351527029548e-05,0.0003282993173550186,0.0009869585865101677,0.003186278921652787,-0.0008903750686189674,0.00015649353300632826,0.048002612462955306
1781507089.5570624,-0.044974369391541556,0.8407130629252533,0.3298539879165135,-0.046408646899610356,0.017077876820071225,-0.06593933704119334,-0.04496480279353049,0.8407594943149113,0.3298252903064347,-0.04691790377941611,0.017257382702168922,-0.06593471365342123,-1.062786346362313e-05,1.7410035725408533e-05,-0.0002059274153828458,0.0026467470871933923,-0.0010398303500851376,-0.00029299793299400673,0.0003598594697799309,0.00021219782074229402,0.0007367711906094155,0.003012598937578049,-0.0009597250206554967,-0.00018532156391425853,0.05541612190789957
1781507089.5670717,-0.04498000456357362,0.8407124408688744,0.3298660815179033,-0.04639097019632421,0.01706463756299703,-0.06593760728077261,-0.04496480279353049,0.8407594943149113,0.3298252903064347,-0.04691790377941611,0.017257382702168922,-0.06593471365342123,-4.377224220122665e-05,1.4375811218271721e-05,-0.00012195266830188542,0.002550426383897967,-0.0010716039791366933,-0.0002488534363501318,-3.062722106049611e-05,0.000256798064764726,0.00086616172924496,0.003579638194443521,-0.00047717843883113384,-4.8084802931733006e-05,0.06410182157678773
1781507089.5770605,-0.044984799582969075,0.8407119503450812,0.3298763625888756,-0.046378441464460185,0.01705449522811331,-0.0659359698190469,-0.04496166329101864,0.8407712672843695,0.3298624537914986,-0.046774984557697956,0.01722825982076004,-0.06592497151555739,-6.982502085446658e-05,1.1757861120314143e-05,-5.299473172259751e-05,0.0024084446352709435,-0.0010660778284346177,-0.0002089649756272244,0.0001524011451740783,0.0004025206825054375,0.0007829615008716447,0.0032694679353950256,-0.0006162369854811257,-0.00031958508160520507,0.06517086723545296
1781507089.5870593,-0.044990313201979264,0.8407100985834193,0.3298820369525388,-0.04645180001213491,0.01707746786960107,-0.06603003288079023,-0.04496166329101864,0.8407712672843695,0.3298624537914986,-0.046774984557697956,0.01722825982076004,-0.06592497151555739,-0.00014054167297134325,-7.370561239274085e-06,1.5648513214313776e-05,0.0013622342790583048,-0.0006513855370390502,-0.001200150147856511,0.00025125721157784656,0.000316809841325692,0.000685295114214783,0.0035461859655318935,-0.000658053425041357,-0.0006678645926425226,0.0703272889447091
1781507089.5970638,-0.044995122114784604,0.8407085245455226,0.3298868959900717,-0.046514735780285504,0.01709743191278479,-0.06610807626115607,-0.04496166329101864,0.8407712672843695,0.3298624537914986,-0.046774984557697956,0.01722825982076004,-0.06592497151555739,-0.00019553029702735328,-2.2632952664493858e-05,7.055518479889958e-05,0.0005410519967093125,-0.0003228502337675581,-0.001909959763219535,0.0002188145931945564,0.00035949648022608085,0.0007626123973574031,0.0038693849161848533,-0.0005562657264346342,-0.000584992712973046,0.0751901937548838
1781507089.6070676,-0.04499932471879584,0.840707187770025,0.329891061433742,-0.0465681389938255,0.017114596481126343,-0.06617198021132432,-0.04496166329101864,0.8407712672843695,0.3298624537914986,-0.046774984557697956,0.01722825982076004,-0.06592497151555739,-0.0002371961207137121,-3.459840825252647e-05,0.00011373878080926618,-8.90453094215467e-05,-6.78598990428755e-05,-0.0023895149010241153,0.0002658608668025509,0.00043851309733057336,0.0008731902160101062,0.003734958656128016,-0.0012196337510128404,-0.00047367644699267337,0.07964273033726241
1781507089.617063,-0.045003000550377655,0.8407060540480097,0.3298946341374575,-0.046612937677138234,0.01712919463945628,-0.0662235405932783,-0.04496166329101864,0.8407712672843695,0.3298624537914986,-0.046774984557697956,0.01722825982076004,-0.06592497151555739,-0.00026763880965483835,-4.3765557793347995e-05,0.00014696422647513451,-0.0005587208384590983,0.00012504773869036738,-0.002683421519067959,1.617321832570022e-06,0.00035140963145111005,0.0007238943688982173,0.0031479909473235744,-0.0002896936852869827,-0.0005075663764324512,0.08364872906306506
1781507089.6270623,-0.045006214424983086,0.840705094420809,0.32989769787384515,-0.04665006276562717,0.017141471042559697,-0.06626444088568609,-0.04495265371302659,0.8407884930554044,0.32989631574880895,-0.04660196474388087,0.017202276508945902,-0.06594603993012287,-0.000288686127556096,-5.057014527430422e-05,0.00017177453626311226,-0.0008953408692066431,0.000266159883776937,-0.0028301830347849635,-0.00020674889468605545,0.0002632542048293593,0.00032415835082745255,0.0020142953345283765,-0.00033456094854659844,-0.00039192555335813964,0.09912614381321123
1781507089.6370757,-0.044997918531810586,0.8407126576603059,0.3298885965795287,-0.04663152824793105,0.017117750670109233,-0.06616980539146161,-0.04495265371302659,0.8407884930554044,0.32989631574880895,-0.04660196474388087,0.017202276508945902,-0.06594603993012287,-0.0001768352875506309,7.668906456675679e-07,9.495645408885329e-05,-0.0006130096966666309,-6.977286416894892e-05,-0.0015014208411579205,-0.000406997385292095,-8.461405797828493e-05,4.368629889937443e-05,0.0008595589357622527,-0.00015021171412796675,-0.00042112695579009704,0.08865380163122001
1781507089.647067,-0.04499068074883124,0.8407191381270055,0.32988075283379403,-0.04661535422274278,0.017097926578466982,-0.06608883472316208,-0.04495265371302659,0.8407884930554044,0.32989631574880895,-0.04660196474388087,0.017202276508945902,-0.06594603993012287,-8.480375346286451e-05,4.196916752804614e-05,3.208576540336638e-05,-0.00038468654275458896,-0.00031956746812149137,-0.00046472726468411345,-0.0005178454397544948,1.2559928760971638e-05,0.00017428387559680807,0.0006687930397998218,-0.0012006941192762072,-0.00017874085837330664,0.08061244239609194
1781507089.6570635,-0.04498435449907937,0.8407246674565388,0.32987401119754023,-0.04660139129086677,0.017081564698637086,-0.0660203189543117,-0.04495265371302659,0.8407884930554044,0.32989631574880895,-0.04660196474388087,0.017202276508945902,-0.06594603993012287,-9.848759050002192e-06,7.451345726444309e-05,-1.8791694779322592e-05,-0.00020308015349069302,-0.0004979837558965778,0.00032475228514463423,-0.0003064330711611934,-0.0001784924797271113,0.00012704091266344222,-0.00021007155801871027,-0.0017074511733366987,-0.0014685040655079051,0.07467355565531193
1781507089.6670687,-0.04497881831568315,0.8407293634233962,0.32986823442367097,-0.04658946703741997,0.01706824499571824,-0.0659630106178686,-0.04495265371302659,0.8407884930554044,0.32989631574880895,-0.04660196474388087,0.017202276508945902,-0.06594603993012287,5.044789188794939e-05,9.969497816994516e-05,-5.939664402815988e-05,-6.144853352762518e-05,-0.0006180346773234916,0.0009073927015188327,-0.0002503173276654927,-0.00029138201176118114,-3.3180538477913284e-05,-0.0009488081209549987,-0.0008690569042194711,-0.0022504334377605253,0.07049440144508752
1781507089.6770644,-0.044973971083206395,0.840733331161745,0.3298633013769404,-0.046579396520593945,0.0170575694461903,-0.06591566826438101,-0.044965841779818605,0.8407848258158914,0.32990303225643747,-0.04656933945467381,0.017156636841696216,-0.06599757535795295,9.821319843329409e-05,0.00011864679049128944,-9.124059135450871e-05,4.635418945104731e-05,-0.0006910680826107405,0.001319107234124792,-0.000411346096440228,-0.00026145600417447655,-0.0001916842516727521,-0.0010875411510664849,-0.0007281478308567948,-0.0016610033348050642,0.06554637873171545
1781507089.687072,-0.044969728121591335,0.8407366643108571,0.329859105183374,-0.04657099046996493,0.01704916741554885,-0.06587708893338176,-0.044965841779818605,0.8407848258158914,0.32990303225643747,-0.04656933945467381,0.017156636841696216,-0.06599757535795295,0.00013531344320211926,0.0001323574213081805,-0.00011564794640245315,0.00012585897722558904,-0.0007268735802982303,0.0015914831405463784,-0.00013096112438427338,-0.00021246756771147417,6.748904086151067e-05,-0.0006205703232353788,-0.0006480127808590594,-0.0013522931574352743,0.06530101046280094
1781507089.6970646,-0.04497911420502387,0.84072874288542,0.3298682196061079,-0.04662260806048071,0.01709234370070356,-0.06591743420792673,-0.044965841779818605,0.8407848258158914,0.32990303225643747,-0.04656933945467381,0.017156636841696216,-0.06599757535795295,4.501934949827502e-05,6.791101154434775e-05,-2.935147935845668e-05,-0.0004437719506857219,-0.0001560447801316647,0.0009997889530405125,-9.725050452289882e-05,1.2506819962807801e-05,0.0006414572769575559,0.0004798894005724194,-0.0004284967622104474,-0.0008787689303605647,0.06733032737230309
1781507089.7070613,-0.044987188956345195,0.8407218844597893,0.32987613176987685,-0.04666563254612121,0.017128757881832213,-0.065952293606138,-0.044965841779818605,0.8407848258158914,0.32990303225643747,-0.04656933945467381,0.017156636841696216,-0.06599757535795295,-2.8036765626190973e-05,1.531466253963299e-05,4.029692058638472e-05,-0.0008584280428218851,0.00027593236477725164,0.0005290869034421191,-6.979995492489193e-05,-7.673318896004829e-05,0.0002729876523284262,0.000399975395797153,-0.00025897124113853686,-0.00028396494013109715,0.0717004353600717
1781507089.7170637,-0.0449941254311731,0.84071596411345,0.3298829891553066,-0.04670104062609931,0.017159108905339338,-0.06598208809997697,-0.044965841779818605,0.8407848258158914,0.32990303225643747,-0.04656933945467381,0.017156636841696216,-0.06599757535795295,-8.632899918610405e-05,-2.7102326685399265e-05,9.569818327682651e-05,-0.0011456169290344745,0.0005920475006783211,0.00016192423538304148,7.429196114331293e-06,1.88111146508502e-05,0.00032590642500434047,0.0005987183323252562,-0.0002814112421890438,0.0001396476655557074,0.07709490839232927
1781507089.7270687,-0.045000072793532075,0.8407108705496025,0.3298889198575325,-0.046729772617150715,0.01718408640012159,-0.0660072718175035,-0.04496984587884989,0.8407762163692503,0.32991100899131887,-0.04657595906049497,0.017133608031877356,-0.06604250877591243,-0.000132030563211892,-6.08101328473632e-05,0.00013896023642828367,-0.0013294381558437345,0.0008126976449646688,-0.00011760988423801844,-8.733978549687377e-05,-1.5660758874936624e-05,0.00025831372456935,0.0003878271563316195,-0.0007774903716203441,0.000806654633826824,0.07531050622640735
1781507089.7370682,-0.04499421717326303,0.8407156260071917,0.32988382224439033,-0.046716030082287356,0.017135919376303432,-0.06591954013181986,-0.04496984587884989,0.8407762163692503,0.32991100899131887,-0.04657595906049497,0.017133608031877356,-0.06604250877591243,-4.554507970513344e-05,-2.7462234169341377e-05,9.179822303742302e-05,-0.0010508285930648158,0.0001539474646094697,0.0008272508033686317,3.509486498986176e-05,7.449734271940876e-05,0.00014375021999573837,0.0005594567604798512,-0.0010616383286956319,0.0010837165300699202,0.07074087343474598
1781507089.747065,-0.04498902097468198,0.8407196956763711,0.3298794419762764,-0.04670352291442424,0.017095228744055335,-0.06584650316759097,-0.04496984587884989,0.8407762163692503,0.32991100899131887,-0.04657595906049497,0.017133608031877356,-0.06604250877591243,2.4460246940286205e-05,-3.434620270374886e-07,5.277464817422569e-05,-0.0008133144428124896,-0.0003438502455393105,0.0015125563259592175,-0.00024203189225025038,1.0571931344688729e-05,-5.44016290745645e-06,-7.413798134024538e-05,-0.0009227309677416479,0.001505230107505607,0.06751851199787313
1781507089.7570632,-0.04498439856392918,0.8407231641838814,0.32987568588288513,-0.0466922829990383,0.017061253954571143,-0.06578647556424978,-0.04496984587884989,0.8407762163692503,0.32991100899131887,-0.04657595906049497,0.017133608031877356,-0.06604250877591243,8.034870753850157e-05,2.14311121902901e-05,2.0778861581246374e-05,-0.0006130924524996441,-0.0007074244993419617,0.001984627896366924,-8.365091605824713e-05,-1.024954355899232e-05,-6.090509736680707e-05,-0.00012136159583082358,-4.357742624078649e-05,0.001020529983436653,0.06537611953040039
1781507089.767067,-0.04498028122126683,0.84072610716775,0.3298724725084242,-0.04668229969291992,0.017033241288895606,-0.06573783845319903,-0.04496984587884989,0.8407762163692503,0.32991100899131887,-0.04657595906049497,0.017133608031877356,-0.06604250877591243,0.00012419636353330454,3.863960182724159e-05,-5.16978616328985e-06,-0.00044629234834536085,-0.0009604767908613062,0.00228400907073348,-0.00016286638377832965,-6.0868641603463874e-05,-0.0001332312090296067,-0.0005657328650013684,-6.555665488951413e-05,0.0007215216689294914,0.0640694073661052
1781507089.77706,-0.04497661323346269,0.8407285920422066,0.32986973068294173,-0.0466735307586135,0.017010462777840907,-0.06569906709907775,-0.0449787981420019,0.8407733291969882,0.3299086241584156,-0.046579059438296704,0.01711484437710431,-0.06599079103397301,0.00015782239053492022,5.1964512314238205e-05,-2.5935157476364656e-05,-0.0003090995391110318,-0.0011237913491532244,0.0024458046530985876,2.1257353894220843e-06,-0.00014360091889759345,2.8750896451232346e-05,-0.0004896197504665335,-0.00022640288145084084,0.00014418202142565077,0.05932022654806038
1781507089.7870624,-0.044973348793445785,0.8407306787279704,0.3298673982530951,-0.046665911419842415,0.016992229674990034,-0.0656687490325491,-0.0449787981420019,0.8407733291969882,0.3299086241584156,-0.046579059438296704,0.01711484437710431,-0.06599079103397301,0.00018281669230099591,6.200294957853949e-05,-4.227641528924685e-05,-0.00019784553986094527,-0.0012153976202255326,0.0025000834892692416,-4.448584517945575e-05,-0.00012033279520535981,0.0002934952252738773,-0.00014607050125932608,5.283723684415852e-05,0.00020254494952660177,0.05956788712574594
1781507089.7970686,-0.04497126980808427,0.8407277945439224,0.3298653686523398,-0.046670305246760406,0.016993434065483592,-0.06571589564963992,-0.0449787981420019,0.8407733291969882,0.3299086241584156,-0.046579059438296704,0.01711484437710431,-0.06599079103397301,0.0001658431631173366,4.025362342761251e-05,-5.087593839241464e-05,-0.00021546355796768873,-0.0010455611877276917,0.0017136950832780963,-0.0002950536722124707,-0.0003574466638013622,-1.6895676069222408e-05,-0.0007447656838262791,-0.000185984605068146,0.0007399504603424413,0.06325440101108437
1781507089.8070676,-0.04498096631402797,0.8407168706864728,0.3298718260633775,-0.0465544610239082,0.0169950205486169,-0.06579783133256299,-0.0449787981420019,0.8407733291969882,0.3299086241584156,-0.046579059438296704,0.01711484437710431,-0.06599079103397301,6.0863806643910145e-05,-1.5556192575099325e-05,-5.14981782265079e-05,0.0010879430941113572,-0.0008727120232556439,0.0006340160708411496,-9.570995115052136e-05,-0.00028525048019232223,0.0003445856423491244,-1.5925627113237398e-05,-0.0006653331876390302,0.0009437906615954387,0.06742673192424112
1781507089.8170679,-0.0449893492382406,0.8407075674188823,0.32987721347941434,-0.04645803594182008,0.016997134647587675,-0.06586736565742657,-0.0449787981420019,0.8407733291969882,0.3299086241584156,-0.046579059438296704,0.01711484437710431,-0.06599079103397301,-2.4182008529447446e-05,-6.016170175293804e-05,-5.134516145188205e-05,0.0020347584076659854,-0.0007193209973491016,-0.000192310508880438,-3.3062605024840506e-05,-0.00020754985038884304,0.0001514277568621985,-0.00010377384296465825,-0.0011771498448100255,0.0014966932744958383,0.07363808693067171
1781507089.8270643,-0.04499659425595135,0.8406996923445643,0.3298816506654608,-0.04637880034950145,0.016999584930368572,-0.06592570456152197,-0.04498450898950257,0.840764309041377,0.3299158300442321,-0.04659084339361666,0.017096277770599855,-0.06595335873007806,-9.214809508159814e-05,-9.520749712703657e-05,-5.057172836345794e-05,0.0026884757880138825,-0.0005847061458105123,-0.0008061886448915797,-6.112990140185273e-05,-0.00014799483067052909,0.00027335966629139503,0.0005192895256938502,-0.0014000586754082643,0.0017450587214086278,0.07409184236681626
1781507089.8370678,-0.045002850672970045,0.8406930697894045,0.32988525392535845,-0.04631461311918288,0.017002219014588205,-0.0659740581187832,-0.04498450898950257,0.840764309041377,0.3299158300442321,-0.04659084339361666,0.017096277770599855,-0.06595335873007806,-0.00014554183471728437,-0.00012213494510204782,-4.9310041897403245e-05,0.003104691386662891,-0.0004678430120365284,-0.0012440819162486071,-0.0005835480086671686,0.00011669186185405667,0.00024380517635890514,0.000850760472191472,-0.0014095555549819686,0.0025467188179426918,0.07966396562685721
1781507089.8470185,-0.04500476429864853,0.8406923913143213,0.3298879228936116,-0.04630229380776061,0.01698107686298944,-0.06595547138867426,-0.04498450898950257,0.840764309041377,0.3299158300442321,-0.04659084339361666,0.017096277770599855,-0.06595335873007806,-0.00013853219037805492,-0.00011778087288840488,-3.3864297460733027e-05,0.0028967470279914033,-0.0006567452945992412,-0.000916280886189669,-0.00013734325185778618,0.00016916308991874983,0.00022960875725551146,0.0011048146604219513,-0.0010451332579645776,0.0018890837149497005,0.0797574201514581
1781507089.8570685,-0.04500633974772333,0.8406919312982597,0.32989005694628587,-0.046294578509778556,0.016963935391106633,-0.06593902556921001,-0.04498450898950257,0.840764309041377,0.3299158300442321,-0.04659084339361666,0.017096277770599855,-0.06595335873007806,-0.00013114969258043698,-0.00011279313736060053,-2.1035773472951626e-05,0.0026616509695234127,-0.0007803036147591624,-0.0006455870283019356,-2.158905654485382e-05,0.0002188642771508064,0.0003630266955180036,0.0014514538931691202,-0.0014469334542241469,0.0016073176402384482,0.07987097270593665
1781507089.8670614,-0.045007615298218645,0.840691649269781,0.3298917426390172,-0.04629052400859186,0.01695026071062755,-0.06592463398694204,-0.04498450898950257,0.840764309041377,0.3299158300442321,-0.04659084339361666,0.017096277770599855,-0.06595335873007806,-0.0001235614217796766,-0.00010735991361000849,-1.0470834220322405e-05,0.0024126459184289437,-0.0008515205056068358,-0.00042509190810143503,-4.045778407131161e-05,2.973226006611173e-05,7.658615665974337e-05,0.0012380152657757736,-0.0010826308844460565,0.0007933259788708803,0.07995965858386599
1781507089.8770595,-0.0450086274778278,0.8406915105551482,0.32989305534757246,-0.04628932337952183,0.016939557898072444,-0.06591217549177764,-0.044992878791566826,0.8407663974015742,0.329924959148411,-0.0465409472018843,0.017038778993682335,-0.06587021771059838,-0.00011590411303242517,-0.00010163790833595938,-1.8569085291537008e-06,0.002160035004457271,-0.0008815708729115567,-0.0002482450326714115,0.00013336115802991467,9.01435787427494e-05,1.257193354560433e-05,0.0013009041504381696,-0.00042544069747554576,-0.0003120248341257981,0.08290906702238128
1781507089.8870707,-0.04500941062148551,0.8406914856428291,0.32989406023775036,-0.04629029390636572,0.01693137477187512,-0.06590150641075049,-0.044992878791566826,0.8407663974015742,0.329924959148411,-0.0465409472018843,0.017038778993682335,-0.06587021771059838,-0.00010828840835205843,-9.575658062486729e-05,5.081648669868266e-06,0.0019116367840391005,-0.0008799544004731036,-0.00010894344780376357,0.0002591060687038279,1.8995137410309446e-05,0.0001457263721556963,0.0016247616817402781,-0.0003198363968315593,-0.0008555713471106551,0.08270317816599536
1781507089.8970673,-0.04500493999010621,0.840696092637452,0.32988984514119735,-0.04633501227869373,0.016958542034597013,-0.06596139614244502,-0.044992878791566826,0.8407663974015742,0.329924959148411,-0.0465409472018843,0.017038778993682335,-0.06587021771059838,-9.951909099463134e-05,-6.377731213528288e-05,-4.7528598575930775e-06,0.0012258919402175666,-0.00045726604570061767,-0.0007363441263163532,0.00034676845222031313,4.972640175963765e-05,0.0005090712202889555,0.0029689441702740213,-0.00017349924113280337,-0.0013490821983117784,0.07950613731708635
1781507089.9070613,-0.04500115100366033,0.8407000941847964,0.32988620939612107,-0.046373740473597345,0.016981840019480554,-0.0660111136598894,-0.044992878791566826,0.8407663974015742,0.329924959148411,-0.0465409472018843,0.017038778993682335,-0.06587021771059838,-9.121831052273496e-05,-3.7297090652884734e-05,-1.2587515711200015e-05,0.0006785283464133818,-0.00012804815495096522,-0.0011862791940786689,0.0003759855190317963,0.00024450322778634325,0.0005840213468336844,0.003296866799562875,-0.0004512666604556053,-0.00142973169389545,0.07724046446350481
1781507089.9170632,-0.044997971305305855,0.8407035551426546,0.3298831000492755,-0.046406920043011654,0.01700160163836606,-0.0660518484267683,-0.044992878791566826,0.8407663974015742,0.329924959148411,-0.0465409472018843,0.017038778993682335,-0.06587021771059838,-8.339883820043903e-05,-1.556688776559672e-05,-1.8717470484520975e-05,0.0002498325247594197,0.00012212509332814258,-0.001490929157772271,-5.17363069007379e-05,6.820330488727296e-05,0.00031070760205431105,0.0031237823237601357,-0.0008610463922783359,-0.000732200758155425,0.07567871155575176
1781507089.9270632,-0.044995330241639445,0.8407065352127785,0.32988046437235363,-0.046435033767629814,0.017018173035866058,-0.0660847375722422,-0.04498550188841782,0.840772132834396,0.32994341314427933,-0.04640484331214256,0.01702860852888155,-0.06591530874050062,-7.606482779269474e-05,2.0747839849061393e-06,-2.340126424640734e-05,-7.821456659102557e-05,0.0003062258453583012,-0.0016783826773887301,5.032533586317616e-07,7.078667756974286e-05,0.00028535711441178254,0.0022352421352559975,-0.0006866455062820448,-0.000513034598287805,0.09144502378957622
1781507089.9370646,-0.04499316038491011,0.8407090890876308,0.3298782510552289,-0.04645858209717284,0.017031900807013223,-0.06611084788760895,-0.04498550188841782,0.840772132834396,0.32994341314427933,-0.04640484331214256,0.01702860852888155,-0.06591530874050062,-6.921346253512495e-05,1.621075481172378e-05,-2.6864770351313324e-05,-0.00032186912025171453,0.0004357820498513496,-0.001772893655452445,-4.688310664267445e-05,5.867942751030671e-05,0.00028030071290893505,0.0016936730286112212,-0.0006058413945274394,-0.0003365469324813977,0.09099046336919266
1781507089.947062,-0.04499811541465449,0.8407047311785116,0.3298794378658768,-0.046465845418078765,0.017070837953614193,-0.06610366465031714,-0.04498550188841782,0.840772132834396,0.32994341314427933,-0.04640484331214256,0.01702860852888155,-0.06591530874050062,-9.87199090091766e-05,-1.3623944310161548e-05,-1.4587950607300136e-05,-0.0003672801959578383,0.0008092009881929153,-0.001481278969854883,-4.148800472028857e-05,-0.00016236788206541172,6.377517475048324e-05,0.0006785591780356071,6.430917833950839e-05,-0.0006717466396751025,0.09378123749854017
1781507089.9570663,-0.045002415614811296,0.8407009978368559,0.3298804939243284,-0.046471593400647895,0.01710290852186147,-0.0660962296975827,-0.04498550188841782,0.840772132834396,0.32994341314427933,-0.04640484331214256,0.01702860852888155,-0.06591530874050062,-0.00012115601057995455,-3.740181057052716e-05,-4.54760517228999e-06,-0.000391254670959971,0.0010668404416183008,-0.001222234960572515,-0.00032015286284524727,-0.00020614365354267928,-0.0002063625379721938,-0.00012035365934586273,0.0003326623376010435,-0.00027578640999224537,0.09646289574118737
1781507089.9670596,-0.04500613021851884,0.8406978127178747,0.32988143189102453,-0.046476048582510976,0.01712895634970768,-0.06608880960686546,-0.04498550188841782,0.840772132834396,0.32994341314427933,-0.04640484331214256,0.01702860852888155,-0.06591530874050062,-0.00013763194089560734,-5.601612431162031e-05,3.5701373597801898e-06,-0.00039851044029371374,0.001230678124428865,-0.00099468588892871,-0.00027581067892809677,-0.00023841602341413066,-2.1942754451506054e-05,2.4527790632876413e-05,0.00035372031026120065,-0.00045440723171057357,0.09894788263289182
1781507089.9770672,-0.045009322252864394,0.8406951077343077,0.3298822629752374,-0.046479413120304514,0.01714977854957822,-0.06608160372326212,-0.04499319548581859,0.8407663160545,0.32994254020877456,-0.04637415582808656,0.017021221538980447,-0.06593370382483195,-0.00014911443897706528,-7.02494144630724e-05,1.0041605858138934e-05,-0.00039304028506312,0.0013197487614771697,-0.0007969636144847154,2.6360740088328775e-05,-7.924209245205689e-05,-9.639229312437705e-05,-0.0003410340241759333,0.0011830118114078767,-0.0014886008392400929,0.09467862674787815
1781507089.9870627,-0.04501204910489052,0.8406928222626059,0.32988299719793723,-0.04648186835586858,0.017166115407040383,-0.06607475555725921,-0.04499319548581859,0.8407663160545,0.32994254020877456,-0.04637415582808656,0.017021221538980447,-0.06593370382483195,-0.00015644284881239875,-8.078538625799787e-05,1.5109489683726611e-05,-0.0003781843431935202,0.0013503609734186863,-0.000627001797746028,-0.00016724167967673703,-0.0002630682408624051,-0.00032076032668828765,-0.0006414658705032444,0.0008012578326215923,-0.0011745641086909017,0.09644773993548304
1781507089.9970627,-0.045014363007541774,0.8406909024148291,0.3298836435971363,-0.0464835750641521,0.017178644367019436,-0.0660683628533364,-0.04499319548581859,0.8407663160545,0.32994254020877456,-0.04637415582808656,0.017021221538980447,-0.06593370382483195,-0.00016034360973695317,-8.821974867954664e-05,1.898639818291214e-05,-0.00035670228561908955,0.0013363343998150183,-0.00048249230796651,1.1362883675673804e-05,-0.00012540197728313162,-0.00017929263555283408,-0.0007089890444926188,0.0008539221503823946,-0.0013503690639040356,0.09800046880899266
1781507090.007066,-0.04500553936146479,0.8407001286038412,0.3298749690400093,-0.04662373773188061,0.01721697305384695,-0.06607962584744312,-0.04499319548581859,0.8407663160545,0.32994254020877456,-0.04637415582808656,0.017021221538980447,-0.06593370382483195,-0.00010281909276185026,-4.0390964398170065e-05,1.7021968677227446e-05,-0.0018457224054078173,0.0016144562870453805,-0.0005331623832180804,0.00027612049035952033,-8.286070582843566e-05,0.00013127192598955492,-7.984806034905878e-05,0.0005993969415563958,-0.0015519099460181696,0.09538874534756213
1781507090.0170722,-0.044998000989386125,0.8407079909802749,0.329867765729585,-0.046739922608639205,0.017247751713452386,-0.06608854559926619,-0.04499319548581859,0.8407663160545,0.32994254020877456,-0.04637415582808656,0.017021221538980447,-0.06593370382483195,-5.533713261884543e-05,-1.483505929542014e-06,1.5229291783337806e-05,-0.0029108724763410275,0.0017786488932160884,-0.0005565407279239934,-0.00012060481250347413,-0.00014853211527993322,6.121227825420456e-05,-0.00020945402805091037,0.0014266843516227172,-0.0016255588853641893,0.09495330371278804
1781507090.027068,-0.04499159123053359,0.8407146508778404,0.3298618608073981,-0.04683496131672785,0.017272031294820023,-0.06609546425505185,-0.044994000328700656,0.8407556846908466,0.32993439795477286,-0.046402209236877594,0.01707091641858849,-0.06601008434916814,-1.6518712129898467e-05,2.976915468757577e-05,1.3597208311578916e-05,-0.0036292749693900574,0.0018529844110625597,-0.000558828599447131,3.088020906037832e-05,-0.000253615831015915,-0.00011803936072212037,-0.00036411260470724585,0.0008888939858273376,-0.001282685391534601,0.08337394864751099
1781507090.0370638,-0.0449861685605694,0.8407202560226014,0.3298570892996683,-0.04691155435928333,0.017290777030469107,-0.06610069326619096,-0.044994000328700656,0.8407556846908466,0.32993439795477286,-0.046402209236877594,0.01707091641858849,-0.06601008434916814,1.4852982516486789e-05,5.448074615877018e-05,1.2114725082338463e-05,-0.004068206581635201,0.001857958787485131,-0.0005452501388237308,-7.340873377126405e-05,-0.00010948192583181942,9.648520420106575e-05,-7.465515106913623e-05,0.0012929373501285764,-0.0010975890725979627,0.08539997236399981
1781507090.0470607,-0.0449823388026111,0.8407204358517015,0.32984930989690703,-0.046986896103906356,0.017314362106077397,-0.06613300074375039,-0.044994000328700656,0.8407556846908466,0.32993439795477286,-0.046402209236877594,0.01707091641858849,-0.06601008434916814,2.278534034640791e-05,4.37081628873e-05,-9.076272842012732e-06,-0.004440427431860294,0.001929040926955538,-0.0008259036305338805,-0.00023945922988627562,-0.0002022304114970717,-5.98085630021474e-05,-0.0009340928091130694,0.001418966524357241,-0.0006119520283531275,0.09283560439396243
1781507090.0570602,-0.04498242077573671,0.8407258298481197,0.32984833698754396,-0.04709285587891052,0.01732817612535209,-0.06612426396430499,-0.044994000328700656,0.8407556846908466,0.32993439795477286,-0.046402209236877594,0.01707091641858849,-0.06601008434916814,2.230286416418529e-05,6.202740528930804e-05,2.6799138004375718e-05,-0.005114055299849924,0.0018648316220085338,-0.0006333959525876,-3.262010150939229e-06,-0.0004215416340804474,-0.00019620564795468128,-0.0012976116473584916,0.0012086813497302039,-0.0006444944397790344,0.09182531111554565
1781507090.067065,-0.044982573914237045,0.8407302996681877,0.3298478836813662,-0.04717726979902934,0.017338112990759713,-0.06611625556727133,-0.044994000328700656,0.8407556846908466,0.32993439795477286,-0.046402209236877594,0.01707091641858849,-0.06601008434916814,2.16329453037581e-05,7.594765105802013e-05,5.5259382377322575e-05,-0.005478797373539446,0.0017656709583063293,-0.0004718246431118317,-0.0002623596131664415,-0.00040381558402602694,-0.0003596143278653467,-0.0015400816355864624,0.001555529468265559,-0.0003888786165938134,0.0908827916933222
1781507090.07707,-0.04498277622138459,0.8407339689773718,0.32984785866231886,-0.04724322949092097,0.017344872844893944,-0.06610901156943348,-0.04500354136268858,0.8407424167888466,0.3299271557017431,-0.04645800096195438,0.017132033957518278,-0.06604384677809035,2.0821041045811145e-05,8.616011678347548e-05,7.740630999019472e-05,-0.005602117515538252,0.001643038050339721,-0.00033785406388758257,-0.0002577987286631773,-0.0003410403552430576,-0.0003556012435436381,-0.0023094642180038058,0.001600060002412697,-0.0003733443590052241,0.08240495782132662
1781507090.0870676,-0.04498301002642658,0.8407369492651047,0.32984817671749767,-0.047293556553319065,0.017349067226385406,-0.06610253821634615,-0.04500354136268858,0.8407424167888466,0.3299271557017431,-0.04645800096195438,0.017132033957518278,-0.06604384677809035,1.990544237401718e-05,9.326667392461975e-05,9.420445234467105e-05,-0.005541172561526011,0.001506175976138018,-0.00022822980019702614,-9.559115214453902e-05,-0.0005632848236532478,-0.0004993995933323617,-0.0035179381713462588,0.001982858933780699,-0.0006781308566375631,0.0817869765733513
1781507090.0970652,-0.044981190402749574,0.840736943954603,0.3298486930507181,-0.04724445083913682,0.017312890323359476,-0.06604759456747161,-0.04500354136268858,0.8407424167888466,0.3299271557017431,-0.04645800096195438,0.017132033957518278,-0.06604384677809035,5.642381315452309e-05,9.160651220756486e-05,7.215273317626067e-05,-0.00441063601282763,0.0009187823061813,0.00037707878588287726,-0.00021320718119745885,-0.0008544684344208203,-0.0013196647832751265,-0.006520167066695979,0.002144861331650071,-0.00020906259986625813,0.08176738304922197
1781507090.1070688,-0.04497959142774424,0.8407368202696648,0.3298492925127645,-0.047199105697673355,0.017281600735620017,-0.06600169024478254,-0.04500354136268858,0.8407424167888466,0.3299271557017431,-0.04645800096195438,0.017132033957518278,-0.06604384677809035,8.502483378656237e-05,8.911303142763442e-05,5.3535956669958036e-05,-0.0034428351113174344,0.000453506978603527,0.0008202884902403142,-0.00038950506263488025,-0.0009352913097443839,-0.0009040989825060082,-0.005985103310545352,0.0020030758461498555,-9.466374212745768e-05,0.08165535260289412
1781507090.117078,-0.04497817419976158,0.8407366112397593,0.3298499226880676,-0.04715781910821035,0.017254830015804634,-0.06596381510205589,-0.04500354136268858,0.8407424167888466,0.3299271557017431,-0.04645800096195438,0.017132033957518278,-0.06604384677809035,0.00010690761430842598,8.598217941026051e-05,3.7912553374773005e-05,-0.002623457128916949,9.246954552883155e-05,0.0011299126001528407,0.00018503268361545462,-0.0008527428625460625,-0.0010672359042305348,-0.005785036221182233,0.0016747710397028543,-0.0008457547145231406,0.08149929911701433
1781507090.1270616,-0.044976910013355076,0.8407363433067249,0.32985054573304895,-0.047120703306760464,0.01723217833702284,-0.06593299250471744,-0.045010301397257535,0.840705920769265,0.32988318259733207,-0.04672516196945948,0.01720160727294595,-0.06606612442740445,0.00012311989498945062,8.23793339494346e-05,2.489011411212586e-05,-0.0019377154667716524,-0.00018058121109785997,0.001330971391590895,-0.00015811840815219277,-0.0008051409470139884,-0.0010308347233585014,-0.005627480689175129,0.0016113036479393258,-0.00013652275185209824,0.05572863011643345
1781507090.1370797,-0.044975777798374174,0.8407360373869653,0.32985113547338013,-0.047087728280085166,0.017213233304167908,-0.06590829766751845,-0.045010301397257535,0.840705920769265,0.32988318259733207,-0.04672516196945948,0.01720160727294595,-0.06606612442740445,0.0001345746245792859,7.844323653412365e-05,1.4120666473455058e-05,-0.0013708731745078508,-0.000380230759500424,0.0014451831637930968,4.545335133412287e-05,-0.00039889577413096796,-0.000844082878841391,-0.004578040434619233,0.0005045100882007995,0.0001511066758697614,0.055909817520358646
1781507090.147068,-0.044977885140266176,0.8407252553522306,0.3298498703784486,-0.0469805879556957,0.017178842034975883,-0.0659616165013823,-0.045010301397257535,0.840705920769265,0.32988318259733207,-0.04672516196945948,0.01720160727294595,-0.06606612442740445,9.605352886246158e-05,1.888200599856849e-05,-3.6962474750985645e-05,-4.162421344335986e-05,-0.0006866363966959597,0.000688400596454701,-0.00023755388225318044,-0.0005881994674728728,-0.0008722327199430905,-0.004537999960970909,0.0002927631405243783,0.0009641909385445011,0.05034226596733856
1781507090.157061,-0.04497973697866831,0.8407160289128759,0.32984869679205336,-0.046890445698217646,0.017150520156315352,-0.06600712658799157,-0.045010301397257535,0.840705920769265,0.32988318259733207,-0.04672516196945948,0.01720160727294595,-0.06606612442740445,6.391273167546184e-05,-2.9171404993715887e-05,-7.750229698577154e-05,0.0009554735807991634,-0.0008974239496749716,0.00010252221925828326,-0.0003266768520033434,-0.0005723450927835176,-0.000846288583123751,-0.00446198743334439,9.79278608812715e-05,0.0013411759091804985,0.047176572752551535
1781507090.1670604,-0.044981373529216155,0.8407081774862946,0.3298475861917195,-0.04681550716803308,0.0171275203967034,-0.06604553942014355,-0.045010301397257535,0.840705920769265,0.32988318259733207,-0.04672516196945948,0.01720160727294595,-0.06606612442740445,3.730112338830385e-05,-6.737776190349939e-05,-0.00010906454508681363,0.0016764091705991197,-0.0010307974546678409,-0.00033926548609442805,-0.00019702454875756574,-0.00038468765179319265,-0.0007230722282072007,-0.0033266545928407045,0.00028284990730232355,0.0008127838718830084,0.04592405049324049
1781507090.1770685,-0.04498282657657258,0.8407015359015861,0.32984652266218734,-0.04675401171803661,0.01710913729803476,-0.0660775825241874,-0.045015915329826184,0.8406850702569681,0.32985084210445637,-0.04692046151847848,0.017209718912605032,-0.06603864572855174,1.5465395602690995e-05,-9.719505482894521e-05,-0.00013301991196787967,0.002170692328964627,-0.0011025158208522023,-0.0006609973529956791,1.3395320923429446e-05,-4.284433134325668e-05,8.880665055704009e-05,-0.0012602931880780833,-0.0002887108408495385,0.0008173632276205629,0.03721075954719918
1781507090.1870656,-0.044984121268753265,0.8406959539700525,0.3298454991406427,-0.046704272142109864,0.017094716037003632,-0.0661039755005162,-0.045015915329826184,0.8406850702569681,0.32985084210445637,-0.04692046151847848,0.017209718912605032,-0.06603864572855174,-2.2597026943352654e-06,-0.00011990001703617103,-0.00015056514000934715,0.00248162301650334,-0.0011260744897720126,-0.0008839682863016001,0.00010969289504764942,-5.4895827497161205e-06,-5.07376878519996e-05,-0.00021959806816794882,-9.918552292517108e-05,0.00034643768441397705,0.03402741236598259
1781507090.1970658,-0.044988981733806034,0.8406981700335867,0.32985374043498417,-0.046653304442361765,0.017038173199500406,-0.06604919103339514,-0.045015915329826184,0.8406850702569681,0.32985084210445637,-0.04692046151847848,0.017209718912605032,-0.06603864572855174,-4.714477957813228e-06,-9.351123043823786e-05,-0.0001080288401472352,0.002756788364945234,-0.0016477534806324128,-0.00021891782787347258,-6.578132752944637e-05,8.067603721156178e-05,0.00017325134990198385,0.0005681635525011108,-0.001403201585760904,0.0011017456314613378,0.0300902486178043
1781507090.2070658,-0.04499305154824654,0.8407001824696583,0.3298606626494865,-0.04661296747626328,0.016992134552578975,-0.06600298403384021,-0.045015915329826184,0.8406850702569681,0.32985084210445637,-0.04692046151847848,0.017209718912605032,-0.06603864572855174,-6.625368412092117e-06,-7.114213879216658e-05,-7.251300551723398e-05,0.002887504150308086,-0.0019935192553326418,0.000285377987539491,0.00010245454593937418,0.000293897798308611,0.0004299463979365324,0.001109356041035261,-0.0007584179258767178,0.0005776397483138223,0.029113134238726964
1781507090.2170622,-0.044996419367809924,0.8407020054055463,0.3298664367737613,-0.046581699443487445,0.016955226925112976,-0.06596446808165343,-0.045015915329826184,0.8406850702569681,0.32985084210445637,-0.04692046151847848,0.017209718912605032,-0.06603864572855174,-8.075429821175801e-06,-5.228338943881372e-05,-4.30830335801085e-05,0.002906409593751736,-0.002198016451127614,0.0006554209256544148,0.0002274176777079184,-8.035019142180057e-05,-0.00010167412989172872,0.0003965476224241389,-0.0005900724310704826,6.866808580507446e-06,0.030167623423699254
1781507090.2270622,-0.044999170471932776,0.8407036519415529,0.32987121766017613,-0.04655808200143674,0.016926171408486734,-0.06593276865143535,-0.045015915329826184,0.8406850702569681,0.32985084210445637,-0.04692046151847848,0.017209718912605032,-0.06603864572855174,-9.137176294483153e-06,-3.6481608136915044e-05,-1.8911536449412902e-05,0.0028410209956661616,-0.0022910695800264407,0.0009147429601084539,0.00011478883383937282,0.00020993798706686186,0.0004119523856044764,0.001692983548224903,-0.0008175544888685615,-5.510293936295286e-05,0.032261936376611004
1781507090.2370622,-0.04500138532846019,0.8407051343813023,0.32987514443938565,-0.04654084310566707,0.016903794744150824,-0.06590704403205755,-0.04501172735051168,0.8406894326530262,0.32985564200765616,-0.046899419655305113,0.017179523755784354,-0.06601565196041329,-9.87374055675465e-06,-2.33341033285914e-05,7.323208719422324e-07,0.002714262957817104,-0.002298075331013713,0.0010840067073684947,0.0001301162134719335,0.00025806981914631473,0.0005052581186271146,0.0021005247683545795,-0.0005678886960712773,-0.0002508766974088923,0.027089601959694124
1781507090.2470582,-0.045002700883402476,0.8407083573425428,0.3298796420669599,-0.046555891055162064,0.01690338594234686,-0.0659379179370585,-0.04501172735051168,0.8406894326530262,0.32985564200765616,-0.046899419655305113,0.017179523755784354,-0.06601565196041329,-2.9731081843727474e-05,-2.177320900904668e-06,3.547454664220427e-05,0.0022593622627187413,-0.002035941838951565,0.0006288207595216842,0.00022349871226666658,0.0002702748409027242,0.00027818268273685325,0.0023877505701953468,-0.0008399786212225272,-0.0003333550455983809,0.03186885357769108
1781507090.2570634,-0.04499772524192878,0.8407157738795795,0.32988024214085643,-0.046582372913853316,0.016897009472490065,-0.0659460220869928,-0.04501172735051168,0.8406894326530262,0.32985564200765616,-0.046899419655305113,0.017179523755784354,-0.06601565196041329,1.7371266701384122e-06,4.2430560004593165e-05,4.741131255494162e-05,0.001725083976512138,-0.0018790377149089693,0.00046857040167020433,0.00013097125777719652,0.00042461813160279575,0.0005928352192502705,0.003066900955151834,-0.0011339302979880002,-0.00010843954296191571,0.03866633955485669
1781507090.2670617,-0.0449933990530887,0.8407221316776058,0.3298806602102166,-0.046606239508368015,0.016893349266888125,-0.0659533481764551,-0.04501172735051168,0.8406894326530262,0.32985564200765616,-0.046899419655305113,0.017179523755784354,-0.06601565196041329,2.697694846369627e-05,7.770293090759596e-05,5.639307828734967e-05,0.0012775462793011313,-0.0017100404927128587,0.00033567694305286803,0.00019105447940350728,0.0004371368846227609,0.0008529281869585558,0.0035363729121986333,-0.0011272964383541044,-0.0002143873721189571,0.045067318028004705
1781507090.2770643,-0.044989654919182775,0.8407275552399849,0.3298809397668718,-0.04662749328290364,0.01689182446054116,-0.06595989088522303,-0.04501172735051168,0.8406894326530262,0.32985564200765616,-0.046899419655305113,0.017179523755784354,-0.06601565196041329,4.689697444491036e-05,0.00010503406826178714,6.288884111770737e-05,0.0009072509030825895,-0.0015366082122594813,0.00022691804834814244,9.617917107506415e-05,0.0003279613183822283,0.0005778651073089231,0.0024978393266690472,-0.0016334860545086885,0.0004469833152453768,0.05079862677791796
1781507090.2870603,-0.044986430637255055,0.8407321570566286,0.3298811151457082,-0.04664620758823639,0.016891941382563003,-0.06596566763790587,-0.04500303356864843,0.8407052900810466,0.3298812590886133,-0.04676562024050307,0.017131315440866546,-0.06601902150251664,6.229400421580396e-05,0.00012564388326376453,6.730659965053953e-05,0.0006049667313899141,-0.0013646001888548854,0.00013921887491307806,4.7951545982311095e-05,0.00024145636260674154,0.000465096984830476,0.0018716007464372759,-0.0016370788850174284,0.0006569315703750734,0.031583420133684856
1781507090.297057,-0.04498792774511994,0.8407362037161333,0.3298860854875937,-0.04668057316483925,0.016922812709365243,-0.0660026928117182,-0.04500303356864843,0.8407052900810466,0.3298812590886133,-0.04676562024050307,0.017131315440866546,-0.06601902150251664,3.0250855775247158e-05,0.00014050989132795064,0.00010844086263895944,0.00017065527589550292,-0.000860043745650382,-0.00026396494999311607,3.429416258683381e-05,0.00012982138890165168,-5.707884275156142e-06,0.0010560613530206263,-0.0015946827605768344,0.0006966189097044173,0.034743817664014
1781507090.307065,-0.04498927373776506,0.8407395926010822,0.32989031538617675,-0.04670963211584913,0.01694957728881019,-0.0660336296835593,-0.04500303356864843,0.8407052900810466,0.3298812590886133,-0.04676562024050307,0.017131315440866546,-0.06601902150251664,4.144167427026337e-06,0.00015066352049414647,0.00014008828877687564,-0.00015943266275838337,-0.00045845566494317585,-0.0005588303963081039,-1.2144517015795423e-05,0.0001446065124131312,0.0002826752273175623,0.0011810269719520804,-0.0021147525664473965,0.0011682997863863623,0.03805275748606973
1781507090.317068,-0.04499049265111834,0.8407424084998099,0.329893906090439,-0.04673391937517828,0.016972532410955976,-0.06605915786388397,-0.04500303356864843,0.8407052900810466,0.3298812590886133,-0.04676562024050307,0.017131315440866546,-0.06601902150251664,-1.686609188885664e-05,0.00015690552160536227,0.00016371893196600093,-0.0004023935983226033,-0.00014501067334281238,-0.0007644655549322572,-1.4062700450232201e-05,0.0001221323157447624,0.0002312297044248654,0.0008922601669428546,-0.0015027249033254093,0.0008479831216131719,0.04117035680150744
1781507090.3270679,-0.04499160196974154,0.8407447273096088,0.32989694443097384,-0.04675396640142725,0.016992005056808646,-0.0660799346265769,-0.04500303356864843,0.8407052900810466,0.3298812590886133,-0.04676562024050307,0.017131315440866546,-0.06601902150251664,-3.3518853485215824e-05,0.00015992828023941793,0.0001806144927913276,-0.0005734223853081613,9.38119771009565e-05,-0.0008976148934840922,5.200597077116415e-05,8.523573758434879e-05,0.00020761181518054054,0.0007200155136750068,-0.0009291314788069306,0.00027139192504483853,0.04395459492710841
1781507090.3370614,-0.04499261433997836,0.8407466167242929,0.3298995050308419,-0.046770287498485046,0.017008335508720274,-0.06609658252009373,-0.045001855699840665,0.8407138511251465,0.3298958163228812,-0.04669286236787683,0.0170581966531953,-0.06598282193064095,-4.646252550211992e-05,0.00016032841602028284,0.00019188922640427284,-0.0006858730764583692,0.00027018550871229336,-0.0009728085573244886,0.00012244610887495288,-2.8447793826062143e-05,0.0002479644324451445,0.0002280786178988827,-0.0010364711711078973,5.0676005180547506e-05,0.03424315677536995
1781507090.347058,-0.04499175595385061,0.8407453324109071,0.32989601202444524,-0.04676143094966967,0.01700431811901537,-0.06606297665332943,-0.045001855699840665,0.8407138511251465,0.3298958163228812,-0.04669286236787683,0.0170581966531953,-0.06598282193064095,-2.430734020593729e-05,0.00014192507139088587,0.00015364208246387005,-0.0005205602067902684,0.00017971147547363148,-0.0005022345334435099,-5.148772198947081e-05,-2.6359429715460026e-05,-0.0002545649443842594,-0.00045441125331778764,-0.00032127337529729765,-0.00026827978853545325,0.03306228245758594
1781507090.3570652,-0.04498838611247387,0.8407394041797935,0.3298937304683607,-0.04682811455291004,0.0170461101620889,-0.06612358472104596,-0.045001855699840665,0.8407138511251465,0.3298958163228812,-0.04669286236787683,0.0170581966531953,-0.06598282193064095,-3.0164294137124797e-05,8.832566729007563e-05,0.00015532365459587535,-0.0011803556419313383,0.0006469299551118324,-0.0010869033130311069,1.0927887648926766e-05,-2.8378152707343124e-05,-1.3469113631085758e-05,-0.00019564186592604512,-0.0009010365272000387,-0.0002580525469277471,0.028960994021373747
1781507090.3670623,-0.044985628011851866,0.8407342360904438,0.32989182321096766,-0.04688310193157525,0.017080711432504003,-0.0661735386806365,-0.045001855699840665,0.8407138511251465,0.3298958163228812,-0.04669286236787683,0.0170581966531953,-0.06598282193064095,-3.4483887273904896e-05,4.4178328799980145e-05,0.00015470546714280221,-0.0016424089157922993,0.0009792925764914267,-0.0014952238247397844,0.000429796261814618,-4.895606732511317e-05,-0.00033012684012651277,-0.000816072787940067,-0.001260531760169763,-0.0006413088567021476,0.026359620831659276
1781507090.3770578,-0.044983408390367324,0.8407297411131669,0.32989025182621556,-0.046927820097294605,0.017108978509437822,-0.06621414200615328,-0.045001855699840665,0.8407138511251465,0.3298958163228812,-0.04669286236787683,0.0170581966531953,-0.06598282193064095,-3.75145948081866e-05,8.178246422477884e-06,0.00015224892750029535,-0.0019436529160550458,0.0012015146318806024,-0.001760235832489646,0.0002770105793321536,3.0336988237796285e-05,3.3050727171476676e-05,-0.0006077190862245298,-0.0012546134517709027,-0.0005563619722233644,0.024975159043228987
1781507090.3870666,-0.04498165655402127,0.840725841934974,0.3298889766316419,-0.04696361947208183,0.017131726402121128,-0.06624662741796673,-0.04499256020298198,0.8407131670699077,0.32989431560693655,-0.046703522817706164,0.01701163347740886,-0.06600075545728631,-3.9472217442386665e-05,-2.0825279884191e-05,0.00014834773492689176,-0.0021161620219455426,0.0013351292929797295,-0.0019106176262195483,0.00032026555487800734,-9.071031274279857e-05,0.00010376332880715506,-0.0003878639773373636,-0.0009426079684226082,-0.0008438384726074377,0.017551251303078462
1781507090.3970628,-0.04498030583195066,0.8407224697935307,0.3298879584053003,-0.046991756107671506,0.01714971669527965,-0.06627214086034344,-0.04499256020298198,0.8407131670699077,0.32989431560693655,-0.046703522817706164,0.01701163347740886,-0.06600075545728631,-4.054359126196081e-05,-4.384465468958682e-05,0.00014333624583688444,-0.00218749232584996,0.0013986960561946143,-0.0019709945953789846,0.00040547793014979666,-8.514712961845252e-06,-3.3242408965026575e-05,-0.000870459583603783,0.00037920631414051437,-0.001960880361006269,0.01664705045415369
1781507090.4070635,-0.04498091923021876,0.8407205372255708,0.32988661032800304,-0.04693205263843741,0.017144212046477314,-0.0662244661918759,-0.04499256020298198,0.8407131670699077,0.32989431560693655,-0.046703522817706164,0.01701163347740886,-0.06600075545728631,-2.245401652821005e-05,-4.7275308021316946e-05,0.0001020645949546268,-0.0013058415788954195,0.0011614124411271907,-0.0012388217930749206,0.0003732670296850474,-8.722117730912602e-05,-0.00014024037622166444,-0.0007570268206199034,8.569815608743632e-05,-0.001631461738761025,0.015786157379663972
1781507090.4170604,-0.04498147462472721,0.8407189036857511,0.32988541099387103,-0.04688061760346163,0.017138568311206637,-0.06618318116334865,-0.04499256020298198,0.8407131670699077,0.32989431560693655,-0.046703522817706164,0.01701163347740886,-0.06600075545728631,-7.647676403218016e-06,-4.9430318257026445e-05,6.763955961548227e-05,-0.0006095082222135953,0.0009518333639167737,-0.0006563169444369604,0.00014363943975043944,-0.0001885289527258065,-6.89893514426585e-05,-0.0009100397998027816,-0.0001038595301973689,-0.0011430711217296232,0.015332675579412147
1781507090.4270675,-0.04498195844142361,0.8407175358556116,0.32988432711385335,-0.046836785711634396,0.017132975138033357,-0.06614781383721188,-0.04499256020298198,0.8407131670699077,0.32989431560693655,-0.046703522817706164,0.01701163347740886,-0.06600075545728631,4.335359761199155e-06,-5.053397029516655e-05,3.9147003571785184e-05,-7.108691975775665e-05,0.0007687489799033493,-0.00020189863322626558,0.0001298648411616371,-0.00023299985394581283,-0.00012955282925868858,-0.001189506791628394,0.0002009797032910891,-0.0013905151511053862,0.015207025703274054
1781507090.437059,-0.04498236467867738,0.8407164023968309,0.3298833351489205,-0.04679985036300302,0.01712757320568481,-0.06611784859209145,-0.04497905341202074,0.8407078139699198,0.3298870311399994,-0.04675193964609016,0.017008335061603486,-0.0660744627105571,1.3900086069291243e-05,-5.077963580673767e-05,1.5777912249785757e-05,0.000334278569966408,0.0006105275935569732,0.00014410960993276023,0.00034110622396498174,-0.00016704160995935873,-0.0002935826236310793,-0.0013555705286505417,0.00048673843229133073,-0.0017045242816706623,0.009918967372361216
1781507090.4470649,-0.04498269287275304,0.8407154741612962,0.3298824189167518,-0.04676909334998662,0.017122462644360903,-0.06609275119993331,-0.04497905341202074,0.8407078139699198,0.3298870311399994,-0.04675193964609016,0.017008335061603486,-0.0660744627105571,2.1402263356241785e-05,-5.0333419938115003e-05,-3.182089030541817e-06,0.000628854187888201,0.0004752660867337901,0.0003994183013718578,3.352397539866448e-05,-0.00021836121598786502,-0.00033474635955165334,-0.001429973051003504,0.0011698808561009721,-0.0014279795309289783,0.009653849472168092
1781507090.4570642,-0.04498252507608843,0.840718806658794,0.32988109922452963,-0.04677154758463499,0.0171167346435932,-0.06604098989163246,-0.04497905341202074,0.8407078139699198,0.3298870311399994,-0.04675193964609016,0.017008335061603486,-0.0660744627105571,4.2052757438549e-05,-2.7494723003471282e-05,-1.0506619641670562e-05,0.0005237159317988235,0.0003345104087110126,0.000917269892085429,0.00018628294950856668,-0.0002283034695517504,-0.0003611211294346795,-0.0015973459746917887,0.0012335352119555584,-0.00142917057504878,0.012964539375682234
1781507090.4670675,-0.0449823058866315,0.8407216824806525,0.3298799452565806,-0.046774107143192745,0.01711157084653392,-0.0659982811493174,-0.04497905341202074,0.8407078139699198,0.3298870311399994,-0.04675193964609016,0.017008335061603486,-0.0660744627105571,5.8097568537896255e-05,-8.812044208499837e-06,-1.62534266320198e-05,0.00043060273834336473,0.00021989186999265214,0.0012801704896724963,0.00015455199684233232,-0.00016441347756471856,-0.0004807004462103416,-0.001495149260367474,0.0008902687932018646,-0.0011343345121565588,0.015909868788322262
1781507090.4770608,-0.04498203859866647,0.8407241537587634,0.32987894157658326,-0.04677667549622066,0.01710697110587489,-0.06596352424176877,-0.04497905341202074,0.8407078139699198,0.3298870311399994,-0.04675193964609016,0.017008335061603486,-0.0660744627105571,7.024175694154427e-05,6.297566292486547e-06,-2.06608615778096e-05,0.00034904856225113044,0.00012799407953762712,0.0015170379498956285,2.458674805522198e-05,-0.0002473646650211142,-0.00040021950547860526,-0.0007782832445851804,0.0009384802933028794,-0.0005381024837902743,0.01847541812863949
1781507090.4870622,-0.04498173015681393,0.8407262678217319,0.32987807358339527,-0.04677918008692897,0.017102919873540623,-0.06593567676549218,-0.04497480411548238,0.8406997058759981,0.32987386505100025,-0.04681551215133362,0.01705440806549663,-0.06613516608290074,7.910075096912555e-05,1.834735938813857e-05,-2.3937237929094888e-05,0.00027838773858347926,5.563540919815014e-05,0.0016529893207468296,-5.34044311925376e-06,-0.00013887425852975968,-0.00021755756427080137,-0.00021954235571753673,-0.00020164316413164745,0.0003076961024969027,0.02777082560191277
1781507090.4970663,-0.04498101363369592,0.8407238034752269,0.32987520406070286,-0.046914111646758114,0.017104102950038502,-0.06593841862364426,-0.04497480411548238,0.8406997058759981,0.32987386505100025,-0.04681551215133362,0.01705440806549663,-0.06613516608290074,7.718046228169195e-05,-1.5647663034267268e-05,1.202898589529673e-05,-0.0012245423268201245,6.41754263915278e-05,0.001443240442013508,-3.755010196957496e-05,8.309877229101431e-05,0.0001543165738666923,0.0006879386116170966,0.0006615685950018723,-0.000188854463212471,0.024920781529107462
1781507090.5069997,-0.04497967215438246,0.8407270218985345,0.3298777748099815,-0.046895198871101856,0.01708906471365168,-0.06592693850601586,-0.04497480411548238,0.8406997058759981,0.32987386505100025,-0.04681551215133362,0.01705440806549663,-0.06613516608290074,8.725352488667107e-05,7.981558083950669e-06,2.0331387576437814e-05,-0.0008865652963596694,-0.00011274222523589332,0.001403155439746097,-0.00023974809893892188,7.959213357167159e-05,0.00013633328113593957,0.0005947454133741231,0.0003007364458219939,0.0008560586561077077,0.028020512222961286
1781507090.5170648,-0.04497847339942386,0.8407297623607443,0.32987999782051525,-0.04687849982852851,0.017076459075376027,-0.06591857504814871,-0.04497480411548238,0.8406997058759981,0.32987386505100025,-0.04681551215133362,0.01705440806549663,-0.06613516608290074,9.423431835453051e-05,2.6849327967119418e-05,2.6738713422818923e-05,-0.0006090638118132,-0.00024221620144154914,0.0013347121890507755,-0.0003068150509393367,-5.375207431135116e-05,-3.2133459560157384e-05,0.00045514307432961633,-0.00027936673225862106,0.0014941316522609762,0.030894445809322164
1781507090.5270677,-0.04497740595681546,0.8407320870305919,0.3298819057480767,-0.04686391649182034,0.017066021239391382,-0.06591277567997768,-0.04497480411548238,0.8406997058759981,0.32987386505100025,-0.04681551215133362,0.01705440806549663,-0.06613516608290074,9.864426743746852e-05,4.1655658829476346e-05,3.1543535942933004e-05,-0.0003844703366923828,-0.0003325977734711693,0.0012468947262236918,-0.00022841691602985392,4.7762396228099025e-05,5.233403179989326e-05,0.00015149717720307427,0.0002558308134333682,0.001506105054472293,0.033465826758436096
1781507090.5370615,-0.04497645985024012,0.8407340506314029,0.32988353038150847,-0.04685131751882879,0.017057493443026095,-0.06590905620171061,-0.04498217250239517,0.8407021528932441,0.3298765299441763,-0.04680331587173409,0.01705872938720243,-0.06609362854608145,0.0001009345331363153,5.301396423959884e-05,3.50010298358899e-05,-0.00020566659574092382,-0.0003912144345334727,0.0011469647639661064,-0.0003362495627922101,0.00022692622432985405,0.00037881635662875395,0.0007350985518072793,-0.0003813016495176771,0.0016992995801398008,0.033152770881696526
1781507090.5470622,-0.044975626103959575,0.8407357012701645,0.32988490218361105,-0.04684055019634933,0.017050630253129695,-0.06590699689442979,-0.04498217250239517,0.8407021528932441,0.3298765299441763,-0.04680331587173409,0.01705872938720243,-0.06609362854608145,0.00010149415393073915,6.146036612503151e-05,3.7333114521122176e-05,-6.606576157819151e-05,-0.0004244259963116854,0.0010406947749766564,-0.00020592053916130396,1.638555058819782e-05,-4.24980619349331e-05,-0.0001929501816606764,-0.0002453471784954972,0.0017548622218109906,0.03519152340581069
1781507090.5570674,-0.04498194528174306,0.8407338773567222,0.32989259763435275,-0.04677153979756956,0.017049939081223764,-0.06595806034130591,-0.04498217250239517,0.8407021528932441,0.3298765299441763,-0.04680331587173409,0.01705872938720243,-0.06609362854608145,3.4620042805220106e-05,5.59436284027016e-05,5.7337796834504436e-05,0.0007040430873893905,-0.000359707728013869,0.00036995677566401084,-0.0003312121804004175,-4.68107544157671e-07,0.00013147408054020213,-0.00012840868798968984,-0.000685300863339456,0.0018943340566360083,0.03556211298283065
1781507090.5670736,-0.04498740934389576,0.840732318910117,0.3298990571993836,-0.0467141486269013,0.01704967408769198,-0.06600136414945759,-0.04498217250239517,0.8407021528932441,0.3298765299441763,-0.04680331587173409,0.01705872938720243,-0.06609362854608145,-1.9503369298339894e-05,5.080607689436918e-05,7.267049061511484e-05,0.0012617871332560658,-0.00030137318072971544,-0.00014273238862185162,-0.0002868370892442954,-6.953718774672166e-05,-0.00017078773344327678,-0.0007468553101085406,-0.0004721798001273543,0.001574649432498169,0.038011712800824375
1781507090.577057,-0.04499213146539013,0.8407309987725973,0.32990442926670743,-0.04666703430363961,0.017049735192484983,-0.06603766852804697,-0.04498217250239517,0.8407021528932441,0.3298765299441763,-0.04680331587173409,0.01705872938720243,-0.06609362854608145,-6.270506396479142e-05,4.603802389278309e-05,8.405835663420574e-05,0.0016451466646575674,-0.0002494178034191098,-0.0005229669187931227,-3.1083223210244356e-05,-0.00010924320059388541,-0.00024539456310916684,-0.000905913594625613,3.364490888803958e-05,0.0007667295335141064,0.041347767742480744
1781507090.5870652,-0.044996208131682196,0.8407298902699992,0.32990885156603994,-0.046628909719721154,0.017050038578658944,-0.06606773468614902,-0.04499139459219981,0.840701920946561,0.3298726292090966,-0.04681978499233364,0.017049472778057462,-0.06602156101623594,-9.659168775639143e-05,4.1627010445063833e-05,9.213512500970578e-05,0.001887352352426638,-0.00020366374917654155,-0.0007935494021952549,-0.00012438923359659506,-0.00018645496794345676,-0.0003275017866715658,-0.0007929520325577084,-0.00033470911550709394,0.0008524422051888932,0.046016435742772956
1781507090.5970693,-0.044999721879523516,0.8407289678200613,0.32991245055284113,-0.04659856441344782,0.01705051490049936,-0.06609230374098916,-0.04499139459219981,0.840701920946561,0.3298726292090966,-0.04681978499233364,0.017049472778057462,-0.06602156101623594,-0.0001225710448051048,3.755851078466026e-05,9.745149223548458e-05,0.0020171665383112913,-0.00016380814983217975,-0.0009745665765387396,-4.478998040744691e-05,-7.27849448978192e-06,-0.0002778174327848562,-0.0005061642469614368,2.6995881045713987e-05,0.00025007349539214204,0.04885300909803673
1781507090.6070647,-0.04499561956291511,0.8407292841217417,0.32990842153501837,-0.0465711337253889,0.017047102018048932,-0.06607950648670972,-0.04499139459219981,0.840701920946561,0.3298726292090966,-0.04681978499233364,0.017049472778057462,-0.06602156101623594,-8.286275813148609e-05,4.026453309312562e-05,5.4553285464177745e-05,0.002094023298693596,-0.0001897056826574365,-0.0007303713036389541,0.00021592864801306752,8.708058174827894e-05,0.00018433005859415223,0.00048160155151767963,-0.0002538839304695162,-0.00015865798892120362,0.04525134615020053
1781507090.6170588,-0.04499207597192524,0.8407295815970927,0.3299047902684192,-0.046549973636946324,0.01704443626853025,-0.0660680810140363,-0.04499139459219981,0.840701920946561,0.3298726292090966,-0.04681978499233364,0.017049472778057462,-0.06602156101623594,-4.993605637614876e-05,4.192666263470161e-05,1.942451125903633e-05,0.0020942905824287753,-0.00020391493798157384,-0.0005274116683811051,4.414234246524675e-05,0.00010191815180338195,-5.5673933541650633e-05,0.0004301967497378727,-7.699768010866735e-05,-0.0001663975362748059,0.04242534151792564
1781507090.6270614,-0.044989020080485304,0.8407298593138934,0.3299015258124826,-0.04653409110327678,0.017042403302393705,-0.06605799609329849,-0.04499139459219981,0.840701920946561,0.3298726292090966,-0.04681978499233364,0.017049472778057462,-0.06602156101623594,-2.287064366864817e-05,4.2729722220127483e-05,-9.022053833913441e-06,0.0020371645919608373,-0.00020897815050273174,-0.00036090409308247646,9.639455423537084e-05,8.613356590138115e-06,8.64925067004734e-05,0.0010950862280865552,-0.0003870420512283697,-0.00015250546276707072,0.040264182126677324
1781507090.637065,-0.044986389857688776,0.8407301163696148,0.32989860017150513,-0.046522597608601945,0.017040900120532054,-0.066049191638486,-0.04498952258842992,0.8407053898291394,0.3298764987630658,-0.04680409780543366,0.017046574588420293,-0.06601960186099849,-8.534627082116441e-07,4.283296792820156e-05,-3.174387398871508e-05,0.0019385994162624614,-0.00020705034889976348,-0.0002262666036937739,0.00011097263323625211,3.2193038947018195e-06,-0.00016686934502773584,0.0008107364099625276,-0.00016616752393142802,-0.00034317350378061065,0.033311980739344986
1781507090.6470623,-0.044982806334997794,0.8407375569100483,0.32989835794381905,-0.04652909147251482,0.0170399745895089,-0.0660215407071735,-0.04498952258842992,0.8407053898291394,0.3298764987630658,-0.04680409780543366,0.017046574588420293,-0.06601960186099849,3.3135590905825566e-05,8.628132907801104e-05,-2.871879117461242e-05,0.001650919709862454,-0.0002085589366786797,9.94613055515896e-05,0.00019375859916408877,0.0001992285369553198,0.00041150239002118435,0.0018844895332569302,7.736245867165182e-05,-0.0008483877380290728,0.03946711210060752
