time,ref_pose_x,ref_pose_y,ref_pose_z,ref_pose_roll,ref_pose_pitch,ref_pose_yaw,actual_pose_x,actual_pose_y,actual_pose_z,actual_pose_roll,actual_pose_pitch,actual_pose_yaw,ref_twist_vx,ref_twist_vy,ref_twist_vz,ref_twist_wx,ref_twist_wy,ref_twist_wz,actual_twist_vx,actual_twist_vy,actual_twist_vz,actual_twist_wx,actual_twist_wy,actual_twist_wz,error_3d_mm
1781506129.18997,-0.04189799593960813,0.7815429428181431,0.38228987504632006,-0.050371844029386555,0.02033944623283901,-0.07684819893382004,-0.04189031741314814,0.7814813596728861,0.38222597482993337,-0.05032391915682921,0.020308088690484505,-0.07672038259612102,-6.483926105547583e-05,7.236196058461317e-07,-1.5047153146264428e-05,-1.0469649088826712e-05,0.0005219019572373251,-0.0009075633296964749,6.098191136744239e-05,0.00016214363749861781,0.0003327760599865686,-0.0004580291918366159,-0.0006016471544676287,-0.0007342738329109769,0.08907682752883239
1781506129.199965,-0.04189799593960813,0.7815429428181431,0.38228987504632006,-0.050371844029386555,0.02033944623283901,-0.07684819893382004,-0.04189031741314814,0.7814813596728861,0.38222597482993337,-0.05032391915682921,0.020308088690484505,-0.07672038259612102,-6.483926105547583e-05,7.236196058461317e-07,-1.5047153146264428e-05,-1.0469649088826712e-05,0.0005219019572373251,-0.0009075633296964749,-9.493529650513774e-06,0.000480649066779074,0.000639828684411429,0.0005200269792699949,-0.0007726237449282243,-0.00034411201168890417,0.08907682752883239
1781506129.209971,-0.04190078918300822,0.7815431161765601,0.3822894108844264,-0.05036456700961896,0.020360098963411843,-0.07687501036489224,-0.04189031741314814,0.7814813596728861,0.38222597482993337,-0.05032391915682921,0.020308088690484505,-0.07672038259612102,-8.85471129419341e-05,6.2052615230137854e-06,-1.703760434065097e-05,7.607249111593586e-05,0.0007048404390310239,-0.0010894022378391353,0.00013035680597855816,0.0005548652721512927,0.0007477289830487137,0.0009673504383722647,-0.0010501066063097503,-0.0001885949958330086,0.08914963106870549
1781506129.219967,-0.04190320903721345,0.7815432816396475,0.38228902281290295,-0.050358495678181715,0.020376873887918867,-0.076896529177876,-0.04187703321106667,0.7814842161155311,0.3822293862516547,-0.050393799235426466,0.020272861126000574,-0.07677896886642016,-0.00010645715811086319,1.0527149521515606e-05,-1.841960137446037e-05,0.00013883300306398043,0.0008226169352770952,-0.0011958278787190433,-0.00020119243197013164,0.0005579406707331904,0.0007767381792751687,0.001100152845477621,-0.00032266947931417904,0.0002011226018485949,0.08792286079925624
1781506129.2299623,-0.041898754778311856,0.7815392676156194,0.38229084161669125,-0.050341942682067375,0.020362896879081438,-0.07683256451523998,-0.04187703321106667,0.7814842161155311,0.3822293862516547,-0.050393799235426466,0.020272861126000574,-0.07677896886642016,-6.248754778033071e-05,-9.478047338432007e-06,-6.071546369925316e-06,0.00029016116174717386,0.0005452811238334345,-0.00037568243116769217,-4.253989966477886e-05,0.000509230405219907,0.0006058310417035524,0.0004339482004698436,6.390380245590152e-05,-5.596939065731228e-05,0.08531855623097259
1781506129.2399588,-0.041897817735204824,0.781545037885336,0.38229799705277207,-0.05032071085302137,0.020351640987311015,-0.07678093845101677,-0.04187703321106667,0.7814842161155311,0.3822293862516547,-0.050393799235426466,0.020272861126000574,-0.07677896886642016,-4.531674669970882e-05,3.706909796759034e-05,3.968524423855119e-05,0.00047879901831491254,0.000334679282877747,0.00022192313887241027,1.6288575688875207e-06,0.0006858767043808947,0.0012317128173937955,0.0016594693492157724,0.00010346717616726688,-0.0002754916364132384,0.09401449971052256
1781506129.249959,-0.04189698995790365,0.7815500243040456,0.3823041109877915,-0.05030329704036797,0.020341855882092696,-0.0767377046223101,-0.04187703321106667,0.7814842161155311,0.3822293862516547,-0.050393799235426466,0.020272861126000574,-0.07677896886642016,-3.095827939128078e-05,7.396619343482446e-05,7.591471494404156e-05,0.0006070320068897715,0.00016772229884935984,0.0006636146932228002,-0.00018769681543917856,0.0003463550011255488,0.0006429314731008374,0.00094868100363956,0.000869915225318757,-0.0003646424042959104,0.10155183706163458
1781506129.2599585,-0.04189625476231176,0.7815543213437179,0.3823093110886495,-0.05028922050512178,0.02033344080203703,-0.07670194221535503,-0.04187703321106667,0.7814842161155311,0.3822293862516547,-0.050393799235426466,0.020272861126000574,-0.07677896886642016,-1.9039414490996733e-05,0.00010264896430741449,0.00010403684483596757,0.0006864958223267588,3.803676380248014e-05,0.0009763947089188459,-0.0001599623307246202,0.0001616114812825348,0.00027011798893534047,0.00027641326099296144,0.0012155143396265565,-0.0006245907885338421,0.10803791288267829
1781506129.2699547,-0.041895598982268606,0.7815580120792165,0.38231371152669175,-0.050278029713120106,0.02032628270937331,-0.07667275678599399,-0.04188000223608129,0.7815064816904234,0.3822664721757103,-0.05035029683498511,0.020281487163444467,-0.07678595466086484,-9.230021027090816e-06,0.00012437405609885745,0.0001252942832444734,0.0007272435832012506,-6.017286428774072e-05,0.001184023924939574,0.00013011386810022832,0.00012042567492332881,0.00023581604020400218,0.00011331336575695924,0.0004541220532699066,-0.0009630963237033836,0.0716253847595293
1781506129.279965,-0.04189501220703114,0.7815611697167169,0.38231741417118337,-0.05026930737069423,0.0203202624679526,-0.07664929813167234,-0.04188000223608129,0.7815064816904234,0.3822664721757103,-0.05035029683498511,0.020281487163444467,-0.07678595466086484,-1.2383495736303126e-06,0.0001402384309483172,0.00014077157830108037,0.0007378674706390214,-0.0001321105267295782,0.00130718374992864,-9.754397609429857e-05,-9.492879988762238e-06,2.0465108261955002e-05,9.15259726153592e-05,0.0014111212834882624,-0.0010253842676276998,0.07623100649060428
1781506129.2899606,-0.041892517757719114,0.78157003728738,0.3823207191870809,-0.05029517610048276,0.020335268875177004,-0.07662203711490975,-0.04188000223608129,0.7815064816904234,0.3822664721757103,-0.05035029683498511,0.020281487163444467,-0.07678595466086484,7.61559449162424e-06,0.00017642806286600023,0.0001537083296710766,0.0003688560476018057,3.097846579976066e-05,0.0014698837343829992,9.510068435580748e-05,-2.8650514689747736e-05,-4.465447508242019e-05,-0.00023901843664181734,0.001099927164745624,-0.000992165045312442,0.08449077126535601
1781506129.299963,-0.04189040118525461,0.7815775412815017,0.38232347051811055,-0.050317299664568,0.020347795087139797,-0.07660045535295758,-0.04188000223608129,0.7815064816904234,0.3822664721757103,-0.05035029683498511,0.020281487163444467,-0.07678595466086484,1.4626805766117146e-05,0.0002032446050721984,0.000162145965743778,8.227259061419285e-05,0.00015232980714048448,0.0015515543219324637,-0.0002171987978535947,0.00012684323650018252,0.0002448799980790954,0.00025653194454580117,0.0006151946175756871,-7.084700923683801e-05,0.09168650208458094
1781506129.309961,-0.04188861911927714,0.7815838467891105,0.3823257430462856,-0.05033601162307369,0.020358119913304717,-0.07658371955251939,-0.04188000223608129,0.7815064816904234,0.3822664721757103,-0.05035029683498511,0.020281487163444467,-0.07678595466086484,2.0069881463132225e-05,0.00022219688968362159,0.0001668649194294306,-0.00013470603787860643,0.00023908625953843985,0.0015702768518542317,-3.821825001414174e-05,0.00021809692269264314,0.00039083272051738824,0.0007265686636840985,-0.00020288794810570789,0.00021421664959381126,0.09783989610397764
1781506129.3199587,-0.04188713116557823,0.7815891038108175,0.38232760280608413,-0.05035165525950473,0.020366512558270156,-0.07657107272056361,-0.04188042089393118,0.7815113436938741,0.38227306550994167,-0.05034811291758261,0.02031990968485431,-0.07681750924755414,2.418513072324706e-05,0.0002345958147438875,0.0001685388207973934,-0.00029359299845464255,0.00029754675072937806,0.0015413221013461115,3.261170326400664e-05,0.00022148363886590004,0.0005636317756469282,0.0010399401909723213,0.00047969876047260896,0.00014694893692688025,0.09521544099124134
1781506129.3299618,-0.04188794406909864,0.7815819569042348,0.3823242156023012,-0.0503974600343117,0.02039424265070644,-0.07658707022871428,-0.04188042089393118,0.7815113436938741,0.38227306550994167,-0.05034811291758261,0.02031990968485431,-0.07681750924755414,2.5786045358165662e-06,0.00015352742358262772,0.00013728645164713427,-0.0007580322016092093,0.0005762061810754351,0.0012139108398004702,-0.00025919872556101034,0.0002912756339458966,0.00019147723802146878,0.000444608181487773,-3.1682303040273874e-06,0.001107732137361115,0.08751660179894263
1781506129.3399599,-0.041885108723193815,0.7815718842377885,0.38231476155651933,-0.0504141302905735,0.020460445808762273,-0.07661464152703308,-0.04188042089393118,0.7815113436938741,0.38227306550994167,-0.05034811291758261,0.02031990968485431,-0.07681750924755414,-1.128211689589013e-05,7.388545986900788e-05,6.874819635415106e-05,-0.0008511140096481484,0.0012502906154539459,0.0008172529974046874,-0.00016868112916627168,0.0003549097169598952,0.0003224755876909932,0.000817605868800971,-0.0013907984954284653,0.0020448232073013483,0.07365930695335489
1781506129.3499603,-0.04188284077047825,0.7815631388449332,0.38230662010979805,-0.05042738511533441,0.020514943909119898,-0.07663852385749023,-0.04188042089393118,0.7815113436938741,0.38227306550994167,-0.05034811291758261,0.02031990968485431,-0.07681750924755414,-2.2266176059002504e-05,9.014825789413892e-06,1.2856415632953686e-05,-0.0008975558194458203,0.0017211369043254043,0.000497682003577746,-0.0004929227248529816,0.00043088813825933056,0.0006280663557171527,0.0011116761829220619,0.0007727990373912712,0.002254217556101204,0.06176167620185569
1781506129.3599622,-0.04188107028266346,0.7815555701694291,0.3822996359268158,-0.05043771787261796,0.020559180087700524,-0.07665898824494168,-0.04188042089393118,0.7815113436938741,0.38227306550994167,-0.05034811291758261,0.02031990968485431,-0.07681750924755414,-3.0801748801583475e-05,-4.317580463161621e-05,-3.217490921571118e-05,-0.0009077816050348771,0.002026815009989096,0.0002446166700016835,-0.00020127708072674813,0.0004253024884045456,0.00034227277311509236,0.0002791255076125284,-0.0004777250919607248,0.0023326698711088876,0.05159835170439588
1781506129.3699608,-0.04187972928562587,0.7815490431544859,0.38229366945407667,-0.050445578237302856,0.020594516525963114,-0.07667633137241095,-0.04189462022240653,0.7815263232039376,0.38229162592663907,-0.05031372284598891,0.02031909536895049,-0.076735108125193,-3.7263588008083846e-05,-8.452596026180133e-05,-6.79171590566888e-05,-0.0008905927813690875,0.0022003706649111237,4.830853759209608e-05,-0.0004555081971238772,0.0001356728700756974,0.0001615971686699416,-0.00020896351265669737,0.001354141240118381,0.0018428215352751759,0.027241735545191843
1781506129.3799765,-0.04187875341201078,0.7815434366868703,0.38228859561849793,-0.05045137084240271,0.020622217462193504,-0.07669086101564869,-0.04189462022240653,0.7815263232039376,0.38229162592663907,-0.05031372284598891,0.02031909536895049,-0.076735108125193,-4.197881154246356e-05,-0.00011664972531185292,-9.574949827278449e-05,-0.0008533341779693417,0.00227018054013808,-0.00010010010199537676,-0.00031146953184818874,4.663325112576064e-05,-1.0106510003011114e-05,-0.0008769870139892508,0.001228624866351071,0.0011945193547855436,0.02353316250857502
1781506129.3899617,-0.04187908594706855,0.7815464289634713,0.38228119718090786,-0.05038763035601715,0.02064466769813289,-0.07673831197533279,-0.04189462022240653,0.7815263232039376,0.38229162592663907,-0.05031372284598891,0.02031909536895049,-0.076735108125193,-5.0662978879943246e-05,-5.9024986089738174e-05,-0.00013841040051385938,-5.362438425848446e-05,0.0022932270878041803,-0.0005940665073389805,-0.00011177356354458058,1.0784426737487881e-05,0.00020271615293999403,-0.0005777260512762697,0.0013080681420487364,0.0004388162230240278,0.027464777702168073
1781506129.3999333,-0.041879520093986246,0.7815491174129302,0.3822749261526786,-0.05033395663140135,0.02066147733706436,-0.07677756968927162,-0.04189462022240653,0.7815263232039376,0.38229162592663907,-0.05031372284598891,0.02031909536895049,-0.076735108125193,-5.6992443886245956e-05,-1.2017486016314939e-05,-0.0001709036271823169,0.0005470430747642497,0.002247725089252158,-0.0009479106846574745,-7.26479621851089e-05,-0.00022058905138871917,-0.00047702355958441546,-0.001937182278635553,0.0012486070419199888,0.0003311752248712264,0.032038606278053695
1781506129.4099622,-0.04188002542394799,0.7815515459519463,0.38226963871595493,-0.05028929462680466,0.020673599996448022,-0.07680961438308818,-0.04189462022240653,0.7815263232039376,0.38229162592663907,-0.05031372284598891,0.02031909536895049,-0.076735108125193,-6.135141633056589e-05,2.5871146758948185e-05,-0.0001948227947031738,0.0009821319070897278,0.0021521070326731683,-0.0011870820736196144,-7.050358128583836e-05,-0.00023825729362071462,-0.00050845666993478,-0.0019761879244182203,0.001275839695193353,0.00031320491136217424,0.036505240621415
1781506129.419961,-0.04188057555830065,0.7815537474344475,0.3822652071873199,-0.050252607212448126,0.020681878606839454,-0.07683537781282421,-0.041908626154291084,0.7815261445384687,0.3822872077164411,-0.05036596186315173,0.020381642837385305,-0.07669031497652251,-6.407329764208334e-05,5.5959310237715086e-05,-0.00021155585759310996,0.0012812479363640875,0.002021555687605696,-0.0013337875509866891,-0.0002276890840450544,-0.00018842662297263393,-0.0003833579109385691,-0.0015462703494486878,0.0011678837762120814,0.0003443478192928215,0.04508635140980727
1781506129.4299624,-0.04187909749582504,0.7815548722092869,0.38226400323182597,-0.05033550029779387,0.020665581484757167,-0.07683354698952119,-0.041908626154291084,0.7815261445384687,0.3822872077164411,-0.05036596186315173,0.020381642837385305,-0.07669031497652251,-4.578209514531066e-05,2.053705800233946e-05,-0.00020391527643288127,0.0002360142739535531,0.0016221596854598419,-0.0011771721539352725,4.48499100504888e-05,0.00012171594396517016,0.00017457593095843906,1.988040312759285e-05,0.0015007873281071933,-0.000422182222783122,0.04728285997796634
1781506129.4399626,-0.041877898523440184,0.7815557476033245,0.382263088465582,-0.05040541346803566,0.020650440611860388,-0.07683085187951057,-0.041908626154291084,0.7815261445384687,0.3822872077164411,-0.05036596186315173,0.020381642837385305,-0.07669031497652251,-3.0518303222659175e-05,-8.159200471019557e-06,-0.0001951978094061308,-0.0005536033988525213,0.0012784984070880008,-0.00102760913895674,0.00010366653379270677,0.00018117144791939812,0.00033807345340653404,0.0006504913673325057,0.0015950206534853456,-0.0007365764423961984,0.0490129269537001
1781506129.4499588,-0.04187692870754538,0.7815563866022326,0.38226241851743453,-0.050463687551526575,0.020636580702635854,-0.07682758291720122,-0.041908626154291084,0.7815261445384687,0.3822872077164411,-0.05036596186315173,0.020381642837385305,-0.07669031497652251,-1.7878242972572072e-05,-3.109240099613878e-05,-0.00018572630647613632,-0.0011300828955956338,0.0009860053337144912,-0.000887422677856233,-8.34338228639422e-05,4.1002735581500534e-05,6.726522948197361e-05,0.0003929066312176919,0.0016846747867019097,-0.0005395742069971467,0.050337013601159254
1781506129.4599576,-0.041876146379581,0.7815568099540294,0.3822619543209593,-0.050511645769234226,0.020624060077059303,-0.07682397346282374,-0.041908626154291084,0.7815261445384687,0.3822872077164411,-0.05036596186315173,0.020381642837385305,-0.07669031497652251,-7.504606466288379e-06,-4.910858638772275e-05,-0.00017576949732613117,-0.0015310855238020685,0.0007398580332409696,-0.0007580979090196917,-9.853761595999476e-05,0.00015322910758130203,2.015658446933996e-05,0.0008182713731223645,0.0022173300687490277,-0.0007856443991483715,0.05131313145863848
1781506129.4699562,-0.04187551694285883,0.7815570430244821,0.3822616616287473,-0.050550561931197516,0.02061288572980491,-0.07682020770627475,-0.04191429986093009,0.7815263904065224,0.38228393243168995,-0.05037684526254389,0.020465421705718967,-0.07670894072821637,9.181613986603383e-07,-6.294924067767009e-05,-0.00016554926025375837,-0.001789632866093773,0.0005351744000543284,-0.0006404505646967046,-2.4422274538996426e-05,0.00012338437467963404,0.0002299492788452131,0.0010548453285307237,0.0012785154147194398,-0.0005739835472270429,0.05421887480960575
1781506129.4799724,-0.04187501181426281,0.7815571133892681,0.3822615105532536,-0.0505816379596141,0.02060302602139097,-0.0768164279419087,-0.04191429986093009,0.7815263904065224,0.38228393243168995,-0.05037684526254389,0.020465421705718967,-0.07670894072821637,7.668099273205252e-06,-7.326251555866994e-05,-0.0001552470510986947,-0.0019343662351959704,0.0003671613065936985,-0.0005347724141620519,-7.298212999259927e-05,0.00028063369781930654,0.00020455598388289257,0.000745215849431103,0.001622252817650667,-0.0006380052741000912,0.05468265641263668
1781506129.4899733,-0.04187178262740414,0.7815581308474865,0.38226702145023117,-0.05058456773977366,0.0205633906763123,-0.07672045388007921,-0.04191429986093009,0.7815263904065224,0.38228393243168995,-0.05037684526254389,0.020465421705718967,-0.07670894072821637,4.838132080125108e-05,-6.588122417148887e-05,-0.0001101783138828767,-0.0017767403862025111,-0.00015804389485911256,0.0005479170761385856,-3.6659379286486884e-05,2.5703644130824377e-05,-0.00025605421708055115,-0.0003336228785674851,0.0009373434147601893,-0.0003739271288969368,0.055687988230815604
1781506129.499959,-0.04186898404549869,0.7815589111000966,0.38227181476675315,-0.050585413973298285,0.02053017271799895,-0.07664024148504163,-0.04191429986093009,0.7815263904065224,0.38228393243168995,-0.05037684526254389,0.020465421705718967,-0.07670894072821637,8.045176153639512e-05,-5.912093961098241e-05,-7.260227052015804e-05,-0.0016100028958208538,-0.0005472437757449726,0.0013441380143205412,4.628599316075998e-05,2.6300617256307576e-05,-0.0004642939200192364,-0.0006953597041543761,0.0011735069476056337,-0.0008735773278033335,0.0570785112128814
1781506129.5099807,-0.041866554369326396,0.7815594968729622,0.3822759707401572,-0.050584675296053615,0.020502672343023942,-0.07657403439670254,-0.04191429986093009,0.7815263904065224,0.38228393243168995,-0.05037684526254389,0.020465421705718967,-0.07670894072821637,0.00010517764484055386,-5.294484232799936e-05,-4.1517287245673417e-05,-0.0014410023115468415,-0.0008238841329747266,0.0019039239447623418,-7.742221470069697e-06,-8.041079968577489e-05,-0.000418242197338098,-0.0010788900714147369,0.0012509773873047325,-0.0006586514174196407,0.05864348745320137
1781506129.5199568,-0.041864443185719,0.7815599251242018,0.3822795619340329,-0.05058276883521709,0.02048020873432388,-0.07652013326213389,-0.04191602004992673,0.7815293566910619,0.3822769743809792,-0.05038349659774671,0.020532163819334537,-0.07674078346319008,0.00012369421257472192,-4.73159723310849e-05,-1.6037031042103684e-05,-0.0012749319922732958,-0.0010086136418466052,0.002271234951322351,-5.756942549003612e-05,-5.479922707298974e-06,-7.08577596684102e-05,-0.0009383617441714184,0.0009972168796313855,-0.00033672629303230586,0.06001081116711328
1781506129.5299556,-0.04186722479396177,0.7815587432302292,0.3822776142620548,-0.050628785063766446,0.020527506749681068,-0.07661774987581702,-0.04191602004992673,0.7815293566910619,0.3822769743809792,-0.05038349659774671,0.020532163819334537,-0.07674078346319008,7.210606596514063e-05,-7.042748543651444e-05,-2.598463680601545e-05,-0.00161625784613266,-0.0003289020253638108,0.0009853121618411567,-5.369594278216128e-05,-0.00016849174021674234,-0.00033208446269678384,-0.0014191975149741604,-0.00022704376490961526,0.000446997014218749,0.056964507693008926
1781506129.5399191,-0.04186970425679519,0.7815576104326655,0.3822759664564525,-0.050666027081873004,0.020567541892509533,-0.07670077440534251,-0.04191602004992673,0.7815293566910619,0.3822769743809792,-0.05038349659774671,0.020532163819334537,-0.07674078346319008,2.9778829809479192e-05,-8.808839992090283e-05,-3.364105591268373e-05,-0.0018277594264039588,0.00018939482573062793,-5.152311511156735e-06,7.428315623447486e-06,-0.00025329900080746116,-0.0005293339302704444,-0.0022866407713111785,-0.0003875925864615616,0.0008578876514731167,0.054262717586333324
1781506129.5499587,-0.04187192625819719,0.7815565277481785,0.3822745809105249,-0.05069567484742477,0.020601039906487983,-0.07677059266862071,-0.04191602004992673,0.7815293566910619,0.3822769743809792,-0.05038349659774671,0.020532163819334537,-0.07674078346319008,-4.577667006151016e-06,-0.00010114993844834359,-3.9361157279296566e-05,-0.0019361989379654374,0.0005725596011175395,-0.0007471293129313254,7.752954873077387e-05,-0.00016599232230681463,-0.00042178431506466183,-0.0025940015561228616,0.0001023856423924821,0.0009394432150951448,0.05184840898943691
1781506129.559955,-0.04187392508373159,0.7815554983112026,0.382273423830522,-0.05071882045040789,0.02062872338127253,-0.07682860457255765,-0.04191602004992673,0.7815293566910619,0.3822769743809792,-0.05038349659774671,0.020532163819334537,-0.07674078346319008,-3.210013657480715e-05,-0.0001103537184838309,-4.345435525720321e-05,-0.001964449425637616,0.0008439845316570982,-0.0012826139988381838,0.0002039391619262395,-0.00017253840508469408,-0.0002655156431337721,-0.0024680096148959377,-0.001231583482797005,0.0019228290981409034,0.04967873681062462
1781506129.5699658,-0.04187572713360144,0.7815545261945591,0.38227246497214445,-0.050736460244990525,0.020651292776991292,-0.07687618225276334,-0.04190963654090768,0.7815199178340883,0.3822573323059939,-0.05048542823407119,0.020518732615392388,-0.07671003559541466,-5.37876949111934e-05,-0.00011634397233476597,-4.618965389838885e-05,-0.0019318438350223103,0.00102425567320463,-0.001648723960206363,0.0005705046298882463,-0.00016222495611812598,-0.00046555743882254353,-0.0020896842308269527,-0.0005851886693997986,0.00141003911886057,0.05076006405794046
1781506129.579959,-0.04187316398363124,0.7815481865751053,0.3822692204899625,-0.05069199874570222,0.020619721867105145,-0.07679566381999543,-0.04190963654090768,0.7815199178340883,0.3822573323059939,-0.05048542823407119,0.020518732615392388,-0.07671003559541466,-1.582277946100621e-05,-0.00013101899414428122,-6.541924931296707e-05,-0.0012536946478755946,0.0005236646370743115,-0.0006084992114035717,0.00022693497379140359,9.660000762362996e-06,8.062813755732737e-05,-0.0010903560822767156,0.0011511220102633382,0.0011445619872585563,0.047651842262830854
1781506129.589956,-0.04187339925608975,0.7815520746851511,0.382275084864629,-0.05068333726374517,0.020586850266753665,-0.076776976182189,-0.04190963654090768,0.7815199178340883,0.3822573323059939,-0.05048542823407119,0.020518732615392388,-0.07671003559541466,-3.4383259600458845e-07,-9.49895762593907e-05,-2.405952284375391e-05,-0.0010264729572308955,9.776100459840849e-05,-0.0003565447600010415,0.00023085841135972197,-0.0001332072793136801,-0.00033398611277794154,-0.001574869283325834,0.0007771227696920386,0.0005741193807942588,0.05159803503377286
1781506129.5999637,-0.04187357078254577,0.7815554019000468,0.3822801312778812,-0.05067510328217723,0.020559129082868388,-0.07676092705056187,-0.04190963654090768,0.7815199178340883,0.3822573323059939,-0.05048542823407119,0.020518732615392388,-0.07671003559541466,1.2086607084344273e-05,-6.486251250039049e-05,9.447813744374523e-06,-0.0008281256140101898,-0.00022403078959724252,-0.00015800578965994178,1.4905779872116125e-05,7.875177348199425e-06,-4.419659674796641e-05,-0.0010416423208415265,0.0009146401322226793,-9.239490470091872e-06,0.055494603181636334
1781506129.6099653,-0.04187367856193347,0.7815582428838099,0.3822844565688424,-0.05066741492727684,0.020536025756924925,-0.07674729412131985,-0.04190963654090768,0.7815199178340883,0.3822573323059939,-0.05048542823407119,0.020518732615392388,-0.07671003559541466,2.191228074939753e-05,-3.985544065804734e-05,3.622689057608097e-05,-0.000656842266620788,-0.0004590066299553254,-4.9233901521931794e-06,-0.00028340789188847817,-4.024429325056394e-05,-8.179603945768404e-05,-0.00117472258018193,0.0013188038746159657,-0.00014690928250889253,0.05913976093250494
1781506129.6199613,-0.04187372640761077,0.7815606629585089,0.3822881477230316,-0.050660345783298526,0.020517014856141325,-0.07673584469695166,-0.0418996976533228,0.7815172019228209,0.3822474617239465,-0.05056057183562541,0.020545358102065592,-0.07668474306877486,2.9522416926792938e-05,-1.9275425859114636e-05,5.7265383018101496e-05,-0.0005105256347278461,-0.0006225021670990458,0.00010990995248456467,6.838695900567567e-05,-0.00023960813195356148,-0.00040570937161398966,-0.0018964818485059582,0.0005398501009232538,-0.0005783968413715064,0.06495165701086314
1781506129.6299572,-0.04187372059520487,0.7815627191654081,0.3822912826981161,-0.05065393404663985,0.020501590668651648,-0.0767263446626295,-0.0418996976533228,0.7815172019228209,0.3822474617239465,-0.05056057183562541,0.020545358102065592,-0.07668474306877486,3.52575509382622e-05,-2.5101032831891213e-06,7.342890937128117e-05,-0.00038692086782123384,-0.0007279645258707535,0.00019294149166814621,0.00014439107738726867,2.576244793105387e-05,5.0021004078496846e-05,-0.0006942104232772888,0.0001198942701632969,-0.000729176803724702,0.06831474729785518
1781506129.6399622,-0.041869864276463206,0.781564177803069,0.3822931071313739,-0.050671798950080005,0.020492372796854896,-0.07667461700861097,-0.0418996976533228,0.7815172019228209,0.3822474617239465,-0.05056057183562541,0.020545358102065592,-0.07668474306877486,6.25927560854666e-05,-2.1781349623703697e-06,8.076605806323454e-05,-0.0005512846302221159,-0.0007775877167224938,0.0007306522415769635,0.0001805331254285876,-0.00017012330491287186,-0.00030381107047321865,-0.0014436514380937776,0.0017094133747970566,-0.0016857889455984204,0.07197407115853739
1781506129.6499565,-0.04186652909308704,0.781565365740667,0.38229462942390635,-0.05068633338110937,0.02048529948759903,-0.07663181569420896,-0.0418996976533228,0.7815172019228209,0.3822474617239465,-0.05056057183562541,0.020545358102065592,-0.07668474306877486,8.374361112141468e-05,-1.8840405254232975e-06,8.563273608598428e-05,-0.0006593452284990748,-0.0007934846561739354,0.0011135410990298841,0.00014112603834539673,-9.110467245188556e-05,6.831362511617854e-05,-0.0010770503214866602,-2.168932213060345e-05,-0.0011861409516641544,0.07513120960777353
1781506129.6599686,-0.04186365493363546,0.7815663185610119,0.38229589003153736,-0.05069797447827129,0.020480026481447533,-0.07659687421905878,-0.0418996976533228,0.7815172019228209,0.3822474617239465,-0.05056057183562541,0.020545358102065592,-0.07668474306877486,9.966183311312182e-05,-1.6240767007114143e-06,8.845452082942533e-05,-0.0007222622214640193,-0.0007836763513294002,0.0013699463585482175,0.00033677714433689,0.00016487884385562915,0.0003197768242002393,-0.0005161292704479956,-0.0006493151027772005,-0.0011901510201727875,0.07782559197175319
1781506129.6699688,-0.04186118839031544,0.7815670693338425,0.38229692468608717,-0.05070712899645427,0.02047624659775793,-0.07656877833158196,-0.0418900065153584,0.7815163007080583,0.38224600219189897,-0.05061567590613634,0.02054757376309224,-0.07673788610366582,0.00011117773774449478,-1.3948060207867782e-06,8.959896527062141e-05,-0.0007496327015905078,-0.0007548763348657105,0.001524563167481299,0.0004085181092321542,-0.00016782066235604545,-0.00026703893053158195,-0.0012186865328569503,-0.0013849942246612636,-0.0009939557107987633,0.07746636760135038
1781506129.6799784,-0.04185908191041103,0.7815676483437355,0.38229776488712386,-0.05071416978599742,0.02047368883890721,-0.07654658069466454,-0.0418900065153584,0.7815163007080583,0.38224600219189897,-0.05061567590613634,0.02054757376309224,-0.07673788610366582,0.00011901366198560615,-1.1930800657051148e-06,8.938238467652198e-05,-0.0007496203822644913,-0.0007126347151017088,0.0015986810070695455,0.0001894574099572464,0.00013302787938368693,-9.38433495974805e-05,-0.0006397879037695108,-0.00028690861605470285,-5.1209882652580505e-05,0.07919777457561371
1781506129.6899557,-0.041861658375681954,0.7815643058320544,0.3822992955370283,-0.050647418951606626,0.020469195688677777,-0.07658684296790233,-0.0418900065153584,0.7815163007080583,0.38224600219189897,-0.05061567590613634,0.02054757376309224,-0.07673788610366582,9.832349010164179e-05,8.6673537718419e-06,9.185621373474603e-05,6.993327231232286e-05,-0.0006615669737271314,0.0009827761654880415,-3.8787304314905957e-05,-4.1824501691180974e-05,-0.00038884662121092557,-0.00126145163322534,-0.0006736303941717426,0.001170471543657764,0.07712515535196737
1781506129.6999648,-0.04186386964272018,0.781561516577397,0.38230055241733735,-0.05059135893379973,0.020465979321651506,-0.07662163968524555,-0.0418900065153584,0.7815163007080583,0.38224600219189897,-0.05061567590613634,0.02054757376309224,-0.07673788610366582,8.046811713823709e-05,1.647322115584003e-05,9.267822579054584e-05,0.0006820814229671386,-0.0006051979354971838,0.0004943962536868479,0.00016987654561216475,0.0002970136251357772,0.0004285616202249063,-5.075298402357659e-05,-0.0009514870673548422,0.001741935174315222,0.07552044787167701
1781506129.709958,-0.041865760583905426,0.7815592255055693,0.3823015727696555,-0.050544843710629936,0.020463807369816456,-0.07665138864229927,-0.0418900065153584,0.7815163007080583,0.38224600219189897,-0.05061567590613634,0.02054757376309224,-0.07673788610366582,6.5114690346249e-05,2.2530829485337062e-05,9.216378777654879e-05,0.0011220718367291084,-0.0005463989925013477,0.00011493524819408885,0.0002886303645554345,0.0003087392375179001,0.0003786844558532954,-0.0002587123348814928,-0.0005209402088700971,0.001687228778176817,0.07428655696406775
1781506129.7199633,-0.04186737174974537,0.781557376314719,0.3823023897669682,-0.05050675333561112,0.020462477180005045,-0.07667654108518583,-0.04188843237369538,0.7815225119285019,0.3822530439382073,-0.05063909940876347,0.020521969437730547,-0.07668359025900658,5.1964302276543754e-05,2.7108226333950458e-05,9.058300197876753e-05,0.0014210268126678357,-0.0004873882944094543,-0.000172529249434348,-0.00045234728989374147,5.6458523540694725e-05,0.0002513603747695708,-0.00039625269862314744,0.001060738014079208,0.00201070066453289,0.06398504609327742
1781506129.7299597,-0.04186879951873465,0.781554294855098,0.3823034353349353,-0.05048686140045954,0.020467964728163146,-0.0766703354129823,-0.04188843237369538,0.7815225119285019,0.3822530439382073,-0.05063909940876347,0.020521969437730547,-0.07668359025900658,3.774847155165741e-05,1.4921995161232008e-05,9.1065427481558e-05,0.0014816675550736718,-0.00037776666977238683,-8.302416967420514e-05,-2.2906270162792047e-05,0.0002361015211293369,0.00035332093528931633,-0.00044627355635169737,-0.00036527740875920086,0.0014661845744426626,0.06272875163052453
1781506129.7399564,-0.04186443261888047,0.7815528343247944,0.3822958418927667,-0.05048368392912961,0.02051609594354442,-0.07669051221303161,-0.04188843237369538,0.7815225119285019,0.3822530439382073,-0.05063909940876347,0.020521969437730547,-0.07668359025900658,4.071275509165874e-05,7.996843088901422e-06,3.68142142785533e-05,0.0013591147820493103,0.00019936720133578137,-0.00026739230309505446,-2.0490788590334738e-05,0.0001469343742389971,0.00020453907191872377,-0.00024812401893113185,-0.0009059486465089264,0.001189015918778553,0.057681026885508815
1781506129.7499578,-0.04186077443492119,0.7815516769495421,0.38228930385131343,-0.05048225493552649,0.02055640800543168,-0.076707228402006,-0.04188843237369538,0.7815225119285019,0.3822530439382073,-0.05063909940876347,0.020521969437730547,-0.07668359025900658,4.2576530388468334e-05,2.336188806575259e-06,-7.203676646465575e-06,0.0012300870310776929,0.000626335747701868,-0.0003982168652860042,9.250945377138106e-06,0.00034845351474425555,0.0005842804352467395,0.0006319414161144157,-0.00019482527394886043,0.0005135929013601898,0.054132627203725844
1781506129.7599752,-0.041857744725812565,0.7815507734575072,0.38228369646117005,-0.050482174960600354,0.02058975798411722,-0.0767208941133757,-0.04188843237369538,0.7815225119285019,0.3822530439382073,-0.05063909940876347,0.020521969437730547,-0.07668359025900658,4.3533231288094815e-05,-2.2376343611637e-06,-4.244877981340725e-05,0.0010997397503697372,0.0009291034836254536,-0.0004853412613171688,0.0001600224321171729,0.000239987816316185,0.00010437992574438383,0.00018121555590533634,-0.0005597381260646387,0.00021798189084030282,0.051768937774335104
1781506129.7699757,-0.041855266947716616,0.7815500808308209,0.3822789076865286,-0.05048310781561697,0.0206169786301571,-0.07673190013490555,-0.04188963244420879,0.7815336017689658,0.38226843634197394,-0.050636910520533006,0.020515958340917795,-0.07663908317737389,4.374963484254839e-05,-5.881023705043481e-06,-7.020473325156302e-05,0.0009719718338224291,0.001130524386956332,-0.0005373372038822847,0.00019816024562040413,0.00023749252493784822,0.000404372762376243,0.0007807455607920793,-0.0002527179632950326,-7.366972640254527e-05,0.03952462378771379
1781506129.7800279,-0.041853269292022786,0.781549561799306,0.38227483712920995,-0.05048477391474783,0.02063886167549911,-0.07674061206624162,-0.04188963244420879,0.7815336017689658,0.38226843634197394,-0.050636910520533006,0.020515958340917795,-0.07663908317737389,4.33690055106586e-05,-8.731320312655031e-06,-9.159690223980845e-05,0.0008496339653927057,0.0012504962570818647,-0.0005615888907818742,5.773642666361793e-05,0.00011690390000381894,-7.253471452200522e-05,0.0003764222602353501,-9.25038644883424e-05,-0.00022761601054263673,0.04022401624159067
1781506129.789974,-0.041852941979440846,0.7815651786659049,0.3822829887013057,-0.05056418923015851,0.02062550343742564,-0.076705179890176,-0.04188963244420879,0.7815336017689658,0.38226843634197394,-0.050636910520533006,0.020515958340917795,-0.07663908317737389,4.68918688991817e-05,5.444510435450587e-05,-3.160215166464551e-05,-0.00011808333368737759,0.0009488007551021721,-0.00012141106283533576,0.00013599409143855002,0.0001113885815823095,0.00022663109874604607,0.0009496630689805636,-0.00014014837003204392,-0.0005009799569345097,0.05054761900735366
1781506129.7999625,-0.04185273975448167,0.7815784445484528,0.3822900051432106,-0.050630873384616124,0.020613405622631475,-0.07667522242829929,-0.04188963244420879,0.7815336017689658,0.38226843634197394,-0.050636910520533006,0.020515958340917795,-0.07663908317737389,4.912576145589104e-05,0.00010447156719434787,1.69604547376426e-05,-0.0008399302453351961,0.0006967786523322285,0.00021171903100038663,0.00012992240485967425,0.00015101833162804013,0.00027603574720390167,0.001255581848418284,0.00048804500175834867,-0.0008109182355203463,0.06194480296368316
1781506129.809959,-0.04185263360022949,0.7815896325643806,0.3822960224541484,-0.05068619311213107,0.02060258295095152,-0.07665018701651977,-0.04188963244420879,0.7815336017689658,0.38226843634197394,-0.050636910520533006,0.020515958340917795,-0.07663908317737389,5.029659714753517e-05,0.00014330770764315478,5.573030519030957e-05,-0.0013577955396539714,0.0004888738338130144,0.0004555241057475068,7.914933136208939e-05,-2.847657481375424e-05,-2.9814627958453373e-05,0.0007200920066141815,0.0004943087649235846,-0.0005479108833456449,0.07259034423065487
1781506129.8199558,-0.04185260006465389,0.7815989952603369,0.3823011621349442,-0.05073148354582327,0.020593011626428348,-0.07662952484681593,-0.04188412123096219,0.7815429208706997,0.3822823053104948,-0.050587257317613675,0.02052763721312667,-0.07666055138502582,5.059920365127173e-05,0.0001726684643761387,8.614754070660597e-05,-0.0017086486745577605,0.00031971564068697855,0.0006257280355477003,-8.46062450393472e-05,7.378439091533072e-05,9.709448501175128e-05,0.00045203256011337755,0.0009949948988530037,-0.00017826179054372798,0.06703358059171005
1781506129.8299646,-0.041851242082005156,0.7815955923133935,0.38229755195946347,-0.05074335932057758,0.020606585054482096,-0.07663291465076988,-0.04188412123096219,0.7815429208706997,0.3822823053104948,-0.050587257317613675,0.02052763721312667,-0.07666055138502582,4.928410646049821e-05,0.00013472584457336842,5.782955564120211e-05,-0.0016510003276059841,0.00043468020433814255,0.000527982090650226,-0.00016093410326587613,1.6463609179179656e-05,-2.492041068406439e-05,6.926008790966799e-05,0.001414904974612271,-7.309172105234936e-05,0.06393574599832576
1781506129.839974,-0.04185015913076249,0.7815924784210158,0.3822944301828926,-0.05075184147196195,0.02061757831752309,-0.07663622984247127,-0.04188412123096219,0.7815429208706997,0.3822823053104948,-0.050587257317613675,0.02052763721312667,-0.07666055138502582,4.760390207236638e-05,0.00010255941481285284,3.436387830938601e-05,-0.0015626136123557438,0.0005089213606346006,0.000440292866469405,4.622393940408683e-05,-5.830751633583403e-05,-0.0001560621589340165,-0.0005875328663990407,0.00113016150570196,-0.0001090814072895611,0.06128937570224711
1781506129.8499591,-0.041849312239262915,0.781589640348096,0.382291739869455,-0.050757548722356174,0.020626337430043495,-0.07663939835458526,-0.04188412123096219,0.7815429208706997,0.3822823053104948,-0.050587257317613675,0.02052763721312667,-0.07666055138502582,4.565188932404043e-05,7.543753666781406e-05,1.5090837311855558e-05,-0.0014536151626955449,0.0005506175435506836,0.00036253889315029453,-9.473584499308728e-05,-4.578652060377097e-05,-0.00013514194280696317,-0.00036141205165559124,0.0005025774393121172,0.00021295687444579666,0.05902022004431649
1781506129.8599598,-0.041848666032980174,0.7815870644398115,0.38228942979314845,-0.05076102061334541,0.02063318280642079,-0.07664237021582967,-0.04188412123096219,0.7815429208706997,0.3822823053104948,-0.050587257317613675,0.02052763721312667,-0.07666055138502582,4.350641010505128e-05,5.2708950860920475e-05,-5.722587996124715e-07,-0.001332156696895553,0.0005667874516677788,0.00029435725316446164,0.00024912624528584487,9.425522590086899e-05,9.223854866891413e-05,-0.0005626541120586615,0.0008117532035966943,-0.00024208080058427087,0.057065611456991905
1781506129.8699596,-0.04184818873621304,0.7815847366299336,0.38228745398011266,-0.05076272259143421,0.020638406907809825,-0.07664511337542662,-0.041885177745177526,0.7815467357787456,0.38228407366908673,-0.05059857240638606,0.02057509041023109,-0.0766618060334024,4.1232806597667246e-05,3.3795176454251436e-05,-1.3138920742938499e-05,-0.001204687067300543,0.0005633887045388343,0.00023521404178705318,6.121358227137752e-05,8.837737508567712e-05,9.829857578048246e-05,-0.00057087635332004,0.0005771000683524269,0.00014187577593349104,0.05313829106979701
1781506129.8799615,-0.04184785208479103,0.7815826425088188,0.38228577127069946,-0.050763051846389656,0.020642273244730003,-0.0766476100845695,-0.041885177745177526,0.7815467357787456,0.38228407366908673,-0.05059857240638606,0.02057509041023109,-0.0766618060334024,3.888515721636878e-05,1.8183486947803317e-05,-2.306061610095059e-05,-0.0010762027084895277,0.0005454208091203774,0.00018446184430828853,3.073201024323544e-05,0.00016337131621366267,0.00046961040787176536,-0.00037555166631810324,0.00030300680958965837,0.00031127484453009175,0.05182065263075035
1781506129.8899593,-0.04184968383067096,0.781580725315655,0.382279639797197,-0.050778728906937326,0.020644036903073815,-0.07666423535567007,-0.041885177745177526,0.7815467357787456,0.38228407366908673,-0.05059857240638606,0.02057509041023109,-0.0766618060334024,2.287042686456165e-05,-2.3216910308803823e-06,-6.058383552354702e-05,-0.0011261133709256157,0.000514316174075623,-1.5925385551331415e-05,0.00024091364115806868,8.811539720549075e-05,0.000320140497441411,-0.0010686275467876429,2.3846730113685027e-05,0.00025764221755573556,0.04934334611935592
1781506129.8999593,-0.041851312209872156,0.7815789914575463,0.382274418576299,-0.050790879859454435,0.02064504928191946,-0.07667818013499222,-0.041885177745177526,0.7815467357787456,0.38228407366908673,-0.05059857240638606,0.02057509041023109,-0.0766618060334024,9.724439763235647e-06,-1.8753279216791288e-05,-8.993880996039421e-05,-0.001132684557503674,0.0004769331334444401,-0.00016563304509998233,-6.225503141876573e-05,6.534940839993393e-05,3.206485441808262e-05,-0.0016521636040792672,0.000612829815037822,0.0005143353918498898,0.04775483340096484
1781506129.9099584,-0.04185275504227273,0.7815774274414358,0.38226999417084073,-0.05080005621078613,0.02064547107821424,-0.07668973478789445,-0.041885177745177526,0.7815467357787456,0.38228407366908673,-0.05059857240638606,0.02057509041023109,-0.0766618060334024,-9.520242705565969e-07,-3.170649397622654e-05,-0.00011236457928735333,-0.0011066031710639218,0.00043586896096797876,-0.00027327025825096596,0.00017581550768214097,5.6607785962245186e-05,-8.274236459688187e-06,-0.001921832781665503,4.022156477653031e-05,0.0004925464381652758,0.046812841114390276
1781506129.9199574,-0.04185402882875181,0.7815760212741457,0.38226626536559605,-0.050806752611226774,0.020645438852134212,-0.0766991823062241,-0.04187962809657941,0.7815521022526009,0.3822866919585546,-0.05067211481274304,0.02058754852124789,-0.07664630107635252,-9.510739846385188e-06,-4.170323355122309e-05,-0.00012894361151610312,-0.0010567703108789674,0.00039317052132060797,-0.0003464391465617164,0.0002195871358171707,0.00011762014123873149,0.00011885348560186428,-0.0013078132275864522,0.0002588292867649062,0.00012068201459501687,0.04055475070650018
1781506129.9299586,-0.04185514889090246,0.7815747620239992,0.3822631420564894,-0.050811407569870785,0.020645067342909273,-0.0767067924087511,-0.04187962809657941,0.7815521022526009,0.3822866919585546,-0.05067211481274304,0.02058754852124789,-0.07664630107635252,-1.626093619980185e-05,-4.919992538129705e-05,-0.00014061896700050047,-0.0009905053929580218,0.00035041623479159295,-0.00039177922451286655,0.00030121892200577285,5.690600435387681e-05,-0.00024129752943435683,-0.0012858264859971211,0.0004092951281417779,-0.0002709128470835009,0.04083251936483392
1781506129.9399607,-0.04185699409422864,0.7815818691680011,0.38226798471966555,-0.05084091049906045,0.020667024594988703,-0.07678554337371377,-0.04187962809657941,0.7815521022526009,0.3822866919585546,-0.05067211481274304,0.02058754852124789,-0.07664630107635252,-4.009068988828256e-05,-1.2383208380102656e-05,-9.956368337096834e-05,-0.001186697962068699,0.0005952319303893208,-0.001195263563929165,0.000167277310269596,-3.267579585807121e-05,-0.00039307394034312663,-0.0009701039269375406,5.3718932193425956e-05,-8.301194765268848e-05,0.04181301354496076
1781506129.9499652,-0.04185863436831773,0.7815878659780903,0.38227220119670546,-0.050864613429622105,0.02068500103520443,-0.07685065621395008,-0.04187962809657941,0.7815521022526009,0.3822866919585546,-0.05067211481274304,0.02058754852124789,-0.07664630107635252,-5.8712586632400056e-05,1.732917141552048e-05,-6.5344030942518e-05,-0.0013012145466116617,0.0007623736002039957,-0.0017645688521441315,-5.753414917801697e-05,9.211009205569915e-05,0.00038521756001557724,0.00021189050449339878,0.0007214513776011733,-9.896646916579606e-05,0.04392906630211186
1781506129.9599557,-0.04186009411480133,0.7815928934383161,0.3822758618043775,-0.05088332149665141,0.020699503125185315,-0.07690376802531414,-0.04187962809657941,0.7815521022526009,0.3822866919585546,-0.05067211481274304,0.02058754852124789,-0.07664630107635252,-7.291779729964432e-05,4.0961894015056636e-05,-3.704543746456409e-05,-0.001351399629692599,0.0008667409587648064,-0.0021428284464129724,0.00012839299564188785,0.00010086560169126036,0.0001548060536954941,-9.090607313367151e-05,0.000633697846301553,-0.00043159312208298876,0.04650580088180597
1781506129.969955,-0.04186139298331223,0.7815970788976626,0.3822790298794019,-0.050897774759754905,0.020711005336148558,-0.07694643396395409,-0.041877629255490934,0.7815522263613092,0.3822825926425171,-0.05070994991845461,0.02060369520593075,-0.07665015679426972,-8.339741651864648e-05,5.9414580449938085e-05,-1.385868305939578e-05,-0.0013520097291437345,0.0009212163302603571,-0.002367590109159963,0.00022769541630485494,-5.853567701202676e-05,-0.00012825943603854425,-0.0004869251925577617,0.0008667453433902298,-0.0008194377034633818,0.047833668400129876
1781506129.9799592,-0.041862547048896644,0.7816005366759367,0.38228176238933625,-0.05090864424886439,0.020719945202466894,-0.07698010521540345,-0.041877629255490934,0.7815522263613092,0.3822825926425171,-0.05070994991845461,0.02060369520593075,-0.07665015679426972,-9.075344352960985e-05,7.347505864939266e-05,4.9306244567603235e-06,-0.001315458372920018,0.0009368178098203286,-0.002471188731360786,2.288691419868945e-05,5.8675537815015805e-05,-0.00016534168664365307,-0.0008404555133303147,0.0008863034647224869,-0.0006436474238948229,0.05061668475417898
1781506129.9899638,-0.04186227217650924,0.7815973996733633,0.3822837306415383,-0.050980932033193156,0.020707372678082425,-0.07690292657925026,-0.041877629255490934,0.7815522263613092,0.3822825926425171,-0.05070994991845461,0.02060369520593075,-0.07665015679426972,-7.810836064409557e-05,1.3739107297525498e-05,1.8852151852458327e-05,-0.001978470926132312,0.0006545564947811363,-0.0013671137302104588,0.00020751350742101297,6.826797643470099e-06,-0.0002757882829895655,-0.0011592158435066958,0.001612482699737935,-0.0018122808906092741,0.04772591579593491
1781506129.999965,-0.041862033930201145,0.7815944818741776,0.38228542026931844,-0.051039890050440295,0.020696264890592397,-0.07683672759964244,-0.041877629255490934,0.7815522263613092,0.3822825926425171,-0.05070994991845461,0.02060369520593075,-0.07665015679426972,-6.696751535420657e-05,-3.438939912672224e-05,2.978910438170995e-05,-0.002421088865659898,0.0004251390915918092,-0.0005024498710726712,0.0001842916762408507,9.264920966961318e-06,-0.00030204248692455426,-0.0012892872076074309,0.0021988835983607646,-0.002107276269491513,0.04513023390138602
1781506130.0099618,-0.04186182131206097,0.7815917647835408,0.38228686535197137,-0.05108724656498495,0.020686558003764954,-0.07678056740248537,-0.041877629255490934,0.7815522263613092,0.3822825926425171,-0.05070994991845461,0.02060369520593075,-0.07665015679426972,-5.717539744297006e-05,-7.258992334926222e-05,3.819153804288648e-05,-0.002686456619765509,0.00024159852231355326,0.00015916406437124417,0.000354482733653714,0.00013126817030319066,0.00025861907460565485,-0.0006763832973895885,0.0008851212216166408,-0.002078517487707744,0.04279525621057519
1781506130.0199625,-0.04186162635755539,0.7815892369164111,0.38228809605729963,-0.051124614086614215,0.020678165963308848,-0.07673346623095105,-0.04186999210771419,0.7815521487740582,0.3822737032341954,-0.05076532672510316,0.02065552964224171,-0.07673045326166057,-4.859007773791669e-05,-0.00010233649057215075,4.445286063624752e-05,-0.0028117527462248695,9.745808956771907e-05,0.0006505301009487011,0.0003366783547172519,7.991681587822803e-05,0.0001852985953103136,-0.0009621365242525041,0.0003366099991914734,-0.0024007429228756656,0.04065303722749359
1781506130.0299582,-0.041861443493466426,0.7815868912527497,0.3822891390970772,-0.0511534742567102,0.020670988417559988,-0.07669444200912938,-0.04186999210771419,0.7815521487740582,0.3822737032341954,-0.05076532672510316,0.02065552964224171,-0.07673045326166057,-4.108232795121634e-05,-0.00012491952887289492,4.891601943300413e-05,-0.0028286680794066214,-1.3214010989725947e-05,0.0010008856576758929,0.00022442911183632905,-3.847244395227259e-05,-2.9297078247481e-05,-0.0018650476945731313,-0.00014295770797104757,-0.0015914966304377922,0.03896645344513553
1781506130.0399566,-0.041859937628758344,0.7815807104203963,0.3822851300082303,-0.0510198944462671,0.020634692639829533,-0.07665622824001429,-0.04186999210771419,0.7815521487740582,0.3822737032341954,-0.05076532672510316,0.02065552964224171,-0.07673045326166057,-6.365214667262933e-06,-9.63714978241103e-05,1.649142917613626e-05,-0.0010701824038570472,-0.00042880842372548263,0.0012879268118826594,0.00020248365382555933,-0.00019421494429839353,-0.00035202359314138467,-0.0024646749138195747,-0.0005232480482214872,-0.0012445493419402744,0.03236404414565963
1781506130.0499587,-0.04185856042362761,0.7815755453157489,0.3822816743124227,-0.050906585491457844,0.020604492702778643,-0.07662529267620449,-0.04186999210771419,0.7815521487740582,0.3822737032341954,-0.05076532672510316,0.02065552964224171,-0.07673045326166057,2.158540554237604e-05,-7.223278021118665e-05,-9.747124515563763e-06,0.000276683539931079,-0.0007284712037047925,0.0014677384576030406,-0.00023801124430857407,-0.00015580740776490216,-0.0003160267859322479,-0.0031019393150150403,0.0009709373244888612,-0.0001275638124616558,0.027232694546189942
1781506130.05996,-0.041857292109385796,0.7815713022960766,0.38227870459276814,-0.0508115660610699,0.020579687947288372,-0.07660065637424848,-0.04186999210771419,0.7815521487740582,0.3822737032341954,-0.05076532672510316,0.02065552964224171,-0.07673045326166057,4.374990403709433e-05,-5.193960310737038e-05,-3.068722501527445e-05,0.0012782697691181067,-0.0009330653386932556,0.0015622858592703455,-0.0004021461331352906,-0.00022883179902574886,-0.0004713633792266849,-0.0036725842751278858,0.0005203903293312359,0.0008104802814742144,0.02351937394627072
1781506130.0699623,-0.04185611947141389,0.7815678830361588,0.38227616118230495,-0.05073285105485289,0.020559605448874807,-0.07658141359490622,-0.04186597975451456,0.7815432052795641,0.3822530294237101,-0.05090781468641009,0.020649452945108226,-0.07676821877577264,6.098861266086877e-05,-3.499065784020237e-05,-4.7108537207334285e-05,0.001993733762340417,-0.001060825652658514,0.001590360478023958,-0.00027461702023761,-0.0003846552539730571,-0.0007913509474365666,-0.0033739557649638797,-4.055333657577253e-05,0.0011742621354813272,0.03523201823712462
1781506130.0799594,-0.041855033925700724,0.7815651887580028,0.38227399127533235,-0.05066850687153132,0.020543611529361128,-0.07656673821799681,-0.04186597975451456,0.7815432052795641,0.3822530294237101,-0.05090781468641009,0.020649452945108226,-0.07676821877577264,7.405459747944879e-05,-2.0941132453159458e-05,-5.969421276496264e-05,0.0024752320865782614,-0.00112751848623724,0.0015678614485058473,-0.0003590744487280767,-0.00010773164772742332,-0.0002700719871285884,-0.0021152465088887253,0.0006946318595081894,0.0011673471311198225,0.03228751641303122
1781506130.0899577,-0.041858033093457876,0.7815637438317482,0.3822763986039002,-0.050716190094657915,0.02056742819905244,-0.07657859342907286,-0.04186597975451456,0.7815432052795641,0.3822530294237101,-0.05090781468641009,0.020649452945108226,-0.07676821877577264,3.7040044274984725e-05,-5.0015296015815594e-05,-3.9040126927194414e-05,0.001687111910744423,-0.0007381940500569091,0.0012806414854702817,-0.00032173465192695237,-4.210517420819495e-05,-0.00041997631445411186,-0.0012385954523582657,-0.0009039430315837139,0.0018027188435622654,0.03211074789735457
1781506130.09996,-0.04186060293590208,0.7815625845920066,0.382278482011955,-0.05075787002786883,0.020588077184197973,-0.07658977467215583,-0.04186597975451456,0.7815432052795641,0.3822530294237101,-0.05090781468641009,0.020649452945108226,-0.07676821877577264,6.856419740247395e-06,-7.272150937083931e-05,-2.1964903278820246e-05,0.001050420420798663,-0.00042627810815209615,0.0010303823820147062,-7.772881494915228e-05,6.926616319565386e-05,-0.00023045862800062048,-0.00040623267852400957,-0.001876406802839076,0.0019774473394660002,0.03243920741170507
1781506130.10996,-0.04186280729809632,0.7815616493079567,0.38228028028651967,-0.05079391102185123,0.020605787475534543,-0.07660014475780524,-0.04186597975451456,0.7815432052795641,0.3822530294237101,-0.05090781468641009,0.020649452945108226,-0.07676821877577264,-1.746106148138178e-05,-9.002799248432153e-05,-7.979054533898394e-06,0.0005446170207601945,-0.00018090020758011846,0.0008146671410709965,-0.00020176854779860133,0.00036292826675624155,0.0005839130695340449,0.001484851472688322,-0.0011178159677818862,0.002189051768368678,0.03305837544311891
1781506130.1199613,-0.041864699415098544,0.7815608899581714,0.3822818278954127,-0.05082474041448413,0.020620811110414028,-0.07660962310974732,-0.04187215438307945,0.7815454715175301,0.3822529117586355,-0.050931235323860666,0.02061180665456175,-0.07668765996594905,-3.67612331641962e-05,-0.00010278042641564261,3.349512076093298e-06,0.00015072864236428214,7.905964536327977e-06,0.000630739211348659,-0.00011929919486424563,0.00022950207148367664,0.0002734383278942607,0.001165765067374013,0.0005987376162766283,0.001546873399338754,0.033607258524376335
1781506130.1299615,-0.04186632374541073,0.7815602694686657,0.3822831554444677,-0.050850821044947356,0.020633410486475823,-0.0766181737788837,-0.04187215438307945,0.7815454715175301,0.3822529117586355,-0.050931235323860666,0.02061180665456175,-0.07668765996594905,-5.178909067941726e-05,-0.00011171540564191329,1.2401339487872512e-05,-0.00014852395953625,0.00014915644340437456,0.0004756630838632128,0.00016836028136550158,0.0002745152769947987,0.0003935733689053632,0.001699464479217626,0.0005351441643096397,0.0009221939308115038,0.03417098515049461
1781506130.1399603,-0.04186742388113601,0.7815652097560069,0.3822884343878086,-0.05076647206266522,0.020632881662018265,-0.07665273504263687,-0.04187215438307945,0.7815454715175301,0.3822529117586355,-0.050931235323860666,0.02061180665456175,-0.07668765996594905,-5.3111319744587896e-05,-3.329875380829719e-05,4.351967111805803e-05,0.0007963165354825336,0.00014626341531425788,4.670263699385564e-05,0.0001662287416050772,0.00011560943211905256,0.0001473455484495964,0.0013229253200585736,-0.00026680240695635345,0.000852444403543455,0.04091250285878211
1781506130.1499605,-0.041868337970092644,0.7815696231512155,0.38229293103219925,-0.05069625904146455,0.020632302670789304,-0.07668184010456572,-0.04187215438307945,0.7815454715175301,0.3822529117586355,-0.050931235323860666,0.02061180665456175,-0.07668765996594905,-5.3499795390779645e-05,3.0073958014233625e-05,6.794919387985296e-05,0.0014824563497896424,0.00014009069427589252,-0.00027598072720549656,4.687842104733542e-06,0.00024570760146331883,0.00011220460640706448,0.0011408313665203058,-0.0003615846947125492,0.0008251382018739377,0.04689785362176731
1781506130.1599524,-0.04186908922909989,0.7815735777488557,0.38229674177248174,-0.05063855954225728,0.02063170150968263,-0.07670606035187251,-0.04187215438307945,0.7815454715175301,0.3822529117586355,-0.050931235323860666,0.02061180665456175,-0.07668765996594905,-5.313375648026872e-05,8.056680208248099e-05,8.669957360148629e-05,0.001955978942991357,0.00013162993706337562,-0.0005102016868686668,5.746992315851654e-05,6.65472921406866e-06,-0.0003186482922648802,0.00010952924671401204,-0.00011944851335585213,0.0005199429842232184,0.05215769858812568
1781506130.1699631,-0.04186969884282982,0.7815771269447814,0.38229995301509057,-0.05059181539700409,0.020631099853704704,-0.07672595760980723,-0.04187067662670513,0.7815561124116507,0.3822635100066841,-0.0508728150750002,0.020619436233787702,-0.07664658763171571,-5.2166651625124615e-05,0.00012008023850652237,0.00010065330341157776,0.0022572330165873617,0.00012168669741103135,-0.0006717296004018653,0.00020242637123745355,0.00010737882011084314,0.00017537615827222587,0.0007443942197110154,3.806670480457575e-05,-0.00019098474455987515,0.0420792053836799
1781506130.1799603,-0.041870186013653,0.7815803130779605,0.382302641985803,-0.05055455924499453,0.020630514037343284,-0.07674207116262839,-0.04187067662670513,0.7815561124116507,0.3822635100066841,-0.0508728150750002,0.020619436233787702,-0.07664658763171571,-5.072928136723587e-05,0.0001502790258830712,0.00011057960352579764,0.0024211659542205696,0.000110905060926662,-0.0007743696952926626,-6.789779501486077e-07,4.2015804599149354e-05,-0.0001839529582941961,-0.00017322041936540706,8.97052550942904e-06,-3.0300999479388313e-05,0.0460133104738768
1781506130.1899621,-0.041867855282001105,0.781572929580918,0.3822971934572104,-0.050541184997670394,0.020624470959871966,-0.07668113815818035,-0.04187067662670513,0.7815561124116507,0.3822635100066841,-0.0508728150750002,0.020619436233787702,-0.07664658763171571,-2.7838520821392985e-05,9.848379412576885e-05,6.809808842974199e-05,0.002289132898661867,-6.856226323882856e-07,-2.8946397830585603e-05,-0.00014245029847176615,1.5830094760604995e-05,5.926338506761582e-05,0.0002480388976845014,-4.1786441053007446e-05,4.701734660167026e-06,0.037753834341161835
1781506130.1999543,-0.04186581662113088,0.7815667066466558,0.3822924730074078,-0.05053203774123131,0.02061939025433257,-0.07662986161833549,-0.04187067662670513,0.7815561124116507,0.3822635100066841,-0.0508728150750002,0.020619436233787702,-0.07664658763171571,-9.10969048961686e-06,5.565608297422389e-05,3.3132196707867335e-05,0.002127545217986574,-8.427159071032463e-05,0.00053036729144898,-0.00015700306130711657,5.3043628000725485e-05,-0.00012718171600683268,5.19257551125309e-05,0.00019266123299190518,-3.959748809399115e-05,0.03122039206106734
1781506130.209959,-0.04186403627845858,0.7815614870755142,0.3822883971599562,-0.05052630795537484,0.020615169791777355,-0.0765872239075752,-0.04187067662670513,0.7815561124116507,0.3822635100066841,-0.0508728150750002,0.020619436233787702,-0.07664658763171571,6.0407407067265295e-06,2.056992719584264e-05,4.642699006470464e-06,0.0019482363508836864,-0.00014458819894325916,0.0009349251843301085,8.371481947252763e-05,0.0002276567091379662,0.0004040620045558479,0.0009021544721781618,-5.062400027588025e-05,-0.00038058259824093484,0.026312575595516616
1781506130.219961,-0.041862484687810494,0.7815571316231874,0.382284890767719,-0.050523295559909503,0.020611709464030792,-0.07655222608198708,-0.04187067662670513,0.7815561124116507,0.3822635100066841,-0.0508728150750002,0.020619436233787702,-0.07664658763171571,1.8126557801652435e-05,-7.85693855126062e-06,-1.8286732586980137e-05,0.001760557769638029,-0.00018582003352478967,0.0012124557767668838,9.22100233352264e-05,0.0001147029802516398,0.000198619491680684,0.0009183564261002325,0.00018496726964270746,-0.0004913136541916278,0.02291906624275626
1781506130.229963,-0.0418611358500283,0.7815535175128933,0.3822818863050268,-0.05052240163629382,0.02060891342667026,-0.07652391054549312,-0.04187178423035692,0.7815587566677229,0.3822652914622073,-0.05085838089197863,0.020629604822036907,-0.07665416705717124,2.759904539901512e-05,-3.057770779365005e-05,-3.6462153202629555e-05,0.0015717453177568127,-0.000211624564775857,0.0013872122187766323,8.299854633570814e-05,0.00023729362840693417,0.00019224222961394244,0.0014457819505474222,0.0001775049874411627,-0.000542336445313538,0.02040160668076071
1781506130.2399592,-0.04185811875754917,0.7815512543945318,0.38228051674025093,-0.05050154502397186,0.020569798284554297,-0.07644552170882293,-0.04187178423035692,0.7815587566677229,0.3822652914622073,-0.05085838089197863,0.020629604822036907,-0.07665416705717124,6.586042465491806e-05,-3.575763328188877e-05,-4.378351037934649e-05,0.0016102287585412734,-0.0006581925953745048,0.002068714107433558,-6.930013135447228e-06,0.0003219418299679588,0.0003001621428617432,0.0019803634585792806,0.0003301224012452296,-9.820043152356469e-05,0.021790785704060612
1781506130.2499676,-0.04185546088730015,0.7815494551649755,0.38227935724895895,-0.050485523493952925,0.020537405918978235,-0.07638151823001584,-0.04187178423035692,0.7815587566677229,0.3822652914622073,-0.05085838089197863,0.020629604822036907,-0.07665416705717124,9.574111424623475e-05,-3.946285287499759e-05,-4.910611782777483e-05,0.001594984966017235,-0.000974770534413581,0.002522716611451498,-0.0002090830161531172,0.0005442361431187485,0.0005318820433714067,0.0030835699209182696,3.5100651927127854e-05,0.0003420039498020593,0.023469466096438043
1781506130.2599533,-0.04185311621730079,0.7815480485815316,0.38227838103921596,-0.05047356266452924,0.02051093767095047,-0.07633004501653781,-0.04187178423035692,0.7815587566677229,0.3822652914622073,-0.05085838089197863,0.020629604822036907,-0.07665416705717124,0.00011851539249828442,-4.193726927313884e-05,-5.2756739814962595e-05,0.0015399028905992707,-0.0011852866621067807,0.0027938336057786593,-0.00014525103563470043,0.0006241855127179596,0.0005594463270674571,0.0037480994998675904,4.374994210865326e-05,0.0005264612874190887,0.02518918116197035
1781506130.2699609,-0.04185104742374809,0.7815469715346796,0.38227756440342886,-0.05046497131841765,0.020489632878562425,-0.07628936916608298,-0.04187178423035692,0.7815587566677229,0.3822652914622073,-0.05085838089197863,0.020629604822036907,-0.07665416705717124,0.00013529626128676046,-4.339227654226404e-05,-5.501887967511986e-05,0.001456479422240553,-0.001310572588587013,0.002920498992311142,-0.000315233834267377,0.0004681426056870898,0.0007846942341964136,0.003431450111162808,-0.0002369896472448427,0.001516443369191887,0.02682404882581778
1781506130.2799556,-0.041849223883030244,0.7815461685758344,0.38227688637809587,-0.05045913944282378,0.020472780193642848,-0.07625789675434129,-0.04187376750949723,0.781578423797384,0.38228480067829573,-0.05073308065822791,0.020643069458188723,-0.07664412043817034,0.00014705315121959123,-4.4010493111721324e-05,-5.61377197520668e-05,0.0013541044878948004,-0.0013685695360789775,0.0029354641467758047,-0.0004215839814048144,0.00036085243996609713,0.0003267148115882689,0.0020983313837107513,-4.359065988844405e-05,0.002380286663427109,0.041296792430135926
1781506130.2899716,-0.04184762009464649,0.7815455913747907,0.38227632844159465,-0.05045553453996305,0.020459724707954097,-0.07623418161014425,-0.04187376750949723,0.781578423797384,0.38228480067829573,-0.05073308065822791,0.020643069458188723,-0.07664412043817034,0.00015462795407532065,-4.394912314146838e-05,-5.6324572617981736e-05,0.0012403323317160047,-0.0013745620019752227,0.002866326195518475,-0.00023383433886548497,0.00014031109927600908,0.00014919104470863958,0.001493303175267327,-0.0008017616397113546,0.0028400758444069377,0.04281861828032064
1781506130.299953,-0.041849111068759284,0.7815510325990569,0.38227892647767875,-0.05045165296714696,0.020450376347939114,-0.07628464611165986,-0.04187376750949723,0.781578423797384,0.38228480067829573,-0.05073308065822791,0.020643069458188723,-0.07664412043817034,0.00013844036314123096,-4.129542269209036e-06,-3.619474341356351e-05,0.0011585635267764745,-0.0012986528360313205,0.0019981544898684924,-0.0001253001982133827,0.00019606933762580288,-5.0738395626503794e-05,0.001115737220022548,-0.0006601939765204703,0.0030542209315719167,0.03731921821990538
1781506130.3099632,-0.04185036582361452,0.7815557784429549,0.38228116912097143,-0.050449490774205775,0.020443611765143643,-0.07632898413087402,-0.04187376750949723,0.781578423797384,0.38228480067829573,-0.05073308065822791,0.020643069458188723,-0.07664412043817034,0.00012369121976648652,2.7888873692483664e-05,-1.9576432813686536e-05,0.001065580238791842,-0.0012062321623171118,0.001292968016201674,0.00021404855583762402,0.00011183725788420663,0.00026764206269880894,0.0013587984594171062,-0.001153513457031575,0.003141407382535647,0.03276643386106651
1781506130.319958,-0.04185141931041693,0.7815599023376328,0.3822830983283968,-0.050448676067451716,0.020438968275872993,-0.0763675181232742,-0.04187376750949723,0.781578423797384,0.38228480067829573,-0.05073308065822791,0.020643069458188723,-0.07664412043817034,0.00011028371009605856,5.323901806512365e-05,-5.987645943089102e-06,0.0009667404415924325,-0.0011039689902340828,0.0007292037067517125,9.59964666997006e-05,0.0003114252087903866,0.0003889304486133953,0.0016897558067148577,-0.0008890608956939864,0.00288948287482313,0.029075496016808373
1781506130.3299572,-0.04185230236386075,0.7815634710397266,0.38228475176115945,-0.05044889330876222,0.02043604115194908,-0.07640064857214728,-0.041881866830344894,0.7815895637133314,0.38229669967044155,-0.05064743459986934,0.020609103820623975,-0.07649643021520369,9.812311470505457e-05,7.291484096349327e-05,4.996936885531452e-06,0.0008662187620505493,-0.000997129796763038,0.0002868339803294932,0.00015753010726362752,0.00026917354542373574,0.0006207685533580017,0.0018727641123816603,-0.0009976329513335933,0.002636850273561669,0.041202400786313195
1781506130.3399575,-0.041852201038509604,0.7815620529057651,0.3822827311803838,-0.050456524156285716,0.02047255448549401,-0.07644667881975876,-0.041881866830344894,0.7815895637133314,0.38229669967044155,-0.05064743459986934,0.020609103820623975,-0.07649643021520369,7.422553600563349e-05,5.739551858714979e-05,-7.778881408488472e-06,0.0006986230934134228,-0.0004648272420961562,-0.0002261481471400873,5.80276552731646e-05,0.0002568134237156659,0.0003369012808615026,0.0013686245834262053,-0.0008822374164009102,0.0022786597491074477,0.042802131403251266
1781506130.3499575,-0.04185216838980888,0.7815608440252115,0.38228100034841883,-0.05046358150625216,0.020503701713468825,-0.07648520876601195,-0.041881866830344894,0.7815895637133314,0.38229669967044155,-0.05064743459986934,0.020609103820623975,-0.07649643021520369,5.410068850835346e-05,4.4209763740262015e-05,-1.7936399010291515e-05,0.0005539247821458639,-5.326889129936556e-05,-0.0006043190639395564,0.0004457461960567248,0.00011021294276808904,7.715819901912168e-05,0.0011718361922048598,-0.001064034742441674,0.001402155839976111,0.04419600171903298
1781506130.3599572,-0.041852204595336305,0.7815598144334961,0.3822795245891114,-0.05047001570120503,0.02052997577823934,-0.07651706427654871,-0.041881866830344894,0.7815895637133314,0.38229669967044155,-0.05064743459986934,0.020609103820623975,-0.07649643021520369,3.7259490583715094e-05,3.306441115788103e-05,-2.586330904952974e-05,0.00043034380822105613,0.00025655482189160716,-0.0008711286687723258,0.00016424944839615773,0.00022672460594483568,0.0003429436042459472,0.001299569049213243,-0.0009379420400161737,0.0011678646450116498,0.04538558422146297
1781506130.3699524,-0.041852305403622045,0.781558938306175,0.3822782727197765,-0.05047580664647405,0.02055187940812586,-0.07654304684709862,-0.041881866830344894,0.7815895637133314,0.38229669967044155,-0.05064743459986934,0.020609103820623975,-0.07649643021520369,2.326771345597085e-05,2.3698261667581533e-05,-3.189910522482473e-05,0.0003259683393984903,0.00048167178175542236,-0.0010471955072931835,0.00013576708977722826,0.0001982779865662535,0.00033897923048503947,0.001364756931186261,-0.0010798952446262747,0.0006835273609485736,0.04638260475871621
1781506130.3799615,-0.04185246367645413,0.781558193439514,0.3822772167738817,-0.0504809569420433,0.02056990890244914,-0.07656391777533159,-0.04187060962603978,0.7815989505221765,0.38230931650553956,-0.050574409211282326,0.020559406266952296,-0.07640498736341146,1.1740664867194833e-05,1.587908727659127e-05,-3.634028629574572e-05,0.0002388401342797424,0.0006371589891874486,-0.0011504522851018292,0.0002598876505237668,0.0003080407518184681,0.0005465505909771972,0.0014466935550656596,-0.0006120552278538738,-0.00013894765331706274,0.05496187811591058
1781506130.3899589,-0.04185190802809584,0.7815558140857969,0.38227625663524745,-0.050488254344950675,0.020552550393678315,-0.07655873598975564,-0.04187060962603978,0.7815989505221765,0.38230931650553956,-0.050574409211282326,0.020559406266952296,-0.07640498736341146,2.246734287417681e-05,-4.488677034837283e-06,-4.016860049873745e-05,0.000131937706919699,0.0003754834792084485,-0.000977934166889647,0.00010301351439756455,0.0001048538447139708,0.00021220067844768367,0.0009992701057931002,-0.0001057652076271213,-0.0003731820473947518,0.057475707328613075
1781506130.3999536,-0.04185456558904249,0.7815586538833351,0.382277220071996,-0.0505433902503008,0.020569281658499472,-0.0766168869131566,-0.04187060962603978,0.7815989505221765,0.38230931650553956,-0.050574409211282326,0.020559406266952296,-0.07640498736341146,-7.065545920026867e-06,-1.0276649426505307e-05,-2.9941739977776208e-05,-0.00047133490494105586,0.000548960249246162,-0.001495843016890687,0.00012506497679151265,0.0002864532932408687,0.000595567144024431,0.001650528146042167,0.00016772757851188957,-0.0007637707076042497,0.05395749504288538
1781506130.4099548,-0.041856909048095456,0.7815610036432308,0.3822780690592064,-0.05058930360568419,0.02058291739809448,-0.07666440023655106,-0.04187060962603978,0.7815989505221765,0.38230931650553956,-0.050574409211282326,0.020559406266952296,-0.07640498736341146,-3.068422851892643e-05,-1.4792862687059797e-05,-2.1352498669748576e-05,-0.0009104447950157102,0.0006639115042735464,-0.001842950184600551,0.00044118800755465153,0.0001649701452345495,0.0002702002411142549,0.0012327932394040756,-0.0001327280755610903,-0.0011149614361888988,0.05103013188377721
1781506130.4199543,-0.04185897468097283,0.7815629175854727,0.38227881618119597,-0.050627049849492775,0.020593861158748616,-0.07670264240592557,-0.04187060962603978,0.7815989505221765,0.38230931650553956,-0.050574409211282326,0.020559406266952296,-0.07640498736341146,-4.925587247563452e-05,-1.823091685305815e-05,-1.4186728508469864e-05,-0.0012145335149503095,0.0007318656653170087,-0.0020525799419312263,0.00028906728397803624,-1.3135961407356682e-05,7.319666368486624e-05,0.0011212639086362502,9.357069967264282e-05,-0.0012124635252806733,0.048621129761440625
1781506130.4299552,-0.04186079324508822,0.781564449130772,0.3822794725586303,-0.0506576433926962,0.020602488834923438,-0.07673289107687241,-0.0418628536888741,0.7816054919512069,0.38232105658526994,-0.05051392446818876,0.020563180180959373,-0.07643491886209898,-6.354056772473112e-05,-2.0759890206737947e-05,-8.254480351032489e-06,-0.001409131732787671,0.0007627468708153938,-0.00215346422591152,0.00016624768442825567,0.00016407099984938115,7.073893278588904e-05,0.0009207776988103803,0.0004206829989710484,-0.0009540367698065121,0.058463576775667214
1781506130.4399555,-0.0418638921420871,0.7815624987458134,0.3822775238501852,-0.05060705532964577,0.02060269790813285,-0.07676626896857333,-0.0418628536888741,0.7816054919512069,0.38232105658526994,-0.05051392446818876,0.020563180180959373,-0.07643491886209898,-7.844456577240822e-05,-8.104401745420137e-06,-2.143410172434968e-05,-0.0006955163260678295,0.0007002036237040048,-0.00228209545428509,0.00020736996302016597,-7.204306371269151e-05,-9.677512513084913e-05,0.0004363280392009345,0.0006982817961539849,-0.0011991287245871356,0.061193080646735704
1781506130.4499574,-0.0418665550165156,0.7815608498263868,0.3822758639293491,-0.050563823793063484,0.02060233958037161,-0.07679221681817236,-0.0418628536888741,0.7816054919512069,0.38232105658526994,-0.05051392446818876,0.020563180180959373,-0.07643491886209898,-8.941512297146688e-05,2.157775622288511e-06,-3.1742756090556824e-05,-0.0001417894603702632,0.0006341820453248109,-0.002316005590147108,0.0002535217854058273,-0.00022611212580064268,-0.0003433139664236086,-0.0006894436339112733,0.0008747087170611048,-0.0014839629187897564,0.06363171602225147
1781506130.4599578,-0.04186883014112168,0.7815594810549429,0.3822744559655145,-0.05052728762265983,0.02060156543736924,-0.07681188738536891,-0.0418628536888741,0.7816054919512069,0.38232105658526994,-0.05051392446818876,0.020563180180959373,-0.07643491886209898,-9.70890113614042e-05,1.0368634891170729e-05,-3.961605410385482e-05,0.00027698111311344215,0.0005673598480607956,-0.002278016640092695,7.519588254940994e-05,-3.925159714819746e-05,-0.00031535410832291255,-0.0007290407282883976,0.0002521618796741808,-0.0011755279283026574,0.06575970132286825
1781506130.469955,-0.041870761570150135,0.7815583671715556,0.3822732674275997,-0.05049676816626672,0.020600500561398727,-0.07682631620177513,-0.0418628536888741,0.7816054919512069,0.38232105658526994,-0.05051392446818876,0.020563180180959373,-0.07643491886209898,-0.00010201918658096375,1.6828711139158637e-05,-4.5434550740129126e-05,0.0005831704592287807,0.0005017656707180856,-0.0021871963261034856,0.00021751647981190118,-0.00014378076344820617,-0.0001934780672989412,-0.0007445012249785053,0.0011530706453701956,-0.0022165010916045955,0.06758019705719509
1781506130.4799564,-0.04187238941405431,0.7815574808781006,0.38227226960920463,-0.05047159224024718,0.02059924672837865,-0.07683642262363823,-0.04185471817685599,0.7816047005940092,0.3823229226194711,-0.0505046647906106,0.020597649453846456,-0.07650677034982564,-0.0001046843122031779,2.1801450056769013e-05,-4.952978173691426e-05,0.0007966251512368115,0.0004388861924564709,-0.0020592775033836533,0.0003058440584840005,-0.0001250391831754413,0.00011586030677840118,-0.00018843537945479724,0.000654689469857959,-0.002401306850311134,0.0714681862345943
1781506130.4899604,-0.041873750098914406,0.7815567942941811,0.3822714372038229,-0.050451109183927666,0.02059788544411978,-0.07684301379954125,-0.04185471817685599,0.7816047005940092,0.3823229226194711,-0.0505046647906106,0.020597649453846456,-0.07650677034982564,-0.00010549734697183471,2.551718484545834e-05,-5.218973060880821e-05,0.000934753984254418,0.0003797612499799177,-0.0019070636936067958,0.00040442188154540685,-0.00028892692181355795,-0.00045172565026277845,-0.0009087236102619933,0.000553254601048852,-0.002636993417994432,0.07285585525491298
1781506130.4999557,-0.04187172226333542,0.7815603848216293,0.38227622123946714,-0.050520235184511125,0.020606936668450038,-0.07687464911372235,-0.04185471817685599,0.7816047005940092,0.3823229226194711,-0.0505046647906106,0.020597649453846456,-0.07650677034982564,-9.304261891302316e-05,1.5563766375505015e-05,-1.639006124839335e-05,8.516950147063765e-05,0.0004544053585864815,-0.0020387350106517393,0.00027984096152486386,6.425931868416998e-05,0.00024586776930817433,0.0003478396581852815,0.00021150923060626192,-0.0027089842846941435,0.06658862915622986
1781506130.5099542,-0.041869980214301036,0.7815633823866653,0.38228033898681757,-0.05057841572980192,0.02061422505049615,-0.07689936670448089,-0.04185471817685599,0.7816047005940092,0.3823229226194711,-0.0505046647906106,0.020597649453846456,-0.07650677034982564,-8.186535315139728e-05,7.376220529172067e-06,1.2556630900632453e-05,-0.0005537269991904751,0.0004978888132955448,-0.0020815875996028923,0.00014424144460284405,-2.8171828227209826e-05,0.0001352789673780596,0.00042361553092351014,-0.0005764124870693563,-0.002314880228406051,0.0612657311639719
1781506130.5199583,-0.04186849207607204,0.7815658465563339,0.3822838707566667,-0.05062680257777206,0.020619993697718275,-0.07691822434857763,-0.04185471817685599,0.7816047005940092,0.3823229226194711,-0.0505046647906106,0.020597649453846456,-0.07650677034982564,-7.185522713154375e-05,7.100143350681955e-07,3.56351529484901e-05,-0.0010172737161522226,0.0005168360238669924,-0.0020567179675424012,5.9183323950435866e-05,-4.83375427762975e-05,3.7034989879235145e-05,0.0003011949821511521,0.0010452552345182613,-0.0028642555500919607,0.05678384041066604
1781506130.5299582,-0.041867227802002395,0.7815678377460596,0.38228688811454964,-0.05066652680495412,0.02062446620422742,-0.07693217504017849,-0.041845291757401704,0.7815999725973681,0.382320400614515,-0.05051347353843219,0.02062096158678073,-0.07663438151348176,-6.290888802225065e-05,-4.650433629110577e-06,5.3710437277240024e-05,-0.001336748186445111,0.0005168816491760954,-0.001981786845958917,-3.3282121352895564e-05,-3.594845132538272e-05,8.455319756453723e-05,0.00048061629547694863,0.0005269964316142003,-0.0021895238120672273,0.05135101143376086
1781506130.5399635,-0.0418661594733873,0.7815694151943297,0.3822894547608001,-0.05069867302573222,0.02062784545604135,-0.07694206717073415,-0.041845291757401704,0.7815999725973681,0.382320400614515,-0.05051347353843219,0.02062096158678073,-0.07663438151348176,-5.492988768509744e-05,-8.894731624179493e-06,6.754022448396754e-05,-0.0015395292741004448,0.0005027646282672561,-0.0018713972105775445,0.00023054762846424755,-1.781442506591581e-05,0.00010310521128810151,0.0007615023074344296,0.00018023323350928476,-0.0024227818868351025,0.048237561226231025
1781506130.5499623,-0.041868399376495447,0.7815642003776794,0.38228755726716285,-0.050657082735103345,0.02059774140744186,-0.07691686773417249,-0.041845291757401704,0.7815999725973681,0.382320400614515,-0.05051347353843219,0.02062096158678073,-0.07663438151348176,-4.979078504086508e-05,-2.3897456068202994e-05,4.9740679384256665e-05,-0.0009230830232775865,0.00010572189807996985,-0.0014090538082091393,0.00021837097753922075,4.069691485515427e-05,0.00047374186859292015,0.0014430467597598437,0.0008208818797563562,-0.0027007227908914925,0.053780100659409975
1781506130.5599585,-0.04187026328578567,0.7815597259770256,0.3822859017981287,-0.05062122775795601,0.020572389135552704,-0.07689437655752197,-0.041845291757401704,0.7815999725973681,0.382320400614515,-0.05051347353843219,0.02062096158678073,-0.07663438151348176,-4.5034351607597505e-05,-3.563843543306112e-05,3.482141753844968e-05,-0.00043593154820519096,-0.00019466099239582061,-0.0010240670671101322,0.00018548798623652533,-3.965342315223198e-05,4.5965495976802954e-05,0.00021077592262177167,0.00025445785406310207,-0.00222413436216152,0.05859638223372648
1781506130.5699625,-0.04187179133530374,0.7815559175886768,0.38228446064490135,-0.050590651468153364,0.020551291216720724,-0.07687453004021227,-0.041845291757401704,0.7815999725973681,0.382320400614515,-0.05051347353843219,0.02062096158678073,-0.07663438151348176,-4.064538358431572e-05,-4.4612203288120074e-05,2.2403411956646634e-05,-5.899140595763154e-05,-0.0004143980603873043,-0.0007075789015501307,0.0002730571184617839,-0.00010139204992503352,-8.050012365704424e-05,-0.0003471325914493181,0.0002541359834205233,-0.0023278204764629164,0.06272760824077425
1781506130.5799599,-0.04187302300862946,0.7815527034651911,0.3822832090908047,-0.0505648672365051,0.02053395850093076,-0.07685720817189125,-0.04183679236259652,0.7815986290373265,0.38232416002557756,-0.05049569140499387,0.020638790874768942,-0.07675354767154104,-3.660701960792327e-05,-5.125082128537897e-05,1.2150696490663641e-05,0.0002250528848904032,-0.0005676954578170646,-0.0004510773265443336,8.541943460987684e-05,-0.0001852420412524676,-0.00023796918216412283,-0.0011030581420088793,0.00033061907415540386,-0.0019144870601276013,0.07140586073070782
1781506130.5899658,-0.04186969864070297,0.7815558168391236,0.38228547376239896,-0.05058718438075565,0.020529937073167304,-0.07681098687515202,-0.04183679236259652,0.7815986290373265,0.38232416002557756,-0.05049569140499387,0.020638790874768942,-0.07675354767154104,-1.0767492047010803e-05,-3.8975106658695865e-05,2.6406642664037548e-05,-5.35115150230006e-05,-0.0005750702713377733,9.979665902099628e-05,0.00011723017984728149,-0.00017124134211435378,-0.0005057306172603708,-0.001473334959002691,-0.00036341683449985255,-0.001706614082993322,0.06642540487273876
1781506130.599972,-0.04186679736698158,0.7815584739277841,0.38228740268287115,-0.050605908364244404,0.020527078228975926,-0.07677222881753139,-0.04183679236259652,0.7815986290373265,0.38232416002557756,-0.05049569140499387,0.020638790874768942,-0.07675354767154104,1.0112222009473604e-05,-2.8626638353150603e-05,3.751633454051172e-05,-0.00026076443007944387,-0.0005648547348646429,0.0005098167412134176,5.333501055728888e-05,-2.3309454985032834e-05,0.00034988472344519385,-0.00011582252810221367,0.00010797227468513793,-0.0016761462960040306,0.06215975670273808
1781506130.609958,-0.041864273791109116,0.7815607248801295,0.3822890379724734,-0.05062142756431451,0.0205251685622565,-0.07674012366299235,-0.04183679236259652,0.7815986290373265,0.38232416002557756,-0.05049569140499387,0.020638790874768942,-0.07675354767154104,2.674576376545234e-05,-1.99564372534394e-05,4.595952685996157e-05,-0.00040891328835817795,-0.0005417389713354593,0.0008030762545279207,3.3443361454338965e-05,-0.0001954955356476916,-0.00026148607165192854,-0.0010998491709259346,9.651021686797758e-05,-0.001563550082591903,0.05852787934102608
1781506130.6199582,-0.041862086920578655,0.7815626171097261,0.38229041707010974,-0.05063412071123004,0.020524022227502714,-0.07671388213545953,-0.04183679236259652,0.7815986290373265,0.38232416002557756,-0.05049569140499387,0.020638790874768942,-0.07675354767154104,3.97598285344367e-05,-1.2743364260532893e-05,5.215514110420204e-05,-0.0005087224663473986,-0.0005095902455480794,0.0010008236099335207,-3.479490519268061e-05,5.552704813523673e-06,0.0003694969511735527,7.071983140659748e-06,-0.00013430899911192403,-0.0011776029569790924,0.055455032564325386
1781506130.6299543,-0.04186019971671861,0.7815641948438433,0.3822915731991894,-0.05064434893813337,0.020523479112446008,-0.07669275234561489,-0.041829503983409566,0.7815895634114063,0.3823146977129652,-0.05053983491414652,0.020631122464049634,-0.07684025422427425,4.970337293745307e-05,-6.791431550300541e-06,5.646795528820563e-05,-0.0005695804792305027,-0.00047155342492037096,0.0011215939772697087,-3.4679132269285556e-05,-0.00023641998443165387,-0.0003067362107291678,-0.000510488456876148,-0.001104441064540662,-0.0005815518227102476,0.046049271448587795
1781506130.6399562,-0.04185857870483175,0.7815654988552029,0.38229253579292966,-0.05065245030619123,0.020523402763751086,-0.07667603100014156,-0.041829503983409566,0.7815895634114063,0.3823146977129652,-0.05053983491414652,0.020631122464049634,-0.07684025422427425,5.705599122249364e-05,-1.9273254314411167e-06,5.9214660397516965e-05,-0.0005995879807030396,-0.00043014602534753664,0.0011813822216111755,-1.3131622800952276e-05,-0.00010168387301859072,0.00016687458410027966,3.606305873037483e-05,-0.0014819802319806254,0.00010857178892659236,0.04376748782723764
1781506130.6499543,-0.04185993334734942,0.7815618636359035,0.38228867313134246,-0.05061239667873871,0.02052097298694755,-0.07668931888987796,-0.041829503983409566,0.7815895634114063,0.3823146977129652,-0.05053983491414652,0.020631122464049634,-0.07684025422427425,4.691955060628351e-05,-6.515286592282798e-06,2.9627141125876728e-05,-9.388722412900015e-05,-0.0004023406684921211,0.0009062187155903642,-0.00010044804453039188,1.9386324781997554e-05,-0.00020009723057228703,-0.000311541224487722,-0.0013645864108655392,0.0004994231408892215,0.04868780752229113
1781506130.6599557,-0.04186108932014641,0.781558789092216,0.38228534021360816,-0.05057863929604649,0.020519256454161194,-0.07670134522367154,-0.041829503983409566,0.7815895634114063,0.3823146977129652,-0.05053983491414652,0.020631122464049634,-0.07684025422427425,3.818776987077041e-05,-1.0115823340375836e-05,5.499669044877536e-06,0.00028758682655577136,-0.0003704955174629765,0.0006752416068682705,-0.00018603519938389178,0.0001496810758518859,7.872365319771098e-05,2.1467015008832335e-05,-0.0002879331925183765,0.0002857287616582226,0.05297692881722975
1781506130.6699548,-0.041862071596213746,0.7815562153734003,0.3822824742494729,-0.05055052350701528,0.020518121307921966,-0.07671209708053983,-0.041829503983409566,0.7815895634114063,0.3823146977129652,-0.05053983491414652,0.020631122464049634,-0.07684025422427425,3.0694252903792724e-05,-1.2878059823281655e-05,-1.3938904170507035e-05,0.0005655401165760545,-0.0003364947680561417,0.0004836945283038171,-0.00028925842816442837,2.135190179036077e-05,-0.00021047260470993012,-0.00036548909474458824,-0.001139155477450888,0.0012042116937477736,0.05666650370416494
1781506130.679959,-0.041862902726846465,0.7815540846018926,0.3822800190887479,-0.05052740437844065,0.020517452830819183,-0.07672159967711885,-0.041831348006652946,0.7815874105667462,0.3823147357923472,-0.050540905095181846,0.02058130390603874,-0.07683038517158404,2.4289731314572567e-05,-1.4932331018739422e-05,-2.9367048801779334e-05,0.0007583205335654142,-0.00030180929071944835,0.0003269343406327117,-0.00010922801816933724,1.3807185638540669e-05,-0.0002451399781780719,-0.00046540437631855427,-0.00018059833738687586,0.0005830623670805536,0.0575462406132311
1781506130.6899579,-0.04186369460207977,0.7815564693194675,0.3822765375823542,-0.05045715106393263,0.020569110803193125,-0.07681857925365186,-0.041831348006652946,0.7815874105667462,0.3823147357923472,-0.050540905095181846,0.02058130390603874,-0.07683038517158404,-6.042558085337804e-06,3.687674634689267e-05,-5.100514798652706e-05,0.0014642403916971334,0.00034779132474521663,-0.0007374551856391759,9.349973823530755e-05,-0.00015289292470648636,-0.00030689724477011584,-0.00043577012903123853,-0.0007944285415937846,0.0006880017113063097,0.058845273943921854
1781506130.6999586,-0.04186369460207977,0.7815564693194675,0.3822765375823542,-0.05045715106393263,0.020569110803193125,-0.07681857925365186,-0.041831348006652946,0.7815874105667462,0.3823147357923472,-0.050540905095181846,0.02058130390603874,-0.07683038517158404,-6.042558085337804e-06,3.687674634689267e-05,-5.100514798652706e-05,0.0014642403916971334,0.00034779132474521663,-0.0007374551856391759,-0.0002079915174562963,-6.505442896769514e-06,-3.640951642519377e-05,-9.50610467062161e-05,-8.740769082114784e-05,0.0009299886066427295,0.058845273943921854
1781506130.7099357,-0.04186444869714097,0.7815586862943018,0.38227357104077475,-0.05039939593704947,0.02061227970063051,-0.0768994526324324,-0.041831348006652946,0.7815874105667462,0.3823147357923472,-0.050540905095181846,0.02058130390603874,-0.07683038517158404,-3.031594032316395e-05,7.800041689220958e-05,-6.772934606916536e-05,0.0019530815414885863,0.0008249911483512026,-0.0015147826419847753,0.00011356548498838134,1.2819028054094225e-05,0.0002911552639588399,0.000493271415336551,-0.0007623396470634774,0.0005788126195323065,0.06012716782174783
1781506130.7199574,-0.0418651759457363,0.7815607552160806,0.3822710552278562,-0.05035258537732745,0.02064790526506144,-0.0769660450189957,-0.041831348006652946,0.7815874105667462,0.3823147357923472,-0.050540905095181846,0.02058130390603874,-0.07683038517158404,-4.941782615835075e-05,0.00011002505105701729,-8.029688370201599e-05,0.0022658921640397204,0.0011599556199748525,-0.0020557459897803014,0.0001321864938460241,-1.598599297156168e-06,-3.399681382426699e-05,-0.00018020679303534651,-0.0005654475335864473,0.0003643374980418587,0.06134190163326556
1781506130.7299569,-0.04186588118187169,0.7815626875956165,0.38226893302720977,-0.050315255907223404,0.020676902850539358,-0.07702011475722748,-0.041834259905664195,0.7815858109298788,0.3823129577724814,-0.05054056741997902,0.02055925882134746,-0.07679723013476054,-6.412613323422278e-05,0.00013433943847028954,-8.936832245915697e-05,0.0024382466803059767,0.0013791798065350394,-0.002404801589937048,1.885332514177298e-06,3.1523573799145096e-05,9.75588445762713e-05,0.0003942116252113037,-0.0006451554199479674,0.0002723810148967642,0.0589302290223634
1781506130.7399647,-0.0418665651157709,0.7815644895458987,0.382267153724067,-0.05028605162469529,0.020700139946607132,-0.07706332198263996,-0.041834259905664195,0.7815858109298788,0.3823129577724814,-0.05054056741997902,0.02055925882134746,-0.07679723013476054,-7.512102405369427e-05,0.00015215615881552965,-9.551824256050424e-05,0.00250064444510235,0.0015056835073952628,-0.0026005122492523004,0.00025969468681040524,3.0098867487796632e-05,0.0003367862373300876,0.0006958683030091546,-0.0006135858722999825,-5.5445911975638706e-05,0.05996864902607972
1781506130.74994,-0.04187031169260107,0.7815673382748736,0.3822674440613077,-0.05032084458060837,0.02067754852630732,-0.07705080696118388,-0.041834259905664195,0.7815858109298788,0.3823129577724814,-0.05054056741997902,0.02055925882134746,-0.07679723013476054,-8.48352646811552e-05,0.000143592443155003,-8.691900401437493e-05,0.0018449878517474926,0.0010881160753288001,-0.0021925891878696807,-1.653453627588863e-05,5.6846028965807764e-05,0.00010525914048888881,0.00042657846680141295,-0.0002898589064463223,0.00022354927863171953,0.06093002731895501
1781506130.7599747,-0.04187351710124768,0.7815697861893168,0.3822677378258881,-0.050351760047942375,0.02065765067172798,-0.07703821863287845,-0.041834259905664195,0.7815858109298788,0.3823129577724814,-0.05054056741997902,0.02055925882134746,-0.07679723013476054,-9.15586473111651e-05,0.00013489826008286702,-7.891441414179112e-05,0.0013032260297932948,0.0007454596951272562,-0.0018269289215513591,1.783926542567351e-05,9.047964184922611e-05,0.00017290229397059258,0.0007304726225125526,-1.3821171914442766e-05,-6.813420483847093e-05,0.061990025690129354
1781506130.7699785,-0.041876237434188265,0.7815718623290522,0.38226803131195597,-0.050378924062299,0.020640315761629058,-0.07702592001372568,-0.041834259905664195,0.7815858109298788,0.3823129577724814,-0.05054056741997902,0.02055925882134746,-0.07679723013476054,-9.579585735323008e-05,0.00012620950540277108,-7.148861854081677e-05,0.0008616307510453318,0.00046831170739421976,-0.0015029439054328,1.0404224866412084e-05,-0.00015471841525615672,-0.00027461272369195064,-0.0002899474232549891,-0.0006507727942083683,0.00035566399075637927,0.06304810244054809
1781506130.7799528,-0.041878525899205384,0.7815735984255493,0.3822683214171694,-0.05040253372271199,0.020625375736460505,-0.0770141751684663,-0.041833585438318,0.7815860461742067,0.3823156979895536,-0.05052124683564162,0.02054478227889822,-0.0767903052134727,-9.798354503563715e-05,0.00011763520383419931,-6.462155581204694e-05,0.0005071741995101005,0.0002478337137629886,-0.0012190531334666092,0.0002973829361412508,0.00011433675436492526,0.00017071199290325073,0.000921486563666613,-6.213502829905976e-05,-0.0006236534336004899,0.06647654535463587
1781506130.7899497,-0.04188043242360806,0.7815750274574913,0.38226860557982073,-0.050422833985617435,0.02061263909644806,-0.07700316678878101,-0.041833585438318,0.7815860461742067,0.3823156979895536,-0.05052124683564162,0.02054478227889822,-0.0767903052134727,-9.849821096800688e-05,0.00010926142725771598,-5.8290041489911766e-05,0.000227709933322218,7.585206905186761e-05,-0.0009729745126505184,0.0001570010310070305,-3.878835376832229e-06,3.226820593907373e-05,0.0009432528305755347,0.00010331051325987953,-0.0007559340369015069,0.06733310629453379
1781506130.7999592,-0.04188007647444866,0.7815678760600149,0.3822692205643856,-0.05047444993594082,0.020598191256415044,-0.07692435005599729,-0.041833585438318,0.7815860461742067,0.3823156979895536,-0.05052124683564162,0.02054478227889822,-0.0767903052134727,-8.321717454886759e-05,3.0942768315978957e-05,-4.9520495920142e-05,-0.00037837062040047725,-0.00013333826520075647,-1.553989544891745e-05,-4.800934583252835e-05,0.00011636587944199804,0.0002654659870085612,0.0011906959132953737,0.0010532445552884867,-0.0010404884524042612,0.06820352293315289
1781506130.809952,-0.0418797011224571,0.7815616317567075,0.3822697791745388,-0.05051751671424912,0.020586165344173457,-0.07685804960988818,-0.041833585438318,0.7815860461742067,0.3823156979895536,-0.05052124683564162,0.02054478227889822,-0.0767903052134727,-6.98955226714201e-05,-3.232142471543711e-05,-4.185306521212912e-05,-0.0008221286957510397,-0.0002864290477340016,0.000702258762493286,-0.0002464318763403448,0.00013569001672310808,0.00033916624865719624,0.001497196802781738,0.0009719456988524364,-0.0009711927168960512,0.06950724910258158
1781506130.8199537,-0.04187931134720103,0.7815561813003374,0.38227028606910457,-0.05055299886490195,0.02057628267249978,-0.0768029421386008,-0.041833585438318,0.7815860461742067,0.3823156979895536,-0.05052124683564162,0.02054478227889822,-0.0767903052134727,-5.8315610955166476e-05,-8.269867512650119e-05,-3.516753685845218e-05,-0.0011321172984136009,-0.0003932954777492767,0.001220858216532493,-0.0003055574803849038,0.00013210806008266657,0.0003673166503723182,0.001641247559696612,0.0013598829707093165,-0.0014844265033734697,0.07102824757288702
1781506130.8299582,-0.04187891254859269,0.7815514282975334,0.38227074543824036,-0.05058182673604986,0.020568275892940635,-0.0767577297197688,-0.041837636338566964,0.7815931693622629,0.3823277454906636,-0.05045372173408791,0.020578591853249506,-0.07683729879118589,-4.828065071829426e-05,-0.00012209230306977365,-2.9354965785754684e-05,-0.0013333918318636695,-0.00046260208130528314,0.00157600898226448,-0.0002949425313082699,0.00014871135398495487,0.0003574659788285521,0.0016020263097270956,-0.00011718215668335484,-0.0007512811350368447,0.08182327282068781
1781506130.8399723,-0.04187851015521912,0.7815472902016919,0.3822711610827803,-0.05060487958334893,0.020561893455952385,-0.07672116898619989,-0.041837636338566964,0.7815931693622629,0.3823277454906636,-0.05045372173408791,0.020578591853249506,-0.07683729879118589,-3.9613089186380864e-05,-0.0001521694165135942,-2.431683255890873e-05,-0.0014477012375685632,-0.0005018690743736064,0.001798971745119342,-4.494842487023684e-05,0.00014105265494862213,6.404324692632368e-05,0.0009691948887785197,0.00014174163213503217,-0.001288258277189748,0.0835306020444964
1781506130.849958,-0.04188052591613928,0.7815382365219103,0.38227006467646246,-0.05053022253715501,0.020508849363174875,-0.07663793860233509,-0.041837636338566964,0.7815931693622629,0.3823277454906636,-0.05045372173408791,0.020578591853249506,-0.07683729879118589,-2.090348233530693e-05,-0.00016876175400846406,-3.2062534412819274e-05,-0.0004932822217283378,-0.0010713555523341781,0.0024805770387993794,-0.0001464466780462202,3.3926997524303075e-05,0.00014967917275556758,0.0006512766928088038,0.0002821419093993946,-0.0009009193732270496,0.09046661892894459
1781506130.8599727,-0.04188209871555749,0.7815306072017106,0.3822691355545987,-0.05046702780195635,0.02046509623632886,-0.07657026307364545,-0.041837636338566964,0.7815931693622629,0.3823277454906636,-0.05045372173408791,0.020578591853249506,-0.07683729879118589,-5.619043915427049e-06,-0.00017994325430785592,-3.787431104210434e-05,0.0002353314958307356,-0.0014687366625030988,0.002923375730799272,-5.002830229961885e-05,-9.436996428768116e-05,0.00016768551966622362,2.9525613918862442e-05,0.00014654065422127862,-0.0005190490096300046,0.09657148391811023
1781506130.8699768,-0.04188328322921107,0.7815242397982337,0.3822683512502564,-0.05041415027575892,0.020429503472051413,-0.07651609397451224,-0.041837636338566964,0.7815931693622629,0.3823277454906636,-0.05045372173408791,0.020578591853249506,-0.07683729879118589,6.722091890957389e-06,-0.00018663939881193706,-4.2059943311060556e-05,0.0007748134587486861,-0.0017262851134284536,0.0031751253521447526,-0.0002017843026652248,-0.00023072161285094786,-0.00039214517589487066,-0.0007486610498552861,-5.406916256681983e-05,0.0002515353446887901,0.10179685268355179
1781506130.8799539,-0.04188413334904745,0.7815189818465432,0.3822676922836985,-0.05037044979726894,0.020401000268815084,-0.0764735269504296,-0.04184876269342169,0.7815925790242337,0.38232776371034843,-0.05044094981414528,0.020586454808389387,-0.07685646432286998,1.654404865804953e-05,-0.00018964997315419084,-4.488711433467065e-05,0.001157818801555734,-0.0018720099897361377,0.0032768382290635175,-0.0001360958438443069,-0.0001112983599439493,-0.00022661483205147905,-0.0009494795420068343,0.00014030358065295358,0.0005013116751139297,0.1013716140897561
1781506130.8899615,-0.04188470059099443,0.7815146919152264,0.38226714174484366,-0.050334821071237025,0.02037858999587039,-0.07644081769648561,-0.04184876269342169,0.7815925790242337,0.38232776371034843,-0.05044094981414528,0.020586454808389387,-0.07685646432286998,2.421922196089516e-05,-0.00018966372368502162,-4.658792601430842e-05,0.0014130979806421815,-0.0019299589420121205,0.0032633501915901144,-0.00017798959766887295,-9.50676939232517e-05,-0.00022987472650593866,-0.0007081628787569361,-0.0006890046543714601,0.0015903565701260096,0.105037883323752
1781506130.899964,-0.04188503300421386,0.7815112401768917,0.38226668493641075,-0.05030621513981662,0.020361358926960227,-0.07641638954780228,-0.04184876269342169,0.7815925790242337,0.38232776371034843,-0.05044094981414528,0.020586454808389387,-0.07685646432286998,3.0073762895521514e-05,-0.00018727153028416925,-4.736297564156919e-05,0.0015656888609520056,-0.0019205530830149837,0.003163915736311507,-0.000426878238416184,-0.0001270478955992416,2.2977261085380245e-05,5.7752732310103405e-05,-0.0026594865127510213,0.003296371049296507,0.10799148187532194
1781506130.9099545,-0.04188316216666955,0.7815202720703203,0.38227087277604793,-0.05032736753341828,0.020407217623823026,-0.07648375928186206,-0.04184876269342169,0.7815925790242337,0.38232776371034843,-0.05044094981414528,0.020586454808389387,-0.07685646432286998,1.662826499945252e-05,-0.00012463940841709762,-1.6484687115612197e-05,0.0011788332670212478,-0.0011738964068130982,0.0021092929661616928,-0.0003350133744540349,-2.4414326760924044e-05,-8.973173279851229e-05,0.00033999904327455994,-0.001848676973239848,0.0031402845781910898,0.0982252398803822
1781506130.9199557,-0.04188154404531999,0.7815281416877414,0.38227447130064773,-0.05034628392098009,0.020446766594036436,-0.07654241312483998,-0.04184876269342169,0.7815925790242337,0.38232776371034843,-0.05044094981414528,0.020586454808389387,-0.07685646432286998,5.623883265066266e-06,-7.278071463821982e-05,8.512451632062653e-06,0.0008567088758766884,-0.0005823207423802281,0.001261361204216552,-0.0005393035369385639,-6.247227446970091e-05,0.0003320532240766113,0.0010716688942486341,-0.0009521539172255701,0.003589794410001499,0.08981574638230261
1781506130.9299881,-0.04188016916997853,0.7815349691979286,0.3822775521087212,-0.05036300686472253,0.02048050547397695,-0.07659293081388721,-0.04184876269342169,0.7815925790242337,0.38232776371034843,-0.05044094981414528,0.020586454808389387,-0.07685646432286998,-3.2813992624817573e-06,-3.0227741994929183e-05,2.8471622102594193e-05,0.0005919024856610193,-0.00012313465748073306,0.0005915066083615584,-0.0007072572298682689,-8.876083322394066e-05,2.7346885872739323e-05,0.0012997061082891627,0.0007190102830451238,0.003438008007421836,0.08262241702218935
1781506130.939958,-0.04187902214436472,0.7815408659500699,0.38228017903787603,-0.05037762832351198,0.02050896765329857,-0.07663596944684595,-0.041866040138822114,0.781587533999195,0.38232611114226606,-0.05042932646741198,0.020520840803719853,-0.07672327841411812,-1.0388742330560448e-05,4.315658185762337e-06,4.4133543941275355e-05,0.0003772907648970762,0.00022428753195655648,7.341523877960369e-05,-0.00019615087852745686,2.6660620856523272e-05,0.00029114004005463464,0.0012473278668222775,-0.003240860683205957,0.003319264014171394,0.06675475631555372
1781506130.9499543,-0.041879329970563296,0.7815504946112416,0.38228322813382815,-0.05041316195096886,0.020535957178103192,-0.07665797008519278,-0.041866040138822114,0.781587533999195,0.38232611114226606,-0.05042932646741198,0.020520840803719853,-0.07672327841411812,-2.5962044407317992e-05,5.06259876755462e-05,6.197854537463663e-05,-4.689114371937041e-05,0.0005061697458196512,-0.00015958446151656812,-0.00035879235708819916,-0.00021944437389477894,0.00012320502608296766,0.0008936293993136919,-0.0011838340663505075,0.003004587385289377,0.05820213312549573
1781506130.9599836,-0.04187965083385524,0.7815586865201808,0.3822858133512127,-0.05044300275762299,0.020558200315294206,-0.07667630557513731,-0.041866040138822114,0.781587533999195,0.38232611114226606,-0.05042932646741198,0.020520840803719853,-0.07672327841411812,-3.813490774664043e-05,8.716119420557487e-05,7.551870233065725e-05,-0.00036343244649880886,0.0007035190683861609,-0.00032979572610194313,-0.0003818879320536499,5.081327583926805e-05,0.0003659319527349795,0.0017206554868375913,-0.0007996916333652421,0.0021260961200579047,0.05139396879537845
1781506130.9699595,-0.04187998437426762,0.7815656121096297,0.3822879940515973,-0.050467761201475704,0.020576278420789684,-0.0766913928202956,-0.041866040138822114,0.781587533999195,0.38232611114226606,-0.05042932646741198,0.020520840803719853,-0.07672327841411812,-4.742374762235268e-05,0.00011538625629758793,8.543147817768498e-05,-0.000590657765197376,0.0008321288276187042,-0.00044830241031298306,-0.00020844727042506863,-0.000298782137254834,-0.0005407367048102285,0.00044503033078486295,-0.00012769666291427085,0.0011137490683094525,0.0461294216885767
1781506130.9799848,-0.04188032764508177,0.7815714270649217,0.3822898228087557,-0.05048803381971221,0.02059074106465686,-0.0767036331472355,-0.041866040138822114,0.781587533999195,0.38232611114226606,-0.05042932646741198,0.020520840803719853,-0.07672327841411812,-5.4279671857455195e-05,0.00013658251734585518,9.230668492146722e-05,-0.0007447419220691944,0.0009057140042814948,-0.0005248246137346315,-1.3290552038914489e-05,-0.00040130411910778674,-0.0007105827479469169,-0.0002473149389262015,0.0002776118308936887,7.361630481634624e-05,0.04219489679767035
1781506130.9899685,-0.04188067618294358,0.7815762727253684,0.3822913461211627,-0.050504390386651714,0.020602098961519655,-0.07671340521920307,-0.0418789575942729,0.781581421285658,0.3823204705489279,-0.050380287575338,0.020469427424323783,-0.07661502263028881,-5.909564521262151e-05,0.0001518676674724444,9.665629688985263e-05,-0.0008398062228136784,0.0009360569309914588,-0.0005677945424817849,-0.0001852651353558075,-0.0004803276683589059,-0.0008289206539150674,-0.0007323051508179568,0.0005195356608585988,-1.2536939052929614e-05,0.02962589260637822
1781506130.9999886,-0.041874207112986256,0.7815838968633677,0.38229086484859726,-0.0505407761722479,0.020603044725916897,-0.07670872855109058,-0.0418789575942729,0.781581421285658,0.3823204705489279,-0.050380287575338,0.020469427424323783,-0.07661502263028881,-1.5349773261883586e-05,0.0001741955234707233,8.821931588894906e-05,-0.001146401403753195,0.0008415998350785723,-0.00045430918133661745,7.766019011182144e-05,-0.0006861749944252546,-0.001221053821917613,-0.0014809407736440716,0.00046536280137215194,-0.0003557013227973082,0.030086426333499373
1781506131.009955,-0.04186871475446294,0.7815902256204956,0.38229041054564583,-0.05057031780401334,0.020603089510608186,-0.07670433945309044,-0.0418789575942729,0.781581421285658,0.3823204705489279,-0.050380287575338,0.020469427424323783,-0.07661502263028881,1.9962735485925828e-05,0.0001899124926638896,8.032850574570478e-05,-0.0013447428385801575,0.0007477884474048944,-0.00035684414216038415,-0.00011191716113701933,-0.0005970309950942079,-0.001040251452922186,-0.0016117640184139172,0.0007443512566168318,-0.00044186850735405443,0.032955058437595094
1781506131.0199542,-0.041864072829415254,0.7815954290214191,0.3822899838524729,-0.05059392270715386,0.020602458004773894,-0.07670028590267784,-0.0418789575942729,0.781581421285658,0.3823204705489279,-0.050380287575338,0.020469427424323783,-0.07661502263028881,4.805772132802496e-05,0.00020012326945745152,7.297613148026586e-05,-0.0014565442188213748,0.0006570289933844726,-0.0002740501264027105,0.0001634236195658208,-0.0002557122942297942,-0.0004466436168824277,-0.0009440416902709786,0.0004929752553613825,-0.0008975772539792662,0.036704380484619464
1781506131.0299542,-0.041860169154986394,0.7815996606375605,0.3822895847874814,-0.05061243328957457,0.020601337066259662,-0.07669659468365189,-0.0418789575942729,0.781581421285658,0.3823204705489279,-0.050380287575338,0.020469427424323783,-0.07661502263028881,7.00026815564292e-05,0.00020578444191038148,6.614916112914696e-05,-0.0015004437264805697,0.0005710407728995769,-0.00020451465080872913,-3.804864593404136e-05,-5.631150447726962e-05,-9.511048233186382e-05,-0.00032426181736340434,0.0001203530547578204,-0.0005216047337102788,0.04049209390459818
1781506131.0399609,-0.04185690438320387,0.7816030582459307,0.38228921290492907,-0.05062662018460077,0.020599880095246492,-0.07669327596067359,-0.04187528635938953,0.7815568555619453,0.3822757193504444,-0.05044067904118739,0.020492380510813923,-0.07664631467815723,8.673250140661322e-05,0.0002077215813409941,5.9830475580974654e-05,-0.0014922649876396357,0.0004909813498201622,-0.0001468165318563387,5.652584148559773e-05,8.260017653740961e-05,-0.00012645676995258343,-0.0006236202712300744,0.001810611128652679,-0.0012781686165207347,0.05152340311520429
1781506131.0499525,-0.0418541908002807,0.781605744659006,0.3822888674215676,-0.05063717915280558,0.02059821122603256,-0.07669032716334967,-0.04187528635938953,0.7815568555619453,0.3822757193504444,-0.05044067904118739,0.020492380510813923,-0.07664631467815723,9.906376277017302e-05,0.00020664462151878064,5.39998915881717e-05,-0.0014452896390012568,0.000417555724521558,-9.956695266850328e-05,9.254845121336062e-06,-0.00016671808378841325,-0.00031353418459657384,-0.0012497714911045433,0.0011886653339672798,-0.0006689491788793323,0.054845585052798525
1781506131.0599525,-0.04184583121435639,0.7815988309360636,0.38228703892524685,-0.05070246489493491,0.020645478040608456,-0.07668465453863466,-0.04187528635938953,0.7815568555619453,0.3822757193504444,-0.05044067904118739,0.020492380510813923,-0.07664631467815723,0.00012232191885877444,0.0001202872761883469,4.0776509465057615e-05,-0.0020015113175598457,0.0008841855931096727,-7.241946874678363e-07,-5.893529678164229e-05,2.8918087344308083e-05,-1.9975599333233684e-05,-0.0008325782078964167,0.0007423171738190365,-0.00020440319959656565,0.05251352563868028
1781506131.069958,-0.041838858791914985,0.7815926303001052,0.3822854606289472,-0.05075553713146781,0.020684423007599317,-0.07667984369595439,-0.04187528635938953,0.7815568555619453,0.3822757193504444,-0.05044067904118739,0.020492380510813923,-0.07664631467815723,0.000139442999229512,4.9437755910264336e-05,2.9644453533203292e-05,-0.00236348286280357,0.001209612212663975,7.335681052583961e-05,9.776072663495099e-05,4.510084482522567e-05,4.448221445851359e-05,-0.0007171379061946233,0.00012708613218000183,-5.372110446720168e-05,0.05197780362219553
1781506131.0799577,-0.041833098073670166,0.7815870721882265,0.38228410395649326,-0.050798005495019234,0.02071606661805303,-0.07667580968586324,-0.04187528635938953,0.7815568555619453,0.3822757193504444,-0.05044067904118739,0.020492380510813923,-0.07664631467815723,0.0001514204585065487,-8.064763401692036e-06,2.033231257260757e-05,-0.002570001142171507,0.0014203324001668299,0.0001268564599781762,-0.00026262017403010736,3.2249151261524e-05,4.886395883013965e-05,-0.0006851864418809863,0.000335962942457914,0.000400331167788496,0.052566125730854715
1781506131.0899568,-0.041828388691803824,0.7815820965704752,0.3822829427928408,-0.050831366281081154,0.020741373360080306,-0.07667246773766298,-0.04187767987113017,0.7815544977504576,0.3822694859102894,-0.050489070017881305,0.020533760576133986,-0.07666442547771912,0.00015911699029232,-5.41240533655334e-05,1.2599144772023462e-05,-0.002654390532945711,0.0015393391030044295,0.00016347045532824056,-8.574045141830943e-05,-0.0001707350525518121,-0.0003326035323943997,-0.0013983467512545694,0.0001323215265339466,0.0002925493107357443,0.058072393731842066
1781506131.0999522,-0.041829198358976145,0.7815902887539465,0.382282819064805,-0.05092520728202003,0.02081576969300536,-0.07675420693885858,-0.04187767987113017,0.7815544977504576,0.3822694859102894,-0.050489070017881305,0.020533760576133986,-0.07666442547771912,0.00010402471216413081,-3.795572403665493e-05,1.3936272384231991e-05,-0.0033705280081012686,0.0022278096112650506,-0.0007040702596378987,1.0446699169105053e-05,-0.00021545580312208381,-0.0004506449228337756,-0.0020173245293311063,0.0008049006894309969,8.269860178319196e-05,0.06171892708741823
1781506131.1099663,-0.04183021840628627,0.7815970206825212,0.38228272665245083,-0.05100102949269346,0.020876328641321606,-0.07682221195413848,-0.04187767987113017,0.7815544977504576,0.3822694859102894,-0.050489070017881305,0.020533760576133986,-0.07666442547771912,5.848001164592417e-05,-2.4495285767909846e-05,1.4833095811193128e-05,-0.003814839568156869,0.0026826850576308217,-0.0013348140536132951,3.047223774966563e-05,-4.7798624523787684e-05,-0.0004194603674851774,-0.0020266316778607893,0.0008116112996891274,4.294927860302893e-05,0.06508538737230009
1781506131.1199596,-0.04183140715477899,0.7816024856505109,0.3822826616003838,-0.05106127434289387,0.020924863296566176,-0.07687806351267684,-0.04187767987113017,0.7815544977504576,0.3822694859102894,-0.050489070017881305,0.020533760576133986,-0.07666442547771912,2.1176947704734745e-05,-1.3379227162391902e-05,1.536509119586448e-05,-0.004043320529997738,0.002950082191972897,-0.0017708694490995993,-0.00018391680883308632,-0.00029358369826825825,-0.0005479082299164465,-0.002357979859338156,0.0005957946798872324,0.0005441074396745245,0.06795293694542943
1781506131.1299539,-0.04183272233642885,0.7816068613325373,0.38228261982694306,-0.05110819776250388,0.020963060968159253,-0.07692327905774818,-0.04187767987113017,0.7815544977504576,0.3822694859102894,-0.050489070017881305,0.020533760576133986,-0.07666442547771912,-9.037283963198657e-06,-4.286025359256066e-06,1.559747150122601e-05,-0.004103833817773224,0.0030696870946475175,-0.0020491159167655014,-9.481583024100375e-05,-0.000452574145337131,-0.0009170301745154755,-0.003796116204817753,0.0012910882825445656,0.0004022194030335946,0.07025399932604641
1781506131.13996,-0.041834123253508694,0.7816103090774094,0.38228259733052566,-0.051143854898619556,0.020992468589840163,-0.07695928699868618,-0.0418825980511211,0.7815438201962952,0.38224673740503834,-0.050605282043909836,0.020566856560664704,-0.07665305551216882,-3.317794640571935e-05,3.0680612117631186e-06,1.5586384370371048e-05,-0.004036838975191392,0.003075281103327332,-0.0022015055262405475,-0.00022106207201881643,-0.0003462974191784636,-0.0007017745430190259,-0.0037238309531562883,0.0024645044839127902,-0.00035164737724150595,0.08975807245776168
1781506131.1499538,-0.04183557225578155,0.7816129737989748,0.3822825903339009,-0.0511700941606813,0.021014485627155688,-0.0769874098641328,-0.0418825980511211,0.7815438201962952,0.38224673740503834,-0.050605282043909836,0.020566856560664704,-0.07665305551216882,-5.213702382937079e-05,8.932849021350605e-06,1.5379988603431268e-05,-0.00387614101964363,0.002995296537435778,-0.0022554238290231335,1.998912011969944e-05,-0.00036892745066909586,-0.0007539421925382056,-0.0038744100440797303,0.003557654311823497,-0.0014361547786465748,0.0909894427881754
1781506131.1599598,-0.04183086071897581,0.781613485705558,0.3822842353502501,-0.05115193520635225,0.020970509773838852,-0.0768559804498396,-0.0418825980511211,0.7815438201962952,0.38224673740503834,-0.050605282043909836,0.020566856560664704,-0.07665305551216882,5.536443566113956e-06,1.697876593694725e-05,2.4098600695074373e-05,-0.0032848721769757746,0.00211545669628453,-0.0006011302790347776,6.547416912778035e-05,-0.00030973028577691047,-0.000653615915771552,-0.004360566638853341,0.00360623114647711,-0.001697020970199721,0.09453110923637598
1781506131.1699712,-0.041826915850517114,0.7816137221962516,0.3822856450361675,-0.05113363781462006,0.02093160651387005,-0.07674478735687569,-0.0418825980511211,0.7815438201962952,0.38224673740503834,-0.050605282043909836,0.020566856560664704,-0.07665305551216882,5.176500244144655e-05,2.3222673819914164e-05,3.0792314669550886e-05,-0.0027519497138676157,0.0013982977015684368,0.0006548242091677825,-1.1174003392637779e-05,-0.0002194775469961222,-0.000463251792853285,-0.004519304616999267,0.0028223844251302277,-0.0016137218692335884,0.09747102555164064
1781506131.179952,-0.04182361122042733,0.7816137519665203,0.3822868464773086,-0.05111573668276753,0.020897569275394323,-0.07665180023264045,-0.0418825980511211,0.7815438201962952,0.38224673740503834,-0.050605282043909836,0.020566856560664704,-0.07665305551216882,8.822013324391318e-05,2.7940860578131902e-05,3.577567864632877e-05,-0.002277328964753873,0.0008226653170104995,0.0015779393846398362,0.00020206240071317995,-2.441390496560653e-05,-8.253840459168656e-05,-0.003688952606531299,0.00235475984786396,-0.0023130180093836323,0.09989312469078282
1781506131.1899555,-0.04182084236049059,0.7816136309086538,0.38228786427629874,-0.05109862172700078,0.020868110061045497,-0.07657499945020999,-0.041883298614909914,0.7815280716811903,0.38221963296168765,-0.05081747456521939,0.02069818007980695,-0.07672887988964643,0.00011636749485886257,3.137445516223291e-05,3.932287528200591e-05,-0.001859381285641968,0.000368834224032776,0.0022264023250421535,-0.00018831907048209623,0.0002001377497110255,0.0006250660677788315,-0.002496367523352918,0.003153753844156733,-0.001808254393494871,0.12600268812128873
1781506131.1999621,-0.0418288634042639,0.7815975605023244,0.38228750340651707,-0.050916576744272704,0.020782200065437406,-0.07656653684985339,-0.041883298614909914,0.7815280716811903,0.38221963296168765,-0.05081747456521939,0.02069818007980695,-0.07672887988964643,0.0001037793265071247,7.401414972633678e-06,2.932362333348764e-05,0.00032906626092318067,-0.0006128265461927398,0.0020277679573673796,-0.00014328582463822887,0.000315407078705563,0.00019781664753995093,-0.0028510507052379565,0.002976117575944517,-0.001278804431440061,0.11134758956541375
1781506131.2099516,-0.04183563820365239,0.781584001011332,0.38228715995174506,-0.05076380385536262,0.020710406616595955,-0.07656132000482614,-0.041883298614909914,0.7815280716811903,0.38221963296168765,-0.05081747456521939,0.02069818007980695,-0.07672887988964643,9.235889347392463e-05,-1.1937281518328076e-05,2.0924932242112395e-05,0.001959780453498392,-0.001331593815614938,0.0018234286146287734,-0.00033766006538859074,0.00010157379308953828,8.12285400258466e-05,-0.003227107317750213,0.0025487021826499346,-8.764915003814817e-05,0.09979729033166806
1781506131.2199624,-0.041841301668147535,0.7815726766533454,0.38228683247697076,-0.05063714486328425,0.020651156354570377,-0.07655867534251955,-0.041883298614909914,0.7815280716811903,0.38221963296168765,-0.05081747456521939,0.02069818007980695,-0.07672887988964643,8.202059548617051e-05,-2.731061038807319e-05,1.3917548379717421e-05,0.003127968834634335,-0.0018337050439523016,0.0016204090087249315,7.192640831509751e-06,2.3985319175224033e-05,-0.00010297792531878098,-0.003009138016579845,0.0011065225494420686,0.0005951354081211845,0.09093471247330667
1781506131.2299535,-0.041845984590105884,0.7815633227439176,0.3822865204354037,-0.05053351877635548,0.02060292678669451,-0.07655802831939273,-0.041883298614909914,0.7815280716811903,0.38221963296168765,-0.05081747456521939,0.02069818007980695,-0.07672887988964643,7.268200319298084e-05,-3.9305852905335134e-05,8.115859276278477e-06,0.003917627292407931,-0.00215973592364703,0.0014239361536075466,0.0002236486180453379,-5.174276392061006e-05,-0.00024338735183900435,-0.002004482954812632,0.0011374901864429062,0.00044433257213564027,0.08431434048007885
1781506131.2399597,-0.041849811146970166,0.7815556897221184,0.3822862238371263,-0.050449986748385155,0.02056427528265714,-0.07655889424662647,-0.0418869604945602,0.7815329309043235,0.3822228442014725,-0.05096709357739998,0.020793590620431734,-0.07675271211410731,6.426427723827165e-05,-4.8437266489630714e-05,3.3555828472505386e-06,0.004402052125202808,-0.002344909041053552,0.0012377470913935383,0.0005087065901453828,8.67796409781536e-05,-3.084322126385298e-05,-0.00018296887566975317,-0.0002678153118676745,0.0007185648740866285,0.07690914139029684
1781506131.2499518,-0.041857785278996404,0.7815484541347023,0.38228585099064166,-0.050457180983358156,0.0205181368723375,-0.0765813063169431,-0.0418869604945602,0.7815329309043235,0.3822228442014725,-0.05096709357739998,0.020793590620431734,-0.07675271211410731,2.953967106954072e-05,-9.653588809615174e-05,4.72727358233447e-07,0.0038479578736649893,-0.0025796369832067592,0.0008329203785817536,0.0004906831454855264,0.00035225822020517814,0.0005039713168791055,0.0012035239539698397,-0.0026653141619627178,0.0020349287284513384,0.07114786972209869
1781506131.2599535,-0.041864398033940646,0.7815425297170203,0.38228551360198143,-0.05046678302034509,0.02048165695439441,-0.07660103907220171,-0.0418869604945602,0.7815329309043235,0.3822228442014725,-0.05096709357739998,0.020793590620431734,-0.07675271211410731,1.289391879904575e-06,-0.0001339249624724281,-1.847541566487585e-06,0.0033274601103998273,-0.0026849030810302413,0.000506806893798138,0.0004249262460164668,0.00025078635768428846,0.00028826489455026594,0.0019262799578951557,-0.0007970671586227475,0.0019815765830070763,0.06729528657004444
1781506131.2699509,-0.04186983469767835,0.7815377135669725,0.38228520995061455,-0.050477926376238436,0.02045341239136156,-0.07661822430675827,-0.0418869604945602,0.7815329309043235,0.3822228442014725,-0.05096709357739998,0.020793590620431734,-0.07675271211410731,-2.140551170857655e-05,-0.0001622429423207725,-3.6867809382963786e-06,0.002846383662955739,-0.002690285360662276,0.0002485949844502994,-4.9365630112671485e-05,0.0005089844039876344,0.0007902355971164414,0.0033363303326787216,-0.0001082658258853112,0.002438377782167103,0.06485100960586562
1781506131.2799544,-0.041874261925026336,0.7815338306708948,0.38228493819445,-0.050489919626813165,0.020432111455588986,-0.07663303050678878,-0.0418869604945602,0.7815329309043235,0.3822228442014725,-0.05096709357739998,0.020793590620431734,-0.07675271211410731,-3.9353141440196246e-05,-0.00018292007346034557,-5.116557669105604e-06,0.0024080135161185035,-0.0026206799843858735,4.832574411515813e-05,0.00011255351277435116,0.0005184256544172074,0.0006312410455084066,0.002906411814948826,-0.0032583308503972746,0.0025873957243170037,0.0633855441877275
1781506131.2899606,-0.04187782844929686,0.7815307306188648,0.38228469640044804,-0.05050222143579022,0.020416596236306983,-0.07664564902667931,-0.04187281931023673,0.7815479495119397,0.3822393920484286,-0.05088259230086964,0.02072396555545719,-0.07664925376550136,-5.326237247977055e-05,-0.0001972013361477629,-6.199512061868564e-06,0.002013641790896116,-0.0024967936120742196,-0.00010304833513616232,0.00011130346386649331,0.0006667289187852075,0.0012053078632230387,0.004118775047331788,-0.0029762034466732546,0.001745785434467088,0.04872438880838638
1781506131.2999535,-0.04188066603398361,0.7815282846041712,0.3822844825756676,-0.05051441773984271,0.020405840780281403,-0.07665628311041402,-0.04187281931023673,0.7815479495119397,0.3822393920484286,-0.05088259230086964,0.02072396555545719,-0.07664925376550136,-6.375344138998208e-05,-0.00020616720925578866,-6.9903246611681515e-06,0.0016630321090714685,-0.0023356270052996035,-0.00021364432948763252,0.00016750557944544364,0.0005607735661161293,0.0010418042609514633,0.004440580804540334,-0.0026416550998976424,0.0006950677573029202,0.04981400724489603
1781506131.3099597,-0.041880541421065544,0.7815343237555211,0.38228743491943284,-0.050461295267433155,0.020406879777207898,-0.07663615592957988,-0.04187281931023673,0.7815479495119397,0.3822393920484286,-0.05088259230086964,0.02072396555545719,-0.07664925376550136,-5.7014846891686574e-05,-0.0001296710580949287,1.1187776950980857e-05,0.002056937422441588,-0.0020804015259509655,2.9648594125803227e-05,0.00046174224889786484,0.0005196938180714534,0.0007889978760585931,0.004703084050805504,-0.0023746247646225208,-0.0006678390300071896,0.05053127435521257
1781506131.3199544,-0.04188024981950325,0.7815397658304053,0.382289948415182,-0.05041850561344817,0.020409659477846898,-0.07661935121137599,-0.04187281931023673,0.7815479495119397,0.3822393920484286,-0.05088259230086964,0.02072396555545719,-0.07664925376550136,-5.0882848141585526e-05,-6.661893770310511e-05,2.563890839500058e-05,0.0022957752533185735,-0.001832221642589736,0.00021112312882031457,0.00041575297041879136,0.0003386116770284955,0.0007209432780665933,0.003764475605415155,-0.0016960181371933217,-0.0008060360064205752,0.0517506650268347
1781506131.3299525,-0.04187983689323153,0.7815446657649366,0.38229207773939167,-0.050384629266789834,0.020413667508417443,-0.0766054956966325,-0.04187281931023673,0.7815479495119397,0.3822393920484286,-0.05088259230086964,0.02072396555545719,-0.07664925376550136,-4.531550682295848e-05,-1.5158258660618213e-05,3.691501773923046e-05,0.002411888154981207,-0.0015961146041672792,0.0003413130520566812,0.0006410376467137469,0.00022851543042545224,0.0004708608184999086,0.002672094510232951,-0.0016798128659837304,-0.001088427351709771,0.053252337955477264
1781506131.339954,-0.041879340539752806,0.7815490705380959,0.3822938718243113,-0.050358358659646475,0.020418486299756067,-0.0765942290585345,-0.041858321798761366,0.7815703872992026,0.3822808337480557,-0.05067437734950852,0.0206236491345142,-0.076639905493765,-4.0272001198105685e-05,2.6345063412766648e-05,4.549942482835704e-05,0.002432868742332731,-0.0013755165759706482,0.00042951444893668344,0.00012039477358281769,9.39412476244732e-05,0.0002594090188622803,0.00192369188679724,-0.00135904572313102,-0.0004195767096711172,0.03265246100055466
1781506131.3499527,-0.04187879177724176,0.7815530210883419,0.38229537432474653,-0.050338505888587716,0.020423780753701548,-0.0765852105001633,-0.041858321798761366,0.7815703872992026,0.3822808337480557,-0.05067437734950852,0.0206236491345142,-0.076639905493765,-3.571292314182098e-05,5.9328997409624556e-05,5.1814232458321556e-05,0.002381995347079434,-0.0011725775499332584,0.00048384166383462783,0.00014072596713949131,0.0001979159613815936,0.0004371848362755379,0.0018708288226073188,-0.0016018601044814787,-0.0003309339954912301,0.030529226474755946
1781506131.3599577,-0.041874233971718855,0.7815519428431273,0.3822893810622217,-0.05036194370923786,0.020422970825579645,-0.07659309976280525,-0.041858321798761366,0.7815703872992026,0.3822808337480557,-0.05067437734950852,0.0206236491345142,-0.076639905493765,-4.7626164780814395e-06,3.777813447769511e-05,1.0522757880675737e-05,0.0018678386672017263,-0.0010490642090643049,0.00034457669138843113,1.4046558522127257e-05,8.859723418322014e-06,0.00011234223440630303,0.0011100720730980796,-0.0015190803787056937,0.00019002396911310947,0.0258157275239864
1781506131.3699522,-0.04187024389195927,0.7815510872218684,0.382284227407278,-0.05038337954471832,0.02042323554802139,-0.07660009976484054,-0.041858321798761366,0.7815703872992026,0.3822808337480557,-0.05067437734950852,0.0206236491345142,-0.076639905493765,2.0143805959903352e-05,1.9998992980082444e-05,-2.2758263364362804e-05,0.0014314702869330494,-0.0009278044174790052,0.0002307993252969508,0.00013273503978906468,3.992552649438948e-05,0.00010498713163224622,0.001141643272991645,-0.0011767160491777126,0.00010858751757893527,0.022937877282838737
1781506131.3799515,-0.041866765890627405,0.7815504065752252,0.38227981392074944,-0.05040272860416649,0.020424298234775318,-0.07660624191846814,-0.041858321798761366,0.7815703872992026,0.3822808337480557,-0.05067437734950852,0.0206236491345142,-0.076639905493765,3.988277074308658e-05,5.472967963806595e-06,-4.9187003402882104e-05,0.0010653307297064005,-0.0008115522669233969,0.00013923306464191433,0.00018665656129978508,8.352339812462675e-05,0.0003969182169334749,0.0020202618594093212,-0.0017352680057796323,0.00020659877965962644,0.021715710115855984
1781506131.3899539,-0.041863748354200814,0.7815498629414321,0.38227605126447534,-0.05041998447664555,0.020425929732787784,-0.07661157322737565,-0.04184998215298702,0.7815774450601691,0.38229817075373607,-0.05057842057414599,0.020552407073243684,-0.07664274708267292,5.52233265281535e-05,-6.257482993131319e-06,-6.978003708414131e-05,0.0007618335574945255,-0.000702234251678368,6.681503264258478e-05,0.00014740884249712019,0.0001160098026362097,0.0004983889814802883,0.002182206974377579,-0.0017373184848486398,0.0003693539604281852,0.0379414466650347
1781506131.3999507,-0.041861143529428074,0.7815494263186091,0.3822728593544403,-0.050435199654233424,0.020427942775327335,-0.07661615109371805,-0.04184998215298702,0.7815774450601691,0.38229817075373607,-0.05057842057414599,0.020552407073243684,-0.07664274708267292,6.683857723766722e-05,-1.559508542480601e-05,-8.542738772970962e-05,0.000513579798568909,-0.00060110403701712,1.0726234897831646e-05,0.000168919280880294,0.00028956169707719244,0.0008413569214220408,0.0028128080956933373,-0.0019921251914919603,0.00029954764902086233,0.0393737620373757
1781506131.40995,-0.04185913305066925,0.7815625110340801,0.38227461710406835,-0.05053435623354725,0.0204797560736103,-0.07670660259763808,-0.04184998215298702,0.7815774450601691,0.38229817075373607,-0.05057842057414599,0.020552407073243684,-0.07664274708267292,4.589475877313979e-05,2.6342457316179608e-05,-6.582306132142577e-05,-0.0006047911856147321,7.926378804306244e-05,-0.0009478970265212661,-0.00010466060168511703,0.00014141720622267418,0.00031346885375115903,0.0020214549096558843,-0.0016212058661015589,0.0007497485049078964,0.02935197567944657
1781506131.4199567,-0.04185751877365241,0.78157356894436,0.38227617016000387,-0.05061718633873222,0.02052329983028489,-0.0767818110521078,-0.04184998215298702,0.7815774450601691,0.38229817075373607,-0.05057842057414599,0.020552407073243684,-0.07664274708267292,2.8500090405112627e-05,5.9675005029112815e-05,-4.925118938625555e-05,-0.0014261959825484843,0.0005868688587901955,-0.0016402131903005858,-7.722266075848182e-05,0.00027300740118501313,0.0005505134760777687,0.002226551789249541,-0.001588008389421685,0.0005753259529287354,0.023576493577050096
1781506131.429953,-0.041856260341402586,0.7815828365444609,0.38227754095946515,-0.05068551546408728,0.020559457116742674,-0.0768435389509155,-0.04184998215298702,0.7815774450601691,0.38229817075373607,-0.05057842057414599,0.020552407073243684,-0.07664274708267292,1.4174992559008486e-05,8.567733653167738e-05,-3.5323672932277197e-05,-0.002002609462017301,0.0009511345724286658,-0.0021140441983265087,-5.5425898391202636e-05,0.0003508747804958505,0.0007007319193010102,0.0028975600539200928,-0.001032908210091496,0.0001812332947054858,0.02222773412452438
1781506131.4399543,-0.041855315382925876,0.781590534161814,0.38227874926598565,-0.05074110850227013,0.02058909143295895,-0.07689347603889862,-0.04184805537975017,0.7815911989418023,0.38232527923801884,-0.05045369283779437,0.020485048520661797,-0.07662275191825156,2.495577052595824e-06,0.00010546569131629133,-2.36954498393407e-05,-0.002379680847743529,0.0011980303597597746,-0.002411201870114644,0.00015945264697002348,5.963852438569112e-05,0.00014636577522682026,0.0013888724949411354,-0.0007657479826361891,-0.00021960028404035954,0.04709764193623533
1781506131.4499552,-0.041859605042558076,0.7815912451047791,0.38227812984307086,-0.05079792086430722,0.02063361626955551,-0.07695232863280176,-0.04184805537975017,0.7815911989418023,0.38232527923801884,-0.05045369283779437,0.020485048520661797,-0.07662275191825156,-4.9217576792899657e-05,7.916618142424684e-05,-2.438316496789709e-05,-0.002726873767698949,0.0015852923502000737,-0.00276483205617742,-9.860908392131712e-05,9.640238456285736e-05,0.00021515142598512756,0.0009406536468341197,0.00047682942233331894,-0.00043471608335672325,0.048543406204736274
1781506131.4599564,-0.04186343951009694,0.7815915755607912,0.38227762762223905,-0.05084314952470807,0.020669738258894288,-0.07699922065529073,-0.04184805537975017,0.7815911989418023,0.38232527923801884,-0.05045369283779437,0.020485048520661797,-0.07662275191825156,-9.01078716593171e-05,5.705052505735903e-05,-2.4626284751541202e-05,-0.002912373590191507,0.0018320608674190471,-0.0029541122767815804,-5.89361435266236e-05,-0.0001468068353456739,-0.0002245448068374683,-0.00016792285156524406,0.0006957912769104407,-0.0006943963822883147,0.050074841934994
1781506131.4699726,-0.04186686634484854,0.7815915937365477,0.38227722624278276,-0.05087846025061871,0.02069857629476468,-0.07703586694125025,-0.04184805537975017,0.7815911989418023,0.38232527923801884,-0.05045369283779437,0.020485048520661797,-0.07662275191825156,-0.00012179174434927346,3.857378179621182e-05,-2.450941475413667e-05,-0.0029716441447821358,0.001966807659912388,-0.0030150700027179816,-4.298633796417578e-05,-7.829109556465761e-05,-0.0001013298975756739,-0.0003620107221132338,0.0010361331834080978,-0.0010525535743763912,0.05160521894132368
1781506131.4799626,-0.041869924940724494,0.7815913620471118,0.3822769109827848,-0.05090537280204466,0.020721167879169,-0.07706383296183592,-0.04184805537975017,0.7815911989418023,0.38232527923801884,-0.05045369283779437,0.020485048520661797,-0.07662275191825156,-0.0001456834816475335,2.325237937846227e-05,-2.410503548684311e-05,-0.0029347126354447705,0.0020139319842091006,-0.002978211813315689,0.00018157983836698832,-0.00019310146616648908,9.377369786952319e-06,-0.0006565458279799613,-0.00010963706744371998,-0.0013629640258380781,0.05308288250401505
1781506131.489967,-0.04187264856286367,0.7815909365106004,0.38227666869954147,-0.05092525590116079,0.020738461185130008,-0.07708452939057217,-0.0418433579173782,0.7815896313201173,0.3823245899914696,-0.050457925609691895,0.020493649553102955,-0.07667033453601041,-0.00016301716928215253,1.06581376022847e-05,-2.347497539253257e-05,-0.0028267108302482318,0.001994113842130132,-0.002869072652604663,0.0002086568222937621,-0.0003643292925824455,-0.0005607097241761192,-0.0024568819132621046,0.00022035053504364946,-0.0023761437141318204,0.05617913896827081
1781506131.4999564,-0.041875065911001604,0.7815903665080639,0.38227648774882506,-0.05093932760303842,0.020751311546107543,-0.07709921227341986,-0.0418433579173782,0.7815896313201173,0.3823245899914696,-0.050457925609691895,0.020493649553102955,-0.07667033453601041,-0.00017486659529158664,4.1276900283269913e-07,-2.2671728290356445e-05,-0.002668414565559317,0.001924680455819472,-0.0027087634482079546,0.00036315859704713095,-0.000344383785412474,-0.000508286941573847,-0.002865187969050381,0.0009220165245182988,-0.0035462822246908905,0.05761738546979888
1781506131.5099542,-0.04187470766470128,0.7815855286835098,0.3822748160938197,-0.05079846614779287,0.020706371310945215,-0.07704083815932619,-0.0418433579173782,0.7815896313201173,0.3823245899914696,-0.050457925609691895,0.020493649553102955,-0.07667033453601041,-0.0001341805552546372,3.2365145537481907e-05,-3.5723566683955095e-05,-0.0008525201759297149,0.0011921986281583528,-0.001801673664046286,8.252436009516606e-05,-0.0004460821507214444,-0.0006610928143770026,-0.0036016610627307,0.002813115819414279,-0.003947577148150527,0.05896676327914925
1781506131.519954,-0.04187433831739919,0.7815814747668943,0.38227339512366876,-0.050679173188425804,0.020667557836189232,-0.07699003672069188,-0.0418433579173782,0.7815896313201173,0.3823245899914696,-0.050457925609691895,0.020493649553102955,-0.07667033453601041,-9.981869075336499e-05,5.760555632160261e-05,-4.5748578274632365e-05,0.0005314046063208794,0.0006107504684819976,-0.0010726995609335285,9.723867227980746e-06,-0.00048084133865969553,-0.0007499340057365799,-0.0038729158707822057,0.0020746491840714972,-0.003941071417138631,0.060392292845090206
1781506131.5299563,-0.04187394283331198,0.7815781429240513,0.3822721911285188,-0.05057930588804753,0.02063439811269774,-0.07694629913443583,-0.0418433579173782,0.7815896313201173,0.3823245899914696,-0.050457925609691895,0.020493649553102955,-0.07667033453601041,-7.09691042970763e-05,7.713795956760357e-05,-5.321670749471315e-05,0.0015537871862546073,0.00015838019108329942,-0.0004971369554664645,-0.00019186391158800678,-0.0005946908073624598,-0.0009406171354731172,-0.003911348344397801,0.002905188507755406,-0.0034773818711087384,0.06174998919340844
1781506131.5399578,-0.0418735148339565,0.7815754624729845,0.38227117495453466,-0.050496726983685986,0.02060638288630301,-0.0769090508951783,-0.04183791796888342,0.7815664118198016,0.38228957876328706,-0.05062945858223195,0.02056619262349435,-0.07685124223072227,-4.691018021783089e-05,9.184063222608527e-05,-5.85376114133852e-05,0.002277292887165068,-0.00018489555658706238,-5.227618499244885e-05,-0.000250175735651406,-0.00047010916570986713,-0.0007146568740972926,-0.002930393204704644,0.001439168346697942,-0.0023911373971193363,0.041082250457628235
1781506131.5499544,-0.041873054079047824,0.7815733586979459,0.3822703213511508,-0.05042936189982124,0.020582989664033935,-0.07687768401833937,-0.04183791796888342,0.7815664118198016,0.38228957876328706,-0.05062945858223195,0.02056619262349435,-0.07685124223072227,-2.7001922274364878e-05,0.00010247982904386716,-6.206735925239328e-05,0.002757055830179978,-0.000437035397617605,0.0002824762690235145,2.1690285616478562e-05,-0.0001709013660248382,3.0465504778910125e-05,-0.001302360119247753,0.0013344362556196568,-0.0021966026668155665,0.04066513587365242
1781506131.5599499,-0.04187993864601517,0.7815681929782992,0.3822724975625006,-0.05038611596409032,0.02056431513374446,-0.07690154229148019,-0.04183791796888342,0.7815664118198016,0.38228957876328706,-0.05062945858223195,0.02056619262349435,-0.07685124223072227,-5.985419593497387e-05,8.237158379198214e-05,-4.529196587073063e-05,0.0029335419779920806,-0.0005798191690106452,-1.870835613980421e-05,-0.00011663493678838266,5.406823272021427e-05,0.00017523374913584774,-0.00013943852603641557,0.0005101916615929952,-0.001202926284323628,0.04539468308637157
1781506131.5699553,-0.041885733456761685,0.7815639589303257,0.3822743756084983,-0.050352435895727035,0.020549141240411517,-0.07692161930779672,-0.04183791796888342,0.7815664118198016,0.38228957876328706,-0.05062945858223195,0.02056619262349435,-0.07685124223072227,-8.546870579175206e-05,6.518549275557259e-05,-3.125123524553873e-05,0.0029854773793922397,-0.0006709342721200582,-0.00024386249387899685,1.503379158929839e-05,0.0001476383178769187,0.000592771878475579,0.0009722554383131519,4.233741428292875e-05,-0.0008614879659915754,0.05023418620171172
1781506131.5799572,-0.04189057782120163,0.7815605252033432,0.3822759905543511,-0.05032684518391707,0.020537005463641567,-0.07693831343788156,-0.04183791796888342,0.7815664118198016,0.38228957876328706,-0.05062945858223195,0.02056619262349435,-0.07685124223072227,-0.00010494837133457699,5.056299389439442e-05,-1.9583728775993104e-05,0.002942669679756444,-0.0007208408993451452,-0.0004058867815792818,5.5065176019133916e-05,0.00011552711326874571,-6.60978854728566e-05,0.00038269798282648907,-0.00041805849060088524,-0.000167820159010719,0.05470239228399686
1781506131.5899558,-0.04189459718180273,0.7815577733922403,0.38227737404262085,-0.05030801608734739,0.020527478129867882,-0.07695201581372182,-0.04184271167195991,0.7815632489292965,0.3822825782977226,-0.050659504186783284,0.020586261519192295,-0.07691048658118993,-0.00011925632142588684,3.8183759913400086e-05,-9.969222097249724e-06,0.0028300460730034836,-0.0007385047136364797,-0.0005161751907429461,-0.00015726170513820906,0.00010110772039630834,-6.242191657345155e-05,0.0012160212597132393,-0.00042977722395865083,0.00022427548465828916,0.05243254627488221
1781506131.5999534,-0.041898124474718586,0.7815507930066866,0.38227899573942264,-0.05024421452020364,0.02049665184292393,-0.07695495467718982,-0.04184271167195991,0.7815632489292965,0.3822825782977226,-0.050659504186783284,0.020586261519192295,-0.07691048658118993,-0.0001177764783371911,1.9410172419894103e-05,-6.972763256367956e-07,0.0032182718423271694,-0.0009923753214268966,-0.0005087707733493571,-0.00023341544653782473,0.0003538676110098501,0.0001289242796982265,0.001985603585240305,0.0005369197724673343,-3.702886521367014e-05,0.056908377604782054
1781506131.6099536,-0.04190096042201878,0.781545076780074,0.38228037030562895,-0.05019349815081629,0.020471657977885638,-0.07695700692024231,-0.04184271167195991,0.7815632489292965,0.3822825782977226,-0.050659504186783284,0.020586261519192295,-0.07691048658118993,-0.00011509615246846305,4.093293810755767e-06,6.7548280103490875e-06,0.0034210638825842637,-0.0011554271096162138,-0.0004892948346159195,-0.0001159432774218364,0.0005768904237006987,0.0007809045440574832,0.003284835611025699,-0.0010251549091539558,0.00026942099298514716,0.061057506662749984
1781506131.6199539,-0.04190320112513387,0.7815404507626168,0.3822815289180161,-0.05015397435276321,0.020451718218801984,-0.07695833827530256,-0.04184271167195991,0.7815632489292965,0.3822825782977226,-0.050659504186783284,0.020586261519192295,-0.07691048658118993,-0.00011148607370416057,-8.254551305592143e-06,1.2651586771427548e-05,0.003479365621062037,-0.0012459684732131322,-0.0004613076295363893,4.500387145617293e-05,0.00040557781834902126,0.00029606463775205035,0.003292864223459328,-4.3486991904908236e-05,-0.0007873397627756219,0.06465161673933094
1781506131.6299627,-0.041904933976022615,0.7815367571075642,0.3822824995885731,-0.05012391866403591,0.02043611108170662,-0.07695909276725692,-0.04184271167195991,0.7815632489292965,0.3822825782977226,-0.050659504186783284,0.020586261519192295,-0.07691048658118993,-0.00010717535764033533,-1.8062476309722388e-05,1.722503794118417e-05,0.003427809704550203,-0.0012797020274165226,-0.00042770961127178874,4.8076899080919766e-05,0.0005270213039230584,0.00045179868182683376,0.0032271718724748762,-0.0009672902811705794,-0.00044105367628924466,0.0676271982023403
1781506131.6399581,-0.04190623763406599,0.7815338540357243,0.38228330737054383,-0.05010177982857413,0.020424177406414223,-0.07695939418833783,-0.04184307446665231,0.7815829896691844,0.38230097017494535,-0.05051486061008902,0.020574093018954853,-0.07692225783024408,-0.00010235680991231768,-2.5707145269734216e-05,2.0678223034061334e-05,0.0032953523279468854,-0.001269948154627804,-0.00039082749803347286,0.00011298802721351433,0.00034230888333746436,0.00012730564389412777,0.0027823612683753975,-0.0007453253970496877,-0.0007784299989697717,0.08195041703725742
1781506131.649969,-0.04190718222040953,0.7815316154064204,0.3822839745721114,-0.05008617883192969,0.02041532276709357,-0.07695934776036233,-0.04184307446665231,0.7815829896691844,0.38230097017494535,-0.05051486061008902,0.020574093018954853,-0.07692225783024408,-9.719164445061284e-05,-3.151834463780174e-05,2.3188333235357987e-05,0.0031059038972488947,-0.0012278777056206806,-0.0003524944583820186,-0.00011555827685977207,0.00029368843580118123,0.00035967788288250287,0.0030780018818989748,-0.0007143509519895036,-0.000481165006422759,0.08389260683775446
1781506131.6599526,-0.04190958818972476,0.7815266382453632,0.38228644084305163,-0.05020186524849861,0.020408136779820563,-0.07693218035243453,-0.04184307446665231,0.7815829896691844,0.38230097017494535,-0.05051486061008902,0.020574093018954853,-0.07692225783024408,-0.00010654191569001384,-0.00011569450004551153,4.017542935562549e-05,0.001497826270199211,-0.001187041374748407,-2.178218897213631e-05,-8.476368030985339e-05,0.0003340067297106633,0.0004395966487664865,0.0034139847712193845,-0.000745184140391256,-0.0005950947998572288,0.0883779373424983
1781506131.6699576,-0.04191150773991191,0.7815223835353218,0.38228853398847923,-0.05030054370875632,0.020403184986595324,-0.07690936360500746,-0.04184307446665231,0.7815829896691844,0.38230097017494535,-0.05051486061008902,0.020574093018954853,-0.07692225783024408,-0.00011269806815839582,-0.00018180289089947974,5.33031505771278e-05,0.00025195012504812086,-0.0011239498161677893,0.00022661245807416313,-0.0003003854926223626,0.00023526417718106244,0.0005789625145989023,0.003315117634978548,-0.0007311658133017545,-0.00034351678836987934,0.09225440414752975
1781506131.6799607,-0.04191301840912088,0.781518723755803,0.38229030328916724,-0.050383777569385974,0.02040004225151759,-0.0768904316123768,-0.04184307446665231,0.7815829896691844,0.38230097017494535,-0.05051486061008902,0.020574093018954853,-0.07692225783024408,-0.0001162120631289557,-0.00023256930500743783,6.31663276870565e-05,-0.0006884380733928403,-0.0010459105903707275,0.0004065283278093182,-9.52469164834946e-05,0.00020059383414063425,0.00048679200552340394,0.002947003789728501,-0.00039345405708641204,-0.0007046743077056589,0.0955826614140498
1781506131.6899605,-0.041914187238845345,0.7815155594271878,0.3822917918608228,-0.05045316096884567,0.020398340611647248,-0.07687492884107902,-0.04184307446665231,0.7815829896691844,0.38230097017494535,-0.05051486061008902,0.020574093018954853,-0.07692225783024408,-0.00011756047911129895,-0.00027037633006389913,7.028383996036841e-05,-0.0013741938014815833,-0.0009588080547509679,0.0005302092839902584,-3.733974523327803e-05,-5.7692548427738894e-08,0.00043148004616056347,0.002894206467178256,-0.0010610746712561739,-0.0005086490743490237,0.09842817358274238
1781506131.699966,-0.04191507194006315,0.7815128130066126,0.3822930374135473,-0.050510267471535406,0.020397765004782187,-0.07686242002426781,-0.0418511539817612,0.7815967057061048,0.38232576073931845,-0.05035178723660025,0.020551698460368417,-0.07694300221459707,-0.00011715334062263313,-0.000297300852121266,7.51070201096446e-05,-0.001850391259631285,-0.0008672991650398363,0.0006083688676456804,-0.0003312780575205317,-9.319470186615056e-05,0.00027167894202048513,0.0022222612387382042,-0.0009993622769454379,1.64830933253646e-05,0.11042783376990907
1781506131.7099695,-0.041915359102568175,0.7815140803375965,0.3822936980374342,-0.050518603862522715,0.020402377379459047,-0.07685302413371023,-0.0418511539817612,0.7815967057061048,0.38232576073931845,-0.05035178723660025,0.020551698460368417,-0.07694300221459707,-0.00011369075696517615,-0.0002738664168137537,7.4765728192035e-05,-0.0017414838168442381,-0.000727505449092849,0.000646919468888381,-0.0003928876479111819,-0.00017387788545950977,0.00011187146592221482,0.0015503201834713854,-0.000937655651361349,0.0002443792498293463,0.10944069586354233
1781506131.719953,-0.04191550909864562,0.7815151893825278,0.3822942290594254,-0.05052402914979445,0.020406893956603334,-0.07684574844391132,-0.0418511539817612,0.7815967057061048,0.38232576073931845,-0.05035178723660025,0.020551698460368417,-0.07694300221459707,-0.00010947051043777536,-0.000251583715728136,7.354439051235112e-05,-0.0016122135630489576,-0.000602849468977723,0.0006580967930788501,-0.00025676291997016765,-0.0002462812466080596,-0.0003602067545611209,0.00024677708178815876,-0.0008760874391398035,0.0002889857718681561,0.10853911237704311
1781506131.7299602,-0.04191555110586184,0.7815161631463382,0.38229464912641203,-0.05052712475575894,0.020411215107312364,-0.07684026050877432,-0.0418511539817612,0.7815967057061048,0.38232576073931845,-0.05035178723660025,0.020551698460368417,-0.07694300221459707,-0.00010469550730834284,-0.00023050794040263464,7.163205131045466e-05,-0.0014712247361611203,-0.0004929477254132651,0.0006484581413111045,-0.0005078375192762549,-0.0004492183872563622,-0.0004288028818479723,-0.0008417141440418094,-0.0011465294826206011,0.000904587439131098,0.10771270112588753
1781506131.7399535,-0.041915509337599285,0.7815170220067956,0.38229497458875766,-0.05052839008790893,0.020415271541056157,-0.07683626229930007,-0.0418511539817612,0.7815967057061048,0.38232576073931845,-0.05035178723660025,0.020551698460368417,-0.07694300221459707,-9.953566461066792e-05,-0.0002106681041474133,6.918922591752775e-05,-0.001325314911775985,-0.0003971090441407239,0.0006234865055087355,-0.0005597850257792306,-0.00039195622748610173,-0.0003364069937876735,-0.001265877592148534,-0.0010433129965892994,0.0009514180777676962,0.10695275044149162
1781506131.7499568,-0.04191540376571155,0.7815177837601843,0.3822952197582403,-0.050528249432667385,0.02041901859250994,-0.07683348973335803,-0.04186799751688852,0.7815871421072005,0.3823240480332204,-0.0503093291643955,0.020502589993338427,-0.07692632281614746,-9.413226348571975e-05,-0.0001920718374660873,6.635149353083214e-05,-0.0011797119628878337,-0.0003144306316774591,0.0005877098400500293,-0.0002901766999567632,-0.0004116798299301933,-0.00039019173364969445,-0.001386289671374523,-0.0014741660754327252,0.0007328291052809328,0.08882005497977943
1781506131.7599535,-0.041911126873293146,0.7815187026916423,0.3822918008303234,-0.05051096883007161,0.020409803624111822,-0.07677359065691303,-0.04186799751688852,0.7815871421072005,0.3823240480332204,-0.0503093291643955,0.020502589993338427,-0.07692632281614746,-5.436458060670823e-05,-0.0001668166383003284,3.962959464059591e-05,-0.0008756171324459086,-0.00041359516941098166,0.0011714184171974964,-0.0001354244298238932,-0.0006583022963228104,-0.00032075310965405185,-0.0017193599641591388,-0.0012867859641411683,0.0006412792619900101,0.087086032637333
1781506131.7699528,-0.0419073884176278,0.7815195411042215,0.38228884699467536,-0.05049565300461845,0.02040237685362456,-0.0767243041091866,-0.04186799751688852,0.7815871421072005,0.3823240480332204,-0.0503093291643955,0.020502589993338427,-0.07692632281614746,-2.1751298017743515e-05,-0.00014442870626101538,1.7675824424875843e-05,-0.0006238006956319781,-0.00047657781607927073,0.0015767057423754392,-7.740451891137488e-05,-0.0006250667219595406,-0.0005120065874550661,-0.0019160780403804473,-0.0016096049164428345,0.000735040058252142,0.08579424094579279
1781506131.7799575,-0.04190412739692922,0.7815203125884551,0.382286303495595,-0.05048222845505317,0.02039649341779093,-0.07668431823640295,-0.04186799751688852,0.7815871421072005,0.3823240480332204,-0.0503093291643955,0.020502589993338427,-0.07692632281614746,4.7053806911620216e-06,-0.00012462621712288187,-1.7204354347157065e-07,-0.0004180477055942408,-0.0005107257777278045,0.0018372144568870653,-0.00010388757946594175,-0.0005296490198032464,-0.00034420599989552157,-0.002027757468595158,-0.001659082893171163,0.0007526763195308547,0.08483043633064578
1781506131.7899528,-0.04190128984805903,0.7815210273443775,0.38228412127822653,-0.0504705883666933,0.020391927564602064,-0.0766523955344647,-0.04186799751688852,0.7815871421072005,0.3823240480332204,-0.0503093291643955,0.020502589993338427,-0.07692632281614746,2.5884470112012454e-05,-0.0001071501697773921,-1.4497652811495526e-05,-0.0002524406018319617,-0.0005223335548433263,0.0019821147859137105,6.269360159647173e-06,-0.00048573280218074696,-0.00025715103870793503,-0.001584167203367853,-0.0008925112464895976,0.0004970089479762707,0.08410521352599312
1781506131.799949,-0.04189882790734446,0.7815216929262685,0.3822822564700862,-0.05046060388284902,0.020388474044835014,-0.07662738807970511,-0.04187557563284211,0.781560890881311,0.3823096454768924,-0.05038433208237563,0.02043687434379393,-0.07689737237910858,4.255849197490932e-05,-9.176316670832346e-05,-2.581416734353743e-05,-0.00012144663254560356,-0.0005167345424639022,0.002036427468789459,-0.00015714943157280897,-0.0003805753696313724,-0.00038113155205112806,-0.0015917091884623074,-0.00019665629759011406,0.0007717264624087504,0.053172414303619416
1781506131.8099535,-0.04189765815455844,0.7815152476837633,0.3822763574062209,-0.050377976979294095,0.020369518887003002,-0.07659684536193188,-0.04187557563284211,0.781560890881311,0.3823096454768924,-0.05038433208237563,0.02043687434379393,-0.07689737237910858,5.9724724459390216e-05,-8.996654285992227e-05,-6.417368308359923e-05,0.0007870569652085334,-0.0006838039973515725,0.0021366215691472233,-0.00013024449284968598,-0.00021002544627268723,0.00019002043959812635,-0.00044565083762693127,0.00020151937405370654,0.0005159888913654732,0.060655048402866604
1781506131.8199522,-0.04189660576940704,0.7815099141819729,0.3822713225314043,-0.05030924429943699,0.020354101621266274,-0.0765731490274021,-0.04187557563284211,0.781560890881311,0.3823096454768924,-0.05038433208237563,0.02043687434379393,-0.07689737237910858,7.274854212598263e-05,-8.738429402189059e-05,-9.415452673804467e-05,0.0014462229187568328,-0.0007902728706703258,0.0021532066208183407,-0.00011222372758929881,-0.00011626555586316707,0.0003671431965804942,0.00010650771753082473,-0.001055876770764888,0.0010989575527415184,0.06715309873883861
1781506131.8300083,-0.04189565688619658,0.7815055598641732,0.38226704428586855,-0.0502528033229531,0.02034175791017545,-0.07655523076054005,-0.04187557563284211,0.781560890881311,0.3823096454768924,-0.05038433208237563,0.02043687434379393,-0.07689737237910858,8.228191539641703e-05,-8.420408624898477e-05,-0.00011702930965781331,0.0019005257350233782,-0.0008484196911957857,0.0021066927302104983,-0.0004781688651454629,-1.0698116419307581e-05,-2.6637020798656457e-05,-7.54485641515226e-05,0.00057680506992549,0.0010315472870155152,0.07266112901979582
1781506131.8399577,-0.04189480113471307,0.7815020592082431,0.3822634270851557,-0.05020711692661546,0.020332055514416192,-0.07654213202866718,-0.04187557563284211,0.781560890881311,0.3823096454768924,-0.05038433208237563,0.02043687434379393,-0.07689737237910858,8.889245609607374e-05,-8.058414955845166e-05,-0.00013390969107371283,0.002188896248591656,-0.0008687674890900276,0.002014174499210299,-0.00025832694237229,-0.00016452538366877598,-0.0006098069043014172,-0.00012961798282693738,-0.0010286218390671217,0.001714926268338637,0.07724587634870617
1781506131.8499663,-0.04189403061711081,0.781499295270228,0.3822603860973973,-0.0501707390508175,0.020324598119860537,-0.07653300277821373,-0.04188472393392484,0.7815507945657298,0.38230574385569716,-0.050406316439317034,0.020423894516989227,-0.07685707410893683,9.307286301583953e-05,-7.665707857194553e-05,-0.0001457640363246392,0.002345045981951713,-0.0008602358048524508,0.0018897195109405236,-0.00012162597288771536,-3.7164250528594566e-05,-0.00012057303661858535,0.0003070023217443924,-0.0014955170288536018,0.0020469891513204552,0.06925401090982257
1781506131.8599637,-0.04189456562707433,0.7815126410531846,0.3822684089955224,-0.05020029428741081,0.020361632891128245,-0.07664317650576778,-0.04188472393392484,0.7815507945657298,0.38230574385569716,-0.050406316439317034,0.020423894516989227,-0.07685707410893683,6.295676660263123e-05,2.8536476611122082e-06,-8.381457520711689e-05,0.0017908463579905758,-0.0003022095939455388,0.0005026876875998203,-0.0003283990770477206,-0.00011991847011921276,-0.0002857523569485837,0.000575514448003543,-0.0006627804557960536,0.0025352779796941165,0.05428113141650406
1781506131.8699615,-0.04189508429895421,0.7815241764257946,0.3822753341419853,-0.050226810159285505,0.020393032908229136,-0.0767363185444548,-0.04188472393392484,0.7815507945657298,0.38230574385569716,-0.050406316439317034,0.020423894516989227,-0.07685707410893683,3.798264678666432e-05,6.664656540358297e-05,-3.3021195239245785e-05,0.0013265825128515676,0.00012416455764304482,-0.0005503312627430045,-0.0008275641006969662,-0.00027269876960489347,-0.0005668703432430512,0.00043777316482091855,0.0014759803682854091,0.002883035763441841,0.041720657056072155
1781506131.8799639,-0.04189559771646622,0.7815340976505648,0.38228129138273914,-0.0502503223365976,0.020419351988520962,-0.07681414959157873,-0.04188472393392484,0.7815507945657298,0.38230574385569716,-0.050406316439317034,0.020423894516989227,-0.07685707410893683,1.745281518979436e-05,0.00011701332743257588,8.172778596257307e-06,0.0009424127941999325,0.00044022733429018154,-0.0013242609132014113,-0.0004019370820628693,-0.0002619239970519387,-0.0005464781087024212,0.0003701911401520225,-0.0009109600860459392,0.0030326422213684343,0.03154282099857444
1781506131.8899693,-0.041896110891953185,0.7815425852861122,0.38228639699513683,-0.05027093987708393,0.020441144096132513,-0.07687837803560715,-0.04188472393392484,0.7815507945657298,0.38230574385569716,-0.050406316439317034,0.020423894516989227,-0.07685707410893683,7.508726689100194e-07,0.00015596373409766564,4.113863743307052e-05,0.0006287707579684356,0.0006649875914502552,-0.001867893267249892,-0.00026716397127238164,-0.00018977342886344022,-0.0006939711044755044,0.00044399667305916016,-0.0007782359742333842,0.002359829106114763,0.02390305625899077
1781506131.8999717,-0.041896624603068255,0.7815498046867835,0.3822907549225928,-0.05028882383131486,0.020458948140622768,-0.07693065627964857,-0.04190374252802259,0.7815426678841136,0.38228723898683303,-0.05038006860583995,0.020386686447699365,-0.07672465514734066,-1.2666512700636749e-05,0.0001852558559756457,6.708147554921598e-05,0.0003765580324021694,0.0008151868298392613,-0.0022240905307577704,-0.0002880234447583172,-5.769879520688834e-05,-0.0004116181049167112,0.0006911471983152523,-0.001301126024335113,0.001984808842960589,0.010675233593252662
1781506131.909976,-0.04189694825008858,0.7815417912651321,0.3822893019810129,-0.050242446918611385,0.020443722765733918,-0.07691070175007966,-0.04190374252802259,0.7815426678841136,0.38228723898683303,-0.05038006860583995,0.020386686447699365,-0.07672465514734066,-4.784930835098803e-06,0.00014261386054085072,5.220723880771642e-05,0.00083729390666522,0.0005492492356523832,-0.0017721109484173923,0.00013599347933380217,0.00011753485761627845,-9.724073970300795e-05,0.0011152656226791748,-0.0011792738390803495,0.0007572745076476143,0.007154482404029855
1781506131.91996,-0.04189723149413167,0.7815349505610231,0.38228802134413853,-0.05020417509884242,0.020430494637439844,-0.07689226782398911,-0.04190374252802259,0.7815426678841136,0.38228723898683303,-0.05038006860583995,0.020386686447699365,-0.07672465514734066,1.6028214179620814e-06,0.00010657494901775003,3.9605082162275475e-05,0.00115958948753901,0.00033496124598899235,-0.00138494869205814,0.00025489884002103123,0.00024347218861069586,0.00043886647468523025,0.0018555258213341773,-1.0301087566918447e-05,-0.0003873237159217903,0.010127325459687548
1781506131.9299624,-0.04189747103488244,0.7815291464619366,0.3822868946950871,-0.05017302375969217,0.020419125047588915,-0.07687547775703203,-0.04190374252802259,0.7815426678841136,0.38228723898683303,-0.05038006860583995,0.020386686447699365,-0.07672465514734066,6.710428056737676e-06,7.629346558447346e-05,2.8986572538870643e-05,0.00136933413481174,0.0001652370767887848,-0.001056949992251117,0.00024494838041255474,0.0001755067768787391,0.00036111463871318797,0.001531015717892148,5.730583863271558e-05,-0.00106635772199878,0.014909024807236436
1781506131.939954,-0.041897666603922634,0.7815242529748777,0.3822859055876333,-0.05014806024967065,0.02040945921711046,-0.07686037891279181,-0.04190374252802259,0.7815426678841136,0.38228723898683303,-0.05038006860583995,0.020386686447699365,-0.07672465514734066,1.0725649602841638e-05,5.1017587991228525e-05,2.0095028787451145e-05,0.0014890067460094547,3.354803858037286e-05,-0.0007822590914595459,0.0002651996198815329,0.0001119247004112503,0.00024354932978254944,0.0010721867528161839,0.0006538706602598418,-0.0014679892462252785,0.01943717287214977
1781506131.9499714,-0.04189782007202104,0.781520154592802,0.382285039242845,-0.05012841638279759,0.020401334549908334,-0.07684696049630059,-0.041901022833496004,0.7815440107920489,0.3822874643075731,-0.05031699869983981,0.020378575887761263,-0.07671960243087349,1.3813056790445467e-05,3.008034741196387e-05,1.2702511760921375e-05,0.0015379155530213942,-6.60385085391773e-05,-0.000555029205478126,0.00012611712586392616,4.3316780076042095e-05,0.00014887969342097018,0.0006250054083218738,-7.255604770009614e-05,-0.0011802804441517186,0.024192082641035333
1781506131.9599535,-0.04189817453161301,0.7815177597960642,0.382287299928759,-0.050098083839061516,0.02039060692397321,-0.07680562190878558,-0.041901022833496004,0.7815440107920489,0.3822874643075731,-0.05031699869983981,0.020378575887761263,-0.07671960243087349,1.76232629826092e-05,2.59843335999476e-05,2.5601052824399586e-05,0.0016919588751260102,-0.00019839334440112234,-4.9667232656962906e-05,0.00015157395304271585,6.224811866722811e-05,-5.3655275273082256e-05,0.000468478961172113,0.0020261056318388398,-0.002487851812829401,0.02640557960360447
1781506131.9699297,-0.04190177172154348,0.781513862747831,0.3822915611815625,-0.050071012423607474,0.020366094468817986,-0.07680305545649597,-0.041901022833496004,0.7815440107920489,0.3822874643075731,-0.05031699869983981,0.020378575887761263,-0.07671960243087349,5.759025410383482e-06,1.0931840660657944e-05,5.046958788709714e-05,0.0018022159410465838,-0.000445404768249839,-2.9663136035864848e-05,-5.8382112247363366e-05,-2.1186299814201714e-05,1.222258656188254e-05,0.00017442477639797904,0.0005608057677961103,-0.001338666830213676,0.03043435197209368
1781506131.979953,-0.041904789883786875,0.7815106611642174,0.38229518010963226,-0.05004989772218426,0.020345887137595886,-0.07680089045104667,-0.041901022833496004,0.7815440107920489,0.3822874643075731,-0.05031699869983981,0.020378575887761263,-0.07671960243087349,-3.838238687007208e-06,-1.2904140703574233e-06,6.979387925366014e-05,0.0018354963196280537,-0.0006182899589382271,-1.3861300425895263e-05,6.453676575714028e-05,-9.31505644505993e-05,-0.00013322387156965303,0.00036480527462688883,0.0005970102290635423,-0.001228740154678626,0.03443721745163668
1781506131.9899535,-0.04190730016807466,0.7815080574620896,0.3822982374992665,-0.0500338241401079,0.020329458628743913,-0.07679908538375815,-0.041901022833496004,0.7815440107920489,0.3822874643075731,-0.05031699869983981,0.020378575887761263,-0.07671960243087349,-1.1494030260477789e-05,-1.108576117481898e-05,8.442254223711213e-05,0.001810189687827985,-0.0007309025758996757,-1.6409877684108353e-06,-9.781107237279655e-05,7.803701563572087e-05,0.000190527139835674,0.0008533877419912343,0.0007380470986695731,-0.0007062265416879942,0.03805402112574402
1781506131.9999511,-0.04190936825260208,0.7815059640716329,0.3823008054422361,-0.050021967666805126,0.02031631116319499,-0.07679759933453224,-0.04189437790112166,0.781546631434318,0.3822928531946993,-0.05028346058235423,0.0204180927737998,-0.07679759364970482,-1.749425316272971e-05,-1.8808734999415633e-05,9.509632080705452e-05,0.001741678496711166,-0.0007952725115324691,7.561029231809428e-06,-8.432240799211104e-05,0.00015111416808614577,0.00035031238032965755,0.0014067088002958175,-0.00015214371558595755,-0.0001802903784001556,0.04406566992749541
1781506132.0099518,-0.04191105413133405,0.7815043030588712,0.38230294810436405,-0.050013595467605095,0.02030598195880562,-0.07679639293718776,-0.04189437790112166,0.781546631434318,0.3822928531946993,-0.05028346058235423,0.0204180927737998,-0.07679759364970482,-2.2089401066985105e-05,-2.477020527297926e-05,0.00010245997673619991,0.0016426709244171112,-0.0008217338828304503,1.4249446550331008e-05,-0.00012824352458446693,5.7257184649895835e-05,0.00012255973245338487,0.0014822456292916866,-0.0003705839116871151,0.0001787938095101848,0.046601450870151086
1781506132.0199492,-0.04191191060759625,0.7815139531283108,0.38230550801784025,-0.04995638795378873,0.020274635502831595,-0.07671603739086111,-0.04189437790112166,0.781546631434318,0.3822928531946993,-0.05028346058235423,0.0204180927737998,-0.07679759364970482,-7.81609948349161e-06,6.333806323845533e-05,0.00011069679085576202,0.0020700817901074427,-0.00111762276575244,0.000871565001243438,6.170109971187585e-05,0.00014648759590123154,0.00030042880253518766,0.002199758508933697,0.0002455343288636305,-0.00033608382266285325,0.039184333968450245
1781506132.0299594,-0.04191250822094279,0.7815223923635747,0.38230763025326425,-0.049910191099515035,0.02024925242257325,-0.07664930336884247,-0.04189437790112166,0.781546631434318,0.3822928531946993,-0.05028346058235423,0.0204180927737998,-0.07679759364970482,3.7411617420039643e-06,0.00013326645814022508,0.00011590644335480529,0.0023336650978406258,-0.0013087246353738508,0.0014900658614614604,1.7605329437328042e-05,0.000127217362165591,0.0002587007636399277,0.0019432893069607194,-0.0009948488528339083,0.0005072530579889986,0.03368386122684112
1781506132.0399685,-0.04191288526895066,0.7815297584735107,0.3823093739170626,-0.04987350826522056,0.020229033065803703,-0.07659460180281082,-0.04189437790112166,0.781546631434318,0.3822928531946993,-0.05028346058235423,0.0204180927737998,-0.07679759364970482,1.2971616452355886e-05,0.0001877144748257079,0.0001186199601897257,0.00246728232175782,-0.0014160834881811594,0.0019127007902134583,0.00017550347487213657,9.77901186629069e-05,0.00023173550625835558,0.0023443053252886047,-0.0011294802830529459,-5.777874807383766e-05,0.03000256218672889
1781506132.0499558,-0.041913078304710166,0.7815361716116035,0.38231079149687935,-0.04984495775304206,0.0202132367402601,-0.07655041280163982,-0.041891809291126625,0.781552566267102,0.38230554767747005,-0.05018714946894477,0.02040282110250824,-0.07679743488340822,2.0217214127781437e-05,0.00022904534783219264,0.00011929526331499875,0.002499862407240346,-0.001457758821632381,0.00217701125575311,0.00012400249801177717,0.00012576412760291415,0.0002642042939216072,0.0019413953180884346,-0.0013844256896704387,0.0003264629348053882,0.02736152974030181
1781506132.0599554,-0.041913121321996136,0.7815417372671271,0.38231192944449977,-0.04982328178884421,0.020201187239824447,-0.07651530988754424,-0.041891809291126625,0.781552566267102,0.38230554767747005,-0.05018714946894477,0.02040282110250824,-0.07679743488340822,2.577761278450289e-05,0.00025932242592858253,0.00011832578641881218,0.002455846617366548,-0.0014490796941934473,0.0023154596029792206,8.13534554657791e-05,-6.507289038188048e-05,-8.181700497613786e-05,0.0012857997541647114,-0.0016918487793965728,0.000656361345747214,0.024742612042024437
1781506132.0699544,-0.041913033082354265,0.7815399901425736,0.3823114062499075,-0.049857085918570916,0.020199141593959746,-0.07656564960561175,-0.041891809291126625,0.781552566267102,0.38230554767747005,-0.05018714946894477,0.02040282110250824,-0.07679743488340822,2.3321836974432906e-05,0.0002162446735270624,0.00010812757556368596,0.0018297963092101456,-0.0012858170623407444,0.0015128035176052964,-0.0001532594828203718,0.00022443786635694752,0.0004536102504320022,0.001923979691463302,-0.0012920680488238989,0.0007190608376781406,0.02535608592101554
1781506132.0799544,-0.041912879215076936,0.781538447163668,0.38231089194758383,-0.04988722777731342,0.020198529427327472,-0.07660943598833996,-0.041891809291126625,0.781552566267102,0.38230554767747005,-0.05018714946894477,0.02040282110250824,-0.07679743488340822,2.1054894730789877e-05,0.00017892297084717054,9.857063951376275e-05,0.0013106285976226342,-0.0011282955478923607,0.0008699928819853775,1.2573247882876558e-05,0.00012951466744730926,0.00026254793775723,0.001960402663545286,-0.0009799269007711353,0.0005205096918399786,0.02592010802639305
1781506132.0899584,-0.04191268189326299,0.7815370706473121,0.3823103923008341,-0.04991380055978515,0.020199008240951555,-0.0766471137209479,-0.041891809291126625,0.781552566267102,0.38230554767747005,-0.05018714946894477,0.02040282110250824,-0.07679743488340822,1.8968267464580765e-05,0.00014669497421638652,8.96495977444427e-05,0.0008857561628655491,-0.000979386961110177,0.0003645440234802201,-6.38420830780262e-05,0.0002813349616787181,0.0005526603604315578,0.0022310385003535727,-0.0020274938957828715,0.0014279389796771778,0.026443338067542746
1781506132.0999513,-0.04191245881097627,0.7815358315380025,0.3823099115755513,-0.04993697178271021,0.020200291536849768,-0.07667918317566437,-0.04189052860051257,0.7815617933707018,0.38232380460409,-0.05008343936086648,0.020336338494485462,-0.07675704050975016,1.705283190740517e-05,0.00011896442948935084,8.135207348874805e-05,0.0005431664494269342,-0.0008410074155696974,-2.414915842072245e-05,-0.00023339624144537996,0.0003745516276109517,0.0006718994320388174,0.0027582720086644654,-0.0012896562119453904,0.0017654413804833707,0.036714671863731854
1781506132.10995,-0.04191222382514984,0.7815347076195495,0.3823094528024586,-0.04995696006578529,0.020202142612551377,-0.07670617275832581,-0.04189052860051257,0.7815617933707018,0.38232380460409,-0.05008343936086648,0.020336338494485462,-0.07675704050975016,1.5299094971555357e-05,9.519569256379723e-05,7.36602304105064e-05,0.0002716064159616515,-0.0007143044736674026,-0.0003147219477395597,-0.00015137972398007732,0.00024066744058172523,0.00014481314131595024,0.0019506543753551099,-0.0012602636555969944,0.0018560820450463876,0.037553893241747315
1781506132.1199508,-0.041910704429012846,0.7815370278922266,0.3823084816923333,-0.04991982766200627,0.02020984493066824,-0.07669834550964026,-0.04189052860051257,0.7815617933707018,0.38232380460409,-0.05008343936086648,0.020336338494485462,-0.07675704050975016,2.1987903463099907e-05,0.00012139838831328771,6.18980939699262e-05,0.0006456047043507725,-0.0005566057224728196,-0.00019084132868478672,-0.00040880153718669636,0.00026371227877792776,0.00020520977439780744,0.0021397865238407003,-0.0007809117820182242,0.0022802771133117222,0.03542858456785308
1781506132.1299496,-0.0419093783369915,0.7815390370132002,0.3823076094319582,-0.04988918576147046,0.020216842278329095,-0.07669161245471683,-0.04189052860051257,0.7815617933707018,0.38232380460409,-0.05008343936086648,0.020336338494485462,-0.07675704050975016,2.7078890279616277e-05,0.00014089496814008435,5.1671454919261834e-05,0.0009081571199638313,-0.00042321101555476185,-9.279909740704919e-05,-0.000157570802572338,0.0001905910342643511,0.00031080030475682694,0.002077505708499106,-0.00023422441003174274,0.0014210357065212325,0.03369640889537874
1781506132.139949,-0.04190822822956172,0.7815407786359796,0.38230682732328863,-0.04986424573454518,0.020223119910723675,-0.076685883546939,-0.04189052860051257,0.7815617933707018,0.38232380460409,-0.05008343936086648,0.020336338494485462,-0.07675704050975016,3.082268078073839e-05,0.00015476101668382476,4.280705384957238e-05,0.0010800201121081562,-0.0003116780233555609,-1.6800085440766036e-05,2.0860598510699287e-05,0.0001885797622929121,6.824783665191975e-05,0.0008112845469174498,-0.0007146503625235527,0.0008288507900756894,0.03229743035178615
1781506132.1499534,-0.04190723741387478,0.781542288141906,0.3823061273695789,-0.04984426061135889,0.020228686475018298,-0.0766810638353586,-0.04190126019195345,0.7815743550271907,0.3823446431078791,-0.04997156394440572,0.02029536542254129,-0.07667206591536674,3.343754062172683e-05,0.0001639313289650393,3.514854182051253e-05,0.001179228209985508,-0.0002195783408216923,4.060260818915687e-05,-4.599051993195777e-06,0.000172242130186511,2.641769212181588e-05,0.0008561502954777954,-0.0006450028553387617,0.0003342010325899456,0.05047251143514628
1781506132.15995,-0.04190034792072547,0.7815282912164736,0.3822960945321418,-0.04978214129379083,0.020237769170967645,-0.07662476281116504,-0.04190126019195345,0.7815743550271907,0.3823446431078791,-0.04997156394440572,0.02029536542254129,-0.07667206591536674,7.478468725073529e-05,9.19856646005253e-05,-3.292139356082809e-05,0.0017162158923776619,-0.00012716849337145408,0.0006548586323648302,5.712622271665919e-05,6.96430905282475e-05,0.0001408558708344728,0.0006823694498590611,-0.0006373285956658231,0.0001033966545983461,0.06693034515596108
1781506132.1699514,-0.0418944634589364,0.7815164203928779,0.38228749600751943,-0.04973148116116865,0.02024549283114907,-0.076578014848806,-0.04190126019195345,0.7815743550271907,0.3823446431078791,-0.04997156394440572,0.02029536542254129,-0.07667206591536674,0.00010702946857553758,3.306406503973796e-05,-8.714896269376043e-05,0.0020715855609273054,-5.444534927627015e-05,0.0010971737192257034,0.00012269776222434439,-8.48565691140892e-05,-8.168350358932502e-05,0.0006091837947143067,0.0001237204259655409,-0.0005164048892421302,0.0816603239779202
1781506132.1799583,-0.04188946205968921,0.7815064161906045,0.38228015751696687,-0.049690793804669384,0.020251987383147263,-0.07653970436431405,-0.04190126019195345,0.7815743550271907,0.3823446431078791,-0.04997156394440572,0.02029536542254129,-0.07667206591536674,0.00013155854129008165,-1.465556846655817e-05,-0.00012957713347342277,0.0022811474456241325,1.535925189249097e-06,0.001398552137697209,0.0001375817130674277,9.625326659503937e-05,0.0003228535691858226,0.0010720087686502142,-0.00012719147405622003,-0.0005010549236684744,0.09441013121969577
1781506132.1899533,-0.04188523438919135,0.7814980418590469,0.3822739233949609,-0.04965869250708599,0.020257383676176577,-0.07650876451597452,-0.04190126019195345,0.7815743550271907,0.3823446431078791,-0.04997156394440572,0.02029536542254129,-0.07667206591536674,0.00014958284202240508,-5.2777908159357835e-05,-0.00016199545603534356,0.002375724126532423,4.344023015517345e-05,0.001586082102446809,0.00022450044845480073,-1.964307871675507e-05,6.7029867997244886e-06,0.0009052677560490582,-0.0005625310267939511,-0.0005967535064225973,0.10527014667770418
1781506132.199953,-0.04188168266047052,0.7814910829698855,0.3822686548431203,-0.0496339032075523,0.020261809693014277,-0.07648419418691484,-0.041896032120819604,0.7815758635671235,0.3823490387116216,-0.04992945980390893,0.02028172348222612,-0.07668382161266205,0.0001621569002526305,-8.271274928987917e-05,-0.0001859673681240219,0.002381557400332176,7.364973390845507e-05,0.0016831761964032695,0.00010985120841826816,-4.7197326505967705e-05,-5.931749064930699e-05,0.0006539989506470543,-0.00012927754221988741,-0.00034121763019215095,0.11770821124964263
1781506132.209957,-0.041878719614870434,0.7814853466391444,0.38226422832249174,-0.04961527113210992,0.020265387789992095,-0.07646506891113522,-0.041896032120819604,0.7815758635671235,0.3823490387116216,-0.04992945980390893,0.02028172348222612,-0.07668382161266205,0.00017019632404245528,-0.00010569558155635883,-0.0002028549801832312,0.0023207385223451833,9.42695258177296e-05,0.001709852120027261,7.550173761885094e-05,0.0001777709010629533,0.00034514389767018977,0.0014348611087157417,-0.0003818260863895485,-0.0001172176005313527,0.12524312043932956
1781506132.2199597,-0.04187957165365114,0.7814831137589231,0.3822661404113397,-0.0496902990413625,0.020259028751856478,-0.0764810074673623,-0.041896032120819604,0.7815758635671235,0.3823490387116216,-0.04992945980390893,0.02028172348222612,-0.07668382161266205,0.00015374947913024124,-0.00014810274407292662,-0.00017586379930885113,0.001251824781668219,2.3281033913500815e-05,0.0013459898630947677,-7.742541839280383e-05,0.0001890820647530874,0.00036443320715440653,0.0024397272105913443,-0.0002239077325334837,0.0005007605998363089,0.12548148106491386
1781506132.2299688,-0.041880382626735484,0.7814812717794861,0.38226787764912834,-0.049754578497968195,0.02025359690915396,-0.07649564639258037,-0.041896032120819604,0.7815758635671235,0.3823490387116216,-0.04992945980390893,0.02028172348222612,-0.07668382161266205,0.00013859823157818155,-0.0001802694634686924,-0.00015196763104454198,0.0004166577922367912,-3.054181685680872e-05,0.0010365170459830473,-0.00041390215584337803,0.00010565634797486236,0.0001823697613802829,0.002585483738468768,-0.0001848668446568849,0.001957761623499869,0.1256170013117746
1781506132.2399704,-0.04188115071997426,0.7814797403251095,0.3822694538670227,-0.04980904499973267,0.02024900845400568,-0.07650891090152874,-0.041896032120819604,0.7815758635671235,0.3823490387116216,-0.04992945980390893,0.02028172348222612,-0.07668382161266205,0.00012467903649390657,-0.00020380784506141713,-0.00013085884452559293,-0.00022050980610102688,-7.003068042506607e-05,0.0007762674456841029,-0.0004055256576645195,9.206661801610003e-05,0.0001225200614458632,0.0032804647911297597,0.00035862221873565747,0.0023747529953532663,0.1256776879013906
1781506132.2499602,-0.04188187499097361,0.7814784577413313,0.382270881868742,-0.04985466809290012,0.020245177533362746,-0.07652078257193845,-0.04190601823517892,0.7815791323137259,0.3823548978137671,-0.049817381180063784,0.020291449989439325,-0.0766255148178348,0.00011192527038810444,-0.0002201213735203029,-0.00011225516299601377,-0.000691882101878982,-9.769934779863425e-05,0.0005600228278736289,-0.00037205728993640395,-0.0001665807737442148,-0.0003442713814556567,0.002231604374616276,-0.0005857900723493023,0.002792053281850659,0.13333020957777897
1781506132.2599504,-0.04188255520704238,0.781477377020276,0.3822721735271719,-0.049892416294716184,0.020242019097829855,-0.0765312857167125,-0.04190601823517892,0.7815791323137259,0.3823548978137671,-0.049817381180063784,0.020291449989439325,-0.0766255148178348,0.00010026868254371618,-0.00023042827488257658,-9.589824003065862e-05,-0.0010261268112388188,-0.00011575469480453071,0.00038266882148689567,-0.0004118135873401739,-0.000714552456950655,-0.001565920262348807,0.00029568700215102577,-1.8210523966248865e-05,0.002795361770132519,0.1332214735960155
1781506132.2699504,-0.041886611936221986,0.781479229466215,0.38227280193764357,-0.0499388758821962,0.02025700667334629,-0.07659822532416508,-0.04190601823517892,0.7815791323137259,0.3823548978137671,-0.049817381180063784,0.020291449989439325,-0.0766255148178348,5.7679313425115296e-05,-0.00022399359098376222,-8.44792088135305e-05,-0.001406508401814924,9.675797432622087e-05,-0.0003806647618133107,-0.0002184492992969068,-0.0009798935210720797,-0.001499593085693601,0.00016301143585316832,9.046925483293697e-05,0.002025273089583577,0.13075517678656579
1781506132.2799473,-0.0418901636239512,0.7814807962614752,0.38227339547147166,-0.04997665462254219,0.020269539255196367,-0.07665417428150402,-0.04190601823517892,0.7815791323137259,0.3823548978137671,-0.049817381180063784,0.020291449989439325,-0.0766255148178348,2.2758855847735775e-05,-0.0002159897732707954,-7.424187977156229e-05,-0.001653015483287634,0.0002533414588049843,-0.0009421839084071738,-0.00010019374577296977,-0.0008636994655170176,-0.0012989187857324958,-0.0008132424428850587,0.0002536138110968407,0.0013286301400599152,0.1287011253605904
1781506132.289953,-0.04189327007362183,0.781482108056208,0.3822739539358498,-0.05000689482711176,0.02027988982987705,-0.0767003567303467,-0.04190601823517892,0.7815791323137259,0.3823548978137671,-0.049817381180063784,0.020291449989439325,-0.0766255148178348,-5.562727780747741e-06,-0.00020682771355651233,-6.508290686364649e-05,-0.0017924673587895194,0.00036373211310607785,-0.0013371202798158964,0.00015593960197157332,-0.0005123425731500552,-0.0006491927699551037,-0.0006017206011139358,-0.0002479331391913003,0.00036045507272968645,0.12699658870329875
1781506132.2999563,-0.04189598311237808,0.7814831960359228,0.38227447740311643,-0.0500306587772279,0.020288322546632376,-0.07673795724133858,-0.04191290913075263,0.781546507161198,0.3823032763228435,-0.0498048146204117,0.020285517779350837,-0.07653800138643627,-2.822804934486127e-05,-0.0001968519408589116,-5.6905662795484456e-05,-0.0018478892171307193,0.0004364896999179905,-0.0015964315282243652,0.00027276789248041584,-0.00039932810186053125,-0.00013974686844220736,-0.00014304918609998695,-9.905753394268632e-06,-0.000288472184062178,0.07158328337733327
1781506132.309957,-0.04189854623897095,0.7814861881870505,0.38227311945704795,-0.05002201737771805,0.020290945219535228,-0.07673922994197144,-0.04191290913075263,0.781546507161198,0.3823032763228435,-0.0498048146204117,0.020285517779350837,-0.07653800138643627,-4.382229759553539e-05,-0.00016086544308371016,-6.215043194548988e-05,-0.0015515342033200156,0.00041812945773166,-0.0014345901066390061,7.6570990140581e-05,-0.00019267047650913283,0.0005210289934185718,0.0003157104373593535,0.0006086699926648539,-0.0005465664756717179,0.0689500388480561
1781506132.3199534,-0.04190075897122351,0.7814887538190414,0.38227199400592204,-0.05001329747942274,0.020292833601181615,-0.07673896525158425,-0.04191290913075263,0.781546507161198,0.3823032763228435,-0.0498048146204117,0.020285517779350837,-0.07653800138643627,-5.5785668418269846e-05,-0.00012993812031526555,-6.557328273176511e-05,-0.0012870158807826116,0.0003929280604845197,-0.0012740588217691308,0.00015607427015125943,-4.057364844690266e-05,0.0005261035057662019,-5.414665044938834e-05,0.00018563757976367164,-0.0007481953357177303,0.0667956455079089
1781506132.3299477,-0.04190266051971955,0.7814909538889322,0.3822710689586441,-0.05000475744546726,0.020294120082357647,-0.0767375559024468,-0.04191290913075263,0.781546507161198,0.3823032763228435,-0.0498048146204117,0.020285517779350837,-0.07653800138643627,-6.468268026626442e-05,-0.00010346404799827187,-6.749017537465845e-05,-0.0010535922594755547,0.0003632904852560826,-0.0011189034462467985,0.0002879852600398485,-0.0003079778353017079,6.1289616684505e-05,-0.0010125683630816125,-1.0342748243931553e-05,-0.0012209128525594599,0.06502702819765717
1781506132.3399475,-0.04190428628218692,0.781492840771772,0.38227031607148904,-0.04999658593814436,0.020294920340771405,-0.07673532748631241,-0.04191290913075263,0.781546507161198,0.3823032763228435,-0.0498048146204117,0.020285517779350837,-0.07653800138643627,-7.100536727952987e-05,-8.090037896235552e-05,-6.817383627511188e-05,-0.0008498562544566062,0.0003311401710597476,-0.0009720231498174601,0.00023610841404610424,-9.376195415886151e-05,0.0001839457371160754,-0.0007783262075463113,-0.00047125203413658946,-0.0013949242130813656,0.06356738975894442
1781506132.3499508,-0.04190566820418513,0.781494459365222,0.3822697105448172,-0.04998891422997081,0.020295334364693884,-0.0767325463764683,-0.04190137903661528,0.7815330390071129,0.38230660437502917,-0.04983959269040484,0.020275228959356406,-0.07657878412104127,-7.518134056532498e-05,-6.176178129307827e-05,-6.785882916413942e-05,-0.0006739409610469563,0.0002979870967253237,-0.0008353636537171683,0.0004511007832084669,-0.00032115777064758923,4.826899580246736e-05,-0.0011597398860557257,0.00021369019777719587,-0.0019556542873889952,0.05355315522529534
1781506132.3599515,-0.04190860380034357,0.7814944966173804,0.38227081968436755,-0.0499397207203077,0.020274863748855676,-0.07676212135581785,-0.04190137903661528,0.7815330390071129,0.38230660437502917,-0.04983959269040484,0.020275228959356406,-0.07657878412104127,-7.865136238687751e-05,-3.5134198639259697e-05,-5.771071761006354e-05,-5.6768606376653976e-05,5.8381472871037095e-05,-0.0010777298441240275,0.0004631845956179755,-0.00038057548535255694,-0.0006072112827524893,-0.0017223028083020227,0.00013690596309754905,-0.0020487014559196627,0.053087259328144794
1781506132.3699474,-0.041907859883566746,0.781492543899795,0.38227280240372885,-0.04992758643561591,0.020247168855054953,-0.07670863130313843,-0.04190137903661528,0.7815330390071129,0.38230660437502917,-0.04983959269040484,0.020275228959356406,-0.07657878412104127,-5.434749962605121e-05,-4.137910465611063e-05,-4.180794923676196e-05,7.007027242801004e-05,-0.00027910181646007416,-0.00039205914454545356,0.0002174466580919008,-0.00017041075185308033,5.638855057741205e-05,-0.0004197448946538388,0.00047572198256559884,-0.0018238045413853639,0.05314535123309503
1781506132.379956,-0.041907134986878584,0.781490905184212,0.38227452431683284,-0.04991743877817137,0.020224148470347147,-0.07666329492080415,-0.04190137903661528,0.7815330390071129,0.38230660437502917,-0.04983959269040484,0.020275228959356406,-0.07657878412104127,-3.4148373096467945e-05,-4.586803227522491e-05,-2.8511884568834493e-05,0.00016318953998020814,-0.000524326453386338,0.00013242233412089782,-4.84243497371239e-05,-0.0002342216875269202,-0.00033314606067854594,-0.0005469263531643599,0.00019221025157946592,-0.0011682090920132101,0.05326837832667889
1781506132.3899603,-0.041906427138048326,0.7814895415438702,0.3822760147737385,-0.049909057199413166,0.020205260756343657,-0.07662530872577318,-0.04190137903661528,0.7815330390071129,0.38230660437502917,-0.04983959269040484,0.020275228959356406,-0.07657878412104127,-1.7500362054149334e-05,-4.8890428309475155e-05,-1.7476886291873852e-05,0.00022849461444320303,-0.0006937124367835144,0.0005217737208605586,8.231580366700123e-05,-4.376221020675421e-05,-2.3892811855069243e-05,-8.08482575183552e-05,0.0003134297765003904,-0.0011591977920963556,0.05341569379640875
1781506132.3999517,-0.04190573713374894,0.7814884175032722,0.38227730036288043,-0.04990222814850796,0.020189986591887088,-0.07659386951452211,-0.041891903772151684,0.7815215550605306,0.3822930410994856,-0.049890104302719666,0.020290529779991573,-0.07665862174348709,-3.9140383902394976e-06,-5.069723533349354e-05,-8.396836042396661e-06,0.0002711716518750905,-0.0008016386025490838,0.0007992191134001691,1.4710363875189382e-05,-0.0002131185156675585,-0.0006328038830843955,-0.0010380798061290406,0.0005565086773347823,-0.0010192482949541804,0.039207529672259475
1781506132.4100308,-0.04190506746410284,0.7814875009516203,0.38227840509998834,-0.04989674915948269,0.020177838088323075,-0.07656819627687952,-0.041891903772151684,0.7815215550605306,0.3822930410994856,-0.049890104302719666,0.020290529779991573,-0.07665862174348709,7.04229232895688e-06,-5.1505306056071277e-05,-1.0012190402069143e-06,0.00029572591126680344,-0.0008605608301651815,0.0009852227104197133,0.00010600368410338746,-0.00018624719320358004,-0.00045789285049012266,-0.0006328842041157449,0.00037165112634267826,-0.0009279878773328005,0.03933417853136619
1781506132.4199586,-0.041907744105164756,0.7814876562662689,0.3822743706345806,-0.04976725255898601,0.020166374148007815,-0.07656087769902459,-0.041891903772151684,0.7815215550605306,0.3822930410994856,-0.049890104302719666,0.020290529779991573,-0.07665862174348709,-5.78543213001985e-07,1.2382781166416645e-05,-2.9968126815834508e-05,0.0016755491700022223,-0.0008955958273065601,0.000951207448015886,-0.00013357391133844455,-0.0001808584217619925,-0.0002915405116172344,-0.00042825443894855094,-8.875722688501077e-05,-2.4559230144822924e-05,0.04181663140577489
1781506132.429948,-0.04190994599544644,0.7814880449755615,0.38227091020841164,-0.04965989157657992,0.020157508621650777,-0.07655563708999148,-0.041891903772151684,0.7815215550605306,0.3822930410994856,-0.049890104302719666,0.020290529779991573,-0.07665862174348709,-6.6890146557770885e-06,6.351351994284023e-05,-5.284225609371191e-05,0.0026635393517438727,-0.0008973365950281186,0.000899679416517036,2.3795064129514556e-05,7.806888073835525e-05,-0.00010708806304252976,0.00011462136668941031,-0.00036408760028315963,6.42219875270098e-05,0.044025264971162
1781506132.4399536,-0.041911737469989135,0.7814886446928377,0.38226795331942054,-0.04957205478434119,0.020150833058751427,-0.07655209645162783,-0.041891903772151684,0.7815215550605306,0.3822930410994856,-0.049890104302719666,0.020290529779991573,-0.07665862174348709,-1.1509580471661983e-05,0.00010375512351277878,-7.053542792576438e-05,0.0033308983723464797,-0.0008740821897718792,0.0008364412293767141,3.531229219432187e-05,-0.00014844473451365475,-0.000265492170142965,-0.00024912444545667327,-0.0006143041746918827,0.00030762504050449305,0.04588970015347638
1781506132.449955,-0.041913176939354535,0.7814894241975721,0.3822654374683804,-0.049501251110940274,0.020145981362479803,-0.0765499261484967,-0.04189254491268746,0.7815173590960801,0.3822867648577671,-0.04989343651909905,0.020284162802501893,-0.07666871193626593,-1.5233563217479922e-05,0.0001347453197076953,-8.384527576379877e-05,0.0037397519485883463,-0.000832735321792034,0.0007661608497843609,0.00017516540724066818,0.00011514646216668568,-7.651770827707975e-05,0.0002898279131423189,-0.0015162744011703228,0.0006549674196978589,0.04075409939010269
1781506132.4599519,-0.04191431692161639,0.7814903477324243,0.3822633072707025,-0.04944514784784891,0.020142629219731756,-0.07654884177781197,-0.04189254491268746,0.7815173590960801,0.3822867648577671,-0.04989343651909905,0.020284162802501893,-0.07666871193626593,-1.8030051872538212e-05,0.000157916057186629,-9.346765949422631e-05,0.003943724761173853,-0.0007789634394946148,0.0006925283805202937,0.00017044339520853224,2.5469072435546635e-05,3.6861078795702905e-05,0.0009299586329348071,-0.0008675213053487263,0.0004109012563959049,0.04187950011925559
1781506132.469955,-0.04192005620330556,0.7814865210528775,0.3822685165696245,-0.04942136352948767,0.020121245891236095,-0.07659205885427281,-0.04189254491268746,0.7815173590960801,0.3822867648577671,-0.04989343651909905,0.020284162802501893,-0.07666871193626593,-4.395294275370773e-05,0.00013393778820557258,-5.4742697856826646e-05,0.0037823361447815456,-0.0009037831192751536,0.00013426197283437067,-5.989726076300392e-05,0.00019255164911748243,0.00035663016113127437,0.0013926661898996384,-0.0017906997400234704,0.0012007371674569512,0.045175834692589005
1781506132.4799504,-0.04192485118017987,0.7814834387159433,0.3822730000901249,-0.04940483464167426,0.02010408333934155,-0.07662857244394003,-0.04189254491268746,0.7815173590960801,0.3822867648577671,-0.04989343651909905,0.020284162802501893,-0.07666871193626593,-6.42062151752034e-05,0.00011299154985120213,-2.2961692756705888e-05,0.003557878329438131,-0.000972575093697712,-0.00028770090911815565,0.0001785479920557551,-1.531999446758892e-05,1.45429129757539e-05,0.0015452164008889478,-0.0017756977011691994,0.000976145227055089,0.048823723087882465
1781506132.4899478,-0.04192882679482386,0.7814809826260599,0.38227684467180284,-0.049394194566540414,0.020090552938793582,-0.07665906376764615,-0.04189254491268746,0.7815173590960801,0.3822867648577671,-0.04989343651909905,0.020284162802501893,-0.07666871193626593,-7.965144058619391e-05,9.474475438958792e-05,2.8421928590536995e-06,0.0032923094145391628,-0.0009975024221645374,-0.0005959864894015889,-0.00014130403274653533,-8.073864509973502e-06,0.00026136945437578267,0.0022043428549826287,-0.0010553514557915765,0.0012903483815451685,0.05232621362238201
1781506132.4999208,-0.04193209521762283,0.7814790491103878,0.3822801281925382,-0.04938825812157503,0.02008011427609868,-0.07668420812663508,-0.041894880194868866,0.7815234757170428,0.3822961302982468,-0.04981343921761629,0.020230853661630466,-0.0766166451680604,-9.10411882526033e-05,7.889620463478199e-05,2.3520845992214154e-05,0.0030032070591638014,-0.0009888796596465692,-0.0008106593423052651,-0.00015824560994245852,0.00038673051696203503,0.0004266987749215522,0.003396636282867973,-0.00014562292477667108,0.0007883392651933997,0.060122780080170274
1781506132.5099578,-0.04194797426693746,0.7814012998865336,0.37978076370756897,-0.049384302112104206,0.020076478627850003,-0.07661964824686757,-0.041894880194868866,0.7815234757170428,0.3822961302982468,-0.04981343921761629,0.020230853661630466,-0.0766166451680604,-9.90309875973526e-05,6.517371936401872e-05,3.9823080556342875e-05,0.002704385689372895,-0.0009553538785202769,-0.0009493154991639385,0.00019946097149240848,0.00047664008300214256,0.0005939494659074384,0.004052974361162036,-0.0009339511202072999,0.00030554136780350054,2.5188916212388968
1781506132.5199535,-0.040736792269539,0.781294578981434,0.3793025035435826,-0.0494892193221724,0.020055898429414354,-0.07656890834778773,-0.041894880194868866,0.7815234757170428,0.3822961302982468,-0.04981343921761629,0.020230853661630466,-0.0766166451680604,-7.059076745227086e-05,7.603167431212959e-05,6.965688692238967e-05,0.0012526720309580163,-0.0011029222685163106,-0.0003036306715431691,0.00012652054285598155,0.00026842329909417537,-1.4046772049380116e-05,0.003949951288629104,-0.00021895174247969188,-0.0002808335892190586,3.2179749073926116
1781506132.5299516,-0.04073460396313428,0.7813029482228229,0.379306522060492,-0.04957860994051796,0.020039618376876733,-0.07652600092603032,-0.041894880194868866,0.7815234757170428,0.3822961302982468,-0.04981343921761629,0.020230853661630466,-0.0766166451680604,-4.6865265569174046e-05,8.378475052182017e-05,9.272404222523477e-05,0.0001306660127833514,-0.0011832988920968542,0.00018847696021114955,0.00012194035225885436,0.000178533110799384,-0.00015370780679176103,0.004401133136674642,-0.0005298458649950832,-0.0007681964500394431,3.214440966153596
1781506132.5399604,-0.039523796690542845,0.7811934220918763,0.3788269940408084,-0.049653920017738884,0.020027005140690557,-0.07649013716498451,-0.041894880194868866,0.7815234757170428,0.3822961302982468,-0.04981343921761629,0.020230853661630466,-0.0766166451680604,-2.7225239127435048e-05,8.894707409064443e-05,0.00011006682744273325,-0.0007135895987809934,-0.0012111312219249312,0.0005520424019429274,0.000267430475148686,-0.00012740911990007984,-0.0024041102195010763,0.005453760468185678,-0.0011953006121465895,-0.0007755031259715706,4.214958926566924
1781506132.549951,-0.03831316233580423,0.7810827191253802,0.37834695161227727,-0.04971661848545482,0.020017483959851035,-0.07646053309029562,-0.041887743510769626,0.781534300781592,0.38225940162492295,-0.04957306430823776,0.020221610124440126,-0.07662081588509007,-1.1113781762129095e-05,9.196419911331593e-05,0.00012259449134274173,-0.0013266272062402718,-0.001198832306796661,0.0008093425061804909,0.000337193926122756,4.085313312958163e-05,-0.006383012675733066,0.005777346661389203,-0.0013990489221708002,0.0010918750737478583,5.318723688075473
1781506132.559962,-0.03710269454501613,0.7809709785305694,0.37786645602534347,-0.049768151205910605,0.020010539679503836,-0.07643642984143048,-0.041887743510769626,0.781534300781592,0.38225940162492295,-0.04957306430823776,0.020221610124440126,-0.07662081588509007,1.9608865579640535e-06,9.322098629891083e-05,0.00013109796690118522,-0.0017496408950020562,-0.001156801259957451,0.0009799776505363088,0.0018836423979648636,-0.00031157209286158445,-0.009891672290329268,0.005181579226919296,-0.000521166628912328,0.0018069533836125359,6.520122437809012
1781506132.5699542,-0.03589238628384651,0.7808583315140661,0.3773855624339322,-0.04980990717373377,0.02000571589043143,-0.07641710817048332,-0.041887743510769626,0.781534300781592,0.38225940162492295,-0.04957306430823776,0.020221610124440126,-0.07662081588509007,1.2432032839503029e-05,9.304869675975855e-05,0.00013626318442897076,-0.002018697368970413,-0.0010936435851164124,0.001081006225655624,0.004529187003300976,-0.0009919181953387138,-0.013604670374871937,0.0015433827806864426,-0.00028604614019549907,0.0016880583933992022,7.756000979157771
1781506132.579956,-0.034675662010452704,0.7807426306688355,0.3768859185597986,-0.049874442393644594,0.02008494409488315,-0.07647485710147621,-0.041887743510769626,0.781534300781592,0.38225940162492295,-0.04957306430823776,0.020221610124440126,-0.07662081588509007,2.5254190189680403e-05,7.061547101125542e-05,2.5756310036233274e-05,-0.0024902868546690738,-7.903232478913345e-05,0.0003765596642062313,0.008289265099541988,-0.0024135276946870062,-0.017446461874205545,-0.0013823545123510523,-0.0009449501452785595,0.0027687537592481267,9.028575822676785
1781506132.5899565,-0.03346026430657839,0.7806263815837219,0.3763884882500503,-0.04992644605624196,0.020151634987503275,-0.07652378105437643,-0.041887743510769626,0.781534300781592,0.38225940162492295,-0.04957306430823776,0.020221610124440126,-0.07662081588509007,3.5227477635526216e-05,5.1711909937734706e-05,-6.32820004936117e-05,-0.002775465701612026,0.0006833520456491585,-0.00016155610893166402,0.014963301903387773,-0.0028100726368387573,-0.020215565611558472,-0.0029796528561319784,-0.0018744639414374478,0.0036054701369683216,10.310884872899884
1781506132.5999541,-0.033454742696820826,0.7806264748563064,0.37637616362038484,-0.049967636115731316,0.020207107078885622,-0.07656475282412858,-0.041476951916517735,0.7814556621922926,0.3815085191561506,-0.04952276423966839,0.020165213557945094,-0.07652169453613986,4.278739712868414e-05,3.588139621548474e-05,-0.00013395771853028774,-0.002913167562989742,0.0012358810084652301,-0.0005603185761751429,0.023704663339489198,-0.003155547867424234,-0.022965081451545324,-0.0034909218933306496,-0.0024086966744086167,8.194270190254034e-05,9.559522255230913
1781506132.6099548,-0.03224150314828169,0.7805094981413451,0.3758825049359097,-0.049999595900669255,0.02025265525982478,-0.07659864421772104,-0.041476951916517735,0.7814556621922926,0.3815085191561506,-0.04952276423966839,0.020165213557945094,-0.07652169453613986,4.8314137766222596e-05,2.271843108590573e-05,-0.00018899690719365497,-0.0029366008757258162,0.0016160468489866374,-0.0008437549269007746,0.029138071031268174,-0.0033047028543420004,-0.024712005422124882,-0.002197276909663732,-0.0034278321861646917,0.00044217386616529755,10.8554491555334
1781506132.6199496,-0.03096481358423936,0.780390760913247,0.37532503641731546,-0.050072086703153565,0.02026251794637135,-0.0766197596520816,-0.041476951916517735,0.7814556621922926,0.3815085191561506,-0.04952276423966839,0.020165213557945094,-0.07652169453613986,0.0004753564751349399,-1.9480704625707367e-05,-0.0006517224240976034,-0.0034027354063824278,0.0015586189740381725,-0.0009764436088862299,0.03257600039487543,-0.003994054882607635,-0.026256942510632167,-0.003790354621845973,-0.004469781552945842,0.0028801350787408656,12.242325180803734
1781506132.6299555,-0.029698193776167083,0.7802719382154406,0.3747784990406931,-0.05012991397472408,0.020269427435052556,-0.07663655314033868,-0.041476951916517735,0.7814556621922926,0.3815085191561506,-0.04952276423966839,0.020165213557945094,-0.07652169453613986,0.0008121513493541295,-5.31101975261044e-05,-0.0010149280611935455,-0.0036588510719139516,0.001472926553324909,-0.00104913826853689,0.036125976390532756,-0.004599776071917571,-0.024481384457506274,-0.004673490620232144,0.0008459975884952568,0.0007111732286207691,13.6173975684311
1781506132.6399527,-0.028440385625631438,0.7801530778009116,0.3742415440176002,-0.05017517142117105,0.020273935419993894,-0.0766496483537407,-0.041476951916517735,0.7814556621922926,0.3815085191561506,-0.04952276423966839,0.020165213557945094,-0.07652169453613986,0.0010722304500476844,-7.943409142960698e-05,-0.001293639626429358,-0.00375059638938383,0.0013684021058334788,-0.001074890725453191,0.03905340193743034,-0.005135756463474728,-0.023274356702069298,-0.0047706808293936035,0.001215109745115733,0.000979172222338628,14.981912909159895
1781506132.6499543,-0.027190267068569005,0.7800342220372409,0.37371296614385047,-0.050209771875228015,0.020276520896578942,-0.07665961391923062,-0.03973338891463385,0.7812301890197502,0.3802476229183245,-0.049735558977161635,0.020109036248290302,-0.0764814498198336,0.0012674287210991167,-9.955969613126124e-05,-0.0015009900607032864,-0.0037166734467825686,0.0012526285810920191,-0.0010647654185250463,0.04470837973695594,-0.005671653313044981,-0.024237602005161087,-0.005285558723997276,0.00397955110468938,-0.0006921245475910375,14.193730370436818
1781506132.659958,-0.025946839779227692,0.7799154071422085,0.37319169089471216,-0.050235440282215674,0.020277595303284768,-0.07666696162812613,-0.03973338891463385,0.7812301890197502,0.3802476229183245,-0.049735558977161635,0.020109036248290302,-0.0764814498198336,0.0014080690437090976,-0.0001144544688236902,-0.0016484263543691878,-0.003589520242136532,0.0011315955431785455,-0.0010280347913455797,0.0490850544735894,-0.005044495404479853,-0.023380570770702564,-0.002547932293896059,0.0007792004566029076,-0.0011542083642043315,15.5429651344368
1781506132.669953,-0.02584070911269827,0.7798991750397861,0.3732077055494518,-0.05026905654360912,0.020320552712918882,-0.07669966049682304,-0.03973338891463385,0.7812301890197502,0.3802476229183245,-0.049735558977161635,0.020109036248290302,-0.0764814498198336,0.0019805019893853896,-0.0002201476659215735,-0.0014341733751693224,-0.003557437185064379,0.0014943356353537666,-0.0012486911505825461,0.05007004752090206,-0.004721592318075005,-0.023668500785424373,-0.000812765203858221,0.0006997836785858503,-0.0019846775357097654,15.631333495723373
1781506132.6799533,-0.024542296274848732,0.7797680457733687,0.37273897385174504,-0.05029404081999487,0.02035537016819222,-0.07672594935249326,-0.03973338891463385,0.7812301890197502,0.3802476229183245,-0.049735558977161635,0.020109036248290302,-0.0764814498198336,0.0024149408186351813,-0.00030220583249553903,-0.0012440044027442324,-0.003436022150676465,0.0017252235333283315,-0.0013798363816116654,0.05135773873959601,-0.004000208834072316,-0.024392870930202655,0.0015313312938502435,0.004865765103897412,-0.0016987264573472428,17.00843817840183
1781506132.689953,-0.02325816394447916,0.7796388212046936,0.37226883763840085,-0.05031187323941039,0.020383135804743713,-0.07674671552548049,-0.03973338891463385,0.7812301890197502,0.3802476229183245,-0.049735558977161635,0.020109036248290302,-0.0764814498198336,0.00273309689493176,-0.00036425067081646487,-0.0010755790583350737,-0.0032509970407755755,0.001850998249032466,-0.001440325415558035,0.05761553907215076,-0.004668584664852188,-0.028134603787991975,0.0005298050873547155,0.002371131644360199,-0.001467435244014251,18.37461574790429
1781506132.6999474,-0.021986449907322087,0.7795112979702111,0.3717974148075879,-0.05032385866509683,0.020404857875124804,-0.07676277513008174,-0.037113163400456006,0.7809920126152508,0.3789762763755406,-0.04977350902522766,0.02024455410817949,-0.07653767377866362,0.002953872938525633,-0.000409443175423521,-0.0009267430348627901,-0.003023375613963776,0.0018945718457110984,-0.0014462193502147414,0.06399124303974871,-0.005466328806327752,-0.030657841662269175,-0.0004490217327767958,0.0018884605064499018,-0.0015650162599327687,16.809105579275275
1781506132.709953,-0.020725499916336345,0.7793852904460594,0.3713248149655736,-0.050331134903451584,0.020421457200610504,-0.07677486855623132,-0.037113163400456006,0.7809920126152508,0.3789762763755406,-0.04977350902522766,0.02024455410817949,-0.07653767377866362,0.0030936774496342586,-0.00044053444404771653,-0.0007955186958554126,-0.002770068765697242,0.0018753617693568101,-0.0014110464017926948,0.0656185349983711,-0.006708267523299839,-0.033914856227138815,-0.003659339792908767,0.008892053886642165,-0.0037437219086456763,18.157145488923465
1781506132.7199554,-0.01946283844419649,0.7792575964238798,0.37079675142604424,-0.0503375165818903,0.020415795956918004,-0.07672042658020957,-0.037113163400456006,0.7809920126152508,0.3789762763755406,-0.04977350902522766,0.02024455410817949,-0.07653767377866362,0.003244943194275875,-0.0004906011094953995,-0.0010321531642181856,-0.002549460233666329,0.0015789891851559408,-0.0006666446751678916,0.06713591633419451,-0.007537983508561138,-0.0358107944324198,-0.006283742742626363,-0.0027534923524515625,-0.0010640339666411467,19.53066304521894
1781506132.729949,-0.018209727442284336,0.7791316316923139,0.3702756588440725,-0.050340529974351886,0.020409616466671388,-0.07667395173670304,-0.037113163400456006,0.7809920126152508,0.3789762763755406,-0.04977350902522766,0.02024455410817949,-0.07653767377866362,0.003325258547878886,-0.0005245768701533395,-0.0012090385337689088,-0.0023143837339025465,0.0013136994660031954,-9.064335757815313e-05,0.06692220577135707,-0.0072897353205932935,-0.03504750845493983,-0.0058526039028881,0.004747071697470869,-0.0021822424268664905,20.892621990358588
1781506132.7399619,-0.01696483772521658,0.7790071694478071,0.36976064094684596,-0.05034093708797776,0.020403217799412232,-0.07663471852909388,-0.037113163400456006,0.7809920126152508,0.3789762763755406,-0.04977350902522766,0.02024455410817949,-0.07653767377866362,0.003347599155316579,-0.0005452047770610737,-0.0013357176136708146,-0.002074900642552089,0.0010789624303814468,0.00034341490249664334,0.06894446054761534,-0.008009275269077468,-0.03538903528139767,-0.006846371379075979,-0.0053197884950192675,-0.0003613475148889194,22.244607577331447
1781506132.7499557,-0.016935599462752426,0.7790009984337941,0.369734258486353,-0.0503393802092216,0.02039683005769799,-0.0766019851509813,-0.037113163400456006,0.7809920126152508,0.3789762763755406,-0.04977350902522766,0.02024455410817949,-0.07653767377866362,0.0033231161148293688,-0.0005548560088092039,-0.001420487279587361,-0.0018386704582199168,0.0008735441086739023,0.000659238973715375,0.07377544781407648,-0.006916753370242813,-0.03361107162059952,-0.0029072510665373876,0.0026291179230557376,-0.0005946795358878855,22.28257432602753
1781506132.7599695,-0.01570379137478675,0.778878929060879,0.3692290817119078,-0.05033639434365872,0.0203906253652526,-0.07657501787697951,-0.03364892622006027,0.7806197314624974,0.3772013544399428,-0.05005303734916176,0.020292965151180287,-0.07662538568008151,0.0032613545318681066,-0.0005555731695295977,-0.0014705390753796507,-0.0016113433150157232,0.0006957170872256646,0.0008778294273301302,0.07578402111302565,-0.007293301623073624,-0.034188509765723143,-0.0024063216844650917,0.00411021210393453,-0.00015742899498606341,19.71333026321785
1781506132.7699518,-0.014438518085550214,0.77876150506895,0.36875313730554493,-0.05028149773893325,0.020379675692814292,-0.07658301102533734,-0.03364892622006027,0.7806197314624974,0.3772013544399428,-0.05005303734916176,0.020292965151180287,-0.07662538568008151,0.0034215917672992128,-0.0005007156264967639,-0.001331536136989793,-0.0008343355087762855,0.0005048151244897093,0.0006888532850341106,0.08015721226748192,-0.007246808878498937,-0.0342058727334495,-0.0013395571903675584,-0.003123995789596288,0.0005872412783425736,21.068107622044746
1781506132.7799482,-0.013183189181603163,0.7786444489015254,0.3682769050490393,-0.05023457115052093,0.020369971469685444,-0.07659034289343157,-0.03364892622006027,0.7806197314624974,0.3772013544399428,-0.05005303734916176,0.020292965151180287,-0.07662538568008151,0.003506870876062125,-0.00045033288833857415,-0.0012030763950741886,-0.00022931201629065206,0.00034795917959253844,0.000528404953431633,0.07853185091380636,-0.0069352487628124345,-0.03337472398874862,-1.8777439308817043e-05,0.0016698584980557865,0.0008453508009247791,22.41414577122565
1781506132.789955,-0.011936429599308667,0.7785277047705844,0.36780034948345525,-0.0501949007322375,0.020361466054088062,-0.07659697855864786,-0.03364892622006027,0.7806197314624974,0.3772013544399428,-0.05005303734916176,0.020292965151180287,-0.07662538568008151,0.003530895040276044,-0.00040418080384597744,-0.001084708163593919,0.0002302883558117158,0.00022090669034173106,0.00039372323194919554,0.08085233088033618,-0.008086197133107093,-0.035651157849915294,-0.0017988697563142756,0.0003535378580232483,0.00013014068523268754,23.752641524212198
1781506132.7999542,-0.01069702819157144,0.7784112197062499,0.36732344657272337,-0.05016175300417749,0.020354091674709363,-0.07660291091108212,-0.03364892622006027,0.7806197314624974,0.3772013544399428,-0.05005303734916176,0.020292965151180287,-0.07662538568008151,0.0035054409689939657,-0.00036200976830557465,-0.000975940971439689,0.0005683476275848562,0.00011966295802475858,0.00028203399915460183,0.08451894476480355,-0.00852545488510965,-0.03605579297370243,-0.0012412326924022652,0.00048788674048417055,-0.00159801984834461,25.084660873149318
1781506132.809952,-0.009463920525049935,0.7782949444634882,0.3668461817531166,-0.05013439985201125,0.02034776658873283,-0.07660815387802224,-0.029615600023118693,0.780230713030847,0.3754293366125778,-0.050132918964470224,0.020372102217360633,-0.0765970220657298,0.0034405896275509175,-0.0003235689618222339,-0.0008762594266560946,0.0008060866914220792,4.052836773726436e-05,0.00019062937397754982,0.08639249221565376,-0.010011745736647178,-0.039461366889652676,-0.0038827374767926065,-0.0011478749972238236,0.00016361895991064457,21.98881383523794
1781506132.819951,-0.008244226210623545,0.7781410692519786,0.36639444185953246,-0.04993279193242361,0.020293768977545756,-0.07655600781062283,-0.029615600023118693,0.780230713030847,0.3754293366125778,-0.050132918964470224,0.020372102217360633,-0.0765970220657298,0.003316006272463573,-0.00047902076675619297,-0.0006328161494558321,0.002907532169847597,-0.0005809315616723674,0.0007087899666355737,0.08748463662801381,-0.008626949896263114,-0.03764481677814017,0.0007209424861628037,0.003098377390306239,0.0010823979795091525,23.29659960068365
1781506132.8299463,-0.008236455206660666,0.7781099051206393,0.3664218009028324,-0.04976590774053888,0.020248844730371474,-0.07651283331370029,-0.029615600023118693,0.780230713030847,0.3754293366125778,-0.050132918964470224,0.020372102217360633,-0.0765970220657298,0.0031739769333061127,-0.0005977436227673581,-0.0004293679992061235,0.004402486413529844,-0.0010306686711150379,0.0010776308127377198,0.08829964571608732,-0.008534334596807797,-0.03870746379239498,0.0007029941350242615,0.003572108380222598,0.0016020168361853802,23.295951554667674
1781506132.8399577,-0.007022685682670523,0.7779673038097478,0.36596228087195753,-0.0496296084018706,0.02021195039411583,-0.076477560875255,-0.029615600023118693,0.780230713030847,0.3754293366125778,-0.050132918964470224,0.020372102217360633,-0.0765970220657298,0.00301974208245759,-0.0006854771255303172,-0.00026060475774207183,0.005402096486467757,-0.001339429176393404,0.0013244947030518304,0.08808135763428739,-0.00730358179690551,-0.035981483909997676,0.004353203221838344,0.0028851187990399816,0.0019618075085996527,24.600567962813322
1781506132.849963,-0.0058111204760542086,0.7778292984491608,0.36549953077699354,-0.04951995573087435,0.020182083906401305,-0.076449173271238,-0.029615600023118693,0.780230713030847,0.3754293366125778,-0.050132918964470224,0.020372102217360633,-0.0765970220657298,0.0028576632866765665,-0.0007472215349303528,-0.00012182403147455945,0.006003200013014506,-0.001534109087435646,0.0014732076460191566,0.08932010580937326,-0.008531894052489799,-0.03822303051763044,0.0009500217051092261,-0.0026831744375335666,-0.0006310661424461393,25.90407462991392
1781506132.8599598,-0.0058101274586237085,0.777811618335558,0.3655170101572934,-0.04943326969106791,0.020158301718248284,-0.07642672023425386,-0.025180047431147767,0.7798057907489702,0.37353208388372894,-0.05012728214152791,0.020447850310631566,-0.07664115319399999,0.0026913412854064783,-0.0007873202335601347,-8.870956166950373e-06,0.006289262331650173,-0.0016379833675521387,0.0015443084253350785,0.08624909876731197,-0.008186739109036755,-0.03682121007047826,0.0010437147124355056,-0.002141430787180135,0.0012526342732077477,21.05734860319784
1781506132.869953,-0.004601845725315882,0.7776808969628495,0.3650488536876511,-0.04936616438120986,0.020139730021867086,-0.07640932760896466,-0.025180047431147767,0.7798057907489702,0.37353208388372894,-0.05012728214152791,0.020447850310631566,-0.07664115319399999,0.0025237204213236354,-0.00080953424549003,8.191714420460261e-05,0.006331444709574896,-0.001670976753248455,0.0015553105894277428,0.08516072540567546,-0.008853967068868589,-0.037013042473904086,0.0013993960753562913,-0.0020551674044670073,0.0023381534802168497,22.359399670112865
1781506132.8799517,-0.003191766001310283,0.7775754241576216,0.3644844557105963,-0.04936020957196179,0.020087547609592526,-0.07649930096284724,-0.025180047431147767,0.7798057907489702,0.37353208388372894,-0.05012728214152791,0.020447850310631566,-0.07664115319399999,0.0036735003141470587,-0.0006644608567767055,-0.00045906197997492833,0.005725034160035215,-0.0020091073769200117,0.00037657492747735703,0.08777540372907772,-0.00869547038949722,-0.03733786356600705,0.0032826451514910014,0.0013726552973670962,0.0014463997663056547,23.88134483082566
1781506132.8899508,-0.001812121270772354,0.7774689033737513,0.36393186232510505,-0.049360463861332055,0.02004548131587036,-0.07657541167730486,-0.025180047431147767,0.7798057907489702,0.37353208388372894,-0.05012728214152791,0.020447850310631566,-0.07664115319399999,0.004549965764452109,-0.0005395804414461591,-0.0008875287155269405,0.005113952171690915,-0.002207486867348752,-0.000516907788164253,0.08954603203600248,-0.008387503067248106,-0.03595181268673466,0.0054225793719023625,-0.005078968244660113,0.0025718528298940774,25.37095326580934
1781506132.8999171,-0.00045907473146961916,0.7773614113350134,0.36338961512153334,-0.0493653640901406,0.02001214616823721,-0.07663905224802577,-0.025180047431147767,0.7798057907489702,0.37353208388372894,-0.05012728214152791,0.020447850310631566,-0.07664115319399999,0.005195916010920214,-0.0004324927646784821,-0.0012202444175731827,0.004516099356234468,-0.002295719261215468,-0.0011722060505287542,0.09031914688605575,-0.008518069703202213,-0.03538143878346846,0.007358390506805512,-0.0018936951446450745,0.0014764146573690116,26.83227822101064
1781506132.9099765,-0.0003380326344548049,0.7773696917342386,0.3633392973064223,-0.049373611717982616,0.019986265523690205,-0.0766916074209699,-0.02067584983840054,0.7793791487401295,0.37167013437176905,-0.049936001187064885,0.020374283580792296,-0.0765900438905182,0.00564862999500317,-0.00034104553033684773,-0.0014718779148221641,0.003944525328591849,-0.0022990024216194426,-0.0016311057011829148,0.08984356091795043,-0.008203168307328371,-0.0348117230744641,0.006668575286079323,-0.006407542621640616,0.0021959233753195105,22.06960743395746
1781506132.9199753,0.0008353870405612292,0.7772531040582565,0.3629403584237736,-0.04935996728035388,0.019933842207733088,-0.07664604319589001,-0.02067584983840054,0.7793791487401295,0.37167013437176905,-0.049936001187064885,0.020374283580792296,-0.0765900438905182,0.00507643785908518,-0.00032775838169063433,-0.000852638434305575,0.0036529897454726265,-0.0026441489130759606,-0.0009845470421971335,0.09070406666080638,-0.008352674777866555,-0.03480313426370674,0.006975155062188893,-0.0013350159979072518,-0.0015596517956742734,23.312279299852364
1781506132.9299598,0.002011288807626217,0.7771369741290469,0.36252992098693027,-0.049351830557450474,0.01989221984330647,-0.07660693615944887,-0.02067584983840054,0.7793791487401295,0.37167013437176905,-0.049936001187064885,0.020374283580792296,-0.0765900438905182,0.004552773752160794,-0.0003129387839921718,-0.0003447258096709882,0.0033345674171774216,-0.002830370137128546,-0.00047314522526939484,0.09083408482920126,-0.008717230074416613,-0.03568919718878709,0.00535408935134183,-0.002729806966623838,-0.0015336705162147975,24.5617000154918
1781506132.9399545,0.003189596249158382,0.7770211807592825,0.36210932259885803,-0.04934804304213275,0.01985982963093047,-0.07657373761107047,-0.02067584983840054,0.7793791487401295,0.37167013437176905,-0.049936001187064885,0.020374283580792296,-0.0765900438905182,0.004074702000003785,-0.00029707675668709093,6.738083523570088e-05,0.003004713924574653,-0.0028924186156689207,-7.701221540511193e-05,0.08988529609096112,-0.008948978410451584,-0.03630149398816058,0.004936709495383659,-0.003340500387940648,-9.575866713087619e-05,25.817216188309594
1781506132.9499571,0.004370215225778068,0.7769056249628113,0.36167976906378096,-0.04934761771251683,0.019835243386917778,-0.07654587477085593,-0.02067584983840054,0.7793791487401295,0.37167013437176905,-0.049936001187064885,0.020374283580792296,-0.0765900438905182,0.003639288220732854,-0.00028057888287234296,0.0003973552021360114,0.002675322994932027,-0.0028597316925278392,0.00022190911754529983,0.08972631522899527,-0.009082935022882805,-0.03618486470185883,0.004173507125075509,-0.007958954090970916,0.0014605609779891737,27.07824023202169
1781506132.9599736,0.005553039393526034,0.7767902269336809,0.361242344689596,-0.04934972304765821,0.01981717738525024,-0.07652277246975107,-0.016070044742135248,0.7789360117625204,0.36985204757489964,-0.04963033097050934,0.020310696068438938,-0.07661308126850958,0.00324363625152441,-0.0002637796133631361,0.0006572148710242169,0.0023552938946511115,-0.0027569585709308815,0.0004398096758427238,0.08881162163858512,-0.008200846878301835,-0.035013689504046666,0.005457375401889744,-0.001239928369985377,0.0007118644918557085,23.372829179257916
1781506132.9699929,0.00670133807676666,0.7766863308453699,0.36080237660896103,-0.04946153613829864,0.019870390283681427,-0.07652907868712235,-0.016070044742135248,0.7789360117625204,0.36985204757489964,-0.04963033097050934,0.020310696068438938,-0.07661308126850958,0.0026255795586306195,-0.00020005237483279267,0.00090791276770629,0.0008788145474139422,-0.0018724640033310664,0.0003517471296745657,0.09047776147089023,-0.008587082157756906,-0.0357178521193433,0.0038686326245417,-0.003435724668198581,-0.0005388582782543394,24.606777202748933
1781506132.9799592,0.00785678493795336,0.7765805805404294,0.36035568526274664,-0.04955639598219788,0.019916847984440933,-0.07653479440262465,-0.016070044742135248,0.7789360117625204,0.36985204757489964,-0.04963033097050934,0.020310696068438938,-0.07661308126850958,0.0020961514799087734,-0.00014635899194121084,0.0010976621319175998,-0.0002515163534505796,-0.001158486124702891,0.00027614401852261056,0.09183548873339573,-0.008331947939690013,-0.035651345935682574,0.0025799618344553334,-0.006185054793719891,-0.00033113250844195134,25.849992880959363
1781506132.9899461,0.007809785337493088,0.7765897946127055,0.3603859963717923,-0.04963595674492999,0.019956972581787413,-0.07653991071304159,-0.016070044742135248,0.7789360117625204,0.36985204757489964,-0.04963033097050934,0.020310696068438938,-0.07661308126850958,0.0016445804645103808,-0.00010140086865244435,0.0012360793334666308,-0.0010915498598889446,-0.0005918145551460232,0.00021194393599685297,0.09282743990506,-0.008677367713665353,-0.037096246480938976,0.0001459488354054185,-0.004138218412994299,-0.001853143173544202,25.79451773004988
1781506132.9999552,0.00897736626395622,0.7764809854146737,0.3599284508387614,-0.04970187661025825,0.01999125370086441,-0.07654443740496013,-0.016070044742135248,0.7789360117625204,0.36985204757489964,-0.04963033097050934,0.020310696068438938,-0.07661308126850958,0.0012612328725574277,-6.402484232397474e-05,0.0013315345664821716,-0.0016910794699778325,-0.00015102626369517059,0.00015804368862631427,0.09117416466366829,-0.008379754981299848,-0.036250700292650685,-1.9299055825593788e-05,-0.0025514070512747985,0.0002985049896603371,27.053238709222722
1781506133.0099564,0.010150047719556915,0.7763709026725827,0.3594665321278939,-0.04975577138707994,0.020020218156317604,-0.07654839801963904,-0.011396623651553806,0.7785156675590901,0.368024890273532,-0.04949122401209168,0.02020131304747208,-0.07666965189706468,0.000937510616547905,-3.3209112079027815e-05,0.0013912915698556935,-0.0020939969856515915,0.00018337614723515632,0.00011333510705215308,0.09133376599870414,-0.009393432834341941,-0.03714059972104682,-0.001609904886305723,-0.0030986768939384297,0.00013148966603218287,23.283138915147322
1781506133.0199492,0.011327275387454807,0.776259712621777,0.35900084708360025,-0.04979918090718022,0.020044406203285403,-0.07655182576455818,-0.011396623651553806,0.7785156675590901,0.368024890273532,-0.04949122401209168,0.02020131304747208,-0.07666965189706468,0.000665755869124176,-8.050277993971314e-06,0.0014216338109725036,-0.0023385708355258407,0.000428913546613505,7.673653935788091e-05,0.0900359471382129,-0.009709546202230915,-0.037166863106101435,-0.0022150114070091987,0.0010883032047951562,0.0013440136223770585,24.553986961550628
1781506133.029951,0.01251483416644966,0.7761533953330916,0.35853817476346855,-0.04978491593313735,0.020044501762448208,-0.07654850686152469,-0.011396623651553806,0.7785156675590901,0.368024890273532,-0.04949122401209168,0.02020131304747208,-0.07666965189706468,0.0004868310544967104,6.251481743738841e-05,0.0014603356265789902,-0.001928263024277667,0.0003813405291983569,0.00010459185150101861,0.09028288866653272,-0.009540388486822196,-0.035972776464035426,-0.0012050323181875852,-0.0007000947476065735,0.000585638486598037,25.83284568569173
1781506133.0399616,0.012496324779593993,0.7761621817396053,0.3585547830215486,-0.049771148875532925,0.02004422741148626,-0.07654579384890682,-0.011396623651553806,0.7785156675590901,0.368024890273532,-0.04949122401209168,0.02020131304747208,-0.07666965189706468,0.0003370263732232012,0.00011837045534098677,0.0014729004699316082,-0.0015680515454841728,0.0003352569896775803,0.00012260017045822197,0.08965929552980635,-0.009782673229451722,-0.03580125520413471,-0.002281434066076497,-0.001421929573054652,0.0022926370688428075,25.80881267319505
1781506133.049949,0.01368903741997439,0.7760529216188892,0.35808529629435004,-0.04975813173172254,0.020043683420152725,-0.07654360908430323,-0.011396623651553806,0.7785156675590901,0.368024890273532,-0.04949122401209168,0.02020131304747208,-0.07666965189706468,0.00021249673062243262,0.000161709988007053,0.001464324044347826,-0.0012552355042604207,0.00029155098823321196,0.00013273747389402538,0.0909432229314799,-0.008751283557422131,-0.03355569688573602,0.0005750324947557242,-0.002469256855718119,0.0016098742054371945,27.0952216715891
1781506133.059949,0.01488390409763261,0.7759424818978792,0.3576131082316783,-0.04974603278735987,0.020042952296519978,-0.07654187993043038,-0.006844537212014501,0.7780537489242916,0.366243964212549,-0.049525553476502546,0.02012236638147069,-0.07661535507769344,0.00010983512751200052,0.00019445277152991002,0.0014388846476724548,-0.0009864938730810568,0.0002508228157806533,0.00013669976123294848,0.09074937148550526,-0.00914104085599292,-0.03460483352074046,-0.0014956547866968716,0.0029289147412722635,0.0008086372771702839,23.47497146251997
1781506133.0699463,0.016080678319923183,0.7758310229479644,0.3571386146390409,-0.049734952999421995,0.020042100981907396,-0.07654053948888531,-0.006844537212014501,0.7780537489242916,0.366243964212549,-0.049525553476502546,0.02012236638147069,-0.07661535507769344,2.6029426153184875e-05,0.00021827388502354073,0.0014002304535196673,-0.0007581318847233782,0.00021344072159317092,0.0001359268257521485,0.09126357429929927,-0.00877576386376447,-0.034734378505690354,-0.0012133585499870484,0.002441897150548473,-0.0002352657044782526,24.767184111388623
1781506133.0799456,0.017287226304730563,0.7756938899910736,0.35672501465661477,-0.04959970028273764,0.02007194085652797,-0.07658248320233475,-0.006844537212014501,0.7780537489242916,0.366243964212549,-0.049525553476502546,0.02012236638147069,-0.07661535507769344,4.7007063829108325e-06,0.00013095291189527694,0.0017651470902023787,0.0008103477203024917,0.0005383566220844729,-0.000319980902587304,0.09175847351254078,-0.008770838636545507,-0.03531286952818932,-0.0006088981849779261,0.0019494714642710178,0.0005657669653359649,26.048442280896904
1781506133.0900238,0.018494032137222526,0.7755598265164478,0.3563005659968432,-0.04948667941699117,0.02009656414832861,-0.07661744024462003,-0.006844537212014501,0.7780537489242916,0.366243964212549,-0.049525553476502546,0.02012236638147069,-0.07661535507769344,-1.248097994875084e-05,5.919467265811087e-05,0.002035726163123098,0.001963375397984958,0.0007670692954288602,-0.000652816175085582,0.09329232811798013,-0.009217902159144814,-0.03627544968271477,-0.0022529887453582344,-0.004426195344290618,-0.001193280099247367,27.333750451018265
1781506133.0999532,0.018492307275821615,0.7755450990325548,0.3563497151569541,-0.049393409622292155,0.020116603881824124,-0.0766462062795114,-0.006844537212014501,0.7780537489242916,0.366243964212549,-0.049525553476502546,0.02012236638147069,-0.07661535507769344,-2.6115829761775857e-05,8.390281204770467e-07,0.0022271450609914613,0.0027735573896338407,0.0009174395388859785,-0.0008843273665686483,0.09122309636253514,-0.008573497481823292,-0.035923810889314046,-0.0004973846100296546,0.0003128802964643513,0.0007474863787512453,27.31565809667127
1781506133.1099508,0.01849080714366246,0.7755327433384696,0.3563907114703308,-0.04931749153773121,0.0201326600345757,-0.07666954676443333,-0.0022434326593135934,0.7776148442322544,0.36448147862809366,-0.04955568980751093,0.020109422983929592,-0.07661641562520166,-3.673060704977282e-05,-4.6017947949552334e-05,0.0023525908237834146,0.0033046797472108384,0.0010049943199464892,-0.0010335831771601219,0.09093274630318415,-0.008529776241052067,-0.036092352614499015,-0.0007694731250383336,0.0007339622204568603,0.0003039666614794606,22.35406803112914
1781506133.1199539,0.01852303501838058,0.7755481454630037,0.35639148106326124,-0.04955831352240629,0.020108850156406177,-0.07670715722800366,-0.0022434326593135934,0.7776148442322544,0.36448147862809366,-0.04955568980751093,0.020109422983929592,-0.07661641562520166,0.00017474334455761529,-3.1168114053608243e-06,0.002200691710964544,0.00032312771767353983,0.0006557058817045847,-0.0013436113132836317,0.09183905033049268,-0.008702744473075091,-0.036302573397171405,-0.0006042670245379907,-0.0051304838278864815,0.0015384498502800338,22.382258246444515
1781506133.1299515,0.018550571206560888,0.7755612979947405,0.35639094410551386,-0.04976113635670564,0.020088275249822818,-0.0767375247614796,-0.0022434326593135934,0.7776148442322544,0.36448147862809366,-0.04955568980751093,0.020109422983929592,-0.07661641562520166,0.00034229477975709053,3.1362562389480636e-05,0.0020508661828108335,-0.001919690523974117,0.0003760320555154217,-0.0015391334887109283,0.09214279194346132,-0.008858450836956301,-0.03649992401340949,0.00023615173945342347,-0.00425367708279837,0.0007254170542250884,22.406793563217956
1781506133.139953,0.018573994748078887,0.7755724362029827,0.3563893598612238,-0.04992993611593068,0.020070689402371444,-0.07676163476983833,-0.0022434326593135934,0.7776148442322544,0.36448147862809366,-0.04955568980751093,0.020109422983929592,-0.07661641562520166,0.00047246335118328455,5.864428247704577e-05,0.0019046037143257335,-0.0035476091370001224,0.00015617739295076477,-0.0016435065201938714,0.09195967160943375,-0.008071507142902522,-0.034819692954338906,0.0019160913056367088,-0.003411214612695325,-0.0005589827691351372,22.42808731383969
1781506133.1499565,0.018593822132229293,0.775581785792932,0.35638695084321537,-0.050068623197267396,0.02005582605299039,-0.07678039678167543,-0.0022434326593135934,0.7776148442322544,0.36448147862809366,-0.04955568980751093,0.020109422983929592,-0.07661641562520166,0.0005709725952394117,7.980223231285639e-05,0.001763054868469533,-0.004670244199971783,-1.28358860152875e-05,-0.0016767263163382795,0.09048225615737338,-0.00881072744854375,-0.03465976535391916,0.0015487374544243542,-0.0016677346448515703,-0.001120542679119898,22.446511843169382
1781506133.1599512,0.01861051314631166,0.7755895599294903,0.356383907070965,-0.05018095175553561,0.020043410555431462,-0.07679463857040933,0.0023119224037205233,0.7771917149371828,0.36271476993212914,-0.049522612231559585,0.020063898724604234,-0.07663591846134672,0.0006428183691110425,9.577609109093139e-05,0.0016270835599123152,-0.00538355820358905,-0.0001391269204603055,-0.0016557231180274205,0.08692916939794658,-0.00864704623773474,-0.03356204485855802,0.0011251415345410502,0.003909488429616942,-0.0004697968715557597,17.558211339143256
1781506133.169948,0.018598437617304384,0.7755890036976323,0.356415409234882,-0.05010814970086741,0.020050788693129817,-0.0767915941045656,0.0023119224037205233,0.7771917149371828,0.36271476993212914,-0.049522612231559585,0.020063898724604234,-0.07663591846134672,0.000523389751261724,0.00010715080182252719,0.001726716209847615,-0.004001723531752469,-4.508464378880783e-05,-0.0014377401454683922,0.08646027845140947,-0.008789407240169538,-0.032946173403566086,0.0003900836630312375,0.0015673085369016168,-0.0005368042073791138,17.535712312697814
1781506133.1799464,0.018587924964612604,0.7755811460263626,0.3564576170329513,-0.05009167604708171,0.02006389687585819,-0.07680490999268083,0.0023119224037205233,0.7771917149371828,0.36271476993212914,-0.049522612231559585,0.020063898724604234,-0.07663591846134672,0.0004189207610540113,6.0303239626271356e-05,0.0018918303829219632,-0.0033821085367026584,0.00011005842045651618,-0.0014187705644860414,0.08571032524951677,-0.009475601667026656,-0.03329153429750094,-0.0017749565448785404,0.0041623050461695975,-0.002387157252107834,17.511543449460856
1781506133.1899514,0.01857865684456278,0.7755743309101413,0.3564928062773384,-0.05007468874098959,0.020074886546574078,-0.07681480298775248,0.0023119224037205233,0.7771917149371828,0.36271476993212914,-0.049522612231559585,0.020063898724604234,-0.07663591846134672,0.00032974770904413214,2.1931171158847475e-05,0.0020004081963047996,-0.0028252753459902333,0.00022329230969984134,-0.0013657194633532393,0.08112256385078649,-0.008777130001602023,-0.030574161807265247,-0.0026121238914060003,-0.004831906904798391,-0.0025884274173332373,17.491009467190544
1781506133.1999583,0.01857050393007215,0.7755684500697675,0.35652191761667607,-0.05005778150015365,0.020083987974654827,-0.07682186056800196,0.0023119224037205233,0.7771917149371828,0.36271476993212914,-0.049522612231559585,0.020063898724604234,-0.07663591846134672,0.0002539837386744057,-9.150785419577445e-06,0.002062224346844841,-0.0023307242646366704,0.000302024790144737,-0.0012885849454010486,0.07240543345713844,-0.00786927578587719,-0.026854059990099877,-0.0027565757376773006,7.366120438761129e-05,-0.003082623102568257,17.473633905968722
1781506133.2099612,0.018563348838423192,0.7755634025050063,0.35654578232907425,-0.050041397002632895,0.020091425392340323,-0.07682660052190228,0.006431901875514456,0.7767556453631608,0.3611470742804119,-0.049583758024171254,0.020114636592478252,-0.07673367056644878,0.00018994422547814407,-3.398659594525198e-05,0.0020857182164947226,-0.0018963761094061742,0.0003527508392572883,-0.0011955173394304912,0.06692218523683717,-0.0074930778192874485,-0.024953190760239545,-0.0037868116047110856,0.0009174071558363268,-0.0031939565659152122,13.029402751781538
1781506133.219952,0.018557085140517383,0.7755590946606568,0.35656513353701075,-0.05002585263634065,0.02009741237150342,-0.07682947424694433,0.006431901875514456,0.7767556453631608,0.3611470742804119,-0.049583758024171254,0.020114636592478252,-0.07673367056644878,0.0001361282373843927,-5.3493473176304865e-05,0.002078150296719869,-0.0015190251398849144,0.0003811036794963166,-0.001093059437755378,0.06326325934651134,-0.006572940481413588,-0.023303380628384985,-0.004838083408089578,-0.00042040614853435394,-0.0015121408666642086,13.01714192016086
1781506133.2299573,0.018497862054316104,0.7755545483710369,0.3566149388103501,-0.04995677052176317,0.020099925632864446,-0.07686786020699626,0.006431901875514456,0.7767556453631608,0.3611470742804119,-0.049583758024171254,0.020114636592478252,-0.07673367056644878,-0.00025167878171090653,-4.31831028050764e-05,0.002264549122180444,-0.0005906018580630368,0.00038791022327122425,-0.001390809839571142,0.06059144989532956,-0.005319913013723069,-0.021404367448501577,-0.002241951709161274,0.002237707176710321,0.00021225375162794885,12.944894010377531
1781506133.239951,0.01844718501168854,0.7755508193123524,0.3566564367112249,-0.049898098137710095,0.020101750085602443,-0.07689885241505712,0.006431901875514456,0.7767556453631608,0.3611470742804119,-0.049583758024171254,0.020114636592478252,-0.07673367056644878,-0.0005598108192815209,-3.4359040519304784e-05,0.0023854909581855197,0.00012120099304784103,0.0003823974721379566,-0.0015758324963211314,0.057533376505729705,-0.004904056382986341,-0.02081089167560892,-0.002853298546797205,0.000897379653174877,-0.000284597596193105,12.883495660453711
1781506133.2499516,0.01840401238729754,0.7755478116306209,0.3566907386001388,-0.04984883141781962,0.020103007901945524,-0.0769234564631937,0.006431901875514456,0.7767556453631608,0.3611470742804119,-0.049583758024171254,0.020114636592478252,-0.07673367056644878,-0.0008000775749739792,-2.6839956289710344e-05,0.0024523532245492607,0.0006512134193395582,0.0003678038120965515,-0.0016713278449501001,0.051067613872253885,-0.004843186793023221,-0.01914497735958401,-0.004660306574398904,-0.004175345341899447,3.6345195629228574e-05,12.831571225967737
1781506133.2599552,0.018367412574752738,0.7755454327864248,0.3567188279021602,-0.04980796059695343,0.020103806272200986,-0.07694260065009888,0.009450662878690175,0.7764556290493595,0.36002940536369865,-0.04977705365072897,0.020084859728495275,-0.07676339589129667,-0.0009828194806333894,-2.0463747840114572e-05,0.002474954651501296,0.0010305084876666437,0.000346804570722891,-0.001697129706819907,0.0457776547877318,-0.00492313786902141,-0.01831808895165826,-0.006013060578902679,-0.0016381017775213965,-0.0002646145307040538,9.554936185456103
1781506133.26995,0.018336554135909185,0.7755435953726991,0.3567415728917508,-0.04977449927832779,0.020104238202455438,-0.07695712995534616,0.009450662878690175,0.7764556290493595,0.36002940536369865,-0.04977705365072897,0.020084859728495275,-0.07676339589129667,-0.001117066455589194,-1.50858024185516e-05,0.002461738281838032,0.0012864937567947442,0.00032157987734662493,-0.001670006528007619,0.04321740123383399,-0.004740578225984111,-0.016921691801733692,-0.0032391225565644747,0.001955196390428936,0.0012972389645309838,9.51844058793659
1781506133.2799537,0.018255786822569033,0.7755532067852079,0.3567665825124072,-0.049721741951297936,0.020060318057524285,-0.07694387099226756,0.009450662878690175,0.7764556290493595,0.36002940536369865,-0.04977705365072897,0.020084859728495275,-0.07676339589129667,-0.001550169851045158,5.7472505846655804e-05,0.0024462639977344443,0.0017191391423251043,-0.00019955416936242231,-0.001366990067120945,0.04617295041998878,-0.004791153691357302,-0.017081756857806954,-0.0008339497349498239,0.0005172132927885595,-0.0003115973092104139,9.4334822080086
1781506133.289947,0.018187408250794342,0.775561594717205,0.35678662387261284,-0.04967892216281593,0.020023622761775606,-0.07693147573516716,0.009450662878690175,0.7764556290493595,0.36002940536369865,-0.04977705365072897,0.020084859728495275,-0.07676339589129667,-0.0018782114031667629,0.00011499213270806296,0.0024028450091880724,0.001996251025818603,-0.0005845557237315077,-0.0011025288361497872,0.04588976261081528,-0.004375836305061564,-0.015416498730351674,0.0018739624634097104,0.0048485056764296895,-0.0031362702383384883,9.361925490142681
1781506133.299951,0.01812984855444991,0.7755688900121781,0.3568024134085522,-0.04964472034833384,0.019993345219281533,-0.07692006655222522,0.009450662878690175,0.7764556290493595,0.36002940536369865,-0.04977705365072897,0.020084859728495275,-0.07676339589129667,-0.0021177555085582205,0.00015971027781355347,0.002337542924831685,0.002149240898640709,-0.0008570203224019875,-0.0008741955162075863,0.041178480073924946,-0.003930590218726632,-0.013457290987748317,0.0022899079849334567,-0.0054863593475956065,0.00048189769796067115,9.302045323097197
1781506133.3099551,0.018081707885184897,0.7755752103569146,0.35681458336582933,-0.0496179118877991,0.01996870505208892,-0.0769097082265664,0.011678715913007565,0.7762271529752645,0.359225174142395,-0.04983108096475896,0.02010074109783444,-0.07682196381081854,-0.0022832209726085023,0.00019358511274912533,0.0022555011223798905,0.002205042065704646,-0.0010377074819919495,-0.0006791822894580829,0.035149636747608105,-0.003900870244594942,-0.01205387092650892,0.0016830150921550316,0.00019012900467825397,-0.0014631402570924573,6.872720223132312
1781506133.319953,0.018065749850208344,0.7755626430185504,0.3568752517362318,-0.049542780470121894,0.01999680514538915,-0.07698901775322017,0.011678715913007565,0.7762271529752645,0.359225174142395,-0.04983108096475896,0.02010074109783444,-0.07682196381081854,-0.0022444478682621853,0.00015493224665987258,0.002510231067552295,0.0028017945842462736,-0.0005750611248128549,-0.0014544290770692756,0.03269226676114307,-0.0032467394727633283,-0.010638932236440567,0.0027932479612203295,0.005232108700671909,-0.004036434094563792,6.837975673583123
1781506133.3299477,0.018053321616249195,0.7755521169068283,0.3569258981013232,-0.04948213694053968,0.020021037491100735,-0.07705441511475722,0.011678715913007565,0.7762271529752645,0.359225174142395,-0.04983108096475896,0.02010074109783444,-0.07682196381081854,-0.0021848824276183986,0.00012193961461740352,0.002682914252236641,0.0031722240612258217,-0.00021267979854218899,-0.001995489653150532,0.03322882400804075,-0.003513823362244093,-0.01128208305030467,0.0022376962622780447,-0.0010841317301804514,-0.0014784635606315245,6.810135232030077
1781506133.3399441,0.018043878724338946,0.7755433820763872,0.35696786629567023,-0.04943400825130548,0.020041707498168693,-0.07710759866582631,0.011678715913007565,0.7762271529752645,0.359225174142395,-0.04983108096475896,0.02010074109783444,-0.07682196381081854,-0.0021093802122310874,9.390891665228878e-05,0.002787544429064076,0.003362938745692471,6.465820108178142e-05,-0.0023462706010667013,0.031987351602972405,-0.0031692280311622504,-0.010437656158557783,0.0024920191710219594,0.00018042230086312512,-0.0025790411687629704,6.788098332507622
1781506133.3499486,0.018036947390753552,0.775536205938145,0.357002343024729,-0.049396573586701006,0.02005914178816881,-0.07715017521191127,0.011678715913007565,0.7762271529752645,0.359225174142395,-0.04983108096475896,0.02010074109783444,-0.07682196381081854,-0.0020220410716738167,7.021670355371929e-05,0.0028362177076582578,0.0034137796388312948,0.000270685541693447,-0.002544878493572211,0.02691385159594777,-0.002643606351295138,-0.009067132100919917,0.0021966422721693382,-0.0007913207286886212,-0.0003242302483532656,6.770930032895665
1781506133.3599482,0.018032116418231624,0.7755303748264275,0.35703037414407407,-0.0493681760226269,0.020073673882971654,-0.07718363898151596,0.013295906736074226,0.7760609680557131,0.3586805857424503,-0.04972633470426508,0.020100906697683607,-0.0769185242678517,-0.0019263062409742952,5.030751402491409e-05,0.0028393535507922627,0.0033584267811783484,0.00041764338248805445,-0.002624030973980567,0.023514001084640593,-0.002233800653472657,-0.008328108680800118,0.0016711696799267,-0.0041548134234074335,0.000365370161794778,5.043452155789794
1781506133.3699474,0.018029029921899996,0.7755256947019485,0.3570528794785225,-0.04934732677554793,0.0200856332954078,-0.07720935895607303,0.013295906736074226,0.7760609680557131,0.3586805857424503,-0.04972633470426508,0.020100906697683607,-0.0769185242678517,-0.0018250446331430617,3.368750389970859e-05,0.002805893428988432,0.0032250221491416696,0.0005163203296481124,-0.0026115122996478346,0.021615832915883947,-0.002302651522745741,-0.007953914608073197,0.0014511208587302052,-0.0011158276730413258,-0.0005858103368763994,5.033726287461582
1781506133.3799565,0.017955043467640982,0.7755536175885115,0.3570619877731185,-0.04948415459815306,0.020075883354377044,-0.07712564605882322,0.013295906736074226,0.7760609680557131,0.3586805857424503,-0.04972633470426508,0.020100906697683607,-0.0769185242678517,-0.0021846836554056536,0.0001363346529350573,0.002682383712640017,0.001360852245468817,0.00030837564460119106,-0.0014190740972032177,0.02316859394496392,-0.002387486829122319,-0.008268077108113212,0.0015832482135614318,0.0022451582087075093,-0.002689390445483137,4.958308074971684
1781506133.3899493,0.017892767984463303,0.7755774410051219,0.35706832786922243,-0.04960046266642423,0.02006747313216084,-0.07705391950775153,0.013295906736074226,0.7760609680557131,0.3586805857424503,-0.04972633470426508,0.020100906697683607,-0.0769185242678517,-0.0024457100468947878,0.00021700952987883444,0.0025492449030318433,-7.315755693543106e-05,0.00014412483060860366,-0.0004867777560678638,0.02300355070993562,-0.002262125325198567,-0.007750469405790572,0.002143305905364804,0.0015325262434371467,-0.0026134044047030737,4.895335248517704
1781506133.3999507,0.017840682269326575,0.775597617293198,0.35707236391193187,-0.04969821221191634,0.020060295553502527,-0.07699313741071998,0.013295906736074226,0.7760609680557131,0.3586805857424503,-0.04972633470426508,0.020100906697683607,-0.0769185242678517,-0.002624265396482823,0.0002790234240822756,0.0024100631197746035,-0.0011456101499078828,1.7109306350990625e-05,0.00022508388768694148,0.020253383878219886,-0.0020458019902714715,-0.006355473087195278,0.002574747909445677,-0.0017369624967119213,-0.0006255311017036107,4.843145262422825
1781506133.409951,0.017797436270453017,0.775614570188724,0.35707449801537117,-0.049779380731290644,0.020054236871044573,-0.07694221951363012,0.01440391034645,0.7759486494123846,0.35829763857855007,-0.04962894385974982,0.020079366932389764,-0.076977560307065,-0.0027343527301947265,0.00032527100333602495,0.002267793774025473,-0.00191780418295001,-7.85295969311752e-05,0.0007522958986097959,0.017864944331657678,-0.0017984816433002197,-0.005105484103226501,0.003183493274322776,-0.0018161744604186397,-0.0006627629110480465,3.622664759794342
1781506133.4199493,0.017765514365793208,0.7756304895336407,0.3570710233479731,-0.04983257519442183,0.02004025140714427,-0.07686476780507168,0.01440391034645,0.7759486494123846,0.35829763857855007,-0.04962894385974982,0.020079366932389764,-0.076977560307065,-0.0027620139198006825,0.0003598397566112297,0.002095104877790092,-0.0023060963693710816,-0.0002645909236257543,0.0015068898399380219,0.017282277226082488,-0.0019296277948556207,-0.004517548363463153,0.0028329259873635104,0.0008666474025562802,-0.002430208219040619,3.59251892342827
1781506133.4299493,0.01773215837766455,0.775637527916997,0.35709452224258476,-0.04987299518270586,0.020052093537986204,-0.07675884388009419,0.01440391034645,0.7759486494123846,0.35829763857855007,-0.04962894385974982,0.020079366932389764,-0.076977560307065,-0.00280488393091363,0.0003284548361115576,0.0021167232495472145,-0.0025187889156546707,-0.00016424752932030733,0.002503532947378745,0.017910360547484825,-0.001822528565859347,-0.004604425511661926,0.0020030151113652655,0.00021163843817867856,-0.0019397957114077554,3.5526779279921152
1781506133.4399507,0.017705060297193213,0.775642997471871,0.3571135317286491,-0.049904724214501886,0.020062092064439874,-0.07667205663551384,0.01440391034645,0.7759486494123846,0.35829763857855007,-0.04962894385974982,0.020079366932389764,-0.076977560307065,-0.002803758097483616,0.000299098008264451,0.002107256865166178,-0.0026092045557185423,-8.457513499236944e-05,0.0031817563800198875,0.0172200603463466,-0.0017651178872476526,-0.004580867024994924,0.00041564335197018964,-0.0006232826253874044,-0.0012971231332913533,3.5203867881262667
1781506133.4499483,0.017683326680264736,0.7756471230351228,0.35712869938998343,-0.04992907314420175,0.020070434769327017,-0.07660198340055036,0.01440391034645,0.7759486494123846,0.35829763857855007,-0.04962894385974982,0.020079366932389764,-0.076977560307065,-0.0027673278466855125,0.00027174125956641495,0.0020729564218073277,-0.0026055277245386494,-2.2569812590283683e-05,0.0036028336560766316,0.01418971104891909,-0.0015136238681472051,-0.003984242125080365,-0.0004067816894677398,0.0012709542495510213,-0.00041250959846675774,3.4945541165136267
1781506133.4599469,0.01766617331951506,0.775650110973874,0.35714059278581634,-0.04994722610738565,0.020077307904972752,-0.07654635145764947,0.015228580267762692,0.7758609688034122,0.3580704233567366,-0.049568844143610555,0.020098618787650624,-0.07703804951934105,-0.002703017765727337,0.00024633675849535663,0.0020191544840783802,-0.002531451533313629,2.4502309460618152e-05,0.00381971380453456,0.011643390724544926,-0.0011972197099588148,-0.0033233687654743668,-0.0009946933696030977,-0.0014939931590821757,0.002213596900726724,2.6174235042970926
1781506133.4699469,0.01765291343129464,0.775652148171701,0.3571497082343038,-0.049960239889664665,0.020082891428535365,-0.07650306265219903,0.015228580267762692,0.7758609688034122,0.3580704233567366,-0.049568844143610555,0.020098618787650624,-0.07703804951934105,-0.0026171413796445653,0.0002228213702298046,0.0019503789954152624,-0.0024066553758145806,5.909804180320278e-05,0.0038776592198621765,0.010567858784547803,-0.0011630850502274126,-0.0035944031588493507,-0.002092346800776454,0.0008434645582147321,0.0018024120181638532,2.601675168176364
1781506133.4799502,0.017622163527876704,0.7756469865790202,0.3571680544828913,-0.0499384737862579,0.020123644205182645,-0.07658391942077827,0.015228580267762692,0.7758609688034122,0.3580704233567366,-0.049568844143610555,0.020098618787650624,-0.07703804951934105,-0.0026569278300042523,0.0002145442336360802,0.0019585671089022262,-0.001888585928941183,0.000541082139200817,0.0025951151732717553,0.011076281164389344,-0.0011029971924717235,-0.004044105552265039,-0.0027000080349477355,0.0011360567297902778,0.002724696215811335,2.5669629525839697
1781506133.4899445,0.017597180511008205,0.775642321528737,0.35718279619949517,-0.049918481682188105,0.020157307449223172,-0.07665428156631902,0.015228580267762692,0.7758609688034122,0.3580704233567366,-0.049568844143610555,0.020098618787650624,-0.07703804951934105,-0.002655201350816087,0.00020518107731721654,0.0019403232726396505,-0.0014487110360017269,0.0008874096209472919,0.0015631175075682079,0.0111148839742566,-0.0011386306828804914,-0.004079376218879988,-0.002930897654696221,-0.0001182940647517498,0.0024645349600375416,2.5388886768226153
1781506133.499943,0.017577140124255392,0.7756381528731652,0.3571944641044075,-0.04990036572648574,0.020184737115569673,-0.07671485461563808,0.015228580267762692,0.7758609688034122,0.3580704233567366,-0.049568844143610555,0.020098618787650624,-0.07703804951934105,-0.0026201712825494865,0.0001950647342174487,0.0019010917446794589,-0.0010794670719407539,0.0011226132615073626,0.000747093218798763,0.00897473819058754,-0.0007777726461072808,-0.00382813664130901,-0.0029292265405033487,0.0005366599552868827,0.004354182032501788,2.5164826544289483
1781506133.5099466,0.0175613197858927,0.7756344660010479,0.35720352047368426,-0.04988415114030516,0.020206745180405106,-0.07676643512313973,0.015755429754733485,0.7758102815161587,0.35788640378925857,-0.049685343452997494,0.020071701947319998,-0.07687902709156327,-0.002558849853622131,0.0001844719373300054,0.0018455089645852112,-0.000773253049672048,0.0012681166535927321,0.00011522642707797635,0.008113633259609343,-0.0008672169638163811,-0.003414632999953119,-0.0026196230041785583,-0.0007426528718239928,0.004719228749939919,1.9386798401705414
1781506133.5199487,0.01754908730049689,0.7756312360980693,0.3572103673559126,-0.049869804821658405,0.020224088450073063,-0.07680986604437585,0.015755429754733485,0.7758102815161587,0.35788640378925857,-0.049685343452997494,0.020071701947319998,-0.07687902709156327,-0.002477199430981985,0.00017363087762570234,0.0017775041285287717,-0.0005226481627113186,0.0013424272993607003,-0.0003613621103638618,0.007825775465559199,-0.001199880766963882,-0.0037058005759070234,-0.002801328349046281,-0.0011976826089297936,0.004893994153013243,1.9251726967791611
1781506133.5299504,0.017535683813092635,0.7756318994274535,0.3571959326262392,-0.04988815533671326,0.020172432604680157,-0.07681508934440359,0.015755429754733485,0.7758102815161587,0.35788640378925857,-0.049685343452997494,0.020071701947319998,-0.07687902709156327,-0.002389213561808286,0.000162028627234383,0.001550622141519519,-0.0006647228146416857,0.0006354717475533719,-0.0004069718459311399,0.008540917839530785,-0.0008601406927627866,-0.0031234021029934345,-0.0019593497146561246,-0.00019437132505211694,0.003904388255336196,1.9177786913083466
1781506133.5399508,0.017525513623847005,0.7756323641875752,0.3571826781709782,-0.049902970972511826,0.020128421208557512,-0.07681907967885802,0.015755429754733485,0.7758102815161587,0.35788640378925857,-0.049685343452997494,0.020071701947319998,-0.07687902709156327,-0.0022883071064726977,0.00015066158488552772,0.001348839416574029,-0.0007529780706017251,8.837923803582041e-05,-0.0004300078439547827,0.008425731231099852,-0.0007690559416051378,-0.0025903417230761228,-0.0012607269958903246,0.0007159860721145106,0.0018650134776347638,1.9131338754332532
1781506133.54995,0.01751807878220966,0.7756326609950723,0.35717052474267236,-0.049914732586883906,0.020091342279626723,-0.07682203708583736,0.015755429754733485,0.7758102815161587,0.35788640378925857,-0.049685343452997494,0.020071701947319998,-0.07687902709156327,-0.0021783069386982074,0.00013962739320685374,0.0011697624973701518,-0.0007984927893901465,-0.00032395787790374453,-0.00043549902189248283,0.007277161675406874,-0.0008618793135074497,-0.002230355123561849,-0.0011451071318156565,0.0006291568369993101,0.0006868664332500742,1.9107494479692748
1781506133.559951,0.01751294199951143,0.7756328174189916,0.3571593986120039,-0.049923884044552086,0.020060472584676248,-0.07682413969520979,0.016156718166016104,0.775768334557738,0.35774271150066517,-0.049774511163981225,0.020071047486660776,-0.07673543812779572,-0.0020624003965377335,0.00012900021952226285,0.0010111822758171677,-0.000810737834545053,-0.000624040538774162,-0.00042769375851455286,0.006446502497392859,-0.000569555024393741,-0.0014179171512108397,-0.00021591184749330513,0.0009036919458298995,-0.0006283092323843245,1.4825524973885753
1781506133.5699508,0.017509720730706817,0.7756328580654721,0.35714923074013,-0.049930829347477806,0.02003510025945099,-0.07682554434845121,0.016156718166016104,0.775768334557738,0.35774271150066517,-0.049774511163981225,0.020071047486660776,-0.07673543812779572,-0.0019432210291687277,0.00011883444603707916,0.0008710656252779438,-0.0007977200286143038,-0.0008318006498095872,-0.00041013927862332435,0.005923733856961267,-0.0006579384032202399,-0.0015911768116376082,-0.0007872927602287936,0.0011430138026404016,-0.0013169854905444385,1.4836405336676786
1781506133.5799444,0.017522042341565056,0.775623295107205,0.3571770080062189,-0.04977731207499326,0.020006296454411876,-0.07684846431593602,0.016156718166016104,0.775768334557738,0.35774271150066517,-0.049774511163981225,0.020071047486660776,-0.07673543812779572,-0.0017267986898861724,0.00010473455120207743,0.0009799549545904886,0.0009703561143354383,-0.001042439974728569,-0.0006308998883255364,0.005892635205404084,-0.0005173626446366089,-0.0013674724804799785,6.896511880417777e-05,0.0013358076756691548,-0.0012268323759899891,1.484980467944978
1781506133.589948,0.017533646706792916,0.7756152474507196,0.35720019896322547,-0.04964907045425392,0.019983057819147332,-0.07686721495125065,0.016156718166016104,0.775768334557738,0.35774271150066517,-0.049774511163981225,0.020071047486660776,-0.07673543812779572,-0.001531180353568224,9.20884410674028e-05,0.0010549513604653734,0.0022685539511629995,-0.001171727078914699,-0.0007790450168386248,0.0061742760999806585,-0.00044905399257032296,-0.001431438962256437,0.000300892208244984,0.00018662323541264,-0.0018098315645109356,1.487846672886781
1781506133.5999424,0.01754453238513724,0.7756085465248304,0.357219410661657,-0.04954327745210949,0.019964624383123075,-0.07688232741316542,0.016156718166016104,0.775768334557738,0.35774271150066517,-0.049774511163981225,0.020071047486660776,-0.07673543812779572,-0.0013547415952409466,8.07696293154785e-05,0.001101789156733163,0.003179152781431624,-0.0012365216283681867,-0.0008687251519234944,0.004991125530663427,-0.00031392502448608384,-0.0014999081659130798,6.934647980799371e-05,-0.0003035541358544188,-0.001291117846803416,1.4917789012993583
1781506133.6099427,0.017554705222734605,0.7756030300496761,0.3572351830268399,-0.04945720035917959,0.019950295362200166,-0.07689429951191996,0.016446203764577838,0.775741402561074,0.3576607786474489,-0.049786413709683765,0.02010453309488347,-0.07679830591728831,-0.0011959353454195024,7.065975790836687e-05,0.0011254284947601933,0.003774411317068939,-0.001251221124601275,-0.0009121435070751509,0.004600831314136744,-0.0005658013165114266,-0.0021819172772260145,-0.0006891940483531296,-0.0007540170285638448,-0.0014374765394744237,1.1954304943943062
1781506133.6199553,0.01756417731368787,0.7755985448282138,0.3572479947493026,-0.04938825194751931,0.019939433471831913,-0.07690359039765071,0.016446203764577838,0.775741402561074,0.3576607786474489,-0.049786413709683765,0.02010453309488347,-0.07679830591728831,-0.0010532962364701221,6.164849368897238e-05,0.0011301451989165733,0.004117102268586223,-0.0012279842066235038,-0.0009197101367844747,0.004441734054698041,-0.000453110734090939,-0.0022662522057148807,-0.00018824855067700708,-0.0001907573196922883,-0.0010625823861286155,1.2002765243545006
1781506133.6299531,0.017543341472309373,0.7755949384113858,0.35722727856396885,-0.04938953987860661,0.019968635529509227,-0.0768981318808058,0.016446203764577838,0.775741402561074,0.3576607786474489,-0.049786413709683765,0.02010453309488347,-0.07679830591728831,-0.001128248835225254,3.265617284751238e-05,0.0009358964058694549,0.0036523593013640587,-0.0007784545151777353,-0.000744066284024686,0.004784096949785295,-0.0004662677714908693,-0.002264615823014625,0.0006731818496570897,-0.0007366280189663621,-0.00013384410307579642,1.1887326104921552
1781506133.639957,0.01752611354440536,0.77559201643127,0.3572089670665864,-0.04939396377879561,0.01999394506901142,-0.0768928941462982,0.016446203764577838,0.775741402561074,0.3576607786474489,-0.049786413709683765,0.02010453309488347,-0.07679830591728831,-0.0011741227108841468,8.968129179166485e-06,0.000768099932161836,0.0032041673942285456,-0.0004203276376336333,-0.0005920999773482371,0.00513475270994953,-0.000283743780809346,-0.0021942010070047538,0.0015066826533629233,-0.0029284843219764692,0.0007333993843753863,1.180108068333759
1781506133.649942,0.017511991710873778,0.7755896665169308,0.35719282854469625,-0.04940061624385694,0.02001564528776556,-0.07688796519020871,0.016446203764577838,0.775741402561074,0.3576607786474489,-0.049786413709683765,0.02010453309488347,-0.07679830591728831,-0.0011960716997487708,-1.016163161575573e-05,0.000623664821938721,0.002780645054515526,-0.0001404889743209937,-0.0004620329822833751,0.004378642530302495,-5.6855652814959645e-05,-0.0014882183439253389,0.0028108641222291753,-0.0027402977804090616,0.0012294543402360278,1.173842013317016
1781506133.6599436,0.01750053559340626,0.7755877923876726,0.35717864710385494,-0.04940875639254495,0.020034047172719838,-0.07688340248519625,0.016678506567453677,0.7757251299846142,0.35756373222154003,-0.0497194088666936,0.020026336431844927,-0.0767942591565691,-0.0011985363158430278,-2.5389731805403667e-05,0.0004998137266284602,0.002387199884523141,7.303083088970952e-05,-0.00035193378569693776,0.004267523342323787,-0.00014227270250640077,-0.0011066136194403358,0.0032102409027124595,-0.002487838846931865,0.00020861761121162848,0.9180870780621934
1781506133.6699557,0.017491359442417854,0.7755863119667706,0.3571662226484899,-0.04941778839064914,0.020049474019183666,-0.07687923906353983,0.016678506567453677,0.7757251299846142,0.35756373222154003,-0.0497194088666936,0.020026336431844927,-0.0767942591565691,-0.001185328171395467,-3.729272811937233e-05,0.0003940562449931654,0.002027060288220215,0.00023101539060506194,-0.00025980882314543413,0.004148201784146775,3.294049780557982e-05,-0.0005270470304086307,0.0041990131375209145,-0.0008482540445424557,-0.0008313520114549308,0.9154311001282573
1781506133.6799521,0.017507504893554054,0.7755967164631886,0.35718214639989737,-0.04946771152996564,0.02002904696968444,-0.07682139521826077,0.016678506567453677,0.7757251299846142,0.35756373222154003,-0.0497194088666936,0.020026336431844927,-0.0767942591565691,-0.001001422577397853,-6.336828212143881e-06,0.00046379717787214264,0.0012481199422016587,-4.818026987539185e-05,0.00038812044521559686,0.004330837976752665,-0.00013843204443869891,-0.0005441503330384629,0.004447866942157574,-0.00014147537117358152,-0.0013656676557750717,0.921594268884548
1781506133.6899521,0.01752192263765187,0.7756055783955469,0.35719552803401605,-0.049510855423776645,0.020011895375307898,-0.07677310075390828,0.016678506567453677,0.7757251299846142,0.35756373222154003,-0.0497194088666936,0.020026336431844927,-0.0767942591565691,-0.0008410990630716212,1.8594031192543288e-05,0.0005139065452485868,0.0006303216305619607,-0.00025604912023749905,0.0008629693996915725,0.00398963770099137,-1.916795357381738e-05,-8.916013940319823e-05,0.004987430636408309,0.0001604415336248468,-0.0013742955500781074,0.9280180890625318
1781506133.699949,0.017534772917865583,0.7756130644613873,0.3572066953689702,-0.049547738702020214,0.01999766696532035,-0.0767332834261074,0.016678506567453677,0.7757251299846142,0.35756373222154003,-0.0497194088666936,0.020026336431844927,-0.0767942591565691,-0.0007017380708999228,3.8372250536462945e-05,0.0005476212823338616,0.00015017247565002182,-0.0004047863176877456,0.001195136872872166,0.0034466256202763915,-0.0001490864161218694,-0.00026491651614682853,0.004926499772195595,0.0004704013567185502,-0.0013469951077126222,0.9344656539631611
1781506133.7099514,0.017546203493874396,0.7756193331393676,0.357215940935939,-0.049578921367944465,0.019986017873554474,-0.0767009077670749,0.016873127867059412,0.7757184951621814,0.35753359058571954,-0.049503015306322104,0.020049384883873644,-0.07684612293858471,-0.0005809710739963906,5.376345865378651e-05,0.0005677476504243733,-0.0002136977900432647,-0.0005051476128810264,0.001411305351273084,0.0026439892451711592,-0.0002645875402023361,-0.0010471243732153384,0.002913110061081323,0.000690628741203475,-0.0007092826246949076,0.7508429970284102
1781506133.7199483,0.01755635037741193,0.7756245329840915,0.357223524976371,-0.04960497909013458,0.019976619934452433,-0.07667499421036214,0.016873127867059412,0.7757184951621814,0.35753359058571954,-0.049503015306322104,0.020049384883873644,-0.07684612293858471,-0.0004766610777658321,6.543786970411862e-05,0.0005767106191801151,-0.0004804840669935719,-0.0005665159092553379,0.0015346423939062537,0.002308886843956528,-0.0006358506030710479,-0.001228782418824289,0.001738614898177402,0.0008224861342615413,-4.301953829560811e-05,0.7561498341363788
1781506133.7299485,0.01754201667586422,0.7756289370135521,0.35723057025467775,-0.049581788534435525,0.01997529666805864,-0.07659534466006802,0.016873127867059412,0.7757184951621814,0.35753359058571954,-0.049503015306322104,0.020049384883873644,-0.07684612293858471,-0.0005383880954428186,6.536362116610856e-05,0.0005840543095861158,-0.00019221895745800494,-0.0005621783820486631,0.002234682940659182,0.0025478999931635507,-0.0005895816475474653,-0.0014419686064464597,0.0005309975671998175,0.00023347084648914297,0.0006150584577499376,0.7397663290221467
1781506133.7399585,0.017530029541900635,0.775632481632772,0.35723626532846076,-0.049562148060475514,0.01997459582485117,-0.07653042785178327,0.016873127867059412,0.7757184951621814,0.35753359058571954,-0.049503015306322104,0.020049384883873644,-0.07684612293858471,-0.0005811189641857359,6.447579298474853e-05,0.0005825490659507877,2.9031377746791123e-05,-0.0005435429832904055,0.002698029609860247,0.0028742851419201187,-0.0007356283864050934,-0.001972705062046139,-0.0011271683365976122,-0.0002039751923397175,0.0007595031854010754,0.7261683319001647
1781506133.7499468,0.017520077042706746,0.7756352860648879,0.35724080548304277,-0.04954570514198288,0.019974380909754563,-0.07647832671210088,0.016873127867059412,0.7757184951621814,0.35753359058571954,-0.049503015306322104,0.020049384883873644,-0.07684612293858471,-0.0006080587910688216,6.294609459279045e-05,0.0005739592086040571,0.0001940132122704259,-0.0005147040445325813,0.0029713466757176074,0.0026060838265865227,-0.0006196113572382809,-0.001580913090304371,-0.0008875448770263906,0.00021591562801769653,0.0010571955026831014,0.7149755982497719
1781506133.759951,0.017511883070206527,0.7756374592949555,0.3572443621829953,-0.04953210812694364,0.019974536261635478,-0.07643725405077842,0.017002221651545524,0.7756896210728186,0.3574650364478495,-0.049491557820538754,0.02006499781499005,-0.0768146385696818,-0.0006219806385362889,6.092050286028557e-05,0.0005597908557884113,0.0003123186817633506,-0.00047900879164857407,0.0030947996865980792,0.002602387674040503,-0.0003752071565827622,-0.0011674436381856235,-0.0009103128665789212,-0.0010240881840618665,0.0017312814004841546,0.5578285972503639
1781506133.7699492,0.017505203779339132,0.7756390997713476,0.3572470855490932,-0.049521015640644636,0.019974965010330914,-0.07640556891291743,0.017002221651545524,0.7756896210728186,0.3574650364478495,-0.049491557820538754,0.02006499781499005,-0.0768146385696818,-0.0006252755976858324,5.852248757136419e-05,0.0005413237639953267,0.0003924125786211447,-0.0004391530008669478,0.003102585484701248,0.0024546797878085545,-0.0003672743128623368,-0.0011778625683859147,-0.001084422957074318,-0.0005358764129855244,0.0020978798209440354,0.5504961553460593
1781506133.7799478,0.01749950322552392,0.7756435652246573,0.35724421403713,-0.049563675257229364,0.019955025057866838,-0.07637160643618503,0.017002221651545524,0.7756896210728186,0.3574650364478495,-0.049491557820538754,0.02006499781499005,-0.0768146385696818,-0.0006173057252177648,5.673779225343835e-05,0.00048093465856841137,-0.00012352876922127666,-0.0006270185166342335,0.0031233372542921294,0.002734404862335755,-0.00033430763314123215,-0.0008345540495869186,-0.0003615398456556845,-0.000743290040072151,0.0023790774157507097,0.5460518675402957
1781506133.789948,0.017507749953946695,0.7756433879501005,0.35723091525210937,-0.04971524292632842,0.020013188491213807,-0.07648442177232492,0.017002221651545524,0.7756896210728186,0.3574650364478495,-0.049491557820538754,0.02006499781499005,-0.0768146385696818,-0.0005436994065093903,5.137448848704863e-05,0.00038965732991666594,-0.0017401546028638904,0.0001366103933807595,0.001584026601755645,0.0027766384941980927,-0.00014216064039434607,-0.0007616323016492333,-0.0002344560981758292,-0.0007846555105398906,0.0028041181323911644,0.5590251340142622
1781506133.7999477,0.01751505643618536,0.7756430436494479,0.3572193726024325,-0.04984116048438835,0.02006190014178788,-0.07658076268724076,0.017002221651545524,0.7756896210728186,0.3574650364478495,-0.049491557820538754,0.02006499781499005,-0.0768146385696818,-0.00047772100645932604,4.64180052814218e-05,0.00031144498702648834,-0.0029037994356035652,0.0007050518737572677,0.00038731835089362556,0.0020673968139531813,5.1425402941583965e-05,-0.00021046135142901436,0.0006144486028957985,-0.0009741379438619888,0.0033620243298356743,0.5705433354702473
1781506133.809947,0.017521505333406025,0.7756425805000512,0.3572094000848244,-0.04994441173479231,0.02010219862000273,-0.07666212136635232,0.017121780833527944,0.7756827649170692,0.3574296774836143,-0.049500683166447984,0.02002768941465316,-0.07668161072535945,-0.00041870210803872577,4.18509103747268e-05,0.00024471189374245124,-0.003696190157525246,0.0011116813131178587,-0.0005199334040057535,0.001816666679867551,-3.551253852074189e-05,-0.00010633827604543844,0.0004428672085003321,-0.0008925588934359043,0.0029526490482330706,0.4581665587878727
1781506133.819953,0.017527177317860635,0.7756420380567236,0.35720082388406543,-0.050027852933509316,0.020135092017078193,-0.07673002626630349,0.017121780833527944,0.7756827649170692,0.3574296774836143,-0.049500683166447984,0.02002768941465316,-0.07668161072535945,-0.00036601794005005847,3.765427567020531e-05,0.000188039609903783,-0.004188723866436341,0.0013859362324131063,-0.001185472046183866,0.0013967229559080057,-5.720563243971291e-05,-0.00015321855116921324,0.0002667697813169295,-0.0008503525549991722,0.0027529387953431706,0.4673103430156432
1781506133.8298912,0.01752465268465895,0.7756395308436959,0.35721300432103553,-0.04998988033915507,0.02015250147220682,-0.07678582136908742,0.017121780833527944,0.7756827649170692,0.3574296774836143,-0.049500683166447984,0.02002768941465316,-0.07668161072535945,-0.00036217297752337324,5.291079798618385e-05,0.00026045167788452806,-0.003304637598959526,0.0014549489197016143,-0.0016547777833712531,0.0014871252776904197,-6.046151995827303e-05,-0.00013714055157865705,0.0004962302153616179,0.00021047100030644082,0.0016551594530002014,0.45948032919382803
1781506133.8399458,0.017522611886933152,0.7756373951370609,0.3572234102701469,-0.04995487631745317,0.02016588860334001,-0.07683116429564947,0.017121780833527944,0.7756827649170692,0.3574296774836143,-0.049500683166447984,0.02002768941465316,-0.07668161072535945,-0.000354497245469862,6.448789096741955e-05,0.00031528195476313795,-0.0025517626823494456,0.0014668431598392254,-0.0019611112026909714,0.0015950560415675687,-0.00015907649635868546,-0.00031360174624913946,-0.0003043808725403987,0.00021554640572669277,0.0004757033480063655,0.4530674493533365
1781506133.8499436,0.01752098779637139,0.7756356080363302,0.357232257927319,-0.04992305451995403,0.02017589500895789,-0.07686743481785145,0.017121780833527944,0.7756827649170692,0.3574296774836143,-0.049500683166447984,0.02002768941465316,-0.07668161072535945,-0.00034384353380560614,7.296454333910215e-05,0.00035530328649092816,-0.001917808752780859,0.0014356120760851006,-0.0021369512339105335,0.0013962969722818655,-0.00039581775800390196,-0.0009427804558509137,-0.0014745094892846958,0.0008458522568386773,-0.000340600038855061,0.44784422714997635
1781506133.8599465,0.01751972159012116,0.7756341403003197,0.35723973978987555,-0.04989448798031777,0.020183094039836647,-0.07689591504610395,0.017121780833527944,0.7756827649170692,0.3574296774836143,-0.049500683166447984,0.02002768941465316,-0.07668161072535945,-0.00033093417340538403,7.884483743614188e-05,0.00038292928372536385,-0.0013903117318110933,0.0013729214086582273,-0.002210204840792096,0.0012120163782846777,-0.00044248690794653536,-0.0008257240758833398,-0.0024051349081084137,0.0012083709786744948,-0.0010220438734015668,0.4436186725272211
1781506133.869948,0.017518761694902678,0.775632959121598,0.3572460271671876,-0.04986914235877134,0.020187992211389005,-0.07691777882657726,0.01719363814420455,0.7756742189626639,0.3574064675033008,-0.04953380340773049,0.020048861923936734,-0.07663111592836076,-0.00031637761346251094,8.256633551901529e-05,0.00040025458977666257,-0.0009570185920341426,0.0012883735674390222,-0.0022045895675961687,0.0013803891035064745,-0.0006319192436357679,-0.001360447954662679,-0.0033311529789833015,0.000722788286509689,-0.0014782482977654516,0.3648956003509045
1781506133.879949,0.017516668438044055,0.7756283591817938,0.35723870003632785,-0.04981133641539108,0.02015356935551882,-0.07688604315017962,0.01719363814420455,0.7756742189626639,0.3574064675033008,-0.04953380340773049,0.020048861923936734,-0.07663111592836076,-0.00029844684477376397,5.2065556078556266e-05,0.000313111218871879,-0.00022842289800353182,0.000755193672588544,-0.001636674412687231,0.0016645198981141056,-0.00033556378667129954,-0.0006065376670134406,-0.002440449666817257,0.0009127324186311823,-0.00209946836797947,0.3668754737155407
1781506133.8899496,0.017515040258412603,0.7756244799108355,0.35723224217019917,-0.04976247663149387,0.020123997896559276,-0.07685781628510498,0.01719363814420455,0.7756742189626639,0.3574064675033008,-0.04953380340773049,0.020048861923936734,-0.07663111592836076,-0.00028027088050951404,2.692062575202065e-05,0.00023918742322420015,0.00032374336062817395,0.0003350323360945719,-0.0011663530079250289,0.0018707085916514965,-0.00034780749173379686,-0.0006341813940239308,-0.002507592291911024,0.0011687702834848324,-0.002527315499014263,0.36895495522972216
1781506133.8999443,0.017513814466774334,0.7756212252199609,0.3572265527479699,-0.04972165726618177,0.02009887096834695,-0.07683299087068048,0.01719363814420455,0.7756742189626639,0.3574064675033008,-0.04953380340773049,0.020048861923936734,-0.07663111592836076,-0.0002621283877426932,6.393839101616252e-06,0.00017681263723122475,0.0007286023152522653,1.105193459825034e-05,-0.0007820296710125906,0.0017700429381675084,-0.0001358898942325954,-0.0007152976874395454,-0.002570355905983936,0.000834447570995967,-0.002500898107714315,0.3710667507144237
1781506133.90994,0.01750103158721928,0.7755945184017556,0.35672226165649157,-0.049687979587355165,0.02007776206553591,-0.07681139339449168,0.01719363814420455,0.7756742189626639,0.3574064675033008,-0.04953380340773049,0.020048861923936734,-0.07663111592836076,-0.0002442426488000692,-1.0165530562009882e-05,0.00012449943799903003,0.0010120064984332434,-0.00023199587624640042,-0.00047266204790171926,0.001326253744876096,-7.572610074006619e-05,-0.00035975794382647107,-0.0016426000500366577,0.0008022366946972227,-0.0019637062937607926,0.7543079934784389
1781506133.919944,0.0174885615472068,0.7755683004577706,0.35621857261620765,-0.04966057472214679,0.02006024163093123,-0.07679280552926052,0.01727202405363587,0.7756535905948216,0.35736284018897835,-0.049672689675785524,0.020100871504604045,-0.07673921244657264,-0.00022678965540735786,-2.333014035637658e-05,8.09262718414718e-05,0.0011966509625119818,-0.00040775132179794694,-0.00022792465936830725,0.0010873989147119128,-9.938817794488276e-05,-0.00018732820124539394,-0.0006707672965412169,0.00040752492815910587,-0.0014250711413585867,1.1676948110249992
1781506133.9299448,0.017490098186660672,0.775570450315763,0.35623507047108904,-0.049563886107774784,0.019997241920233444,-0.07674091253896066,0.01727202405363587,0.7756535905948216,0.35736284018897835,-0.049672689675785524,0.020100871504604045,-0.07673921244657264,-0.00018270216664389123,-9.649937004097815e-07,0.0001556335902651971,0.0021102825010288337,-0.0010781569259375487,0.0003285596371069671,0.0012356685852448893,-7.136193902628653e-05,-0.0003837849206338599,0.00010672052760455359,0.0008121340660897204,-0.0015894153614819367,1.1516653898092926
1781506133.9399052,0.017479792789925105,0.7755484822577419,0.35574971712672343,-0.049484509544083455,0.019945224123081973,-0.07669762094081684,0.01727202405363587,0.7756535905948216,0.35736284018897835,-0.049672689675785524,0.020100871504604045,-0.07673921244657264,-0.00014499489234166469,1.7001373036706497e-05,0.00021363458417693153,0.0027370728638832697,-0.0015509537379514741,0.0007365224822823496,0.0011353085616350644,-8.79788010043874e-05,-0.0006837220119391444,0.0005708049227456147,0.0011468933438293378,-0.0013433724856820898,1.6298409812866972
1781506133.9499407,0.017469512046901118,0.7755263716621547,0.3552621147719579,-0.049420276512830943,0.01990285937999481,-0.07666195798048435,0.01727202405363587,0.7756535905948216,0.35736284018897835,-0.049672689675785524,0.020100871504604045,-0.07673921244657264,-0.0001128872723683725,3.1208865242242285e-05,0.00025748925780811997,0.003131785544357063,-0.0018627480673642986,0.0010220357822116003,0.0008550268983298706,-2.7550409845085514e-05,-0.0024335028366845486,0.0004134008093809477,0.0011041644789999033,-0.0007275554736886967,2.1138196332773
1781506133.9599438,0.017459232266627853,0.7755041170617223,0.3547725525653026,-0.04936914782499469,0.019868887600259733,-0.07663298626100463,0.01727202405363587,0.7756535905948216,0.35736284018897835,-0.049672689675785524,0.020100871504604045,-0.07673921244657264,-8.568174069981859e-05,4.221881053794989e-05,0.00028943196206773335,0.003341805660176062,-0.0020453746522509715,0.0012079862116204155,0.0006495743180790172,-4.467005631691972e-05,-0.004061118146025549,0.0003544046469849926,-0.00015664997807445988,0.00015538469871057657,2.6013418125030396
1781506133.969949,0.017448931992157836,0.7754817187781344,0.35428129101769396,-0.049329236992497284,0.019842134740961415,-0.07660982048913981,0.017325196472217252,0.7756516571896024,0.35729109138603066,-0.049666452784451566,0.02014422520693282,-0.07679780008087592,-6.275619562341988e-05,5.052234383460396e-05,0.0003114073106258066,0.0034076928792600883,-0.0021262217014199475,0.0013142473628790618,0.000800394569913817,-0.00037132668507158556,-0.005366369844132682,0.0002736989042434497,-0.00023026146152924817,0.00011901467971662494,3.017132380229108
1781506133.9799523,0.017428423141795428,0.7754559704785969,0.3537705572961067,-0.04921629376963679,0.0197892095984038,-0.07657565624473606,0.017325196472217252,0.7756516571896024,0.35729109138603066,-0.049666452784451566,0.02014422520693282,-0.07679780008087592,-9.85389543835483e-05,5.224337072570708e-05,0.0001956398776791006,0.0042613396304405585,-0.002489450158537153,0.0015147566194004505,0.0006672887666962291,-0.0004547080861663071,-0.006220192440062602,0.0007698609852493047,-0.0005692741820375075,0.00018109035297139575,3.52747917251019
1781506133.989948,0.017409413994707076,0.7754306831765675,0.3532611337178594,-0.04912524239875952,0.019746906854081203,-0.07654842775072306,0.017325196472217252,0.7756516571896024,0.35729109138603066,-0.049666452784451566,0.02014422520693282,-0.07679780008087592,-0.0001260158038331519,5.2962988355087075e-05,0.00010022593467825913,0.004784303515764617,-0.0026934635292979784,0.0016235262249742475,0.0008193305691931587,-0.0006672369747608671,-0.009218824802773936,0.0007573631865127437,-0.0011456126883112097,0.000517008232754795,4.036890005038963
1781506133.9999485,0.017403388057488246,0.7754294743252748,0.3532521887993411,-0.049053085728784834,0.019713721954190744,-0.07652713991973698,0.017325196472217252,0.7756516571896024,0.35729109138603066,-0.049666452784451566,0.02014422520693282,-0.07679780008087592,-0.000146476732699464,5.286958322857482e-05,2.236021850394757e-05,0.005045183046729009,-0.002772597622073683,0.0016605816434083537,0.000571376353408178,-0.0006619959429518509,-0.012359521055699233,0.0008522887039024329,-0.001912046297335117,0.0013589158947333354,4.045764854014069
1781506134.0099492,0.017386766105381552,0.7754048652347012,0.35274500282982385,-0.04899706102681686,0.019688277750002703,-0.07651088494598271,0.017325196472217252,0.7756516571896024,0.35729109138603066,-0.049666452784451566,0.02014422520693282,-0.07679780008087592,-0.00016104620813727012,5.212468879890956e-05,-4.0431614613566726e-05,0.005102550713535082,-0.0027559974835170485,0.0016428901526127052,0.0007876205200484173,-0.0005003553414988231,-0.013886806482339828,0.0026414856493147325,-0.002116460085377649,0.0011628909380820994,4.553198683300172
1781506134.0199468,0.017371093724879477,0.7753805219370797,0.35223876950732413,-0.04895465679455313,0.019669330308466737,-0.07649884518105893,0.017361299446857492,0.7756248025225341,0.35683363069164475,-0.049613909372283826,0.020085363252570154,-0.0767596322862143,-0.0001707015728862407,5.086623481645119e-05,-9.032690282655756e-05,0.005005863561986159,-0.002668121092834718,0.0015846632287010826,0.0008025638095617007,-0.00034541211258077925,-0.015143748657223607,0.0030896844906136136,-0.002869499001842475,0.001418889069980253,4.601360476586047
1781506134.029948,0.01735622633744913,0.7753563915059577,0.3517333937025999,-0.04892361849603505,0.019655769610520846,-0.07649029283377051,0.017361299446857492,0.7756248025225341,0.35683363069164475,-0.049613909372283826,0.020085363252570154,-0.0767596322862143,-0.00017628967823065487,4.921145490260512e-05,-0.00012923696706638785,0.004796394972295945,-0.0025292450674312713,0.0014976585375777675,0.000688025389140208,-0.0007424114129580138,-0.017088495257379814,0.002643292482567963,-0.003645261013877346,0.0017102801695256927,5.107297480535105
1781506134.0399513,0.017347531394487116,0.775338194988928,0.3511809820173395,-0.049079130216412026,0.019683778094936155,-0.07651363158299207,0.017361299446857492,0.7756248025225341,0.35683363069164475,-0.049613909372283826,0.020085363252570154,-0.0767596322862143,-0.00015590006228216905,4.933320303024551e-05,-0.00044915431846289365,0.002580026409713381,-0.001935383061361833,0.001094714453409116,0.0004617753515245513,-0.0007046770017384279,-0.018367110985059422,0.0035407714216526376,-0.0032147806340267152,0.0017602613647898547,5.659926719729758
1781506134.0499473,0.017338511123383183,0.7753190020653217,0.35063629593677925,-0.04921232025633741,0.019709059228782966,-0.07653435539957516,0.017361299446857492,0.7756248025225341,0.35683363069164475,-0.049613909372283826,0.020085363252570154,-0.0767596322862143,-0.0001375564139235599,4.880583738459727e-05,-0.000700284137911248,0.0008487537601251252,-0.0014374404956130921,0.0007628471274671344,0.00030224906457503465,-0.0015339070258210989,-0.021242366107548306,0.003285689074447837,-0.002489839069536987,0.0014212909296648086,6.204916703001092
1781506134.059948,0.01732918382089396,0.7752989335488562,0.3500984022188752,-0.049325139602513,0.019731605035740563,-0.0765525525676633,0.017361299446857492,0.7756248025225341,0.35683363069164475,-0.049613909372283826,0.020085363252570154,-0.0767596322862143,-0.00012108764606728099,4.776406288705599e-05,-0.0008930111036826682,-0.0004716631892610155,-0.001024998463377026,0.0004933167307427495,-5.1988489721909866e-05,-0.001013189593371946,-0.021285286236653777,0.005402064068109345,-0.0029627324482564953,0.0018502663164192098,6.74318356429975
1781506134.069948,0.017331294240293834,0.7753019771504503,0.35006575480442137,-0.049419607660616344,0.019751484420692522,-0.07656835834407386,0.017381164728735132,0.775584759354438,0.3559117828631377,-0.049425923970747486,0.019958677203610886,-0.07667260556789522,-0.00010633265795305112,4.632253511460623e-05,-0.0010364117801472548,-0.0014480963898056592,-0.0006879097206742146,0.00027786912258769936,-3.3964770886048906e-05,-0.0007171953641019741,-0.02165633366850034,0.006200180318725527,-0.003427169454995214,0.001999425735056237,5.853075849825281
1781506134.0799677,0.017327968886835406,0.7752867369147877,0.34953293147990283,-0.04958817202586661,0.01978302288733036,-0.07656667642547783,0.017381164728735132,0.775584759354438,0.3559117828631377,-0.049425923970747486,0.019958677203610886,-0.07667260556789522,-5.6672889158769564e-05,5.561025326255435e-05,-0.0011707981231835884,-0.0031306226976036576,-0.0002699881520750355,0.0002829159087606363,9.322704611904823e-05,-0.0011452196525613715,-0.023186736672051015,0.0035313571719515534,-0.002299271004650258,0.001471631567110195,6.3860310163299205
1781506134.089946,0.01732341123483581,0.7752698435963822,0.34900555509240516,-0.04972708023334894,0.019809784404981157,-0.0765655369977374,0.017381164728735132,0.775584759354438,0.3559117828631377,-0.049425923970747486,0.019958677203610886,-0.07667260556789522,-1.6089256961632773e-05,6.236154566601293e-05,-0.0012638446704224388,-0.004305588477671301,5.0538340928317623e-05,0.00027895971866564496,-8.048761180570459e-05,-0.001366674611076619,-0.026292415600711914,-0.00018131316095283548,-0.0023619449848636797,0.0015656493092165353,6.913645161704971
1781506134.0999548,0.017329547578632292,0.7752756055663335,0.3489821972805607,-0.04983996580325898,0.01983223404442591,-0.07656483452364023,0.017381164728735132,0.775584759354438,0.3559117828631377,-0.049425923970747486,0.019958677203610886,-0.07667260556789522,1.669406061953477e-05,6.699111784872539e-05,-0.0013225257452349846,-0.005068094458582104,0.0002893158896160803,0.0002683645397355334,-0.0001983017894093797,-0.0019257909849508155,-0.028179787256112664,-0.002158061423275964,-0.0025045995960083626,0.0014566779922959559,6.936670436249887
1781506134.1099794,0.017322965350963,0.7752561177699444,0.34846366156709696,-0.0499302635154101,0.01985083833713497,-0.07656447811395989,0.017381164728735132,0.775584759354438,0.3559117828631377,-0.049425923970747486,0.019958677203610886,-0.07667260556789522,4.2800097124985284e-05,6.98587686206076e-05,-0.0013528755926097398,-0.005500686517205561,0.00046030541044519047,0.00025308377002006467,-0.00019831883002575305,-0.002400681734697866,-0.028813693062276158,-0.004332844250817863,-0.0011961883363293124,0.0007622550760768877,7.455595435588419
1781506134.1199498,0.017315550016797288,0.7752355939695409,0.34794867003911284,-0.0500011652221996,0.019866052127690104,-0.0765643903285344,0.017381489344235446,0.7755091636928089,0.3546046231431169,-0.04936665635178124,0.019845268302805863,-0.07661201099348185,6.321500166133297e-05,7.127566013999955e-05,-0.001360097327837429,-0.0056742441038447585,0.0005758229694168336,0.00023470959288562768,0.00012380983687489545,-0.001381566205473139,-0.028149133497408323,-0.0023305809092534603,-0.0004362712696866274,-0.0003108850330140414,6.6618991369648795
1781506134.1299796,0.01730985791858182,0.7752090346678451,0.34740761794949543,-0.050020275937951254,0.01991288184477691,-0.07659276596858676,0.017381489344235446,0.7755091636928089,0.3546046231431169,-0.04936665635178124,0.019845268302805863,-0.07661201099348185,8.753586514184431e-05,5.853723869749623e-05,-0.0015225994849367896,-0.0052572994396815195,0.0010390366423680773,-7.467200656860782e-05,-0.00018396363187610796,-0.0019927719695006394,-0.030245219571633484,-0.004889443828394535,0.0005854744329250299,-0.00023183033130287677,7.203616609022272
1781506134.139967,0.01730312751543195,0.7751826190388094,0.34687345857788604,-0.05003152104061437,0.019951320237100667,-0.07661651569409594,0.017381489344235446,0.7755091636928089,0.3546046231431169,-0.04936665635178124,0.019845268302805863,-0.07661201099348185,0.00010595083309707387,4.756944970685083e-05,-0.0016337589724043512,-0.004800989260842931,0.0013576718798062075,-0.00030442642133103755,1.5174897116210294e-05,-0.0015591790809162274,-0.030890402523926493,-0.004623705522907637,0.0008792586766248643,-0.0005450825416795101,7.738454465973848
1781506134.1499653,0.017295499254358904,0.775156370240581,0.3463452806914188,-0.05003656468755019,0.019982419189334077,-0.07663614916158304,0.017381489344235446,0.7755091636928089,0.3546046231431169,-0.04936665635178124,0.019845268302805863,-0.07661201099348185,0.00011939137034112247,3.816204993460154e-05,-0.001702293439539545,-0.004327674559773012,0.0015592559279072522,-0.0004682325776406075,-0.00024519126883743914,-0.0016595358263704766,-0.03181814408640525,-0.006157962436524679,0.0006261001076809294,1.3538335425746536e-05,8.267320923365356
1781506134.1599689,0.017287098855239894,0.7751303016493214,0.3458222738905761,-0.05003682357560621,0.0200071677093141,-0.07665216098352684,0.017381489344235446,0.7755091636928089,0.3546046231431169,-0.04936665635178124,0.019845268302805863,-0.07661201099348185,0.00012866826290725594,3.012649004141189e-05,-0.0017357412834405573,-0.0038545750621157013,0.001667618419085289,-0.000578144138983779,-3.547519804106779e-05,-0.001724791740067808,-0.03194373031851673,-0.0075888941139273846,0.000713462114123365,-0.00024010543243811484,8.791024081755895
1781506134.1699479,0.017289924016170775,0.7751285858014889,0.3458029938416758,-0.050033490201515374,0.02002648063160306,-0.07666502093865371,0.017382033608125402,0.7754334576432487,0.35307803981411806,-0.049567712345960885,0.019847062430323748,-0.07663995322888856,0.00013448514566110609,2.3294025075550154e-05,-0.0017405987100529896,-0.0033945869828071904,0.001703166109208207,-0.0006446672423089233,-0.0001217349794165217,-0.0015912677807910487,-0.030957746816709326,-0.008094738960579438,0.0012054858860792664,-0.0001323968872083838,7.282013795508532
1781506134.1799655,0.017284192545233695,0.775107987056686,0.3452967468578903,-0.050095388765814194,0.020036307097087258,-0.0766613739263521,0.017382033608125402,0.7754334576432487,0.35307803981411806,-0.049567712345960885,0.019847062430323748,-0.07663995322888856,0.00016204979777812784,2.9210805707054012e-05,-0.0016690231091154501,-0.0037005548478132697,0.0016223197004711502,-0.0005291674492854723,-0.00030787916736685936,-0.0019017319199906187,-0.03241071869826448,-0.007135267265378683,0.001020314452327217,6.805891403856203e-05,7.788711321325559
1781506134.189948,0.017275742685638473,0.7750808160984369,0.3447971302640109,-0.05026499988258615,0.02009505619915153,-0.07664384780632552,0.017382033608125402,0.7754334576432487,0.35307803981411806,-0.049567712345960885,0.019847062430323748,-0.07663995322888856,0.00015762856855484311,-3.613437658449619e-05,-0.001539161147559628,-0.005152111400368982,0.00207600729597675,-0.0002481769622711535,-0.0002936563516136273,-0.0016756122454063456,-0.03288816995026982,-0.0029225137154283804,0.0010744359988931924,-2.5623761757460287e-05,8.28909625932687
1781506134.1999605,0.01726653400624432,0.7750536788153108,0.34429860701574294,-0.05040292028517818,0.020142578168802938,-0.07662879102051898,0.017382033608125402,0.7754334576432487,0.35307803981411806,-0.049567712345960885,0.019847062430323748,-0.07663995322888856,0.00015208201041845386,-8.813387533254156e-05,-0.0014154087167339551,-0.006098688774556891,0.002359107274879181,-3.084957358018148e-05,-0.0002856792853848818,-0.0018479534551789367,-0.03466931995090612,-0.0029071129376535094,0.000650087823973404,0.00016216400221246796,8.788402151550036
1781506134.2099564,0.01725668277014475,0.7750265997691643,0.343800958208504,-0.05051332072177693,0.02018038690010493,-0.07661599446268809,0.017382033608125402,0.7754334576432487,0.35307803981411806,-0.049567712345960885,0.019847062430323748,-0.07663995322888856,0.00014570234896628991,-0.0001287609311821091,-0.0012981289221058949,-0.006640991315980123,0.0025066442169579127,0.00013282900593395515,-0.00018035994261835224,-0.0019014685489558898,-0.03630638508188552,-0.0040153804916086356,0.0007938303168570394,-0.00035765720179638954,9.286844958300422
1781506134.2199633,0.017246292705214102,0.7749996047768695,0.3433039929028567,-0.05060007947857781,0.020209882643158927,-0.07660524015703205,0.017373232717612097,0.7753445833275997,0.3513412780505225,-0.04980050070459751,0.01988206069423759,-0.07665971195957222,0.00013873473132726633,-0.00015974370914529092,-0.0011875312401234874,-0.006865539648392562,0.0025485711576349076,0.00025183049915084276,-0.00019621585609964844,-0.002237585631479748,-0.03731160081547269,-0.004211826359282168,0.001997616183294082,-0.0009324790819132761,8.045686826623395
1781506134.229969,0.017235455430046894,0.7749727183901821,0.34280754602306607,-0.050666749549101664,0.02023234216731362,-0.07659630932917591,0.017373232717612097,0.7753445833275997,0.3513412780505225,-0.04980050070459751,0.01988206069423759,-0.07665971195957222,0.00013138340503678178,-0.0001825917364901822,-0.0010836991637032734,-0.006845858663966139,0.002510221405526097,0.0003340999283808255,-0.00016208514719328357,-0.002752671575491054,-0.038645069753347694,-0.005899739569382273,0.0016529750371391747,-0.0008995185273632337,8.542941438935728
1781506134.2399592,0.01723164850819071,0.7749441643014789,0.3422710259735605,-0.05051190567560105,0.020237099338431985,-0.07667186734747754,0.017373232717612097,0.7753445833275997,0.3513412780505225,-0.04980050070459751,0.01988206069423759,-0.07665971195957222,0.00017860637112072756,-0.0001348795041251105,-0.0012532820478312588,-0.0043913642109809446,0.0023299210995559867,-0.0005233690833942417,-0.00027464078517167707,-0.002904295413079413,-0.040149459662791875,-0.0062357421458190156,0.0020209073405425444,-0.0006202038728595161,9.080190208606334
1781506134.2499516,0.01722629890773823,0.7749181830371829,0.34177652932448394,-0.05044391417191872,0.020222538592918893,-0.07672061216774952,0.017373232717612097,0.7753445833275997,0.3513412780505225,-0.04980050070459751,0.01988206069423759,-0.07665971195957222,0.0002148457321014299,-0.00010350281718964347,-0.0011485481259633514,-0.003158908760584218,0.0019437276539702108,-0.0010056099924601488,-0.0003471810813454833,-0.0026891777258828144,-0.04076540599834536,-0.005206059145652541,0.003252076764870753,-0.0009636106565150624,9.575375968827968
1781506134.2599585,0.01723184801494441,0.77491693794663,0.3417813418096929,-0.05038380536292601,0.02020855921960618,-0.07676059886971547,0.017373232717612097,0.7753445833275997,0.3513412780505225,-0.04980050070459751,0.01988206069423759,-0.07665971195957222,0.00024121540458701374,-7.70029695158673e-05,-0.001049917274374469,-0.0021489987885631354,0.0016011712326558993,-0.0013394060592727389,-0.00010112064129343384,-0.0016033841720237399,-0.03660807413789508,-0.0025699130264785,0.003344780484966694,-0.0013636526951254554,9.570540796357374
1781506134.269946,0.01722445816544365,0.7748916954004272,0.3412868564751147,-0.050331248293135546,0.02019539742096832,-0.0767929289700903,0.017359272962622907,0.7752247705420651,0.34939751696795823,-0.050072888096771254,0.01997576390108935,-0.0767050220379125,0.000259327825599789,-5.475389744779654e-05,-0.0009574355567897894,-0.0013334798296459624,0.001300684661376564,-0.001552841636217759,-0.000511065418048777,-0.0019973387237127646,-0.037041234850617534,-0.006174529066469096,0.0016757133327875463,-3.181267757930626e-05,8.118616120355025
1781506134.2799451,0.017211743179251844,0.7748616127855832,0.3407749696009717,-0.050209585291399676,0.02017858286714036,-0.07681767230127282,0.017359272962622907,0.7752247705420651,0.34939751696795823,-0.050072888096771254,0.01997576390108935,-0.0767050220379125,0.0002435817326081012,-5.4443551059993623e-05,-0.000984796503064609,0.00014576686450373322,0.0009890515737637615,-0.0016622614941155093,-0.0007211817907556101,-0.0020001346088883666,-0.037838515469201306,-0.006460893045328621,0.0018599889341848381,1.3674636752009675e-05,8.631452466937466
1781506134.2899454,0.017196179988731252,0.7748304846586638,0.34027803248953825,-0.05008354172741613,0.020153665297473866,-0.07688271813554212,0.017359272962622907,0.7752247705420651,0.34939751696795823,-0.050072888096771254,0.01997576390108935,-0.0767050220379125,0.00021280714293152222,-4.5215779385915804e-05,-0.000917507981642867,0.0015202209542137747,0.0006451089001528604,-0.0022034913076317765,-0.0004509255051508724,-0.0011808348374951747,-0.03736286708149551,-0.0019332665051808636,0.0015575416102595156,-0.00036905608343921174,9.129460982343115
1781506134.2999432,0.017181054213893713,0.7748007714725262,0.3397812616985703,-0.04997888098182428,0.020132224307766622,-0.07693537850854486,0.017359272962622907,0.7752247705420651,0.34939751696795823,-0.050072888096771254,0.01997576390108935,-0.0767050220379125,0.0001854056459809856,-3.7235042192982505e-05,-0.0008518648054366396,0.002508444344306354,0.0003697541958464113,-0.002548695609032723,-0.00044065430647719157,-0.0012200087049387168,-0.03686065369816169,-0.003112378072815656,0.001425696460243529,-0.0002595828174852485,9.627247921363576
1781506134.309943,0.01716632456382661,0.7747722766172028,0.33928458484147656,-0.04989310686172713,0.020113973339643598,-0.07697731708330707,0.017359272962622907,0.7752247705420651,0.34939751696795823,-0.050072888096771254,0.01997576390108935,-0.0767050220379125,0.00016105918210083264,-3.035651484533312e-05,-0.0007883742338906344,0.003180226760100517,0.0001533252680726003,-0.00273757678263879,-0.0004176992306399062,-0.0013832329349982172,-0.03571668565354249,-0.0014365286064293302,0.0007719304466867957,-0.0006935996462432054,10.124888939216099
1781506134.3199422,0.01715195118202877,0.7747448183935965,0.3387879446922748,-0.04982383199600644,0.020098610809142103,-0.07701007392778415,0.017332681102802117,0.7751412694473571,0.34750573215544767,-0.05029804626913734,0.020049595024691502,-0.07672733988739358,0.0001394737111676188,-2.4449969895695224e-05,-0.0007274162055816908,0.0035965213914901577,-1.3029876673568362e-05,-0.0028041611380535784,-0.0002418543390432318,-0.0021004949724301187,-0.035518456967332884,-0.00013635083475280958,0.001187990440611179,-0.0016125596081029729,8.728668569452305
1781506134.329944,0.017137896245601535,0.7747182315226455,0.3382912965536129,-0.04976881591200621,0.020085832043795993,-0.07703505434901513,0.017332681102802117,0.7751412694473571,0.34750573215544767,-0.05029804626913734,0.020049595024691502,-0.07672733988739358,0.00012037820108041518,-1.939854824170985e-05,-0.0006692636351046477,0.0038099919899084044,-0.0001373140038275493,-0.002777290784036952,-0.0001415369397619267,-0.001888255710891531,-0.037763261353875005,0.0019082866168164106,0.0005394654177447473,-0.002430006576878693,9.226197791436027
1781506134.3399565,0.01715029684403391,0.7747041570690596,0.33830787083595726,-0.049651505979389596,0.020040496651223316,-0.0770107421801317,0.017332681102802117,0.7751412694473571,0.34750573215544767,-0.05029804626913734,0.020049595024691502,-0.07672733988739358,0.00020152682981055983,-9.68801979893534e-05,-0.0005385066145725769,0.004669456583501249,-0.0006296953399820428,-0.002233641137723773,-7.242804008364249e-05,-0.0015069943278071074,-0.04043983054303317,0.007059088632010118,0.0006496240440857168,-0.0035498825211884685,9.210047996709092
1781506134.3499463,0.017149018853939463,0.7746684831044063,0.33782300375981794,-0.049557085453583886,0.0200030447280648,-0.07698827680302409,0.017332681102802117,0.7751412694473571,0.34750573215544767,-0.05029804626913734,0.020049595024691502,-0.07672733988739358,0.0002641172207596071,-0.00015785281574067268,-0.000426714963398163,0.0051856139031912305,-0.0009813667939636648,-0.001765155468778634,-0.0002323771280710405,-0.0013478135598227808,-0.042414048678305165,0.007190038249240105,0.0003947951321883088,-0.003324759985306396,9.696003709326448
1781506134.3599854,0.01714619022626438,0.7746348883262757,0.33733621169401873,-0.04948239973777792,0.019972524716750373,-0.07696780917495046,0.017332681102802117,0.7751412694473571,0.34750573215544767,-0.05029804626913734,0.020049595024691502,-0.07672733988739358,0.00031101647285451423,-0.0002047998408547966,-0.0003315647153016571,0.005430412738694121,-0.0012179870869967132,-0.0013658130000487807,-0.00032185137710783623,-0.0019513300049986012,-0.044999688368435584,0.002957018259799632,0.001171149385164296,-0.0033581742653553907,10.18382772351542
1781506134.369961,0.017142000629761837,0.7746030651746467,0.3368477118294886,-0.04942454498060147,0.019948033973489654,-0.07694939796270336,0.01732140498893847,0.7750478731407668,0.3454658442016369,-0.05013182964740948,0.020122201433286913,-0.07687307233825787,0.00034472503880099187,-0.00023989263027518769,-0.00025097938907217755,0.005465190040267747,-0.0013619296431297103,-0.001029209515011185,-0.0004888665291730198,-0.002632834008807234,-0.044938843291422954,-0.0019464001764686694,0.0016134256001055208,-0.002886784154339987,8.631468335960355
1781506134.379964,0.017141322873680538,0.7745878649266675,0.33630914177302823,-0.049552940110965435,0.01991376147701862,-0.07689646447179589,0.01732140498893847,0.7750478731407668,0.3454658442016369,-0.05013182964740948,0.020122201433286913,-0.07687307233825787,0.00039706891440033696,-0.00021199746865494247,-0.0004994423546532778,0.0034553813873195245,-0.0016156367165775483,-0.00035828359235577645,-0.0003960448079958147,-0.0026033209495975773,-0.04262241658629605,0.0014407314403877263,0.0005416801003378449,-0.002717759240308238,9.170018347384177
1781506134.389963,0.01713891818499726,0.7745714125735522,0.33577630679899717,-0.04966410013134478,0.019886439583505666,-0.07685168271416161,0.01732140498893847,0.7750478731407668,0.3454658442016369,-0.05013182964740948,0.020122201433286913,-0.07687307233825787,0.00043405790611222557,-0.00018691775863751523,-0.0006925733110606977,0.0018549211167698375,-0.0017615004583781727,0.0001542410973917527,-0.0007872152593867785,-0.002804989679012157,-0.04423859607975147,-0.0003296913240067132,0.00010614073211084353,-0.0015093685674385559,9.702960949260662
1781506134.399945,0.01714680212912918,0.774577862998279,0.33574778283205353,-0.04975930349521047,0.019865072424725794,-0.0768142356716324,0.01732140498893847,0.7750478731407668,0.3454658442016369,-0.05013182964740948,0.020122201433286913,-0.07687307233825787,0.00045825172119696707,-0.00016441600297039977,-0.0008388380507126681,0.0006049795696341552,-0.0018225696602868697,0.0005340480413211764,-0.0005922881498556742,-0.0007177272646794558,-0.039682679288573046,0.007366852952572495,-0.0012025914524656268,-0.0009459329766455375,9.730987230270292
1781506134.4099662,0.017153357427230405,0.7745833836810107,0.33572365433906237,-0.04983994493555506,0.019848751002837117,-0.0767833101580055,0.01732140498893847,0.7750478731407668,0.3454658442016369,-0.05013182964740948,0.020122201433286913,-0.07687307233825787,0.00047186735180111737,-0.0001442688799359755,-0.000945626527029774,-0.00034811670306972276,-0.0018184346829187468,0.000804014824781972,-0.0004982443194196879,-0.0003217794268341944,-0.03778238126382539,0.006653869216391245,-0.0018167913824902182,-0.00033404862100429463,9.75470418616938
1781506134.4199595,0.017146972297311245,0.7745639605879805,0.335204083394677,-0.04990746812455459,0.01983665628304143,-0.07675811816003852,0.01728814435187742,0.7749650813131482,0.3433503953814186,-0.04996602031934276,0.020107179047007984,-0.0769361844195842,0.00047681857603736657,-0.00012626727726875955,-0.001019371400555796,-0.0010527086557340318,-0.0017655584537883448,0.0009842901998324556,-0.0006208060050463676,1.5800873081275575e-05,-0.033605074762729045,0.008699612470406133,-0.0015265563911456854,3.186070060569161e-05,8.157403163414157
1781506134.4299579,0.017139597609362234,0.7745437408641759,0.3346878555947171,-0.04996331387689926,0.019828059039105783,-0.07673791213626915,0.01728814435187742,0.7749650813131482,0.3433503953814186,-0.04996602031934276,0.020107179047007984,-0.0769361844195842,0.0004747515104206974,-0.00011021613933455312,-0.0010656553344732674,-0.0015518186124129257,-0.0016776100559650201,0.0010924265870410812,-0.0004873640759346233,-0.0008100841838751657,-0.03356640600183502,0.008086276967387078,-0.0013791841670352592,5.4937702544304435e-05,8.6740526551802
1781506134.4399614,0.017136799607991162,0.7745295756015373,0.3342017640596423,-0.049799687084313385,0.01983508955075619,-0.07679976745094656,0.01728814435187742,0.7749650813131482,0.3433503953814186,-0.04996602031934276,0.020107179047007984,-0.0769361844195842,0.0005042644809783432,1.1198596432929667e-05,-0.0009110473187392125,0.000417290957217044,-0.0013839960010928215,0.0003026741743088941,-0.0002578564743677017,-0.001834253072375667,-0.035566711020148155,0.002864635427135989,-0.0018845843945003854,0.0006997176615547674,9.160241564398502
1781506134.4499505,0.017132482767597153,0.7745142567805615,0.33371421973065596,-0.049662453128132535,0.01984226570143721,-0.07685213422895243,0.01728814435187742,0.7749650813131482,0.3433503953814186,-0.04996602031934276,0.020107179047007984,-0.0769361844195842,0.0005215671584037271,0.00010852518903786854,-0.0007753882599677738,0.0018812518340815116,-0.0011261206731842139,-0.0002973562136354595,-7.832118445029717e-05,-0.0023390041994006223,-0.03552053986650227,0.002689699221487877,-0.002736450217786471,0.0010605236571190123,9.647971520498666
1781506134.4599535,0.01712684968877907,0.7744979262360049,0.3332253670967246,-0.049548750817435684,0.019849353132451286,-0.07689595788789468,0.01728814435187742,0.7749650813131482,0.3433503953814186,-0.04996602031934276,0.020107179047007984,-0.0769361844195842,0.000528848497826751,0.0001852812402674302,-0.0006566598531326591,0.00292665026065499,-0.0009020810433539583,-0.0007388071765958748,1.5893598419171968e-05,-0.002827010621046031,-0.036120579085556326,-0.0005388725148132317,-0.0024476119113849767,0.0011847702860636358,10.13708279537549
1781506134.4699583,0.017131865341482224,0.7745045837219399,0.33323462828696937,-0.049455792238600554,0.019856178953054027,-0.07693218075201996,0.01727534353923671,0.7748656136309902,0.34158852225932523,-0.04980660374953609,0.020029044400976748,-0.07690065225878197,0.0005279927141855837,0.0002445512360434656,-0.0005530273285942611,0.0036298193378304444,-0.0007095252788118142,-0.0010493542329657235,3.550808014483268e-05,-0.0031710078290594105,-0.03769891570661444,-0.002817761167672278,-0.0027591640841075574,0.0012657356981504624,8.362922520854978
1781506134.4799495,0.017136325196659304,0.774471771226626,0.33278069084769596,-0.04954953239487467,0.019920430298604463,-0.07695579243143255,0.01727534353923671,0.7748656136309902,0.34158852225932523,-0.04980660374953609,0.020029044400976748,-0.07690065225878197,0.0005887323231721207,0.00016723834788072466,-0.00020047244718241755,0.0022152463922426443,8.116570667155972e-05,-0.001157499420378006,1.8896107844986505e-05,-0.0024295592064257575,-0.03796879812536928,0.00024072296928796203,-0.0019909195674871405,0.0002587024393692327,8.81772828537666
1781506134.4899426,0.017138066595646092,0.7744401537490075,0.3323204902411817,-0.04963039058453378,0.019974447264469397,-0.0769745919268148,0.01727534353923671,0.7748656136309902,0.34158852225932523,-0.04980660374953609,0.020029044400976748,-0.07690065225878197,0.0006300326142444534,0.0001030545572447309,8.50893358583516e-05,0.0010947141358927828,0.0006713748869687909,-0.0012068520210049888,-8.460527810332756e-05,-0.001769335038609987,-0.04157449271219691,0.00025359073335390597,-0.0010511006286818602,-0.00046715871989686165,9.278808035504978
1781506134.4999468,0.01713744998554838,0.774409583338109,0.3318547819046825,-0.049699383052407,0.020019317923949176,-0.07698927027259203,0.01727534353923671,0.7748656136309902,0.34158852225932523,-0.04980660374953609,0.020029044400976748,-0.07690065225878197,0.0006552042261693369,5.02237274175592e-05,0.00031325250038187767,0.00022516947080915175,0.0010952159778262075,-0.0012108006615238517,-0.0002151861861788513,-0.0013116349234211454,-0.04266518960693446,-0.0004259199421587133,-0.0010236833507071101,-0.0005977001332235332,9.745392734609252
1781506134.5099468,0.017146694846392398,0.7744039542394973,0.33188351802410176,-0.04975759613096263,0.020056107763348985,-0.07700045822010497,0.01727534353923671,0.7748656136309902,0.34158852225932523,-0.04980660374953609,0.020029044400976748,-0.07690065225878197,0.0006671092176077338,7.176169985703174e-06,0.0004924465360044788,-0.00043251625893961734,0.0013828027367618837,-0.0011806202559484537,-0.0003504596890562297,-0.0007880452158995104,-0.04023895119746084,0.001488601283970796,-0.0010083385574182005,-0.0007059570115156397,9.7168300945128
1781506134.5199523,0.017154221639642895,0.7743991732027476,0.3319080112781245,-0.049806138912204936,0.020085836202551333,-0.07700872407329491,0.017265740260308415,0.7747788704354757,0.3395557606935766,-0.04979157196237065,0.019960224590175768,-0.07690715588895612,0.0006682132739656431,-2.7472182761506765e-05,0.0006300588992644476,-0.0009134601455361251,0.0015604277027672754,-0.0011256932494831792,-0.0003743630364108409,-0.0012710421753474336,-0.037940308259120904,0.0014303300176370171,-0.00022396411695528977,-0.0011037918711539947,7.657981294887339
1781506134.5299442,0.017160272152107154,0.7743951271755669,0.33192879192706154,-0.049846107165170336,0.02010946026228977,-0.07701457376980438,0.017265740260308415,0.7747788704354757,0.3395557606935766,-0.04979157196237065,0.019960224590175768,-0.07690715588895612,0.0006606326401039306,-5.4938849675457077e-05,0.0007325469239455771,-0.0012488122613063175,0.001650800689586278,-0.0010537272188295358,-0.0005723994515466087,-0.0014264871592491717,-0.038446608012976016,0.0008607570806934125,0.0006875058287709027,-0.0012623483510186538,7.637344759585598
1781506134.5399454,0.01717285298546256,0.7744202479672134,0.33189083305595707,-0.04997647157069897,0.020110409443193644,-0.07703934431565103,0.017265740260308415,0.7747788704354757,0.3395557606935766,-0.04979157196237065,0.019960224590175768,-0.07690715588895612,0.0006980204149669827,0.00010082809265802752,0.0004429179008337788,-0.002530234601525503,0.0014942937463818622,-0.0012082156568038612,-0.000612147990666583,-0.0012017617948249459,-0.03889940622522136,0.002351576881787185,0.0009322929871645799,-0.0012386409101212855,7.67387475858936
1781506134.5499465,0.017183230904846615,0.7744417398177094,0.331858109849377,-0.050083772511177634,0.020109889733501918,-0.07705900260262222,0.017265740260308415,0.7747788704354757,0.3395557606935766,-0.04979157196237065,0.019960224590175768,-0.07690715588895612,0.0007191896894524117,0.0002245960176991369,0.00020479927736493178,-0.0034210999083464783,0.001336121175419708,-0.0012909051059578438,-0.0006463542538011866,-0.000328650564158282,-0.036746460541885184,0.0038667355670421017,0.0009581393715492766,-0.0011684786233133364,7.705471651130838
1781506134.5599418,0.017191710175177465,0.7744600392536483,0.3318299995437474,-0.05017085565682971,0.020108284452861946,-0.07707429197524465,0.017265740260308415,0.7747788704354757,0.3395557606935766,-0.04979157196237065,0.019960224590175768,-0.07690715588895612,0.0007270709510584563,0.00032110772547091343,1.1049024541997024e-05,-0.003994949057759716,0.0011810313076698472,-0.0013175324015026503,-0.000302870316821499,-0.0009159165749196796,-0.033330872508281054,0.002393762463887751,0.0008458181096743383,-0.001214313918180976,7.732691583156552
1781506134.5699415,0.017198559176098995,0.77447553892855,0.33180594385354134,-0.05024040659739798,0.02010591031009601,-0.07708588911082806,0.017238274537631604,0.7747226114011602,0.33773242320182606,-0.049696785303717815,0.020019372676455482,-0.07696176706782684,0.0007241850890878759,0.00039451597244749375,-0.0001446284790746993,-0.004315561233492589,0.0010324972518525924,-0.0013014237388939331,-0.0005799373369822917,-0.00245498338092257,-0.031470509242666145,-0.003487577699741362,0.002192162416740016,-0.0005519252557979326,5.931760243157895
1781506134.5799565,0.017204014025384115,0.774488590997281,0.33178544343070043,-0.05029491746353246,0.0201030254822121,-0.07709440217530011,0.017238274537631604,0.7747226114011602,0.33773242320182606,-0.049696785303717815,0.020019372676455482,-0.07696176706782684,0.0007126922361816861,0.0004484472243421141,-0.0002677696097456221,-0.004437655727549601,0.000892941635779489,-0.0012537341919430164,-0.000225625608385034,-0.0033833800258694135,-0.031013827587720717,-0.005951859275867189,0.0015062028044676406,-0.0004902277875975312,5.951681084391926
1781506134.5899441,0.017223938592311354,0.7744652874798794,0.33186162944522835,-0.05028725231879923,0.0201205954667798,-0.07700142054907351,0.017238274537631604,0.7747226114011602,0.33773242320182606,-0.049696785303717815,0.020019372676455482,-0.07696176706782684,0.0007904947120727519,0.0002351594580653539,0.0002456643601509282,-0.0038899455547106504,0.0009359937836712981,-9.362194988267198e-05,-0.00019596988205934797,-0.0038276239006847447,-0.032039150465161446,-0.007893186361801545,0.0020951139755319634,-0.0003222278725900159,5.87644794517047
1781506134.599947,0.017240560234209678,0.7744450043217366,0.33192692668461815,-0.05027723008842587,0.0201345166311524,-0.0769230852202293,0.017238274537631604,0.7747226114011602,0.33773242320182606,-0.049696785303717815,0.020019372676455482,-0.07696176706782684,0.000842936080269983,6.0958056433545616e-05,0.000654722549883689,-0.0033730905747526444,0.0009426138834813182,0.0007781760388664114,3.969152433638212e-05,-0.002321203485148044,-0.029279253450204663,-0.004103413322555015,0.000554724398447929,-0.0004883823422291257,5.812130480836447
1781506134.6099539,0.017254318851812694,0.7744273867483241,0.3319826555770993,-0.05026571633806789,0.020145322968303292,-0.07685786817508933,0.017238274537631604,0.7747226114011602,0.33773242320182606,-0.049696785303717815,0.020019372676455482,-0.07696176706782684,0.0008743537467104276,-7.965855239486447e-05,0.0009748074829201625,-0.0028935010499822472,0.0009217596658639344,0.001410085809769457,0.0001215757942877985,-0.000749404267764894,-0.024316875456655458,-0.0010328370891568152,-1.6276277268645738e-05,-0.0005147858557331965,5.7573642193295385
1781506134.61995,0.017265604549359426,0.7744121223157573,0.3320299963531136,-0.05025340037580748,0.020153499857579416,-0.07680426544177313,0.017235747604244844,0.7746022298907742,0.3362868606703201,-0.04991985160499261,0.020054273370112785,-0.07699253662891577,0.000888496056079935,-0.0001915324360165131,0.0012194112730839273,-0.0024549601720395445,0.0008808938508881989,0.0018449579043606295,8.989785182533492e-05,-0.0008002685034654725,-0.022285743135836183,-0.00290647807028974,-6.968353837742352e-05,-0.00034985869849171134,4.261211816180514
1781506134.6299436,0.01726873778937457,0.7743964688186891,0.3320373327345125,-0.050080339123971654,0.020170469164602967,-0.07684478780477051,0.017235747604244844,0.7746022298907742,0.3362868606703201,-0.04991985160499261,0.020054273370112785,-0.07699253662891577,0.0008520415213466456,-0.0002389918959847008,0.0011935431023336548,-0.0002887294850608133,0.000992076408773043,0.0012111058148409084,0.00015373735476727045,-0.0007314405708622855,-0.021447838969517484,-0.003011588445109922,0.0007797007999774026,-0.0004464103468373758,4.254634373046583
1781506134.6399465,0.01726484116824087,0.774404167904641,0.3320596167843682,-0.050124011360623,0.02010754953439986,-0.07680414363086452,0.017235747604244844,0.7746022298907742,0.3362868606703201,-0.04991985160499261,0.020054273370112785,-0.07699253662891577,0.0007794386573356691,-0.0001968789860931653,0.0012359114183931813,-0.0007428617654502406,0.00017548058443131974,0.0014875523186394354,-0.00011156155071018474,-0.0012058670767377696,-0.023049703968329293,-0.005187653368384168,0.0008322029711479295,0.000699119883803235,4.23198131578282
1781506134.6499407,0.017261076429729544,0.7744107259473298,0.33207800418211386,-0.05016009112811679,0.020054400673740647,-0.0767713128833133,0.017235747604244844,0.7746022298907742,0.3362868606703201,-0.04991985160499261,0.020054273370112785,-0.07699253662891577,0.000711278748105954,-0.00016057721599965796,0.0012542633124643723,-0.0010627982602428808,-0.00044116858703657736,0.0016539633751444258,-0.00033873007007761334,-0.0006154596884228224,-0.022293261174440856,-0.004257343496320004,0.0004580520095256999,0.0018646301014394468,4.213287107244284
1781506134.6599388,0.017257470391519033,0.7744162777757397,0.33209301502662864,-0.050189493953067155,0.020010027162713273,-0.07674523551409784,0.017235747604244844,0.7746022298907742,0.3362868606703201,-0.04991985160499261,0.020054273370112785,-0.07699253662891577,0.0006475491789498704,-0.00012940045320825006,0.0012531029306123104,-0.0012734276841720148,-0.0008911255865906081,0.0017333741237367682,-0.00023789279795212714,-0.00044380386503622656,-0.019242042696591403,-0.003115691491310093,0.0002665965042552824,0.0023327921496423196,4.1980223143383375
1781506134.669946,0.017254041178689408,0.7744209481738448,0.332105114134783,-0.050213088709518884,0.019973443061154228,-0.0767249323268906,0.017227577907709846,0.7745621026063998,0.3352084604913201,-0.05010471164114082,0.020066860720463486,-0.07693647018840387,0.0005881836862116397,-0.00010273294992594261,0.0012362933207211825,-0.001396390637275977,-0.001203869577677957,0.0017454252871832343,-0.00033312580165947527,-0.0009759688616781104,-0.01692311019731161,-0.003618095485205416,0.00013625345161802656,0.00275992889232133,3.10666758556059
1781506134.6799493,0.017250799955432123,0.7744248514196165,0.33211471522297814,-0.05023168550845124,0.019943696499845842,-0.07670951151678758,0.017227577907709846,0.7745621026063998,0.3352084604913201,-0.05010471164114082,0.020066860720463486,-0.07693647018840387,0.0005330737779280497,-8.002326345913312e-05,0.0012071339255281146,-0.0014503015803908345,-0.0014052441087723901,0.0017066766872358772,-0.00018370765509939936,-0.00118732092485891,-0.015676022219896574,-0.002464796189667239,-0.0007355864982801211,0.0031817233971878915,3.096875350601311
1781506134.6899502,0.017268515161774838,0.7744320114208314,0.33213388735774135,-0.05005087010774379,0.019920513226388437,-0.07673611863114285,0.017227577907709846,0.7745621026063998,0.3352084604913201,-0.05010471164114082,0.020066860720463486,-0.07693647018840387,0.000618373318577193,7.220462129486671e-06,0.0012424482733519396,0.000687802978113414,-0.0014898983273814602,0.0012176091199671863,7.684190435239709e-05,-0.0007716899612578336,-0.01543549830242979,-0.0009823974611899854,-0.0013372976106205536,0.0030782852594908624,3.07759638826424
1781506134.6999483,0.01728341155055829,0.774438185100277,0.3321495425206797,-0.04989944342164866,0.0199023271273282,-0.07675968714742772,0.017227577907709846,0.7745621026063998,0.3352084604913201,-0.05010471164114082,0.020066860720463486,-0.07693647018840387,0.0006790140819072286,7.716589216971415e-05,0.001255054602515243,0.0022709820662326855,-0.0015125553007623088,0.0008178263813748438,0.0001293234030004767,-0.0006773533154779245,-0.013943729817519292,0.0009039363313928647,-0.0020973434888163067,0.0031599718918755384,3.0619360044103123
1781506134.7099178,0.01729585812769684,0.7744435145732551,0.33216217542849125,-0.04977418167486411,0.0198883827681946,-0.07678033268335077,0.017227577907709846,0.7745621026063998,0.3352084604913201,-0.05010471164114082,0.020066860720463486,-0.07693647018840387,0.0007190910607877435,0.0001323384353406068,0.0012492718089607963,0.003395039161256226,-0.0014881368950902453,0.0004958878198308475,0.0004726697182437303,-0.0004957523680977598,-0.011688427148809778,0.001717134523809899,-0.00118857505399391,0.0019817301589033077,3.0493569804240166
1781506134.7199423,0.017306181196201673,0.7744481176671328,0.33217222304907135,-0.04967195319889138,0.019877998022061583,-0.07679822217277836,0.017228655832402517,0.7745224889035254,0.33449963849479347,-0.05011934707108056,0.020025319617983817,-0.07680068432371628,0.0007421521695829499,0.0001749526094052387,0.0012287999952564884,0.0041443237927804915,-0.0014291128334235612,0.0002410897978219231,0.0005146979138840351,-0.0007426060895010549,-0.010571151065090361,0.0013514461056570305,-0.001432920345477344,0.0013880931055006529,2.3298935425938807
1781506134.729948,0.01731466886278683,0.7744520924473814,0.33218007004277966,-0.049589781056179845,0.019870564386894607,-0.07681355636706846,0.017228655832402517,0.7745224889035254,0.33449963849479347,-0.05011934707108056,0.020025319617983817,-0.07680068432371628,0.0007512611870432084,0.00020694529705772628,0.0011967956292053992,0.0045922946037829605,-0.0013457740266155426,4.357407058304803e-05,0.00047980828303594274,-0.0005508501611597328,-0.00999009413935517,0.0024704310262905105,-0.0013572592133243083,0.0007052023902570204,2.32222989947405
1781506134.7399464,0.017316185200941265,0.7744410833982412,0.3322366982019607,-0.04940270251842178,0.019854553119963203,-0.07678865925820455,0.017228655832402517,0.7745224889035254,0.33449963849479347,-0.05011934707108056,0.020025319617983817,-0.07680068432371628,0.0007164007956306145,0.00014003394724692702,0.0014761708769118708,0.006127915346545315,-0.0013867030548844624,0.0003015758157295043,0.00038877272776165694,-0.00017505463802998156,-0.01064827259928834,0.0031320880634617397,-0.0010149248615546013,0.00033639137710976097,2.2660951029410317
1781506134.7499394,0.017317135890497746,0.77443170990191,0.3322843628400521,-0.049250986625369565,0.019842341656648665,-0.07676806107927817,0.017228655832402517,0.7745224889035254,0.33449963849479347,-0.05011934707108056,0.020025319617983817,-0.07680068432371628,0.0006793382838264991,8.454493972319324e-05,0.0016817412413747837,0.007110767441756529,-0.001379407758979776,0.0004866257830537388,0.0005048620189082254,0.0002603331548974812,-0.010699098566121387,0.0032441347941838277,-0.0014732414485534421,0.0001210702647471257,2.21889967648488
1781506134.7599409,0.01731762025079747,0.774423771451555,0.3323242290623918,-0.04912991955782101,0.019833312325281627,-0.07675124685618878,0.017228655832402517,0.7745224889035254,0.33449963849479347,-0.05011934707108056,0.020025319617983817,-0.07680068432371628,0.000640977588550203,3.892858399340537e-05,0.0018254582417984414,0.007652545066284574,-0.001336180354495796,0.0006119518993101432,0.00022947244690980123,0.0005586310739939855,-0.009531574957831494,0.0034168360142192377,-0.001096599483943924,0.00028821271530074933,2.1794646135338134
1781506134.7698975,0.017317723393929736,0.7744170861531849,0.3323573320020424,-0.04903513049396007,0.019826915015981106,-0.07673772743108931,0.01725056465970315,0.7745207064485315,0.33399211302377585,-0.04997556899506904,0.019965613846910646,-0.0767767887252321,0.0006020608153948574,1.8157336124263902e-06,0.0019176999818581407,0.007849010376361229,-0.0012672142785328283,0.0006890997643506579,0.000680159149851941,0.0005142570604255406,-0.009109933218738273,0.00295922139211399,-0.000995698428196107,-0.0003300477678049031,1.639437845790565
1781506134.7799494,0.017317518100596816,0.7744114900352561,0.33238458902691237,-0.04896262524409094,0.019822665336091116,-0.07672704631132256,0.01725056465970315,0.7745207064485315,0.33399211302377585,-0.04997556899506904,0.019965613846910646,-0.0767767887252321,0.0005631907528783042,-2.8000473474774747e-05,0.0019674499683735146,0.007781366909808002,-0.0011808514681564668,0.0007280385434001055,0.0003231465462246726,0.0004988229240010815,-0.007801389777460469,0.005202861709671561,-0.0008850506419428719,0.0004519914832022846,1.6126203485843131
1781506134.7899458,0.01732294054426165,0.7744361003410146,0.33236680943074925,-0.049004204131646904,0.01982154781569956,-0.07676379335029346,0.01725056465970315,0.7745207064485315,0.33399211302377585,-0.04997556899506904,0.019965613846910646,-0.0767767887252321,0.000562378646617749,0.000140157154140807,0.0017266817574085565,0.006485902005573189,-0.0010445358417213095,0.00024735423310172946,0.00029795457661994175,0.0002516018283932513,-0.00835241872814731,0.006044246970521432,-0.0014892313395663012,0.0009507262053572582,1.6291127129821161
1781506134.7999473,0.017327313052855273,0.7744572730929591,0.33235054078389437,-0.04904513662073444,0.01982155287689147,-0.07679497450401361,0.01725056465970315,0.7745207064485315,0.33399211302377585,-0.04997556899506904,0.019965613846910646,-0.0767767887252321,0.000554600801039878,0.00027337364952499524,0.0015115206905829445,0.005337715529460323,-0.0009138178539559245,-0.00011957521864680993,0.0004305680894935753,0.00022697749537872134,-0.007578159286995083,0.007269934596750251,-0.0017519755063936738,0.0010571995944960871,1.644589166083775
1781506134.8099458,0.017330785640798544,0.7744754150583812,0.3323356954643044,-0.04908446435288662,0.019822399158675674,-0.07682113191968672,0.01725056465970315,0.7745207064485315,0.33399211302377585,-0.04997556899506904,0.019965613846910646,-0.0767767887252321,0.0005413296001515882,0.0003768523537751654,0.0013196426607693366,0.0043313092170601305,-0.0007908694669451154,-0.0003912285942807583,0.0004809647260754982,0.00018423374014049572,-0.00640485997174594,0.006981155445159683,-0.0016167418534519392,0.00090309515635528,1.6589773498016658
1781506134.8199475,0.017333490159209947,0.7744908901519438,0.33232218485556936,-0.0491215131841041,0.01982385280355059,-0.07684280930107443,0.017270443313499084,0.7745381883445652,0.3336138160150934,-0.049661106513956735,0.019925603571526507,-0.07673362633477133,0.0005238166406933642,0.0004551471774361955,0.0011488869174426017,0.003458682385384983,-0.0006771060419049038,-0.0005840592744590783,0.0005029490881405539,0.000307943125618077,-0.004742436965983398,0.0076014613069791195,-0.0013533412573054104,0.0006076169174828207,1.2940336456339554
1781506134.8299475,0.01733554224742174,0.7745040236429204,0.3323099206172217,-0.04915584037754557,0.019825721940714747,-0.0768605366380976,0.017270443313499084,0.7745381883445652,0.3336138160150934,-0.049661106513956735,0.019925603571526507,-0.07673362633477133,0.0005031204183142675,0.0005122329829704373,0.0009972512272752303,0.002710178402261669,-0.0005733371371801796,-0.0007125527286606496,0.0003409538073813743,0.00027975574443364355,-0.004305469870858332,0.007159756018515744,-0.0013393035345809043,0.0006465998002414754,1.3059664263017228
1781506134.8399465,0.017345387277914258,0.7745071536023024,0.3323080007155494,-0.049204706085963786,0.019841121590221444,-0.0768775236055603,0.017270443313499084,0.7745381883445652,0.3336138160150934,-0.049661106513956735,0.019925603571526507,-0.07673362633477133,0.000531799974656611,0.0004991447216431482,0.0009271720477802997,0.0018844997966953798,-0.0003337648407717867,-0.0008116859130725943,0.0004349097677940578,0.00046768099237288986,-0.003768130625086471,0.008048664714775756,-0.0008503973585461198,1.520173176277271e-05,1.3083322779602822
1781506134.8499503,0.0173429746865853,0.774484798898458,0.3323431780976594,-0.049221263886555754,0.01987401161239477,-0.07687374233236813,0.017270443313499084,0.7745381883445652,0.3336138160150934,-0.049661106513956735,0.019925603571526507,-0.07673362633477133,0.00047738405586391486,0.00031995262578010046,0.001106492551754889,0.0014971546314220079,5.925345626800737e-05,-0.0006641913133121983,0.0005314835409738287,0.0004672497525035068,-0.0037353265332747136,0.008055443886002323,-0.0007394050546943538,-0.0005122297708054453,1.2738257142397353
1781506134.8599513,0.017340633334616915,0.7744655029996859,0.3323727801733125,-0.0492365530266396,0.01990165082666384,-0.07686995069515662,0.017270443313499084,0.7745381883445652,0.3336138160150934,-0.049661106513956735,0.019925603571526507,-0.07673362633477133,0.00042765147647923105,0.00017204789744159748,0.0012364258539091855,0.0011659478264994163,0.00035210666864959466,-0.0005355001774430432,0.00033905717855974715,0.0004324410294003847,-0.0036723997389621573,0.005875437896278998,-3.578505949140888e-05,-0.0006758735455463272,1.2451424653466379
1781506134.8699484,0.01733837572597941,0.7744489004219218,0.3323975392090952,-0.04925047307179237,0.01992459924078882,-0.07686625498725469,0.017293553289440045,0.774557493741836,0.3334127227770084,-0.04931435749258006,0.01991983365910932,-0.07673831413341015,0.00038230871851312176,5.113393085039279e-05,0.0013250660494962853,0.0008858698768586014,0.0005618934247016386,-0.00042441989201656835,0.0004309045984337374,0.0002918379723603308,-0.004254823583846427,0.00330908793955331,-5.2344465051625294e-05,-0.0011195394739198254,1.0219585297399647
1781506134.8799462,0.017336211730476152,0.7744346645728283,0.3324181020296506,-0.049262986255980606,0.019943404844817936,-0.07686273223712822,0.017293553289440045,0.774557493741836,0.3334127227770084,-0.04931435749258006,0.01991983365910932,-0.07673831413341015,0.00034106453010920894,-4.658047411536493e-05,0.0013794340864671513,0.0006517677306161104,0.000703698893352898,-0.0003295749592434047,0.0002699790860769046,7.451626253450359e-05,-0.004668549802321519,0.001557946422105205,-7.748029800022417e-05,-0.0010198775173860912,1.0030838341959907
1781506134.8899424,0.01733350505629211,0.774435796894565,0.3324261102801764,-0.049229891403139575,0.019921531195447706,-0.07681194223742016,0.017293553289440045,0.774557493741836,0.3334127227770084,-0.04931435749258006,0.01991983365910932,-0.07673831413341015,0.00030395090101612,-5.1468147867985444e-05,0.001333533440855422,0.000930881637202689,0.0003611123929021779,0.0002483461632080888,0.0002533030324603229,-0.00011231793534567467,-0.005455367583859063,0.000325389426408406,-0.0001944262937052456,-0.0008557867142777271,0.9948921977859813
1781506134.8999445,0.01733101456647314,0.7744367640473387,0.3324322424395535,-0.049202915701037866,0.019902790112187763,-0.07676943528860498,0.017293553289440045,0.774557493741836,0.3334127227770084,-0.04931435749258006,0.01991983365910932,-0.07673831413341015,0.00027030570944980113,-5.473968744209664e-05,0.0012797884121506199,0.001114530351586393,9.45410751164768e-05,0.0006745665167799821,0.00021257789707278274,-0.0002999359780891919,-0.006053975497349834,-0.00043960586003120134,-0.0002528350991903246,-0.0007687223365768911,0.988595315862885
1781506134.9099414,0.01732873097130825,0.7744375767694031,0.3324367842170498,-0.04918126308623904,0.01988690940924398,-0.0767342979933967,0.017293553289440045,0.774557493741836,0.3334127227770084,-0.04931435749258006,0.01991983365910932,-0.07673831413341015,0.000239871205150568,-5.667238415863126e-05,0.0012204271273855377,0.0012216235458843187,-0.00010777830160269022,0.0009754554232146642,0.0005870383331569211,-0.00035024604968608464,-0.005865408115334836,-0.00027212571570020327,7.09674198239023e-05,-0.0011717327954376832,0.9839073240875656
1781506134.91994,0.017326643752880306,0.7744382484705401,0.33243998682645687,-0.049164191423916016,0.019873606788662457,-0.07670564426383422,0.017293553289440045,0.774557493741836,0.3334127227770084,-0.04931435749258006,0.01991983365910932,-0.07673831413341015,0.0002123997904621783,-5.75058045437776e-05,0.0011573094307893031,0.00126842506012417,-0.00025641817561650627,0.0011742012831332353,0.00029159298336457154,-0.0004477098697064361,-0.005046695129436729,-0.0003705291770385133,0.0002549483233141959,-0.0006974930065591315,0.980576179086824
1781506134.9299448,0.017324741613347624,0.7744387940096564,0.3324420703138122,-0.04915101929674456,0.019862600112546147,-0.0766826327275774,0.017311781046564,0.7745473684536617,0.3331371442746349,-0.04929209874273691,0.019921886299527403,-0.07678736540097826,0.00018765515527958474,-5.7446195120604006e-05,0.0010919759529289684,0.001268771133731131,-0.00036076938797215764,0.001290974386218299,-6.52239123458749e-05,-0.000499774191488583,-0.004153661077583845,-0.0001854620257452995,0.00014422245411938565,0.00028954520803474665,0.7036221977710914
1781506134.9399467,0.01734092174356725,0.7744510175084756,0.3324185209212984,-0.04914972744866336,0.01984341896704711,-0.07669033505334752,0.017311781046564,0.7745473684536617,0.3331371442746349,-0.04929209874273691,0.019921886299527403,-0.07678736540097826,0.0002823530530079171,2.7746484083656395e-05,0.0008630692904831564,0.001146047243999228,-0.0005264014621437568,0.0010557829368377201,0.00013607293687463364,-0.0006654905416898771,-0.0038820552181858523,0.0002778265628122601,0.00042938492109130744,0.0004683934708852927,0.7256391726062553
1781506134.9499161,0.01735466173891378,0.7744614598434253,0.3323977954838126,-0.049149712852358064,0.019827721120152964,-0.07669780551094105,0.017311781046564,0.7745473684536617,0.3331371442746349,-0.04929209874273691,0.019921886299527403,-0.07678736540097826,0.00035479628302833546,9.578530361227727e-05,0.0006683732031976876,0.0010227228417175659,-0.0006360954383216032,0.0008506632596217397,0.00016169143317105387,-0.0004551606450447542,-0.0029985418915031777,0.0018646042024693572,9.3986483122953e-05,0.000607813009990557,0.7455572932911178
1781506134.9599483,0.01736626993583277,0.7744703442708163,0.3323795970472781,-0.04915065563979183,0.019815062883902446,-0.07670489775066418,0.017311781046564,0.7745473684536617,0.3331371442746349,-0.04929209874273691,0.019921886299527403,-0.07678736540097826,0.0004084561340139464,0.00014919134420357668,0.000503607444297072,0.0009023245012639804,-0.000700874140772541,0.0006736897866777333,-6.892308038669106e-05,-0.0003008672065248651,-0.0022409374832595926,0.0028130175731365674,-0.000493082084801334,0.0012841728342857677,0.7634000035844621
1781506134.9699426,0.017376020382646937,0.7744778690493372,0.33236365646730714,-0.049152289947132125,0.019805028614817255,-0.07671151247459217,0.017311781046564,0.7745473684536617,0.3331371442746349,-0.04929209874273691,0.019921886299527403,-0.07678736540097826,0.0004463572678005381,0.00019017387395629137,0.0003649566989328428,0.000787414400553938,-0.0007302260841991231,0.0005226493769119262,-0.00011006563208585349,-0.00019637587852985573,-0.0016105304245232616,0.003369571432597548,-0.00041418780727127906,0.0013499339377741676,0.7792562143393922
1781506134.9799442,0.017384156233158577,0.7744842099373609,0.33234973005508484,-0.04915439764796892,0.019797235060223795,-0.07671758835537121,0.017318010143504425,0.7745262810733783,0.33297745341441576,-0.04921569763074696,0.019924899074952762,-0.07675890102636818,0.00047112748065313877,0.00022066385248362035,0.000249027231038449,0.0006797620117950335,-0.0007322304424202224,0.0003951739850676354,0.00018172397045525731,-0.00011590700938789339,-0.0014654978321107892,0.0029723858277118965,-0.001089751666644329,0.0011513763547169131,0.6325993214602971
1781506134.9899442,0.01737084702610805,0.7744623759103244,0.3323883618804522,-0.04911998211117888,0.019821945204076208,-0.076816193319653,0.017318010143504425,0.7745262810733783,0.33297745341441576,-0.04921569763074696,0.019924899074952762,-0.07675890102636818,0.00035460248157820004,0.00010965121704197827,0.0004905726482863504,0.0010025603814149816,-0.00032996383075616504,-0.0007096840543635649,0.00019710896971113733,-0.00041004398148235016,-0.0021831271984829896,0.0013721696198670627,-0.001102652228602233,0.0010916170009998849,0.5948986816389643
1781506134.9999459,0.01735924214960384,0.7744437561086231,0.3324212363763089,-0.049091945687729524,0.01984306553010673,-0.07689849223093657,0.017318010143504425,0.7745262810733783,0.33297745341441576,-0.04921569763074696,0.019924899074952762,-0.07675890102636818,0.0002565661672311723,1.9143861464418832e-05,0.0006782627707966526,0.001216977006043093,-1.9530385790701927e-05,-0.001518092630717057,0.00041970392907924296,-0.00016795743118753478,-0.0020971159657674015,0.001676462424440131,-0.0007419873085297618,0.0007018556578485325,0.5638154322251258
1781506135.009888,0.017349151468848745,0.7744279746713372,0.3324490796103611,-0.04906945594382255,0.019860917465481576,-0.07696632091703198,0.017318010143504425,0.7745262810733783,0.33297745341441576,-0.04921569763074696,0.019924899074952762,-0.07675890102636818,0.00017461429225469236,-5.3755585860054307e-05,0.0008203410841444273,0.001344318308101095,0.00021359899768803766,-0.002082252853475745,0.0005032741432287558,-0.0002437482608993038,-0.002986022614341643,0.0007746792861760869,-0.0012044771278517867,0.0005310190259224649,0.5383426489120903
1781506135.0199416,0.01734040331156002,0.7744146861144392,0.332472536367384,-0.04905173741922915,0.019875831440289593,-0.07702145097204331,0.017318010143504425,0.7745262810733783,0.33297745341441576,-0.04921569763074696,0.019924899074952762,-0.07675890102636818,0.00010661298684535893,-0.00011159616714980731,0.0009240031851672808,0.00140293180349957,0.0003824263017466479,-0.002447963107909219,0.0006453484829886934,-4.3959719391799146e-05,-0.003154827837473713,0.000484243539548747,-0.0010739319058198993,-0.00021346159081281742,0.5175868170842998
1781506135.029947,0.017332842988591116,0.7744035752771988,0.33249217832550926,-0.04903807855935906,0.019888135564453124,-0.07706555736981581,0.017335442102558052,0.7745199886949465,0.3328679566175976,-0.04912856659908029,0.019890182105316123,-0.07672463280660265,5.067246973266211e-05,-0.00015661499618517657,0.0009955122782395619,0.0014084458164268015,0.0004984534388362053,-0.002654970777668487,0.0005470428237714695,-0.00010100894587592624,-0.0032881171293822654,4.941361588936423e-05,-0.00030280382294165637,-0.0008647569562956819,0.39340585154513164
1781506135.039942,0.0173326441313313,0.774396548602288,0.3324978715147504,-0.04910201790578429,0.019887002289441735,-0.07703060709779581,0.017335442102558052,0.7745199886949465,0.3328679566175976,-0.04912856659908029,0.019890182105316123,-0.07672463280660265,4.479362556438646e-05,-0.00021446235368950776,0.0009681422583953024,0.0005490711910103886,0.00041290158519526857,-0.0019847160099319074,0.00047088162888423324,-0.0001335061740728708,-0.002590825946416044,0.00016220988795457976,-0.00015184940937437402,-0.0012364434233605357,0.39013878103560706
1781506135.0499437,0.0173327509743192,0.7744154146347002,0.33246121895177444,-0.04919294029339592,0.019912018923659902,-0.07704069312310362,0.017335442102558052,0.7745199886949465,0.3328679566175976,-0.04912856659908029,0.019890182105316123,-0.07672463280660265,3.8425842346565315e-05,-8.839382743467815e-05,0.0006808212634798129,-0.0005013098061212768,0.00064591677551833,-0.0018645842320062257,0.00032368523621016855,-0.00040701025489687647,-0.0025047798811983586,2.6165445931028416e-05,0.0004009369314655016,-0.0015146778838294305,0.419974409990511
1781506135.0599496,0.01733280504149137,0.77443171958832,0.3324294581552224,-0.049268919536192925,0.019932550459661247,-0.07704743873932804,0.017335442102558052,0.7745199886949465,0.3328679566175976,-0.04912856659908029,0.019890182105316123,-0.07672463280660265,3.2827062499377204e-05,1.3930640364400975e-05,0.0004415409859175748,-0.0012746043607868153,0.0008028190886249871,-0.00172353691893857,0.00040171717550540085,-0.0006197414259820402,-0.0025450547893123144,-6.388879361481709e-05,0.00027692113039987673,-0.0018536194399343781,0.4473022365036083
1781506135.069952,0.01733281392994836,0.7744457501918585,0.3324020308817881,-0.04933162249319825,0.019949159927394655,-0.07705149641320466,0.017335442102558052,0.7745199886949465,0.3328679566175976,-0.04912856659908029,0.019890182105316123,-0.07672463280660265,2.7916560137803408e-05,9.589746059950786e-05,0.00024385843054823298,-0.0018191197815049364,0.0008983996566873536,-0.0015706786265861103,0.00025222617712528333,-0.0004116998000925525,-0.0014831247059956104,0.0007643093743304631,0.00019958705769310413,-0.0018550829077382403,0.4718104003958062
1781506135.079953,0.017332785057180132,0.7744577674867393,0.33237843229615593,-0.04938266153477301,0.019962376405384008,-0.07705342869700048,0.017355268112255406,0.774502415405538,0.3327356910292665,-0.04912345139181883,0.019886874867234505,-0.07678954416442282,2.3620809514051337e-05,0.0001604831050832134,8.207424845798714e-05,-0.002177313525945553,0.0009454190414156568,-0.0014131545208565,0.00039175472928952196,-0.0004190131982571316,-0.0010021114152584088,0.000554004838685896,-0.0002372631001463965,-0.0022733884715028497,0.36073913954867715
1781506135.0899534,0.017326504981893656,0.7744452931465674,0.332392843864665,-0.04937355164751815,0.019972825465749855,-0.0769964289348266,0.017355268112255406,0.774502415405538,0.3327356910292665,-0.04912345139181883,0.019886874867234505,-0.07678954416442282,-2.0866789536844245e-05,4.935408974537151e-05,0.0001733822144254914,-0.0018525973292947194,0.0009254343893917628,-0.000631861749748817,0.0004728661909812828,-0.00035941274627005474,-0.0006760706663120129,0.00044750130937456313,0.0006057270495349037,-0.0030004205522780806,0.3487613057857527
1781506135.0999494,0.017321103745465832,0.7744345107656376,0.33240517378823276,-0.04936417582489094,0.01998079289976018,-0.07694786535776085,0.017355268112255406,0.774502415405538,0.3327356910292665,-0.04912345139181883,0.019886874867234505,-0.07678954416442282,-5.631583626328981e-05,-4.048266666174055e-05,0.0002444848694100477,-0.001558590522662236,0.0008851242527847695,-2.9168814522581316e-05,0.00018480338151768042,-0.0004101265755696037,-0.0005177480634434177,0.0004460735370491001,0.000686269862665236,-0.0025021185020528934,0.3391458251234632
1781506135.1099486,0.01731647615529073,0.7744252107956164,0.33241567527183286,-0.0493548574570762,0.019986682928430977,-0.07690695208382094,0.017355268112255406,0.774502415405538,0.3327356910292665,-0.04912345139181883,0.019886874867234505,-0.07678954416442282,-8.405980043025593e-05,-0.00011208824632182606,0.000298466300365372,-0.0012956403204903105,0.0008306894851812226,0.00042320772622865977,0.0003648548770987264,-0.00043829803666479197,-0.0008129818480545999,-0.00014341857496475552,0.0014021438549907694,-0.0029645634127965794,0.33147466377402673
1781506135.1199493,0.017312528362024404,0.7744172100636293,0.33242457423127836,-0.04934583725786358,0.01999085528273259,-0.0768728908635644,0.017355268112255406,0.774502415405538,0.3327356910292665,-0.04912345139181883,0.019886874867234505,-0.07678954416442282,-0.00010526678698427646,-0.00016815101135051212,0.0003380192727907548,-0.0010631569421613127,0.0007671625129359364,0.0007505743274336597,-1.2335279876269226e-05,-0.000458329090828482,-0.0008731080708188114,-0.0004384145096347817,0.0009870311235310977,-0.0018268358207828453,0.32539252992342627
1781506135.129948,0.017297329162864857,0.7743865287642397,0.33193278021773326,-0.049337287408166,0.01999362650828851,-0.07684489603093786,0.017368232185397958,0.7744808992059772,0.33269748620872563,-0.0491171245794928,0.019926491715231087,-0.076914696095916,-0.00012095734935952768,-0.0002110260499213398,0.000365488289754744,-0.0008598646504029753,0.0006985626216209851,0.0009753141666857698,-4.373042297219982e-05,-0.00032935099612792625,-0.0010418486935435517,-0.0011321662607132494,0.00044390360535211245,-0.000728267545269157,0.7737624128488535
1781506135.1399403,0.01728195073244642,0.774369797426485,0.3314350960806982,-0.04925614265679919,0.019975945575283927,-0.07691876991225442,0.017368232185397958,0.7744808992059772,0.33269748620872563,-0.0491171245794928,0.019926491715231087,-0.076914696095916,-0.00013102266180767751,-0.000112316456935587,0.00034492305493519205,0.00013599915525090494,0.00046932012275502377,5.3986058205214636e-05,-0.00022813819247303972,-0.000523231213856123,-0.001386019196345468,-0.0019176101570034922,0.00035600365874211964,9.591900776422505e-05,1.2702034993932447
1781506135.1499395,0.017267168781200142,0.7743523006060388,0.33093699561553536,-0.0491880170906439,0.019960646086512712,-0.07698093355583266,0.017368232185397958,0.7744808992059772,0.33269748620872563,-0.0491171245794928,0.019926491715231087,-0.076914696095916,-0.0001374426342510534,-3.1651882239981075e-05,0.00032404331121664803,0.0008784450330119087,0.00028470925258339036,-0.0006378097214035588,-0.00023593899448460793,-0.0003100054038635573,-0.0015417127568988945,-0.001929826295628893,0.00036201596261222234,0.00023354424903372227,1.7680719839094867
1781506135.1599448,0.017252906443492644,0.7743341303600624,0.33043853983641636,-0.04913151134133026,0.01994754882075589,-0.07703262138759803,0.017368232185397958,0.7744808992059772,0.33269748620872563,-0.0491171245794928,0.019926491715231087,-0.076914696095916,-0.0001408548780373524,3.35045341699753e-05,0.0003031756557513752,0.001410690289667808,0.00013859281909826932,-0.0011386888433180865,-6.517155552318036e-05,-0.0005176810876032224,-0.002375669811906015,-0.002447607846309178,0.00030735760072138146,0.00010973295092582074,2.266645061284722
1781506135.1699443,0.017239094345606783,0.7743153616962988,0.3299397836912776,-0.049085258807143886,0.01993645939790234,-0.07707504509255635,0.017368232185397958,0.7744808992059772,0.33269748620872563,-0.0491171245794928,0.019926491715231087,-0.076914696095916,-0.00014180936141427214,8.53858195097643e-05,0.00028258211879441357,0.0017708700515318945,2.5318692429780835e-05,-0.0014828105132563606,2.2890767385102416e-05,-0.0004575067457548803,-0.003485637029597879,-0.0021343702231573928,0.00010656982946862015,-0.00015606367726234995,2.7656829940388707
1781506135.1799417,0.01722567023809555,0.774296056579203,0.32944077631256524,-0.04904795484764014,0.019927177380538952,-0.0771093661516281,0.017362084999193894,0.774459347818889,0.3326044921984921,-0.0492130643451946,0.019938157847437354,-0.07692423459886917,-0.00014077872644572466,0.00012595279746643187,0.0002624695778398558,0.001992267651545608,-6.024709178812168e-05,-0.0017000598567079917,0.0001880750497783055,-0.00039550637302871296,-0.00550463640156679,-0.0009324832339744747,6.571841272819568e-05,-0.0009139122574557845,3.170862851475857
1781506135.1899428,0.01723929091275048,0.7743076130612121,0.3294162626691915,-0.049091115718345235,0.019915193430747324,-0.07707512489489957,0.017362084999193894,0.774459347818889,0.3326044921984921,-0.0492130643451946,0.019938157847437354,-0.07692423459886917,-4.404892242846923e-05,0.00017335446312385645,8.373217132241474e-05,0.0012961497367225553,-0.0002027146721198694,-0.001147589983911746,9.281433278473279e-05,-0.00023942318191960552,-0.0070901391248134795,0.0012145225191840827,-2.9638689427841696e-05,-0.0011087309881562756,3.1941993293871023
1781506135.1999419,0.017239210066900743,0.7742937514538452,0.328895861717865,-0.049128587364409,0.019905352751002914,-0.07704528092456098,0.017362084999193894,0.774459347818889,0.3326044921984921,-0.0492130643451946,0.019938157847437354,-0.07692423459886917,3.4161311856574134e-05,0.00020921067063085216,-6.0814391607623435e-05,0.0007390940786786304,-0.0003039122544750007,-0.0007022291636777755,-0.00017269081457574196,-0.0004843498124386785,-0.010118997151806013,0.0008422241848448482,-5.9283187771705785e-05,-0.001275356286153604,3.7143586858215603
1781506135.2098882,0.017237460753364395,0.7742783486157934,0.3283784658637703,-0.04916077053349681,0.019897387182755022,-0.07701954870522533,0.017362084999193894,0.774459347818889,0.3326044921984921,-0.0492130643451946,0.019938157847437354,-0.07692423459886917,9.651352968398937e-05,0.00023534415974501953,-0.00017608191152366695,0.0003014809253282616,-0.0003714174958433405,-0.0003493125687471945,-0.00028664491376449854,-0.0007307049492659485,-0.01244532170202185,0.0008149346944044011,-7.459838212884745e-05,-0.0014651518134015979,4.231736108966627
1781506135.2199395,0.017246037861615496,0.7742853377389312,0.3283630073780226,-0.04918811025665264,0.01989104448856649,-0.07699760172390373,0.017362084999193894,0.774459347818889,0.3326044921984921,-0.0492130643451946,0.019938157847437354,-0.07692423459886917,0.0001453452917368394,0.0002533413737217433,-0.0002663844452605845,-3.465954023419688e-05,-0.00041183034832238354,-7.53218142342351e-05,-0.0001796469171324033,-0.0008639638996693616,-0.013940415156118007,0.0019209021822576577,-0.0003592726922316147,-0.0018833529351771194,4.246638662323434
1781506135.2299411,0.01724153002358477,0.7742674060271348,0.32785056755829406,-0.049211072564180246,0.019886091269607498,-0.07697909170481503,0.01735463832057188,0.7744324277844009,0.3321257172537967,-0.049183771094529906,0.019934348692577597,-0.07697862485758256,0.0001827044468767658,0.00026457896148189455,-0.00033550153354737684,-0.00028556902775088303,-0.00043083753929511653,0.00013203244001034747,0.00011371024970590604,-0.0012361294092234976,-0.016772485335695364,0.0014700381862574603,-0.00026935243636947077,-0.0024771078074403026,4.279828336063816
1781506135.2399487,0.017234672656914963,0.774240903901187,0.3273209851914969,-0.0492296862170227,0.01985706672131715,-0.07690774300791817,0.01735463832057188,0.7744324277844009,0.3321257172537967,-0.049183771094529906,0.019934348692577597,-0.07697862485758256,0.00020380615863700008,0.00020003511573868084,-0.0005196732120595401,-0.000473045033971134,-0.000738616344225497,0.0008798483029722598,-0.00010982631009925654,-0.0010933048874575523,-0.020402818473091288,0.0017915132266612926,-0.00020270502149637048,-0.0022335403795201705,4.810044006949391
1781506135.2499454,0.017227039031043518,0.7742145239909458,0.32679592625016674,-0.04924492566609737,0.019833293055310453,-0.07684857255060293,0.01735463832057188,0.7744324277844009,0.3321257172537967,-0.049183771094529906,0.019934348692577597,-0.07697862485758256,0.00021816361534143135,0.00014568640119073448,-0.0006609365037632726,-0.0006005648595078817,-0.0009490073275925616,0.0014160774893997381,-0.000168804381850384,-0.000655517135975368,-0.023241337502708882,0.00012661002854455106,-0.0002196713512758551,-0.0019702699937932835,5.335769465059852
1781506135.2599392,0.017218728140302512,0.7741882626898747,0.3262748209373865,-0.04925721944077646,0.01981410422009877,-0.07680014658848935,0.01735463832057188,0.7744324277844009,0.3321257172537967,-0.049183771094529906,0.019934348692577597,-0.07697862485758256,0.0002269250415988643,0.00010021071765003908,-0.0007659641451795938,-0.000679671251878649,-0.0010806697677044172,0.0017790939085532643,-0.00012572878240728883,-0.0005557606999637054,-0.022327318269075247,0.00023182870835467987,-0.0005144685475146978,-0.0013161803508591353,5.8575656953949675
1781506135.2699435,0.017209827920448076,0.7741621208190321,0.32575716363407065,-0.04926696934078548,0.019798875722095044,-0.07676109673461823,0.01735463832057188,0.7744324277844009,0.3321257172537967,-0.049183771094529906,0.019934348692577597,-0.07697862485758256,0.00023108310868608667,6.24342882683803e-05,-0.0008405719725231351,-0.0007203379416756402,-0.0011497394883111078,0.0020023911332259373,-0.00021508018969173398,-0.0011469477677349934,-0.02236217643658705,-0.002566698537131143,0.0003208817871205755,-0.0006246335302454362,6.375932176147786
1781506135.2799447,0.017200416426541857,0.7741361016108816,0.3252425062338413,-0.04927454612533153,0.019787031290341428,-0.07673014103335936,0.017342103537993037,0.7743857836636505,0.3310626393184382,-0.04916823425318043,0.01992936690717162,-0.07705882355332347,0.0002314930356881699,3.131727913705839e-05,-0.0008898142328979358,-0.0007310900566844992,-0.0011700198815011802,0.002114889255397322,-0.00048351855639965964,-0.0016361171819089487,-0.023480436718832563,-0.003914618634016759,0.0006519809707098333,0.0003300377877818649,5.827209065019511
1781506135.2899425,0.017190562873769327,0.774110209234142,0.32473045212707635,-0.0492802871328972,0.019778046550251727,-0.07670609738416126,0.017342103537993037,0.7743857836636505,0.3310626393184382,-0.04916823425318043,0.01992936690717162,-0.07705882355332347,0.0002288888622667258,5.940557894946502e-06,-0.0009180697476741627,-0.0007191339921821759,-0.001153188882557909,0.0021412899914462647,-0.0004458831374647515,-0.0012377238131517918,-0.024043536933454134,-0.0030792881747695308,-0.000683743392661808,0.0015566339783892446,6.33999215027586
1781506135.299887,0.01718452603627218,0.7741000605367626,0.32417518450801974,-0.049389486045432224,0.019784604249485582,-0.07672974449484321,0.017342103537993037,0.7743857836636505,0.3310626393184382,-0.04916823425318043,0.01992936690717162,-0.07705882355332347,0.00025005753007118414,9.231888366385287e-05,-0.0012156492197233173,-0.0018276562175864356,-0.000943150140516436,0.0016532701946617876,-0.0006314785678824741,-0.00084606460729996,-0.025562455862310995,-0.0017434099830657564,-0.0003336488995714598,0.002159578483624715,6.895179630716209
1781506135.3099458,0.017177527283217905,0.7740877016710666,0.32362850766275836,-0.04947968470327549,0.019790908748215763,-0.07675119315215367,0.017342103537993037,0.7743857836636505,0.3310626393184382,-0.04916823425318043,0.01992936690717162,-0.07705882355332347,0.00026388268545200495,0.0001604913105555816,-0.0014391345206730638,-0.0026082068135741977,-0.000759948439101986,0.0012423643594673974,-0.00036628050279056555,-0.000459050105872881,-0.0267673589556173,0.0011700590662319169,-0.0005996260989356925,0.0017875262412461142,7.441925267826863
1781506135.3199406,0.017181451143034366,0.7740973717437427,0.32358862081726125,-0.049553178130103896,0.01979685099305528,-0.07677040754634538,0.017342103537993037,0.7743857836636505,0.3310626393184382,-0.04916823425318043,0.01992936690717162,-0.07705882355332347,0.000271637487457733,0.0002131847167425169,-0.0016003072246239807,-0.0031216534872577986,-0.0006018721112931397,0.0009004836704229956,-0.0006581299562494464,-0.0007649892345467633,-0.027262058986790367,-0.0008927169498180543,-0.000757470308198286,0.002495670653631214,7.481306248476021
1781506135.3299458,0.017172905140160937,0.7740814965540401,0.3230559754969237,-0.04961214317334302,0.019802359225084887,-0.07678742196702722,0.01731901809639841,0.7743351436250494,0.32976966076593156,-0.04924381253880491,0.01991285185648195,-0.07698209382761659,0.00027442091153232704,0.0002527843017208958,-0.0017094148268325656,-0.0034209137375140744,-0.0004669502712410341,0.0006196783823604271,-0.000286384159044821,-0.00193232518299857,-0.02763712529871508,-8.439134611484181e-05,-0.0007278214405134417,0.0014774102373896199,6.720063669631778
1781506135.3399448,0.017163740070767076,0.7740642109282405,0.3225289996493447,-0.04965860855033884,0.019807391567830512,-0.07680232230356389,0.01731901809639841,0.7743351436250494,0.32976966076593156,-0.04924381253880491,0.01991285185648195,-0.07698209382761659,0.00027317817806363817,0.0002813707516193773,-0.0017753434590755005,-0.0035514997380496588,-0.00035307191869872457,0.0003923204727241883,-0.00026241355686582306,-0.0023299736235100656,-0.030741020705546886,-0.0029741233111604077,-0.0007857412025391226,0.0014937494766080715,7.24739188927276
1781506135.349947,0.01716308454232358,0.7740433080713588,0.3225302263943262,-0.049533412267108085,0.019834436071762385,-0.07680317296931033,0.01731901809639841,0.7743351436250494,0.32976966076593156,-0.04924381253880491,0.01991285185648195,-0.07698209382761659,0.0002501861205869479,0.00013990101420593423,-0.0016434501186445897,-0.0017968486056634968,-1.9070149003717993e-05,0.0003548570274696242,-0.0004267020090298922,-0.002057605939947132,-0.03322136683790951,-0.0026681718062742427,-0.0010075519610292045,0.001633326737286244,7.2469920163102985
1781506135.359944,0.017150596106644996,0.7740014168833991,0.32203292052480814,-0.049426467664224025,0.019857183992829874,-0.07680421194616109,0.01731901809639841,0.7743351436250494,0.32976966076593156,-0.04924381253880491,0.01991285185648195,-0.07698209382761659,0.00022855860194459624,2.456021921757242e-05,-0.001516745504239947,-0.00043296293685809594,0.00023170597113060688,0.00031707565793542993,-0.0005435402433780343,-0.0015049706087171648,-0.03381354360332457,-0.001980572040539887,-0.0005781899269800872,0.001296867758595587,7.7457658797141224
1781506135.3699496,0.01713806319768353,0.7739621677384952,0.3215362001233884,-0.04933612581735507,0.019876090027820537,-0.07680536410022658,0.01731901809639841,0.7743351436250494,0.32976966076593156,-0.04924381253880491,0.01991285185648195,-0.07698209382761659,0.00020830054106513177,-6.834347730263895e-05,-0.001395811735901425,0.0006008020402131797,0.0004132600295307957,0.0002800897252560255,-0.0004025028009236734,-0.0009239104778537541,-0.03363570356992092,-0.0009057175625614284,0.00012540979552089622,0.0003449029091937202,8.243890455338844
1781506135.3799431,0.01712550462825803,0.7739252380773128,0.32103992141262444,-0.04926069677321306,0.019891600004306564,-0.07680656993824506,0.01729674175438206,0.7742515132397632,0.32815550430191515,-0.04930911173408892,0.019879279623727708,-0.07691679669414106,0.00018939853431196166,-0.0001420580893860305,-0.0012810430014893646,0.0013589217303083523,0.0005379791060096129,0.00024471179337803454,-0.0007544526664174985,-0.0014710193729805215,-0.034095195758763235,-0.004241355698771212,-0.00014364180516668754,0.0006210342236442787,7.125117366707855
1781506135.3899465,0.017108872788280896,0.7738982988551759,0.32049591817658185,-0.04923481233416496,0.019906354518832714,-0.0769359276204486,0.01729674175438206,0.7742515132397632,0.32815550430191515,-0.04930911173408892,0.019879279623727708,-0.07691679669414106,0.00014875379646051736,-0.00010137640682463819,-0.0014803574994719701,0.0015212331593508028,0.0007096505409699917,-0.0011842864836131529,-0.0005166200666063468,-0.001550791412704451,-0.033577665141645875,-0.0034426887624726373,0.00038431729272971537,-6.339617690979996e-05,7.670027037846841
1781506135.399943,0.017092835417909298,0.7738721087786401,0.31995913335306814,-0.04921441698371511,0.01991816891609699,-0.07704361017943506,0.01729674175438206,0.7742515132397632,0.32815550430191515,-0.04930911173408892,0.019879279623727708,-0.07691679669414106,0.00011424043048159936,-6.743370225670877e-05,-0.0016216041947284931,0.0016012103492094765,0.0008188456319666394,-0.002222569823561211,-0.0005145207867475586,-0.0022182361467894857,-0.03462551158137316,-0.004191487058242284,4.839899107235639e-05,9.659521037272942e-05,8.207680687641123
1781506135.4099505,0.017077332127623187,0.7738465732992179,0.3194286194354872,-0.04919869239228902,0.019927456461651838,-0.07713210481667743,0.01729674175438206,0.7742515132397632,0.32815550430191515,-0.04930911173408892,0.019879279623727708,-0.07691679669414106,8.508648462073894e-05,-3.93309568285139e-05,-0.0017144458778851268,0.0016173073304147575,0.0008782422111776404,-0.0029396829283685434,-0.0007634934376428065,-0.001613445899698058,-0.03481245869524575,-0.0026624270533367163,-0.0003571857255679401,0.0006941474983348115,8.739029489116735
1781506135.4199467,0.01706230704070143,0.7738215992531949,0.31890353541961575,-0.0491868976410333,0.019934596113250658,-0.07720380030985279,0.01729674175438206,0.7742515132397632,0.32815550430191515,-0.04930911173408892,0.019879279623727708,-0.07691679669414106,6.060434743972889e-05,-1.6272464128672262e-05,-0.001767252918487118,0.001585099849046361,0.0008987020029549838,-0.0033965246261699624,-0.0002857094660119099,-0.0017033219935315622,-0.03496242793365569,-7.082944574318521e-05,-0.0005573801172252172,-4.3900341039288894e-05,9.264918449174925
1781506135.4299533,0.01704770867840269,0.7737970976778309,0.31838313667720974,-0.04917837007914787,0.019939930722086663,-0.07726094630941267,0.017265440297956847,0.7741612211053813,0.3264407143297251,-0.04944886967197244,0.019875703856282012,-0.0769056217652156,4.018282637703638e-05,2.4444633911117397e-06,-0.0017872521040531012,0.001517580651398867,0.0008894287854066925,-0.0036458487079959892,-0.0005652381819220886,-0.0007919157876877445,-0.03394345662034255,0.0028298159770707688,0.00012139117241855803,-0.0003944090559166995,8.068739093251168
1781506135.4399445,0.01704531723792272,0.7737967195523783,0.31836606189157457,-0.049172523824098334,0.019943766674586305,-0.07730562664825028,0.017265440297956847,0.7741612211053813,0.3264407143297251,-0.04944886967197244,0.019875703856282012,-0.0769056217652156,2.3279820324017013e-05,1.743893646817459e-05,-0.0017806606144173426,0.001425451446715459,0.0008581322488120394,-0.0037328621425073896,-0.0007626016643696831,-0.000915310544606507,-0.034231765592203825,0.0041508141636614326,0.0003182567024442262,-0.0010192906910227015,8.085872095243081
1781506135.4499507,0.01704330163845205,0.7737654219592215,0.317904952897126,-0.04916710094566143,0.019928652805110803,-0.077249855112632,0.017265440297956847,0.7741612211053813,0.3264407143297251,-0.04944886967197244,0.019875703856282012,-0.0769056217652156,8.403301354997092e-05,-5.3537312133319475e-05,-0.0014267782467291261,0.0013169161857553274,0.0005697399154545673,-0.0027254487293894986,-0.0006290827376104572,-0.0014382454301228047,-0.037866716477441775,0.0029539924764739683,7.976092774095389e-05,-0.0020551106332034057,8.547819943260015
1781506135.459949,0.01703986855180666,0.7737353368427871,0.31743921116969975,-0.04916369935468324,0.019915541485137966,-0.07720042056789372,0.017265440297956847,0.7741612211053813,0.3264407143297251,-0.04944886967197244,0.019875703856282012,-0.0769056217652156,0.0001317392623943356,-0.00010983676687116012,-0.001124612253711355,0.0011995476064110976,0.00033806585068456665,-0.0018960238822217355,-0.0009925260863482576,-0.0021675586662384273,-0.03942724742767455,0.000842807863996775,0.0008074194686584484,-0.0022449371294203917,9.014395107700407
1781506135.4699504,0.017035190202125024,0.773706280008528,0.3169693201929318,-0.049161905306972065,0.019904289511346374,-0.07715708726721965,0.017265440297956847,0.7741612211053813,0.3264407143297251,-0.04944886967197244,0.019875703856282012,-0.0769056217652156,0.00016836728795461897,-0.00015364071427402073,-0.0008677915277655099,0.001078773019858665,0.00015522944294872365,-0.0012226637474570625,-0.0007459255108275347,-0.0013014025032712388,-0.03902274985006651,0.003787490829185511,0.0003734398295318429,-0.0031490322444016087,9.48510903483558
1781506135.4799097,0.017029420682742945,0.7736780954511785,0.3164957218441106,-0.04916136479365862,0.019894738686717872,-0.07711951156833013,0.017225768839068067,0.7740896008411412,0.3245545673736235,-0.04931245082884389,0.0199095612302691,-0.07699550938172786,0.0001956378990101739,-0.0001868585633706884,-0.0006506269441838282,0.0009587522079506892,1.3989440241944602e-05,-0.0006846695336037428,-0.0007515060688678809,-0.002063564695136836,-0.03790123804009419,0.0012769843216756552,0.0002640899974564445,-0.0030957594854708927,8.071733429258554
1781506135.4899454,0.017035094203324802,0.7736627718285166,0.31596341557521124,-0.04923500759172565,0.01985565032159542,-0.07696392698687944,0.017225768839068067,0.7740896008411412,0.3245545673736235,-0.04931245082884389,0.0199095612302691,-0.07699550938172786,0.00029209921660918234,-0.00018393337464893297,-0.0008358455266672189,1.6412151662796408e-05,-0.000497330915767603,0.0010652256519643284,-0.0006964322782638042,-0.0022178920592988414,-0.03864108503239814,-0.000644025528237055,-6.365320291686688e-05,-0.0031316948922559063,8.603861287009215
1781506135.499942,0.017038149278399802,0.7736460562733453,0.3154361993657118,-0.04929698703708453,0.019823190782657596,-0.07683406396947474,0.017225768839068067,0.7740896008411412,0.3245545673736235,-0.04931245082884389,0.0199095612302691,-0.07699550938172786,0.00036583457896958657,-0.00017925448905981055,-0.0009739430205143794,-0.0006900993225039572,-0.0008668287492087576,0.0023472064336661318,-0.000703874602369956,-0.0019692078824734994,-0.038370991523223284,0.002177902468313419,3.7047285785695875e-05,-0.0032494686265719637,9.131077045500902
1781506135.5099418,0.01703891094141626,0.7736281027901858,0.31491341586938865,-0.049348530000464366,0.01979658461414413,-0.07672702843316996,0.017225768839068067,0.7740896008411412,0.3245545673736235,-0.04931245082884389,0.0199095612302691,-0.07699550938172786,0.00042039185268968323,-0.00017322706893920425,-0.0010724631340205913,-0.0012005735947232211,-0.0011199505807454875,0.00324350305652654,-0.000815999776546553,-0.0009617543598255577,-0.03902799450190526,0.0028524049623400967,-0.0001557100745784679,-0.002565061590604561,9.653999101541295
1781506135.5199387,0.01704940560542989,0.7736329191106281,0.31489377645341116,-0.049390841630838414,0.019775090975149512,-0.07664002698346366,0.017225768839068067,0.7740896008411412,0.3245545673736235,-0.04931245082884389,0.0199095612302691,-0.07699550938172786,0.0004588621756791881,-0.0001661934550344199,-0.0011379632392702092,-0.0015501909957977866,-0.0012789479124669656,0.0038262851998777563,-0.0012048720557924432,-0.0012059089516675875,-0.039083272703570995,0.00260091550991722,0.0012880246960918819,-0.0016080772522492303,9.673186827370834
1781506135.529944,0.017046411734805686,0.7736129540490836,0.31437818187656713,-0.0494250777817953,0.019758015187181233,-0.07657041814625283,0.01718035287579489,0.7740018558219373,0.3226029867283019,-0.049235770827149646,0.01993003599780141,-0.07711440423147128,0.0004839308684626528,-0.0001584412188035871,-0.001176125815555697,-0.00176971398952821,-0.0013630693030167865,0.0041582089897877405,-0.0007675915907739547,-0.0014505733426030518,-0.039356332213074746,0.0001311395504302018,-0.00013583601392017466,-9.534347513196756e-06,8.235083464501013
1781506135.539942,0.017036749390295296,0.7735916426991041,0.31388184625521315,-0.04946120769836735,0.01974070569818487,-0.07659190082546383,0.01718035287579489,0.7740018558219373,0.3226029867283019,-0.049235770827149646,0.01993003599780141,-0.07711440423147128,0.00046699755163986793,-0.00012458806849999782,-0.0010882019318999138,-0.001966304170691755,-0.0013914340668185962,0.0034607223175848363,-0.0005256595567958546,-0.0022440662509196317,-0.03957017738180683,-0.0020290856188013855,-0.0013501739895999416,0.002165203306918237,8.731963577485814
1781506135.5499427,0.0170377795546739,0.7735789745062133,0.3134079890110863,-0.049415899297678804,0.019743204838951645,-0.07664946833287076,0.01718035287579489,0.7740018558219373,0.3226029867283019,-0.049235770827149646,0.01993003599780141,-0.07711440423147128,0.0005205837002488071,-2.114496670953161e-05,-0.0008539781768684817,-0.0012446102299596595,-0.0011811884407544105,0.002456682555792831,-0.000728468698073626,-0.002370837657447148,-0.04049502970936963,-0.0029376660842451922,-0.0014554595374956353,0.003819372251631451,9.205820918238855
1781506135.5599422,0.01703670506930875,0.7735646844596209,0.3129309300617896,-0.049376693972128766,0.01974628045767779,-0.07670019482330676,0.01718035287579489,0.7740018558219373,0.3226029867283019,-0.049235770827149646,0.01993003599780141,-0.07711440423147128,0.0005570048976310018,6.216430641765519e-05,-0.0006551288640462688,-0.0006698035744561346,-0.0009913281392016579,0.0016371413102904365,-0.0008603960142254195,-0.003153245275380998,-0.04219206252034342,-0.0016207737412774308,-0.0029236221822233504,0.00513935048889631,9.682997142030063
1781506135.5699382,0.01704553037484606,0.7735728276465214,0.3129503177610576,-0.04934313461351414,0.019749703641610994,-0.07674440697179888,0.01718035287579489,0.7740018558219373,0.3226029867283019,-0.049235770827149646,0.01993003599780141,-0.07711440423147128,0.0005791850394525283,0.0001282550693567336,-0.0004871968264134433,-0.00022078797581002985,-0.0008219383721640736,0.0009782721779018422,-0.0007098202307855864,-0.001969436240570179,-0.04179944331255624,2.3014574024101256e-05,-0.0019121715761579452,0.004657371989097873,9.663139265956186
1781506135.5799456,0.01704105737202532,0.7735559145246057,0.3124678847814606,-0.049314724177605115,0.019753293364862756,-0.07678252788615016,0.01714004252676088,0.7738804341365999,0.32055026762013644,-0.04932825478744172,0.01984737586958918,-0.07693193861639752,0.0005896517992887286,0.00017968583751764967,-0.00034621221668109606,0.00012168634114776848,-0.0006725227735141133,0.0004578246696095219,-0.0004874319296574343,-0.0025954239981462648,-0.04278749489252023,-0.0025984043463013434,-0.002455174548838798,0.004602925218416976,8.089500812185433
1781506135.5899396,0.017035227521316348,0.7735379591880187,0.3119832129587989,-0.04929094930442818,0.019756909449796245,-0.07681504133884659,0.01714004252676088,0.7738804341365999,0.32055026762013644,-0.04932825478744172,0.01984737586958918,-0.07693193861639752,0.0005905827460673278,0.00021869627540085484,-0.00022864669675314982,0.00037495878734791245,-0.0005421627778462322,5.533816707194633e-05,-0.000696573316369532,-0.002945899934395203,-0.04216272934542406,-0.004106081291059988,-0.001229994623927666,0.004234605644901434,8.574537937761871
1781506135.5999446,0.01703802471326884,0.7734940727952736,0.3115189972600735,-0.04935113351787808,0.019891806576202153,-0.07686774695736591,0.01714004252676088,0.7738804341365999,0.32055026762013644,-0.04932825478744172,0.01984737586958918,-0.07693193861639752,0.0006467257009075731,9.518816147811447e-05,6.347447599570522e-05,-0.00031173168031232306,0.0010162179870877163,-0.00045267641668884836,-0.0005039716202433003,-0.0018858972872305224,-0.03948127501929009,0.0014926224453236279,-0.0012706826586009487,0.003366037189790802,9.040106583270626
1781506135.609938,0.017050130953656626,0.7734768712713759,0.31154924766381253,-0.04940146406323077,0.020004352936745073,-0.07691162218208686,0.01714004252676088,0.7738804341365999,0.32055026762013644,-0.04932825478744172,0.01984737586958918,-0.07693193861639752,0.0006836010864592956,-5.166967152399885e-06,0.00029717722469519163,-0.0008177133226409725,0.002156042617098861,-0.0008209243230295143,-0.0005255220638159631,-0.0024018233318933934,-0.04027304398801028,-0.0003322088195911721,-0.0008480109310439445,0.0027286077133135945,9.010510936195969
1781506135.6199448,0.0170482376934882,0.7734383421089677,0.31107597744771104,-0.04944303268176105,0.02009707246033421,-0.07694767874774751,0.01714004252676088,0.7738804341365999,0.32055026762013644,-0.04932825478744172,0.01984737586958918,-0.07693193861639752,0.0007045417360951081,-8.566389941270615e-05,0.0004810219798356437,-0.0011744456943450301,0.002951057361921605,-0.0010743696484351007,-8.760784989450277e-05,-0.0016907032547731162,-0.03865621355821321,0.0010732574501201764,-0.0014156707957906347,0.0010923291485581855,9.48504337152049
1781506135.62995,0.017044458051695233,0.7734020163858426,0.3105990011496096,-0.049476897490304456,0.0201723988372291,-0.07697688902990374,0.01714004252676088,0.7738804341365999,0.32055026762013644,-0.04932825478744172,0.01984737586958918,-0.07693193861639752,0.0007124250682520195,-0.00014919922690408158,0.0006225125765911625,-0.0014095857785485497,0.003465956140102322,-0.001234859654651729,0.00010602589280880502,-0.0014915393782063849,-0.03701852654473238,0.00021676055402050556,-0.001023435197502048,7.101717264766686e-05,9.963218571503148
1781506135.639957,0.01703906854967653,0.7733676233898923,0.31011877732251103,-0.049504062408997185,0.02023263154489041,-0.0770001692561979,0.017116124984619452,0.773764568272286,0.3184956318509514,-0.049383011265483,0.0197783846874362,-0.07677955587853758,0.0007097264466702312,-0.00019831317635238515,0.0007282095625722337,-0.0015471843612224502,0.0037568794231226258,-0.0013213082324213534,-7.050532191850184e-05,-0.001180654376866205,-0.037113912041065004,-0.0009096225135159426,2.7705985594799615e-05,-0.0004068366283150256,8.386608058355712
1781506135.649943,0.017040223319586427,0.7733483142763086,0.30961804817905175,-0.049504953606782566,0.020333230878174957,-0.07702022773032446,0.017116124984619452,0.773764568272286,0.3184956318509514,-0.049383011265483,0.0197783846874362,-0.07677955587853758,0.0007498721423532402,-0.0001484858741096948,0.0007109192343425202,-0.0013836641154056175,0.004454475516895521,-0.001341371953418597,4.680397088207698e-05,-0.0006782079567396183,-0.03599291544101514,0.0015182211615910877,0.0013468471008522519,-0.0015968644560205667,8.887661126725162
1781506135.6599576,0.017039022288117295,0.7733285484150404,0.3091174770411179,-0.04950440567494184,0.02041381956113364,-0.07703566520284018,0.017116124984619452,0.773764568272286,0.3184956318509514,-0.049383011265483,0.0197783846874362,-0.07677955587853758,0.0007725983875950077,-0.00010660438681458516,0.0006880309544967464,-0.001223272455867362,0.0048552303983226495,-0.0013196816685576798,1.673003924000118e-05,-0.0016637813223772896,-0.03818988337767044,-0.001477836963482839,0.0023133617771616405,-0.0019890290850133703,9.388601907575149
1781506135.6699576,0.017035802167393244,0.7733083634285571,0.3086170556350784,-0.04950279387175551,0.020477209006572572,-0.07704721775517354,0.017116124984619452,0.773764568272286,0.3184956318509514,-0.049383011265483,0.0197783846874362,-0.07677955587853758,0.0007810528010884255,-7.163226740335507e-05,0.0006609388071302517,-0.0010696145018361846,0.005022602242931905,-0.0012673018365723144,-1.9788373225155826e-05,-0.0019115926780485127,-0.037295893016505585,-0.0010207516010050843,0.0036071636623548828,-0.002522613294811619,9.889430856587293
1781506135.6799507,0.017030857844455193,0.7732877935611989,0.30811676930239357,-0.049500428663521376,0.020525976494622622,-0.07705554327751553,0.017116124984619452,0.773764568272286,0.3184956318509514,-0.049383011265483,0.0197783846874362,-0.07677955587853758,0.0007779430452139216,-4.264993529258358e-05,0.0006308151927971892,-0.000925207326239315,0.005010526497685088,-0.001193362338778851,-0.00016670894439044584,-0.0023122534999913216,-0.03767229977416091,-0.0024393088156477766,0.004145146259802678,-0.0021890158138036845,10.390157477737322
1781506135.689949,0.01702444681238337,0.773266870281969,0.3076165999690899,-0.04949756342682182,0.02056245333387774,-0.07706122305227403,0.017114419613251608,0.7736861964202365,0.316468524376962,-0.04944703861034611,0.019890869156011126,-0.07687247564189242,0.0007655892884043335,-1.8843279191505363e-05,0.000598639694950805,-0.0007916838167140613,0.004864327176720359,-0.001105293733468238,-0.0003321520336795028,-0.002262144355876299,-0.03684025859724532,-0.0018477639743420676,0.0037663415490469983,-0.0012899870675451529,8.862307557166579
1781506135.699954,0.01703957283385492,0.7732508609111691,0.3076123210105502,-0.04943510533331453,0.02068941131050761,-0.07703847725311999,0.017114419613251608,0.7736861964202365,0.316468524376962,-0.04944703861034611,0.019890869156011126,-0.07687247564189242,0.0008154617958728571,-0.00013022141763017447,0.0005816258831898585,-2.865125257593725e-05,0.005705381003664193,-0.000668113504766394,-0.0004304819130784422,-0.0028707957400672095,-0.03946435128638304,-0.0016449944214442483,0.004023980651355128,-0.0010193225868856894,8.867212477046248
1781506135.7099464,0.017039874628182523,0.7732134151168837,0.3071094869454441,-0.04938252746961293,0.02079099121495598,-0.07701846652007664,0.017114419613251608,0.7736861964202365,0.316468524376962,-0.04944703861034611,0.019890869156011126,-0.07687247564189242,0.0008451653769676336,-0.00021798275936024252,0.000560597861381103,0.0005438359790837575,0.00617938414745453,-0.0003222447019770642,-0.0005777090718713886,-0.0016784228895803555,-0.0396794691995337,0.0018726640040979165,0.005240237067971764,-0.0010292088588547813,9.37126783099021
1781506135.7199514,0.017050163766072296,0.7732018713314299,0.30710657225319105,-0.04933879195696653,0.02087077577238161,-0.07700105471678673,0.017114419613251608,0.7736861964202365,0.316468524376962,-0.04944703861034611,0.019890869156011126,-0.07687247564189242,0.0008583015109221701,-0.0002856731454345683,0.0005366137859049441,0.0009578863898300342,0.006365393437465751,-5.426393786871393e-05,-0.0004755954318390635,-0.002396635370867518,-0.04099035874302385,-0.0005274916815118109,0.004833931058603597,-0.0005771217478370162,9.374691844179388
1781506135.7299798,0.017058544096893516,0.7731921223733752,0.30710420633577307,-0.04930287907769268,0.02093204598916243,-0.07698606823246337,0.017114419613251608,0.7736861964202365,0.316468524376962,-0.04944703861034611,0.019890869156011126,-0.07687247564189242,0.0008579712949517808,-0.00033639340124100943,0.0005105605724962688,0.001241893927425817,0.006330526770362366,0.0001480195158915616,-0.0006230985325076099,-0.0023032458697056293,-0.039014105506814126,-0.0009619258223547988,0.005164763718059354,-0.00012640119562731724,9.377509456867882
1781506135.7399576,0.01706528523819808,0.7731839320569677,0.3071023055524871,-0.049273810625494616,0.02097776698764764,-0.07697331022010283,0.017086821632203986,0.7735725640523041,0.31447200463979835,-0.04946868631579503,0.020141280506566606,-0.07691406411929454,0.0008468348389710793,-0.00037284781493299434,0.00048317643137402156,0.001420692302894647,0.00613111937480955,0.0002955388457729711,-0.0004031573315639006,-0.0025441739194825247,-0.039660070614460655,-0.00304939465576601,0.005242334154231537,-0.00042216548951930027,7.379970411972032
1781506135.74997,0.017070624211503033,0.7731770925182226,0.3071007926706972,-0.049250666273109464,0.021010586043176627,-0.07696257189244136,0.017086821632203986,0.7735725640523041,0.31447200463979835,-0.04946868631579503,0.020141280506566606,-0.07691406411929454,0.0008271645338354943,-0.00039738807914159837,0.0004550708420884599,0.0015157680311021502,0.005813885320680159,0.000397985539772917,-0.0006817031518807264,-0.002135268008156032,-0.037800756995548614,0.0021303933049299957,0.006068955246389236,-0.000359860194050823,7.381830801645793
1781506135.7599552,0.01707244007945641,0.7731824210073118,0.3070477463047094,-0.04935206167759596,0.02097003392482777,-0.07692192693779464,0.017086821632203986,0.7735725640523041,0.31447200463979835,-0.04946868631579503,0.020141280506566606,-0.07691406411929454,0.0007836001562167321,-0.0003515288386660112,6.933497361622551e-05,0.0002340663698005257,0.004715057844430949,0.0007757768936252961,-0.0011606794328214843,-0.0022757645861795784,-0.04090583967129773,-0.0035048688561785234,0.0077013287932665014,0.00013498057604945015,7.434516140997569
1781506135.7699425,0.017073574307169128,0.7731871181551571,0.30700242026235836,-0.04943757220343081,0.02093157019602887,-0.07688823785027832,0.017086821632203986,0.7735725640523041,0.31447200463979835,-0.04946868631579503,0.020141280506566606,-0.07691406411929454,0.000738698833835726,-0.0003102600443003199,-0.00024120197006711894,-0.0007326861173348832,0.003762683761161432,0.00103758633867361,-0.0007282563619899138,-0.0008452444505562412,-0.038021180325937154,-0.00011727970052049282,0.007439110439927846,-0.0001908050024789303,7.479534397470457
1781506135.779942,0.017074144776226607,0.7731912427676895,0.306963839007526,-0.04950883973347532,0.020895723351722184,-0.07686068240763923,0.017086821632203986,0.7735725640523041,0.31447200463979835,-0.04946868631579503,0.020141280506566606,-0.07691406411929454,0.0006932931934392139,-0.0002731992543574315,-0.00048743641744646786,-0.0014369927426026868,0.002946110296640511,0.0012053334689275776,-0.0007900815550158096,-0.0008737813983100604,-0.03326177180105576,0.002231941136108923,0.006777341063602619,0.00041582751528368303,7.517853269811363
1781506135.789943,0.01707425370625268,0.7731948517340451,0.30693113795012483,-0.0495674843914784,0.02086281790520972,-0.07683847682922476,0.017048032636442056,0.7734914924274559,0.31260182054903,-0.04948902580765627,0.02047590801449206,-0.07691534357424629,0.0006480580356468734,-0.00023998613522984517,-0.0006789305066867816,-0.0019253769383747548,0.002253638709476205,0.0012980152728088695,-0.0009318844264645178,-0.001394856590385639,-0.0301527152304113,0.0005083027902645768,0.006627970444596738,0.0010899833408712142,5.6784966657571685
1781506135.7999592,0.017087276735656888,0.7731907428762717,0.30695869977324014,-0.049582616695327444,0.020845411244253542,-0.07683895552649743,0.017048032636442056,0.7734914924274559,0.31260182054903,-0.04948902580765627,0.02047590801449206,-0.07691534357424629,0.0006897056764375529,-0.00025050778801192255,-0.00046495370377282354,-0.0018802586916061316,0.0018180583680815075,0.0011416714774419386,-0.0009514506242988402,-0.0018295612360326161,-0.02852189232133924,0.0020932973623817505,0.00575956145709813,0.0016228522764904043,5.651265564633469
1781506135.8099432,0.017098070073433332,0.7731873033224758,0.3069826862915179,-0.04959363811960921,0.020829051351668904,-0.07684032272047078,0.017048032636442056,0.7734914924274559,0.31260182054903,-0.04948902580765627,0.02047590801449206,-0.07691534357424629,0.0007144000131026481,-0.0002557801003531154,-0.00028728743560839127,-0.0017949861139789256,0.001441928491399259,0.000993274955014838,-0.0004493348568752641,-0.0017656714024970903,-0.027219577380964914,0.0024460428438093443,0.0045508142700833535,0.001488743405164114,5.627584256200454
1781506135.8199537,0.017106936331683354,0.773184448601687,0.30700348766779273,-0.04960127767686033,0.020813923556111558,-0.07684231819655758,0.017048032636442056,0.7734914924274559,0.31260182054903,-0.04948902580765627,0.02047590801449206,-0.07691534357424629,0.0007251717900500805,-0.00025677157756933577,-0.0001410215019084529,-0.0016819612010833263,0.001120638303122274,0.0008548957640698505,-0.00034860128809456733,-0.0014268212559083357,-0.027915276031917523,0.0019701056565379696,0.003795316649247562,0.0014677253270193873,5.607055965959182
1781506135.8299508,0.01711414293849341,0.7731821031771154,0.3070214591540407,-0.0496061741722754,0.020800133003560317,-0.07684472979654683,0.017048032636442056,0.7734914924274559,0.31260182054903,-0.04948902580765627,0.02047590801449206,-0.07691534357424629,0.0007246304204907898,-0.0002543139522540198,-2.1816251590221227e-05,-0.0015512360547371101,0.0008492320503485423,0.0007278105540137576,-0.00021789304912157165,-0.001407370568477442,-0.025589575405517023,0.0016200287398308838,0.002874201722484298,0.0014028183368726879,5.589322461528804
1781506135.8399565,0.017119925676373146,0.7731801996209817,0.3070369233104995,-0.049608881333947474,0.02078772187941036,-0.07684738717123579,0.01702239153754731,0.773413194069238,0.3112320139570497,-0.04940967907052851,0.02071294533686352,-0.07684557393756647,0.0007150140203475829,-0.00024911862063425053,7.415495706185542e-05,-0.0014108269150590917,0.000622631139068449,0.0006126665978505777,0.00030302951579748785,-0.0014610235644603794,-0.02348611675429933,-0.0004934938584620378,0.002118741039890083,0.0009521274813040274,4.202687813046296
1781506135.8499403,0.017122266160773437,0.7731791703954216,0.3070490118638742,-0.0495267321705367,0.020791977149457352,-0.07685077742785525,0.01702239153754731,0.773413194069238,0.3112320139570497,-0.04940967907052851,0.02071294533686352,-0.07684557393756647,0.0006842192657643316,-0.0002397465037395166,0.00014876137865078637,-0.00035921503044430763,0.0006029634542816268,0.0005111282746196759,0.0006639833394480224,-0.002248489067902072,-0.023377425989856298,-0.0041910606237753984,0.0006216823884739597,0.0008872544180106443,4.190733650780234
1781506135.8599617,0.017123897324429326,0.7731783938073985,0.3070593394782442,-0.04945731686250509,0.020794980020018228,-0.07685406986704917,0.01702239153754731,0.773413194069238,0.3112320139570497,-0.04940967907052851,0.02071294533686352,-0.07684557393756647,0.0006508283107141948,-0.00022918498828064691,0.00020676845319144522,0.000438554969100956,0.0005717204955069373,0.0004210604287259492,0.0002524548858684147,-0.0026278594487789586,-0.023396659018825046,-0.003981685128604414,0.00024311412018931597,0.0014717703334914912,4.180507970785973
1781506135.869957,0.01712493845005841,0.7731778316023651,0.30706812126463107,-0.04939934269133301,0.020796962347408465,-0.07685719904504021,0.01702239153754731,0.773413194069238,0.3112320139570497,-0.04940967907052851,0.02071294533686352,-0.07684557393756647,0.0006157762929353778,-0.00021780248071161677,0.00025071500903954335,0.001024292666721578,0.0005326602520983768,0.00034205183587291614,0.00047062128841387704,-0.0018814448516386506,-0.023232100374296984,-0.0031175866252173357,0.00023233407045787982,0.0005642706825510438,4.171799817111951
1781506135.8799639,0.017125492752201918,0.7731774502514387,0.3070755493288073,-0.04935152788995177,0.020798125772506948,-0.07686012035286703,0.01702239153754731,0.773413194069238,0.3112320139570497,-0.04940967907052851,0.02071294533686352,-0.07684557393756647,0.0005798349632493751,-0.000205905130646427,0.0002828173104864663,0.0014351284796275908,0.0004888123204232689,0.0002734918053937116,0.00030042785132611727,-0.0012706835902997105,-0.020608230320811913,-0.003293755797519287,0.00032533328334754565,0.0005690211719105204,4.164421113903333
1781506135.8899467,0.017125649242225247,0.7731772204251748,0.3070817949570577,-0.04931263398299222,0.02079864378348706,-0.0768628060237585,0.01704148198850347,0.7733192457719628,0.3100812740542599,-0.04957174377699366,0.020728226106155878,-0.07680417622363976,0.0005436351309809389,-0.00019374523035310505,0.0003050045937335614,0.0017036705205623834,0.0004425776379408451,0.00021463687248741013,0.0006640985668685184,-0.0006291422420740293,-0.016777850830841292,-0.00026123245591061186,-0.0001304606303376519,-0.00018388149949385055,3.0040190046473314
1781506135.899944,0.01712548440492291,0.7731771165260399,0.30708701061625404,-0.049281488832986615,0.020798664030043712,-0.07686524167870384,0.01704148198850347,0.7733192457719628,0.3100812740542599,-0.04957174377699366,0.020728226106155878,-0.07680417622363976,0.0005076864684105269,-0.00018152864006892516,0.0003189512311563225,0.0018582459175221304,0.00039582041127040756,0.00016466441212145894,0.00042615054756089694,-0.0008259358439162439,-0.015244662235423945,-0.001020755792692559,0.0003360812582856114,3.416007343711933e-05,2.9988115420428665
1781506135.9099452,0.017138949008212504,0.7731974281780767,0.30709405954053953,-0.04931112033345059,0.02078696166986682,-0.07691827682924049,0.01704148198850347,0.7733192457719628,0.3100812740542599,-0.04957174377699366,0.020728226106155878,-0.07680417622363976,0.0005629419154620118,-1.8518648745736413e-05,0.00033921585769388534,0.0013439395551783496,0.00025350110201745183,-0.0004377656111448755,0.0003931807385454613,-0.000912307167165104,-0.01396620507889913,-0.0002828545066401432,0.0007864034775826376,-6.716586521360901e-05,2.991285659560571
1781506135.9199357,0.017150195832077355,0.7732149396561455,0.3070999209233405,-0.049337267925895455,0.020776904751333092,-0.0769624706936306,0.01704148198850347,0.7733192457719628,0.3100812740542599,-0.04957174377699366,0.020728226106155878,-0.07680417622363976,0.0006001664592213967,0.00011257604596114055,0.0003511855464772254,0.0009218007621629265,0.0001399231788589523,-0.0008771629260400202,0.0003437726786790839,-0.0005392544281291434,-0.013561881631384769,0.0011510750266195127,0.0007329777080100372,6.812006430514115e-05,2.98515744255214
1781506135.9299393,0.017159520461841334,0.7732299924013873,0.30710475108287244,-0.049360089520796194,0.020768356269374788,-0.07699883041940718,0.01704148198850347,0.7733192457719628,0.3100812740542599,-0.04957174377699366,0.020728226106155878,-0.07680417622363976,0.0006224446051363995,0.00021638889449869026,0.0003563446138192796,0.0005802748896751402,5.0990110656112716e-05,-0.001182377917930106,0.00029233379042527437,9.000444300612806e-06,-0.011229078330525484,0.004420060080817543,0.00031829852638377983,4.535805771329883e-05,2.9801993632212245
1781506135.9399104,0.01716718429041057,0.7732428879024527,0.3071086894718124,-0.04937979445545102,0.02076117223134699,-0.07702832506429376,0.017060598200266786,0.7732882210984369,0.3093566991240338,-0.049540346541614155,0.020760876093723235,-0.07680369885029387,0.0006324418974060074,0.0002969851951813445,0.00035597092649483305,0.00030849788649708594,-1.7042335012779268e-05,-0.0013787001236916102,0.00028077923356126217,-0.0002660325331878728,-0.010505269607881663,0.00408834571366166,0.0002536011297160647,-8.018739480066991e-05,2.250991579226983
1781506135.9499445,0.017173418000746066,0.7732538924996597,0.30711186008638214,-0.04939662487171168,0.020755207354264504,-0.07705186862026984,0.017060598200266786,0.7732882210984369,0.3093566991240338,-0.049540346541614155,0.020760876093723235,-0.07680369885029387,0.0006324537742352643,0.00035792263758772534,0.00035116042726250786,9.642050881829322e-05,-6.755187411464997e-05,-0.0014880588171147728,0.0005870028057661052,-0.00028437177437490985,-0.010245863922863353,0.00461835705240577,0.00011570786393896615,-0.0006103365832884392,2.2479343996298047
1781506135.9599428,0.01717648207715099,0.7732435527868646,0.3071911528240233,-0.049434072825634515,0.020731708973966256,-0.0770090137876814,0.017060598200266786,0.7732882210984369,0.3093566991240338,-0.049540346541614155,0.020760876093723235,-0.07680369885029387,0.0006096840147061495,0.0002526915548931604,0.0008289438923204392,-0.00033260468714101923,-0.00033953983906379607,-0.0008711017165626621,0.00065539175015926,-0.0008536517912745202,-0.011845408224010576,0.0023347653458437216,-0.00046716975790304433,-0.0005755380821714078,2.1691046790022614
1781506135.9699008,0.017178772276197588,0.7732345496266662,0.3072586754395238,-0.04946524876904885,0.020712296684863185,-0.0769721847644277,0.017060598200266786,0.7732882210984369,0.3093566991240338,-0.049540346541614155,0.020760876093723235,-0.07680369885029387,0.0005836797475461944,0.0001650130083213712,0.0012019920699785083,-0.0006449527439666879,-0.0005340392330046291,-0.00038499205526979706,0.0007718265051784618,-3.180884136196125e-05,-0.010937343602027548,0.0026690153592607534,-0.00029351769941037665,-0.0010895487351931035,2.1020345191906546
1781506135.9799407,0.0171804109687204,0.7732267207200008,0.3073158897293486,-0.04949087182891297,0.0206964771532685,-0.07694087894330247,0.017060598200266786,0.7732882210984369,0.3093566991240338,-0.049540346541614155,0.020760876093723235,-0.07680369885029387,0.0005554084049674927,9.253614271834877e-05,0.0014862346715995836,-0.0008613291799799492,-0.0006651545468668401,-1.0228139837816115e-05,0.000618067556429584,1.4764357449576218e-05,-0.009923040380489457,0.00026586028241787216,-0.00011162062288818993,-0.0011265885471466656,2.0452482444602413
1781506135.9899437,0.01718150498918594,0.7732199240311164,0.3073641013890782,-0.04951163283942192,0.020683782428236208,-0.07691456851581263,0.01708790531932952,0.7732768502471179,0.30881937856429553,-0.04941470868100944,0.020772626155317386,-0.07683801504243894,0.0005256753417242624,3.318113394805874e-05,0.0016955848986117087,-0.0009998748375448043,-0.0007451889287375173,0.00027084983678192943,0.0007161647017103857,1.9188376723984744e-05,-0.009031173307941677,-0.0004984333468727609,-0.000555676897313737,-0.0013835025241383159,1.4593947885935379
1781506135.9999418,0.017184459586253368,0.773231547353831,0.30736221280512244,-0.04954051608380603,0.020632679698840306,-0.07690807866610891,0.01708790531932952,0.7732768502471179,0.30881937856429553,-0.04941470868100944,0.020772626155317386,-0.07683801504243894,0.0005094998589030486,0.0001037894607627996,0.0015548155369405625,-0.001207454066075556,-0.0012245763478971172,0.0002844085712325521,0.0006530529379980279,0.00013906188402526418,-0.008255017623893844,-0.0006853224619087063,-0.00014321290275754456,-0.001401041375591647,1.4610636975532127
1781506136.0099406,0.017186704327444315,0.7732414408263486,0.30735961746604085,-0.04956370743516355,0.020590807978755787,-0.07690293572953068,0.01708790531932952,0.7732768502471179,0.30881937856429553,-0.04941470868100944,0.020772626155317386,-0.07683801504243894,0.0004900587350223601,0.00015915681202038578,0.0014221085811302427,-0.0013299352807284678,-0.001550244927178847,0.0002867814171850106,0.0006068169181640097,0.0001925143133726066,-0.007966632416916542,-0.0010362142015810864,1.0641968269042489e-05,-0.0011546228014612692,1.463529137072922
1781506136.019941,0.01718835034646617,0.7732498201552929,0.307356480351724,-0.04958199915745719,0.02055699883855433,-0.07689894304074159,0.01708790531932952,0.7732768502471179,0.30881937856429553,-0.04941470868100944,0.020772626155317386,-0.07683801504243894,0.00046824238095290573,0.00020158755672384238,0.001297555440166384,-0.0013853026832202737,-0.001751822797816626,0.00028070841002712516,0.0007858594158703642,0.00014305374170280922,-0.007132245454438087,-0.0012501514180429133,-0.0004965667325713556,-0.0010317238404314857,1.4665916301702595
1781506136.029939,0.01718949466813702,0.7732568779870895,0.3073529441295396,-0.049596119004365766,0.020530156132130273,-0.07689592168483743,0.01708790531932952,0.7732768502471179,0.30881937856429553,-0.04941470868100944,0.020772626155317386,-0.07683801504243894,0.00044479569121462124,0.00023309550038287338,0.0011811261776152116,-0.0013888683420343214,-0.0018549060044379677,0.00026847367488929514,0.0006727054974497133,-0.00013849287779706902,-0.005947939384115118,-0.0016315270488569034,-0.0005618007997475646,-0.0005224368065300041,1.4700847725215274
1781506136.03994,0.01719022171141991,0.7732627859350711,0.30734913101224126,-0.0496067264689316,0.02050926787421803,-0.07689371095935277,0.017121301014542345,0.7732788164567851,0.30844295174028946,-0.049467420443481736,0.020744796114690933,-0.07688851740121697,0.0004203373051378787,0.0002554356749750086,0.0010726938235232266,-0.0013535230466942322,-0.001881368854870172,0.00025195723524544956,0.0006724332699631455,-0.0005667561535900812,-0.005413081016059441,-0.002232122067935144,-0.0011067256400542757,-0.000238551722832001,1.0961071230461037
1781506136.049959,0.017190604663705138,0.7732676964873355,0.3073451446210219,-0.049614411842707117,0.020493412836590785,-0.07689216822050063,0.017121301014542345,0.7732788164567851,0.30844295174028946,-0.049467420443481736,0.020744796114690933,-0.07688851740121697,0.00039537666898803735,0.0002701331379961274,0.0009720551208705857,-0.0012899905431733992,-0.0018496983282300754,0.00023268488790224845,0.0006491232984694374,-0.0003106324289195703,-0.004564564439423609,-0.0014128798907515534,-0.001672664943969906,0.00016135234976183388,1.1000486901143731
1781506136.0599415,0.017197081659172428,0.7732597900313372,0.30737427158593705,-0.049523780506067656,0.020510920709025493,-0.0768975105745787,0.017121301014542345,0.7732788164567851,0.30844295174028946,-0.049467420443481736,0.020744796114690933,-0.07688851740121697,0.000412057568026139,0.00020255143898947824,0.0011035501213405923,-0.00015855680246991042,-0.0014538939438057512,0.00015850632233061832,0.0005795187194941675,-0.0002468198803239111,-0.004214128769194349,-0.00046001836231154684,-0.002179792797696286,0.0007227374990646096,1.0715325395304447
1781506136.069956,0.01720240640844606,0.7732528851572664,0.3073985893819466,-0.049447410291089886,0.020526972798271315,-0.07690221478711322,0.017121301014542345,0.7732788164567851,0.30844295174028946,-0.049467420443481736,0.020744796114690933,-0.07688851740121697,0.000420227358155856,0.00014573213302980314,0.001195127676857488,0.0006935280842409034,-0.0011175347333149935,9.858216179872074e-05,0.0005836352203311695,-0.00013868656877442082,-0.003988717654054258,0.00034827998185591217,-0.00164089414699726,0.000420634938022541,1.0478278736216642
1781506136.0799806,0.0172067393814103,0.7732468729698146,0.3074187478951058,-0.04938381590447622,0.02054149469592348,-0.07690631208259759,0.017121301014542345,0.7732788164567851,0.30844295174028946,-0.049467420443481736,0.020744796114690933,-0.07688851740121697,0.00042146113901959145,9.827254556408472e-05,0.0012535001986360619,0.0013129825056847526,-0.0008349226864078327,5.09801173424312e-05,0.0006125858284472632,2.505535950719962e-05,-0.004021388704145241,2.747342437952169e-05,-0.0019674587398429266,0.0004738937872648576,1.0282575637367621
1781506136.0899568,0.0172102218538686,0.7732416545815336,0.3074353199386328,-0.04933153475754793,0.020554472537591906,-0.07690984250299225,0.017149816404679163,0.7732651680650895,0.30822034755660727,-0.04949601949698957,0.020658012502130507,-0.07687263489731684,0.0004171112446027944,5.892804998243643e-05,0.0012844769716809507,0.0017411786861505122,-0.0006003173101057626,1.3914727780470047e-05,0.000471349836601233,-6.985937435861768e-05,-0.004199103826978248,-0.0007298569641871933,-0.0020557270525296007,0.00044315783403762213,0.7876992212661752
1781506136.0999472,0.017208332235380996,0.7732297444346236,0.3074726722195979,-0.04927381971684301,0.020568827714529503,-0.07690595483248587,0.017149816404679163,0.7732651680650895,0.30822034755660727,-0.04949601949698957,0.020658012502130507,-0.07687263489731684,0.0003783281373430187,-2.3817507932794084e-05,0.0014475029000934187,0.002180285360082627,-0.00038029207351203214,6.249713376562893e-05,0.0005557461308658991,0.00013188361574157783,-0.0033823529934213586,0.0005496673696800127,-0.0018769028690844825,-7.435142934488795e-06,0.7507978060770988
1781506136.1099484,0.01720417375442652,0.7732263185729619,0.3074937850239817,-0.049264948315725074,0.020558488245121298,-0.0769453633115313,0.017149816404679163,0.7732651680650895,0.30822034755660727,-0.04949601949698957,0.020658012502130507,-0.07687263489731684,0.0003282463019501684,-2.929251935277574e-05,0.001486173830871951,0.0020479654544548467,-0.0004303268346597406,-0.00037949506299897874,0.0005953249604983372,0.00025862833731954616,-0.003907971389115371,0.0003655213377202264,-0.0016472896829110232,-0.00029380835912058364,0.7296280684878914
1781506136.1199546,0.01720042737896448,0.7732234500423123,0.3075110435127344,-0.0492593601367079,0.020550203690306024,-0.07697818064612996,0.017149816404679163,0.7732651680650895,0.30822034755660727,-0.04949601949698957,0.020658012502130507,-0.07687263489731684,0.000283882735131637,-3.331654556745331e-05,0.0014983864844301394,0.001892763601379496,-0.0004560405449717163,-0.0007002764108404481,0.00033643020662296736,0.0001422673505962383,-0.004564723718594716,-0.00020539743845252297,-0.001317153072019307,-4.9038251166186394e-05,0.712330043446825
1781506136.1299474,0.01719705991086405,0.7732210732604875,0.30752498845827747,-0.049256384993340056,0.020543685541057455,-0.07700516114530667,0.017149816404679163,0.7732651680650895,0.30822034755660727,-0.04949601949698957,0.020658012502130507,-0.07687263489731684,0.00024467177224038537,-3.6124771316645674e-05,0.0014892043966534831,0.0017246655397945105,-0.0004628265651729227,-0.0009214580714948486,0.0005551294178405572,0.0005303624848308093,-0.003230535527209158,0.0017792504830797251,-0.0007138300191031656,-0.0006157908384748353,0.6983556230886633
1781506136.1399648,0.01719403971764966,0.7732191266364125,0.30753609659384845,-0.04925544919500131,0.020538669297686996,-0.07702702976525803,0.01717496611714686,0.7732727202952275,0.30802498969787306,-0.0494743918205943,0.02059540275711802,-0.07688432254104455,0.00021009402416089057,-3.792140202162094e-05,0.001462963531303776,0.0015515062091886315,-0.00045524428498403956,-0.0010619588327184235,0.0005758582374979333,0.0003501555697437255,-0.0027977745695576942,0.0015857500926715618,-0.0007052314050628343,-0.0007102988906428418,0.49219157821334947
1781506136.149954,0.01719133685809957,0.7732175530990905,0.3075447870477459,-0.049256067058561746,0.02053491568374155,-0.07704446962238215,0.01717496611714686,0.7732727202952275,0.30802498969787306,-0.0494743918205943,0.02059540275711802,-0.07688432254104455,0.0001796738317194159,-3.888318624874118e-05,0.0014233608357120593,0.0013792945744402821,-0.00043710336859197394,-0.0011381623283665701,0.0002858690292380328,-1.016643158613083e-06,-0.0028750812198688807,0.0007916639019420588,1.5032196719001875e-05,-0.0005434051809426479,0.4836383006732553
1781506136.1599467,0.017202895898903513,0.7732277974117338,0.3075152991080228,-0.04926379588726359,0.020582065665419202,-0.07705886236020759,0.01717496611714686,0.7732727202952275,0.30802498969787306,-0.0494743918205943,0.02059540275711802,-0.07688432254104455,0.000243966876256955,3.499182499030061e-05,0.0011606172403921264,0.0011475228666646936,0.0001324562521429126,-0.0011454687301520087,0.0005642985363908093,-0.00014573315683717364,-0.0023623766359793,0.0009524619418009239,0.0002778082617812135,-0.0011872419455309113,0.5124281759937712
1781506136.1699448,0.01721268688567922,0.7732366416771908,0.3074894138299716,-0.049271329218874435,0.020621653149893504,-0.07706991176621385,0.01717496611714686,0.7732727202952275,0.30802498969787306,-0.0494743918205943,0.02059540275711802,-0.07688432254104455,0.0002924882982655992,9.385331870154115e-05,0.0009349875371857377,0.0009424509201384722,0.0005555812401415933,-0.001119591132229712,0.0001957544848152097,-0.0003230382352582339,-0.0021021093107248673,0.0014913628143277922,-0.00046046998396591913,-0.0005917904566289841,0.5381134019298747
1781506136.179948,0.017220935096666435,0.7732442491735421,0.3074667592778406,-0.04927850965491597,0.020654490733874376,-0.07707815360441507,0.01717496611714686,0.7732727202952275,0.30802498969787306,-0.0494743918205943,0.02059540275711802,-0.07688432254104455,0.0003277338694526123,0.00013991652872535505,0.0007420108275901884,0.0007629981889547714,0.0008574058984437761,-0.0010695575865981746,0.00015000017494707247,-0.00016168979074890192,-0.0009548854142646859,0.00197939192039574,-0.00035515335015208385,-0.0004525337868530766,0.5608430740391657
1781506136.1899643,0.01722784065047594,0.7732507658763416,0.3074469925957596,-0.04928522897734556,0.020681372025386002,-0.07708406616268576,0.01717496611714686,0.7732727202952275,0.30802498969787306,-0.0494743918205943,0.02059540275711802,-0.07688432254104455,0.0003518753468491571,0.00017512195256450146,0.000577692275467566,0.0006076536355226572,0.0010600827639205993,-0.0010027938816764034,0.0001259048400646027,-0.00017614375815585515,-0.0007282257845171954,0.0023040463611014917,0.00028070734354772146,-0.000687499299791403,0.5808255872763962
1781506136.1999447,0.017233580992304712,0.7732563222571768,0.30742979925494485,-0.049291418767374987,0.020703054681865618,-0.07708807157303456,0.01718860215287582,0.7732672026366512,0.30793307201709996,-0.04939365199345966,0.020593395165149797,-0.07691282831650575,0.00036679685883669834,0.00020116494869250432,0.0004384618056639503,0.0004746250691333984,0.0011829238779852468,-0.0009253219796371038,0.00017847630913515693,6.092009585403327e-05,-0.00036319089565840443,0.002987048364444107,-0.00010331818494346612,-0.0007044726803480989,0.5053958367271307
1781506136.2099426,0.01723831316820425,0.7732610348795258,0.3074148920043305,-0.04929704228887217,0.02072024868559197,-0.07709053833712531,0.01718860215287582,0.7732672026366512,0.30793307201709996,-0.04939365199345966,0.020593395165149797,-0.07691282831650575,0.00037412775941914837,0.00021952260263817362,0.0003211355662166555,0.0003619587265610739,0.0012425843840314131,-0.0008419471354650898,0.00023400158089139622,-2.796590443954107e-05,-0.0010295433255378403,0.0016209947169753959,-7.48210226155904e-05,-0.0008719978095044304,0.520595574228908
1781506136.2199361,0.017232167358815758,0.7732514637415727,0.30745203856748066,-0.04916308559764074,0.02069337697518292,-0.07705534316804996,0.01718860215287582,0.7732672026366512,0.30793307201709996,-0.04939365199345966,0.020593395165149797,-0.07691282831650575,0.00030872825316786154,0.00012832591209864714,0.0005289183502253974,0.0017769242245070484,0.0007951535283332499,-0.00038077878114530606,0.00026936664611574163,0.00010695427897801432,-0.0012558531785641415,0.001791847492478169,-0.0004764313535631834,-0.0008885225225356792,0.4832585432659506
1781506136.2299411,0.017226723928794565,0.7732431598899212,0.30748363100535653,-0.04905204079608014,0.02067006049204112,-0.07702535787242429,0.01718860215287582,0.7732672026366512,0.30793307201709996,-0.04939365199345966,0.020593395165149797,-0.07691282831650575,0.0002523153849214127,5.348963773183357e-05,0.0006890188582349477,0.0027884698887114317,0.0004381483335430336,-2.481082829705974e-05,0.00017408915603078925,0.00014654220108452308,-0.0017422402438494263,0.001206667226331172,-5.525198594339798e-05,-0.0007066365946068928,0.4516951920338336
1781506136.2399478,0.017221911933515268,0.7732359679655495,0.30751035529422593,-0.04896120256266082,0.020650046651869314,-0.07700009659596198,0.01718860215287582,0.7732672026366512,0.30793307201709996,-0.04939365199345966,0.020593395165149797,-0.07691282831650575,0.000203831556717107,-7.264682185013994e-06,0.000808812679224372,0.003470058173250674,0.00015866694974545157,0.00024258841407399538,0.00014950654392218067,0.00017499913003390013,-0.0022048287882599914,0.0006389229310752483,0.000548933700270003,-0.0009203902685626719,0.4251759329529779
1781506136.2499425,0.017217666780978257,0.7732297521241778,0.3075328258919506,-0.04888799080332384,0.020633055682980128,-0.07697906604520181,0.017199974093192627,0.7732699376362044,0.3078728659123235,-0.049293333205517605,0.0205997322925231,-0.07695464449489428,0.00016232728831611564,-5.594456821309807e-05,0.0008947314646606908,0.003885763793086763,-5.5079260450915886e-05,0.00043630532802773215,0.00012268852526183018,0.00017408881826722162,-0.0024568659487922157,0.0002994952841818568,-2.130912900471776e-05,-0.0005051972583792351,0.34286312434138416
1781506136.259937,0.017217853633267676,0.7732417357960512,0.30751343878398235,-0.0487940045514761,0.020520100549579867,-0.07695195105153978,0.017199974093192627,0.7732699376362044,0.3078728659123235,-0.049293333205517605,0.0205997322925231,-0.07695464449489428,0.00014946028932112928,1.2936328176787699e-05,0.0006692762674114108,0.00448161795088191,-0.0012950912870032284,0.0006240938956394972,0.0002397115642709079,0.00025207414631234904,-0.0023226814983914688,0.0008257197740474764,0.0007148370422752941,-0.0007141843623565973,0.3609749054004782
1781506136.2699435,0.01721791331548551,0.7732519307918073,0.30749625551629783,-0.048719084446081876,0.020426253872465105,-0.07692978167690019,0.017199974093192627,0.7732699376362044,0.3078728659123235,-0.049293333205517605,0.0205997322925231,-0.07695464449489428,0.0001372371943515145,6.806814610585066e-05,0.0004798064780964183,0.004805395179196123,-0.002188738302563993,0.0007477322779314568,0.00015602498438138743,0.00016874172687159365,-0.002227725715485029,0.0014843532352051964,0.0010997472933141855,-0.0005663302876529935,0.3774671542481773
1781506136.2799394,0.017217868707353378,0.7732605570291637,0.30748103771317076,-0.04866050008320695,0.020349293835473015,-0.07691192297614195,0.017199974093192627,0.7732699376362044,0.3078728659123235,-0.049293333205517605,0.0205997322925231,-0.07695464449489428,0.00012568588727047706,0.000111463996862422,0.000321625582765475,0.004916452224027836,-0.002798404647323409,0.0008199162869837234,0.00031729948585038754,0.0001610940315275797,-0.0018994524526437994,0.0021717950443267756,0.0018142323075982238,-0.0009524558888235392,0.39234876150650433
1781506136.2899406,0.01721774008925459,0.7732678128604372,0.3074675768637025,-0.04861575866800477,0.020287093338574813,-0.07689778167548275,0.017199974093192627,0.7732699376362044,0.3078728659123235,-0.049293333205517605,0.0205997322925231,-0.07695464449489428,0.00011482024026013446,0.00014488865876230626,0.00019056688405238396,0.00486508568999872,-0.0031786060084567046,0.0008515680381925464,6.884245397800095e-05,-2.7852629444225885e-05,-0.0016398876055298047,0.0025074741413722216,0.0015004049026968711,-0.000414391361229274,0.4056838155759073
1781506136.299934,0.017217545272998444,0.7732738763768995,0.30745568950356905,-0.04858261364403749,0.02023765450261239,-0.07688681187688298,0.017209699099953235,0.7732788742847456,0.3077625666857217,-0.04923264064224586,0.02065573697406986,-0.07698826096111003,0.00010464270152656331,0.00016988519354498193,8.294180340676104e-05,0.004693426999946391,-0.0033764701414510097,0.0008519814252053338,7.957795079460532e-05,2.939719262505989e-05,-0.0012982603286216573,0.003471241521468829,0.0009884107887739135,-0.00019027790684477265,0.3070181532747759
1781506136.3099363,0.017217299757432785,0.773278906781363,0.3074452132539657,-0.04855906442029175,0.02019913098226156,-0.07687851803881271,0.017209699099953235,0.7732788742847456,0.3077625666857217,-0.04923264064224586,0.02065573697406986,-0.07698826096111003,9.514651739331522e-05,0.00018779912267560012,-4.507678737294724e-06,0.004436336453973153,-0.0034322992800186647,0.0008289757592492051,0.00022601618635180256,0.0002860712830607926,-0.0001628500005584625,0.005266686297553823,-0.0009216035827368888,0.00020003547749724906,0.3174444387565911
1781506136.319939,0.017210038851530392,0.7732661743437982,0.3074590336464527,-0.048643454725038296,0.020260519140439248,-0.07685998567192444,0.017209699099953235,0.7732788742847456,0.3077625666857217,-0.04923264064224586,0.02065573697406986,-0.07698826096111003,4.338380872255666e-05,8.805649224976982e-05,0.00010814253071530934,0.0030265854286372013,-0.002398104849383155,0.0009730743758611188,4.654994909809317e-05,0.0005862179600642538,-9.545455258430371e-05,0.005846143991678909,-0.002219670637231308,0.001051794416753135,0.3037987983173707
1781506136.3299372,0.01720377504803038,0.7732551211049917,0.3074707630757036,-0.04871723222482222,0.020314310051755324,-0.0768454021293121,0.017209699099953235,0.7732788742847456,0.3077625666857217,-0.04923264064224586,0.02065573697406986,-0.07698826096111003,1.280378993712215e-06,6.8700212171685185e-06,0.00019720481881890534,0.0018874659728211735,-0.0015575686009538393,0.0010544078247191448,0.00040198202663452315,0.0006556609102695944,6.299927535337996e-07,0.006327923665266366,-0.003483641014387509,0.0009206676051871713,0.2928287123203876
1781506136.3399355,0.01719839260368587,0.7732455569517803,0.3074806883026706,-0.04878103872423864,0.02036093576871245,-0.07683417608209744,0.017209699099953235,0.7732788742847456,0.3077625666857217,-0.04923264064224586,0.02065573697406986,-0.07698826096111003,-3.253534772281228e-05,-5.839134821875582e-05,0.0002662028473187158,0.000982301109880089,-0.0008851433281992815,0.0010864869078342923,0.0003630234099211528,0.000684206492412386,-0.0001910409011756283,0.006280888803141815,-0.0038842923712693045,0.0011888224795463074,0.2840656691071089
1781506136.3499386,0.01719378718861403,0.7732373111998695,0.30748905747298216,-0.04883562796874917,0.020400916242563794,-0.07682577258467928,0.01722209220030313,0.7733000398931359,0.30774390296670323,-0.048958137060108174,0.020590925842670638,-0.07695575659060902,-5.9269449372161855e-05,-0.00011004154582670237,0.0003182195518041393,0.0002772063670200461,-0.00035708529313607416,0.0010807830966783683,0.00041405418853826856,0.0005884984848133747,-0.00040149015814643915,0.005506981580744593,-0.0035792992654443026,0.000811992789457927,0.26397402962330396
1781506136.3599384,0.01699394194789706,0.7716843576823473,0.3075898456926583,-0.04889373813995426,0.02025382019161115,-0.07676538379957196,0.01722209220030313,0.7733000398931359,0.30774390296670323,-0.048958137060108174,0.020590925842670638,-0.07695575659060902,-5.588628596428318e-05,-0.00011024872929878947,0.00038567820762274926,-0.0004007162910363626,-0.0019542851434998223,0.0015427025560255604,8.199241468197731e-05,0.0004670174790598094,-0.0008871023761275867,0.003988033226851711,-0.0024877828438490098,0.0009658522519510419,1.6389677201268242
1781506136.369948,0.016794130085905103,0.7701309830832007,0.30768710361135265,-0.04894228345401343,0.020131825537243797,-0.07671608770474776,0.01722209220030313,0.7733000398931359,0.30774390296670323,-0.048958137060108174,0.020590925842670638,-0.07695575659060902,-5.2462237221491975e-05,-0.00010901808728437828,0.00043494527092134705,-0.0008976979002062261,-0.003097515491091346,0.001846577735380809,0.00034653247330691355,3.9391248972998376e-05,-0.0017639101183221217,0.002575203222149772,-0.002281772040129568,0.00035792660832497975,3.198327500854907
1781506136.3799405,0.01659432120108476,0.7685772406607053,0.30778125327793937,-0.0489823315749617,0.020031977125538836,-0.07667645381232267,0.01722209220030313,0.7733000398931359,0.30774390296670323,-0.048958137060108174,0.020590925842670638,-0.07695575659060902,-4.9048753003746266e-05,-0.0001066487910553361,0.00046898434842725545,-0.0012455013078352,-0.00386930935851618,0.002023717158628791,5.6760612027954255e-05,-0.00038389896394477706,-0.0017730976937325982,0.000630435070761166,-0.0017037632822483547,0.0006520306290130862,4.764485708138486
1781506136.3899384,0.016394492464193642,0.7670231814486811,0.30787268291213316,-0.04901491549267479,0.019951454727655138,-0.07664514549502802,0.01722209220030313,0.7733000398931359,0.30774390296670323,-0.048958137060108174,0.020590925842670638,-0.07695575659060902,-4.5687002014069384e-05,-0.00010339543518179383,0.0004903674980978243,-0.001472009121963804,-0.004341672971782504,0.0021010485070139784,-0.00016129562906788282,-0.0027944735214298767,-0.0025531154991597182,-0.0017455874174174169,-0.0010443945776179636,0.0005190269686378148,6.332492205228286
1781506136.3999407,0.016032995618444998,0.7654984841796798,0.3079641545944661,-0.04904101386122256,0.019887616376794037,-0.07662093308881454,0.017231059775328794,0.7732838950552416,0.3076735773480965,-0.048830200151450134,0.0204787446939223,-0.0769173996969303,-4.2409377869435645e-05,-9.947360328257879e-05,0.0005013198624640949,-0.0016014333025433068,-0.004576754226348403,0.0021014799194075074,-0.00035027022043851284,-0.0077372516573375825,-0.00353172234651006,-0.004330000908538947,-0.0007509677748146654,0.0004180916134068476,7.882411773146208
1781506136.40994,0.015671450340956194,0.7639735557532792,0.30805356517713095,-0.049061537759469566,0.019838025960991157,-0.0766027007843609,0.017231059775328794,0.7732838950552416,0.3076735773480965,-0.048830200151450134,0.0204787446939223,-0.0769173996969303,-3.924081932332948e-05,-9.506483036913413e-05,0.0005037598948513368,-0.0016545727003659685,-0.004627613384188988,0.0020442807388719197,-0.0010483994712323606,-0.012719961475232255,-0.001396092853901829,-0.0019546704287705715,-0.0017074282762215712,0.0010973042046187832,9.447708201234047
1781506136.4199405,0.015319642752190195,0.7624421054823867,0.30810636582000045,-0.049082313598841174,0.01992439779902666,-0.07660253000395521,0.017231059775328794,0.7732838950552416,0.3076735773480965,-0.048830200151450134,0.0204787446939223,-0.0769173996969303,3.0496718276880174e-05,-0.00012626960269513008,0.0003220030172892468,-0.0017008594700310693,-0.0031807339527152494,0.0018692331918986572,-0.0017717708683376214,-0.020081014623727994,-0.0014065367079278835,-0.0029338418046368784,-0.0038001213520214203,0.0016859404740281066,11.017496178343963
1781506136.4299395,0.014966347697110895,0.7609114502385456,0.30816297804795356,-0.049098262152211775,0.01999987705241235,-0.07660424467802157,0.017231059775328794,0.7732838950552416,0.3076735773480965,-0.048830200151450134,0.0204787446939223,-0.0769173996969303,8.609371679797981e-05,-0.00014971999207193047,0.00017201337051845562,-0.0016889753726664998,-0.0020095694757576513,0.0016869197680364255,-0.003583718504693343,-0.028889359496574722,0.000825453633169873,-0.000898425410517711,-0.005022707530503298,0.0030433828010071025,12.587526547516646
1781506136.4399514,0.014973735589936189,0.7609071336966113,0.30814194069302936,-0.04911015757757574,0.020065128713674385,-0.07660732499842672,0.017231059775328794,0.7732838950552416,0.3076735773480965,-0.048830200151450134,0.0204787446939223,-0.0769173996969303,0.00012963459976168284,-0.00016664823075872187,4.942612487582199e-05,-0.0016338331348388431,-0.0010770471885070884,0.0015041502342635319,-0.004443876225786198,-0.034520800936840595,0.0021719331403845755,-0.00010043421789903296,-0.004369907546092086,0.0017286526803190444,12.58964250601737
1781506136.4499362,0.014460320698476638,0.7594241642579205,0.3082064792431817,-0.049118690765467425,0.020120931025812583,-0.07661134413256529,0.01711712648945074,0.77222715995439,0.307650468894724,-0.0489052824346783,0.020311178599786928,-0.07684184174416196,0.00016294544963518226,-0.00017812616400237938,-4.960990395334068e-05,-0.001547789944439624,-0.00034885734692804786,0.0013260400173580973,-0.007185518296539703,-0.04697320950004222,0.002798480685638742,-0.0005324760980083105,-0.004404772918893077,0.0022594466538204887,13.087569037921499
1781506136.4599342,0.013919954980617882,0.7578182911050961,0.3083481542823145,-0.04907840721315794,0.020147954696760895,-0.0766464039996967,0.01711712648945074,0.77222715995439,0.307650468894724,-0.0489052824346783,0.020311178599786928,-0.07684184174416196,2.4492556139996287e-05,-0.0009677520630006166,0.000347035547028641,-0.0009313591960548439,2.70961841205143e-06,0.0008135452266900583,-0.009126608429780669,-0.05476364905674837,0.0012314735358382033,-0.0031552053055092177,-0.004375485453919656,0.002400851014468975,14.775796833778532
1781506136.4699404,0.013382421495923938,0.7562309609484893,0.30848117873825215,-0.04904368565240444,0.020170645892390926,-0.07667663760828222,0.01711712648945074,0.77222715995439,0.307650468894724,-0.0489052824346783,0.020311178599786928,-0.07684184174416196,-8.6964055199588e-05,-0.0015893801339731594,0.000661054573389167,-0.0004439936310698716,0.00026605255951397613,0.00040728254813386373,-0.010732338907757735,-0.05933180112117065,0.004854560584718631,0.002032678970580379,-0.00256519632270585,0.001762628577832788,16.447385289740915
1781506136.4799385,0.012847392105817736,0.7546598958074221,0.3086066287522062,-0.049014081829496,0.020189469636188617,-0.07670242765953335,0.01711712648945074,0.77222715995439,0.307650468894724,-0.0489052824346783,0.020311178599786928,-0.07684184174416196,-0.0001753365075719219,-0.0020682674000862614,0.000904764384466913,-6.66730237696746e-05,0.0004560838405506264,9.1736195312148e-05,-0.011910430913402548,-0.06304155393951517,0.0021633511940851655,-0.0007454518926869596,-0.0005036112109990158,0.0014281472302441855,18.103967603516647
1781506136.4899437,0.012834394172518693,0.7545822916120977,0.3086430003078094,-0.04898912280873495,0.020204880237662204,-0.07672418249882541,0.01711712648945074,0.77222715995439,0.307650468894724,-0.0489052824346783,0.020311178599786928,-0.07684184174416196,-0.00024405784817495908,-0.0024264981923820947,0.0010889437943801192,0.00021786613407466938,0.0005859835245324721,-0.00014720235991238386,-0.013322620763584802,-0.06633129223055756,-0.00037693184338836604,-0.004379956130419594,-0.001566169906808251,0.0014484141812180584,18.18428699513082
1781506136.4999409,0.012151579203645905,0.7531004277924893,0.3087567685449456,-0.04896832711036418,0.020217311545237093,-0.07674231851101863,0.016591249410768616,0.7693430993718079,0.30780323808804544,-0.04890273389655898,0.020170188057151206,-0.07675058355099437,-0.00029613303466976106,-0.002683330058946614,0.0012230000563468986,0.0004250985355180971,0.000667272947070802,-0.0003222010652924192,-0.015379925847779278,-0.06812348146570762,0.0034240426616270916,-0.0006121109361626189,4.981653600147386e-05,0.0012920724314856194,16.865475739327746
1781506136.5099156,0.011470465921540902,0.7516293611834283,0.30886552634051795,-0.04895122003134477,0.02022717020042264,-0.07675724671092146,0.016591249410768616,0.7693430993718079,0.30780323808804544,-0.04890273389655898,0.020170188057151206,-0.07675058355099437,-0.00033418529006557754,-0.002855507269712792,0.0013151201718675095,0.0005687349777798138,0.0007099152462708615,-0.0004445017488186963,-0.016138982017125526,-0.06954175891761898,0.0027189898340215725,-0.001445196774698389,0.0019328415612156042,8.330769178117926e-05,18.469634551916474
1781506136.5199387,0.010764659348683635,0.7501058860052177,0.3089703194516827,-0.048887095500166136,0.020139185063555276,-0.07672525363748024,0.016591249410768616,0.7693430993718079,0.30780323808804544,-0.04890273389655898,0.020170188057151206,-0.07675058355099437,-0.0005378254772610323,-0.0033698430756151088,0.0013482751649550775,0.0011997313719840296,-0.00034398904648258585,-9.415920631394728e-05,-0.017875540509130056,-0.07108198405843502,0.0051959667809837375,0.0025463273638604584,0.0033979986996745533,-0.0007217403201763002,20.134090711344648
1781506136.5299408,0.010064026502378092,0.7485993755109884,0.30907097402947065,-0.04883426346001061,0.020065500248498624,-0.07669827768705473,0.016591249410768616,0.7693430993718079,0.30780323808804544,-0.04890273389655898,0.020170188057151206,-0.07675058355099437,-0.0006944875574236007,-0.00374003871855965,0.001357807087939447,0.0016396764741349185,-0.0011242260708993197,0.00017092189521435071,-0.019119143535105975,-0.0706818590353394,0.005000307530976585,0.0017715279682545537,0.0017855841796370153,-0.00048753205527020247,21.783339342876932
1781506136.5399396,0.009223298169408915,0.7471857010966638,0.3091678259092365,-0.0487913382279307,0.020004547428396302,-0.07667579841564362,0.016591249410768616,0.7693430993718079,0.30780323808804544,-0.04890273389655898,0.020170188057151206,-0.07675058355099437,-0.0008114518068791706,-0.00398983175380275,0.0013482542653226104,0.0019244306194927023,-0.0016780567289578787,0.00036486251451444383,-0.020963638167814092,-0.07359629970767606,0.0039470889810311926,-0.0008153220886138033,0.002115540099570429,-0.0012933151278722793,23.390149716069676
1781506136.54994,0.00838649268744672,0.7457848125213118,0.3092616464134259,-0.04875701047065065,0.01995480293521923,-0.07665730298775164,0.015691021996663,0.7657691377771843,0.3080225395001974,-0.04886937872439409,0.020196134055813664,-0.07676195415335982,-0.0008950656478279827,-0.004139803676702909,0.001323501765276978,0.0020851107930988768,-0.002047089259190089,0.0005001905630087727,-0.022045339994095366,-0.0779821661123207,0.00028012847192903083,-0.005110184450270812,7.271436784979936e-05,-0.0020406846923797413,21.31348845928587
1781506136.5599434,0.007553090941909217,0.7443949765618916,0.30935290027725265,-0.04873006389180457,0.019914818277088964,-0.07664229827783693,0.015691021996663,0.7657691377771843,0.3080225395001974,-0.04886937872439409,0.020196134055813664,-0.07676195415335982,-0.0009508472039387721,-0.004207741594021134,0.0012868610115733049,0.0021484281783110833,-0.00226755764776304,0.0005878973506132445,-0.024469967743649047,-0.08155674212671182,0.004251105793286779,-0.0005501161288760839,-0.0021706393991621537,-0.0008587131300261839,22.909616961144824
1781506136.5699413,0.007538397356929424,0.744396232879885,0.30926576497684605,-0.04859417982472818,0.0199186806504954,-0.07665914167800429,0.015691021996663,0.7657691377771843,0.3080225395001974,-0.04886937872439409,0.020196134055813664,-0.07676195415335982,-0.0009801506029937567,-0.003924903051412073,0.0006707273837924443,0.0034009911045807984,-0.001968828762617923,0.00034212401740687143,-0.02678192328969706,-0.08574054418465295,0.0025749804877577102,-0.0035709087623117084,-0.0006306109972975794,-0.001012089225078171,22.908774778481234
1781506136.579939,0.006709962491882052,0.7430608159474514,0.3092726927540208,-0.048483020295615215,0.019923721154894825,-0.07667371095786685,0.015691021996663,0.7657691377771843,0.3080225395001974,-0.04886937872439409,0.020196134055813664,-0.07676195415335982,-0.0009912550816769698,-0.0036481153560232143,0.0001676130520667482,0.00424639819687994,-0.0016911138709407114,0.00014859648376919115,-0.02779818286303827,-0.08858885414260731,0.005358452905822678,-4.564462210403206e-05,0.0004530094120039288,-0.0025577693096534497,24.451793253444237
1781506136.5899415,0.005748089566799618,0.7418197081121369,0.309288902594099,-0.04839342874444814,0.019929506196046054,-0.07668617709459753,0.015691021996663,0.7657691377771843,0.3080225395001974,-0.04886937872439409,0.020196134055813664,-0.07676195415335982,-0.0009876092506611216,-0.0033796922994749653,-0.00023839745364101077,0.0047635964925705696,-0.0014367446779343619,-4.843970864894264e-07,-0.03201148696523795,-0.0904164874066534,0.0064439064184184875,0.0016250656087809835,-0.003122994989656775,0.0009533204687757767,25.96229500778915
1781506136.599939,0.004788133254457959,0.7405797960599585,0.3093143496406237,-0.04832244969470514,0.019935690554416574,-0.07669672591963982,0.014353984809241938,0.7615324995671788,0.3082278445729511,-0.048929530124736234,0.020120200573545022,-0.07681391698449207,-0.0009721684634085931,-0.0031213853430935913,-0.0005613110494581608,0.005020722210996272,-0.00120682951337214,-0.00011217970781451944,-0.034829115863550024,-0.09200665846654335,0.0052594619476089045,0.001617536154242402,-0.00021238722418453327,1.6398837128645457e-06,23.058659837287266
1781506136.6099455,0.003829819549419137,0.7393407710643505,0.30934794581821334,-0.048267359234531765,0.019942004677795833,-0.07670554925676243,0.014353984809241938,0.7615324995671788,0.3082278445729511,-0.048929530124736234,0.020120200573545022,-0.07681391698449207,-0.0009474546524069126,-0.0028744723317485014,-0.0008134250338234525,0.005075946339061546,-0.0010015296607068912,-0.00019280403773354028,-0.037069334060639184,-0.0927405296279912,0.009007760088628148,0.0070062964098286835,-0.000748682466032661,-0.0004920774744496722,24.586286729779747
1781506136.6199408,0.00281556033702744,0.7380139642329305,0.3094801812982347,-0.048088091867523684,0.020086409194647548,-0.07676961038890737,0.014353984809241938,0.7615324995671788,0.3082278445729511,-0.048929530124736234,0.020120200573545022,-0.07681391698449207,-0.0012676901297278163,-0.0031920455047168834,-0.0003435277323777477,0.006492726998917481,0.0007162760683673416,-0.0007942914890694383,-0.039021089040563325,-0.09677767113865407,0.008472713860729387,0.006912798979891916,-0.0010086068767067953,-0.0011966371747424392,26.226419710718776
1781506136.6299436,0.0016855672355316888,0.7368070080212571,0.3096035859834942,-0.04794326591038334,0.020207252146273502,-0.07682271555615564,0.014353984809241938,0.7615324995671788,0.3082278445729511,-0.048929530124736234,0.020120200573545022,-0.07681391698449207,-0.0015087036522821542,-0.0034065382642798443,3.804605083336906e-05,0.007376545588157969,0.0019837528129760407,-0.0012232617018609977,-0.041959296569452714,-0.09730333591737378,0.006667403216147875,0.007188198431223505,0.003088969516181425,-0.0013988024547622227,27.816027761670448
1781506136.6399474,0.0016413487487536372,0.7367510287210772,0.3096426168344797,-0.04782820847060519,0.020307131473335405,-0.07686616210283438,0.014353984809241938,0.7615324995671788,0.3082278445729511,-0.048929530124736234,0.020120200573545022,-0.07681391698449207,-0.0016830660304124755,-0.003535562994358869,0.00034388115759939646,0.007836842111291816,0.002879121625974022,-0.00151121898603351,-0.043699425003700366,-0.09530200110121308,0.00878986987050506,0.011107340728972853,-0.0016374262836704309,-0.0007794790538048206,27.88788255595254
1781506136.6499524,0.0005269393510805051,0.7355657526538099,0.30975480395066163,-0.04773860381109085,0.02038856805447553,-0.07690118549680053,0.012321841159789015,0.7567005876132364,0.30864037608781036,-0.04854613641230487,0.0200484526771052,-0.07679727516124055,-0.0018017133108423962,-0.003594341410632978,0.0005850400469707459,0.007967208996971528,0.003471175853284551,-0.0016856307524663325,-0.04714354433828338,-0.09645381187649305,0.005811869635436918,0.008142490387483074,-0.003491461955420323,-0.00045236435318989554,24.228968341651996
1781506136.6599476,-0.0005811845829861592,0.7343891383343025,0.30986235829577036,-0.0476705218803917,0.020453955934470525,-0.07692894118207848,0.012321841159789015,0.7567005876132364,0.30864037608781036,-0.04854613641230487,0.0200484526771052,-0.07679727516124055,-0.0018741306251354559,-0.0035959831899063047,0.0007712228774184708,0.007846802790911803,0.003819762076756195,-0.0017701872416432893,-0.05057656317872201,-0.09824693459647378,0.003230236657896109,0.004275165919003126,0.004698582693592457,-0.0024405677937278506,25.80275339497183
1781506136.6699386,-0.001701491557457502,0.7332737684644491,0.3098708446543924,-0.04774721610110089,0.020425596613274477,-0.0768810586115729,0.012321841159789015,0.7567005876132364,0.30864037608781036,-0.04854613641230487,0.0200484526771052,-0.07679727516124055,-0.0020425704823189674,-0.0032238010841013974,0.00024496279632056465,0.006142228026732801,0.003068525264178529,-0.0010696711980335083,-0.052928594965306566,-0.10218311911643392,0.0012373022893983248,0.0006282126856834434,-0.003753191300903545,0.001025910420408745,27.331003801944973
1781506136.6799374,-0.0029278823095356633,0.7322756102159507,0.30988675883446853,-0.04781734166231663,0.020398980856746185,-0.07683966784942488,0.012321841159789015,0.7567005876132364,0.30864037608781036,-0.04854613641230487,0.0200484526771052,-0.07679727516124055,-0.002151908035502049,-0.0028841744486333785,-0.000180608595376058,0.004696913406456385,0.0024216643899286263,-0.0005155207767107529,-0.055634194563925085,-0.09939976875314069,0.003905239164807657,0.005162361066894668,0.0023842649003418723,0.0023859063062524424,28.821642158280298
1781506136.68994,-0.0041479634301875845,0.7312757898848704,0.30991155801399345,-0.047880625861096274,0.020374399625276984,-0.07680427403301046,0.012321841159789015,0.7567005876132364,0.30864037608781036,-0.04854613641230487,0.0200484526771052,-0.07679727516124055,-0.0022124144279656527,-0.0025749858850369757,-0.0005199573888155359,0.0034854170861613456,0.0018707128833543836,-8.620518234242323e-05,-0.05527992461993801,-0.09755880903073898,0.0014472432905358002,0.002855578973920821,0.002673964606119567,-0.0016700151662312833,30.319807160498158
1781506136.699935,-0.005362620013215126,0.7302743681931653,0.30994410335623906,-0.04793705164756497,0.020352015266330126,-0.07677434230648818,0.009681734440158518,0.7517553331676277,0.3088087342091245,-0.04833472498025837,0.020122728981674998,-0.07681471333531154,-0.0022329537981692167,-0.0022941499213945645,-0.0007857891014577041,0.0024822757924986825,0.0014067023128626452,0.0002378248051474142,-0.05697466097252939,-0.09359095566563609,0.005825171580070657,0.007008618849908038,0.006944373971845504,-0.0035963875137183694,26.249828956643565
1781506136.7099342,-0.0053818789785529605,0.7302919621189747,0.3099075745881232,-0.04798679399610127,0.020331889331584918,-0.07674932245982723,0.009681734440158518,0.7517553331676277,0.3088087342091245,-0.04833472498025837,0.020122728981674998,-0.07681471333531154,-0.0022211484612413997,-0.0020396331406106628,-0.0009892349176687544,0.0016627072749204677,0.0010205335636234273,0.00047409859922258464,-0.06091660536333111,-0.09699450581085342,0.003682908795028874,0.003393651329587427,0.005333143214674402,-0.0010780215815647982,26.244927056081806
1781506136.719934,-0.006597977093053577,0.7292870582786766,0.30993970766504286,-0.04791622193342962,0.020346463265232817,-0.0767803392398039,0.009681734440158518,0.7517553331676277,0.3088087342091245,-0.04833472498025837,0.020122728981674998,-0.07681471333531154,-0.0022313037489295577,-0.0018010155952755704,-0.0011823021424845347,0.0022585007332241278,0.0010843317514181471,9.181765409578178e-05,-0.06211671460580609,-0.09648830342941336,0.006429792436463628,0.006656773482389068,0.001129057186487137,-0.002060868044142612,27.769254312063563
1781506136.7299423,-0.007909642750522958,0.7284110870538004,0.30997517832199634,-0.047858939401095216,0.02035772417688575,-0.07680646266094172,0.009681734440158518,0.7517553331676277,0.3088087342091245,-0.04833472498025837,0.020122728981674998,-0.07681471333531154,-0.0022111832571442788,-0.0015866391398755995,-0.0013223103585758202,0.0026430888161825695,0.0011024490151342753,-0.0001971239089801804,-0.06376013514200334,-0.09803925302371229,0.007589231044734356,0.007864944134720385,0.006664780430432402,-0.0026126991068068472,29.253563371941887
1781506136.73994,-0.009217181564145206,0.7275340148609885,0.3100167119004934,-0.047813182186691575,0.020366194198079057,-0.07682820487675385,0.009681734440158518,0.7517553331676277,0.3088087342091245,-0.04833472498025837,0.020122728981674998,-0.07681471333531154,-0.00216701312948728,-0.0013944391480242126,-0.0014179501807066613,0.002858900256856052,0.0010858440554955854,-0.0004082207926846167,-0.06453409526884732,-0.09382084235044301,0.010744939186142,0.010618196390510683,0.0020069474474788715,-0.0005453213162065769,30.745739489433458
1781506136.749941,-0.010521193817185288,0.7266558902776289,0.3100635075515655,-0.047777312961628016,0.02037234101172558,-0.07684606946665552,0.006535857764104813,0.7469403806828121,0.3091493255398666,-0.04800760114747767,0.020357578790245023,-0.07689029861249264,-0.0021040962801914137,-0.001222477194777833,-0.0014767603936902411,0.0029423454417059586,0.0010436780809331531,-0.0005552133551152546,-0.06615986028531835,-0.09247610182294232,0.004276956519048177,0.0022911660059263873,0.005449248947798298,-0.0020892579302867584,26.51865924957886
1781506136.7599375,-0.011822207613294007,0.725776764586088,0.3101148523390104,-0.04774983428262345,0.020376578692304248,-0.07686053982218562,0.006535857764104813,0.7469403806828121,0.3091493255398666,-0.04800760114747767,0.020357578790245023,-0.07689029861249264,-0.002026927286430867,-0.0010689407281354677,-0.0015052596001205348,0.0029243287376352223,0.0009835147867922993,-0.0006501514019590953,-0.06941263719692835,-0.09139370639284672,0.005914341608366613,0.005202297538304654,0.0019160733023191067,-0.0009140120029036384,28.033006486822543
1781506136.7699358,-0.013246632981249833,0.7250268376926569,0.31022911736071945,-0.04772351801545407,0.020320519471755505,-0.07682002210158768,0.006535857764104813,0.7469403806828121,0.3091493255398666,-0.04800760114747767,0.020357578790245023,-0.07689029861249264,-0.002212216680411562,-0.0010044895815748182,-0.0011128283488180892,0.0028834279537906103,0.00024376792426039032,-0.00016662903625662802,-0.07326087952991249,-0.09477908876906337,0.006640699648446404,0.005216920285702804,0.0038028787447605323,-0.0038563417933128383,29.54177138981014
1781506136.779936,-0.014663138067668613,0.7242772642734313,0.3103373218279933,-0.04770402980452322,0.020273152471582012,-0.07678577993075446,0.006535857764104813,0.7469403806828121,0.3091493255398666,-0.04800760114747767,0.020357578790245023,-0.07689029861249264,-0.0023329309997840797,-0.0009400220285409766,-0.0007836944109575448,0.0027738551241561554,-0.0003171667009293122,0.00020022691472713444,-0.07811877312849007,-0.09562369788963114,0.0031110286413927293,-0.000502911101839486,-0.000534536168746919,0.0004044609357690747,31.05520254065806
1781506136.789939,-0.014695427245102113,0.7242785935391985,0.3103727510880893,-0.04769019073970155,0.020233594953581013,-0.07675717692760187,0.006535857764104813,0.7469403806828121,0.3091493255398666,-0.04800760114747767,0.020357578790245023,-0.07689029861249264,-0.0024002766099441636,-0.0008763581741863185,-0.0005095443181391408,0.002615827961816148,-0.0007287703757108117,0.00046962483702165454,-0.07963068981809138,-0.09228436890308088,0.003993557463174041,0.0014202793495497804,-0.004692634613711826,0.0032199025953636396,31.0776580481327
1781506136.79994,-0.01609921026949003,0.7235295241636879,0.3104708605226225,-0.047680962935438755,0.020200971703509873,-0.07673358197234467,0.0027871999209692078,0.7422381192741625,0.30939058345057824,-0.04787964774468344,0.02039634679656377,-0.07689618342487227,-0.002423925915903341,-0.0008141461932310148,-0.0002830075399816376,0.0024258212419187284,-0.0010172196970529381,0.0006586251148294206,-0.08060507409266547,-0.09050724868814151,0.0008210883675780952,-0.002056330945378422,0.00033127384794478127,-0.0010864270319573706,26.605920759153257
1781506136.80994,-0.01754767791368929,0.7227993414257593,0.31045606449599544,-0.0478281540852595,0.02015534496242255,-0.07672134609997636,0.0027871999209692078,0.7422381192741625,0.30939058345057824,-0.04787964774468344,0.02039634679656377,-0.07689618342487227,-0.0027304813293308364,-0.000632179603786262,-0.0008505185373742047,0.0005514481241763855,-0.0014102161916897272,0.0006963591786316142,-0.08647055262026698,-0.08982998356469664,-0.001741137947300671,-0.006669118686641575,-0.0034784081613924503,0.003296966114681561,28.151529099645717
1781506136.8199403,-0.019055714094544512,0.7222146115354248,0.310448202364402,-0.04795247553177798,0.020118233653949602,-0.07671174918636041,0.0027871999209692078,0.7422381192741625,0.30939058345057824,-0.04787964774468344,0.02039634679656377,-0.07689618342487227,-0.0029419778140941,-0.0004780913536514121,-0.0012953241963718205,-0.0008680515514487628,-0.001666068711086092,0.0007055814997779923,-0.08909872848332352,-0.0916826884165377,0.0010076919571441905,-0.00354948703375,0.0022826302142263063,0.00029198878268008353,29.650839998544615
1781506136.8299403,-0.020553709229704373,0.7216275657183706,0.3104508764484182,-0.04805625835000166,0.020088518017319146,-0.07670439366005427,0.0027871999209692078,0.7422381192741625,0.30939058345057824,-0.04787964774468344,0.02039634679656377,-0.07689618342487227,-0.003074483667810931,-0.0003483355404366699,-0.0016359891646954973,-0.0019078741950551467,-0.0018121617638951165,0.0006931858121860953,-0.08953884880412347,-0.09073465093861567,0.0016912054311280205,-0.002975834037130739,-0.002604221352727715,0.0019788411442928744,31.156334493926458
1781506136.8399382,-0.020594541211989323,0.7216411068493895,0.31040038296325,-0.048141811368970694,0.020065156739136558,-0.07669891994940102,0.0027871999209692078,0.7422381192741625,0.30939058345057824,-0.04787964774468344,0.02039634679656377,-0.07689618342487227,-0.003141898979915397,-0.00023975729222007632,-0.0018887362114133953,-0.0026347547785921157,-0.0018720177386851603,0.0006649297746161722,-0.0891680460173787,-0.08422313310218835,0.005606611913702205,0.003292707101206275,-0.0005892535039044478,0.0017029072793237699,31.176312070075397
1781506136.8499367,-0.022076361236353512,0.7210501948137815,0.31042022774881767,-0.048211363541909774,0.02004719576210534,-0.07669500685432473,-0.0016340639812056357,0.7377749237284403,0.30952640001319953,-0.047929302905208845,0.020341360090397664,-0.07681258518606165,-0.0031562071322757475,-0.0001495556212712083,-0.0020677025493287234,-0.0031072616716241184,-0.0018656214739610963,0.0006255620513306888,-0.0892649110159657,-0.07990081591348902,0.007777515690187089,0.005799797022357183,-0.0004366479399663287,0.0012043422110825715,26.42731545877506
1781506136.8599422,-0.023551744684757025,0.7204576779436818,0.3104470308876203,-0.04826702295413223,0.020033772499692626,-0.07669237077206044,-0.0016340639812056357,0.7377749237284403,0.30952640001319953,-0.047929302905208845,0.020341360090397664,-0.07681258518606165,-0.0031277009837693604,-7.524911994665833e-05,-0.002185172029826308,-0.0033762410983801147,-0.0018097602606565281,0.0005789451907078464,-0.09025802738268467,-0.07974850194333656,0.0043212144663061,-0.0008184117166422978,-0.007511237551044006,6.52484583285393e-05,27.948511412944775
1781506136.8699422,-0.025061939200965208,0.720063723167681,0.3105185027149273,-0.04796267943486105,0.02000685421335202,-0.07662559922808101,-0.0016340639812056357,0.7377749237284403,0.30952640001319953,-0.047929302905208845,0.020341360090397664,-0.07681258518606165,-0.0029904968175177905,0.0002689126364044704,-0.0018441991503767212,0.0003003158356242614,-0.001940508719513215,0.0012295302296118533,-0.09493487733332923,-0.08081346132516011,0.007240319771119321,0.0013763860352842975,-0.004797759749167487,0.002153379703663993,29.385986973161938
1781506136.8799393,-0.026569652377700953,0.7196617047153749,0.3105887291972597,-0.04770700069911177,0.01998592186196002,-0.07657066063233778,-0.0016340639812056357,0.7377749237284403,0.30952640001319953,-0.047929302905208845,0.020341360090397664,-0.07681258518606165,-0.0028424603653014985,0.0005417890583724865,-0.001547107401243685,0.003046819052326453,-0.0019853733084902354,0.0016833093886467578,-0.09602094225636075,-0.08017930450834984,0.0057898084199751445,0.00043930070130194495,-0.0035826153511056215,0.0023611800523317974,30.838301104146634
1781506136.8899443,-0.026571646795356594,0.7197008969794209,0.31060189183968084,-0.04749478310550761,0.01997005139432484,-0.07652608953910578,-0.0016340639812056357,0.7377749237284403,0.30952640001319953,-0.047929302905208845,0.020341360090397664,-0.07681258518606165,-0.002687603816893812,0.0007539819063936208,-0.0012890066995496822,0.00502128416563415,-0.001964655890890503,0.0019772140519135513,-0.0943643217678629,-0.07552652852357301,0.004971420349002966,0.0007693330546809137,0.0031667498040848004,0.0009464449104684079,30.817367866281785
1781506136.8999412,-0.028075694720737877,0.7192857436630642,0.310670170527441,-0.04732093819387925,0.019958411004941334,-0.07649050476810898,-0.006352141542827261,0.7337904953047187,0.3098017824142341,-0.04790676280511848,0.02021140353586448,-0.07677865160592462,-0.0025292344680711647,0.0009147709116136823,-0.0010654773618858338,0.006363240008419022,-0.0018953641456738103,0.002143290192438213,-0.0940701759646395,-0.06961837894942867,0.003645627333189625,-0.002278994785092513,-0.003221380934714678,0.0021768839137967936,26.135314820655015
1781506136.9099362,-0.029578417846859422,0.718865238728769,0.31073754337679077,-0.04718060306910293,0.019950260916663298,-0.07646262595200916,-0.006352141542827261,0.7337904953047187,0.3098017824142341,-0.04790676280511848,0.02021140353586448,-0.07677865160592462,-0.002370051837838321,0.0010322569319411675,-0.0008725333307839495,0.007194544523368595,-0.0017915717267305827,0.002209046538730089,-0.09653561314520996,-0.07031951670065054,-0.00020797685509405501,-0.007260432261565408,-0.00022371471718149563,0.00013096960981806815,27.62424376138147
1781506136.9199395,-0.03111904296440864,0.7186347846855501,0.31073163268728643,-0.047232359261483586,0.019915672918890515,-0.07648765178494442,-0.006352141542827261,0.7337904953047187,0.3098017824142341,-0.04790676280511848,0.02021140353586448,-0.07677865160592462,-0.0021967355817659176,0.001342772190178575,-0.0011947983559196839,0.005849558548106775,-0.001960325095624684,0.001677234193886639,-0.09958442424199666,-0.07128831937647216,0.000269553715870154,-0.004517126875109135,-0.0029369134592532927,0.00046230643970845606,29.05098263275455
1781506136.9299405,-0.032658804966554496,0.7183953602511591,0.3107344106977444,-0.047281293912391074,0.019888305749917512,-0.0765103215481974,-0.006352141542827261,0.7337904953047187,0.3098017824142341,-0.04790676280511848,0.02021140353586448,-0.07677865160592462,-0.0020297670741788107,0.0015750312158741737,-0.001438364757757727,0.004681682855430144,-0.0020331100355929174,0.0012328683480968255,-0.09961720501495804,-0.0686451381860969,0.002178229955361634,0.0018446964796784255,-3.9009154790769604e-05,-0.0007596015215451453,30.494598199055048
1781506136.939939,-0.0341978976463379,0.7181481161459123,0.31074473621252474,-0.047326775024769605,0.019867098043083065,-0.07653060597277098,-0.006352141542827261,0.7337904953047187,0.3098017824142341,-0.04790676280511848,0.02021140353586448,-0.07677865160592462,-0.0018700100291804396,0.001741525281384913,-0.0016156677840522,0.003678479076345996,-0.0020319959608242166,0.0008661832986839352,-0.09823222677607565,-0.06527113857211733,-0.000922903784183185,-0.0015142769630217935,0.0023988120014979356,9.05369334556279e-06,31.95245406208687
1781506136.94994,-0.035736486931788804,0.7178940734996563,0.31076160092235705,-0.04736842360542396,0.019851085974878613,-0.07654854833509822,-0.011320292250045105,0.7303401591817162,0.3098632429884066,-0.047999150070089924,0.02014481467383722,-0.0767786265240367,-0.00171806643671119,0.0018531153536207852,-0.0017375297420948136,0.0028261197311867147,-0.0019755417540949453,0.0005677364539764722,-0.0984196309228455,-0.05975184578453504,0.0019300416260122158,0.002398637851357597,-0.00448057379728241,0.00344765014792199,27.420114123020692
1781506136.9599383,-0.03729663095500389,0.7177968641644746,0.31077717663372645,-0.04740606059415167,0.019839405178448066,-0.07656424508797693,-0.011320292250045105,0.7303401591817162,0.3098632429884066,-0.047999150070089924,0.02014481467383722,-0.0767786265240367,-0.0015743205537561973,0.001919216014569946,-0.0018133409842553902,0.0021101151009757613,-0.0018791679181371296,0.0003285855739936775,-0.09929765617967001,-0.05601445417214524,0.0023360162570159916,0.0034413199164029097,-0.0008764929352890654,0.0028047031968903473,28.860694674805487
1781506136.969937,-0.037315258745318,0.7178670570615251,0.3107115612539453,-0.047244561750202224,0.01983948274561098,-0.07664519946676313,-0.011320292250045105,0.7303401591817162,0.3098632429884066,-0.047999150070089924,0.02014481467383722,-0.0767786265240367,-0.0015605949709203719,0.0022503990919766994,-0.0020571962688510975,0.0036603631947710645,-0.0016312318141975537,-0.0005898823909881422,-0.1010679457329274,-0.055035952037561175,0.005520062093912388,0.008974953859678121,-0.0054454196029665985,0.001878978101148719,28.845037761644964
1781506136.9799376,-0.03889473051146254,0.717800366143837,0.310699070948413,-0.047112079279624575,0.019841078980641802,-0.07671282001387277,-0.011320292250045105,0.7303401591817162,0.3098632429884066,-0.047999150070089924,0.02014481467383722,-0.0767786265240367,-0.001529802118654824,0.0024877491335997125,-0.0022268899788792885,0.0047217112436800535,-0.0014008196104531574,-0.0012619254741019666,-0.10225274151870681,-0.05388242701119823,0.006142768536625044,0.009130587453775369,-0.002411439023626385,0.002940521221349121,30.303377093061666
1781506136.989953,-0.04047110087744167,0.717724109281936,0.3106959250655216,-0.04700496416378146,0.019843767326501283,-0.07676859851061242,-0.011320292250045105,0.7303401591817162,0.3098632429884066,-0.047999150070089924,0.02014481467383722,-0.0767786265240367,-0.0014856982974088854,0.00264676506725226,-0.002334898576289409,0.005387692618830227,-0.001189842182398562,-0.001730931868220524,-0.10152811315924627,-0.050083467110705215,0.004455197211955322,0.006912205296610404,0.0020332415378358365,0.002666205693463598,31.774639543925474
1781506136.9999416,-0.042044818088986954,0.7176395358067312,0.3107008810304144,-0.046919787931589435,0.01984719877338814,-0.07681397702143924,-0.01637080964096732,0.727678546502043,0.31010701316652367,-0.04762886589760554,0.020097235005742453,-0.07660784763987548,-0.0014314676278285607,0.002740881588761518,-0.0023920194427827445,0.005739210585226699,-0.000999199877550244,-0.002034969354796172,-0.09960966034732899,-0.04458123125085856,0.006506705215953281,0.010633639165543737,0.0020750269330504422,-0.0005345981493617499,27.573340830761325
1781506137.0099375,-0.04364757874920089,0.7176744520339364,0.3107082211201276,-0.046786950138008515,0.019764015260705703,-0.07675705814844934,-0.01637080964096732,0.727678546502043,0.31010701316652367,-0.04762886589760554,0.020097235005742453,-0.07660784763987548,-0.0015758172887727878,0.0025413534334208813,-0.0023672990756606056,0.006550640202423811,-0.0018261821138806215,-0.0012347420456935404,-0.10045457801102399,-0.04277173196285575,0.005689137645672821,0.008529681946043938,-0.000463834357671257,0.0006086799662884583,29.05968840359721
1781506137.0199387,-0.045204952908882226,0.7177780364271976,0.31075512690958124,-0.04643080107190017,0.01973042149812332,-0.07681810618874589,-0.01637080964096732,0.727678546502043,0.31010701316652367,-0.04762886589760554,0.020097235005742453,-0.07660784763987548,-0.001372158974149662,0.0027961275312330777,-0.0020012561168273194,0.009736782354269915,-0.0019617837217170944,-0.0017826671406468843,-0.10132380075959052,-0.04300521134799401,0.0015429937128801335,0.0019224637688085606,0.0004643140703219643,-0.0010189519492000716,30.493408618268596
1781506137.0299423,-0.046763079515099566,0.7178710064892516,0.3108021555474892,-0.04614015710185257,0.019704058750060982,-0.07686791192867756,-0.01637080964096732,0.727678546502043,0.31010701316652367,-0.04762886589760554,0.020097235005742453,-0.07660784763987548,-0.001191280899435004,0.00296522356198585,-0.0016820487097980305,0.011857525324157635,-0.002009684757874228,-0.002144430861758393,-0.09991008903424478,-0.04119982529067806,0.00014764228233361294,0.0005506096236463261,-0.0020565120732810235,-0.0021579043924935416,31.943092087874103
1781506137.0399559,-0.04832194227738543,0.71795475174625,0.31084918860897925,-0.04590654993156371,0.019683831265370655,-0.07690792776177593,-0.01637080964096732,0.727678546502043,0.31010701316652367,-0.04762886589760554,0.020097235005742453,-0.07660784763987548,-0.0010309820985912052,0.0030633969223402106,-0.001404484308300295,0.01312195101053342,-0.001990563866877565,-0.0023568030756239366,-0.09976884246343219,-0.038157062504596106,-0.0003221938075557698,0.0005789791865841361,-0.0007420591603420257,-0.0013604559960117373,33.406255186568785
1781506137.0499375,-0.04986903769330183,0.7181942017985576,0.310888596305031,-0.04572207319933906,0.01966875122166667,-0.07693951077469606,-0.021436240902056702,0.7256246760697356,0.3102193719847439,-0.04742680409953205,0.0200701261835301,-0.07663603472947218,-0.0008892349348781912,0.0031033915108369965,-0.0011638668164303495,0.013710156983446001,-0.0019217493513094934,-0.0024514246193320976,-0.09859268865663398,-0.03270599459904472,0.0017930068005172146,0.006720919508713271,-0.001926925018708842,-0.003940970523276181,29.39530136701681
1781506137.0599399,-0.051416821772686735,0.7184267551803241,0.3109278218782047,-0.045579458024906074,0.0196579384815585,-0.07696390929253957,-0.021436240902056702,0.7256246760697356,0.3102193719847439,-0.04742680409953205,0.0200701261835301,-0.07663603472947218,-0.0007641766078787751,0.003096174971195406,-0.0009559581796152513,0.013775594095159547,-0.0018175849110073036,-0.0024552269295328353,-0.09987477539999738,-0.030979486175275815,-0.0001214594230534284,0.004177652631479523,-0.0017804971943617732,-0.0015554485008959465,30.840674372039253
1781506137.069939,-0.05142099776885447,0.7185000869350451,0.3108590782009104,-0.04567284524871336,0.019657001295357635,-0.07703409840031863,-0.021436240902056702,0.7256246760697356,0.3102193719847439,-0.04742680409953205,0.0200701261835301,-0.07663603472947218,-0.0007158070667129097,0.0033648132683976035,-0.001372096641414038,0.011267247065684756,-0.0015945871334208577,-0.002952960055894393,-0.10076173375140919,-0.029287953827794817,0.0014703378096704012,0.005959046955837643,0.0022086729348453427,-0.00245941088938764,30.826200523939498
1781506137.079938,-0.05298065051550543,0.7187638242500619,0.3108284429061836,-0.04576168640565542,0.019657790126958785,-0.07709049055751037,-0.021436240902056702,0.7256246760697356,0.3102193719847439,-0.04742680409953205,0.0200701261835301,-0.07663603472947218,-0.000667907295321966,0.003537833280485402,-0.0016887755686378486,0.009079407003550333,-0.0013839030258374213,-0.0032450584819628497,-0.10101647589374971,-0.02658650103346492,0.0026904253199358905,0.010174529847623367,-0.005401136217316209,0.000952693987354435,32.28764520586626
1781506137.0899441,-0.05453925957142685,0.7190170484279119,0.3108073404412795,-0.04584468951394933,0.01965985232954459,-0.0771350018834761,-0.021436240902056702,0.7256246760697356,0.3102193719847439,-0.04742680409953205,0.0200701261835301,-0.07663603472947218,-0.000620991581233685,0.0036319011611625996,-0.0019215984081903188,0.0071916004577727176,-0.001188199906230755,-0.003375087661647763,-0.10228537453380346,-0.023183868057243043,0.004368289178311715,0.013946807077953472,-0.0007726419902251522,-0.0008057900308690029,33.761165486154965
1781506137.0999439,-0.05606743116737395,0.719422643694471,0.3107866112370647,-0.045921046317156024,0.01966281362949185,-0.07716939318536206,-0.026503377410636075,0.7242552848632182,0.31031350546549286,-0.04700103502006707,0.020037901722330664,-0.0767262066949175,-0.0005754603116628104,0.0036613964548486396,-0.002084153730107885,0.005580274286261272,-0.0010090693004904069,-0.0033801256421990304,-0.10218336064955129,-0.02030312790999202,0.0036680743483268425,0.013082745595127515,-0.004722724571811191,-0.001722560970916219,29.960165624846805
1781506137.109936,-0.05759489674761196,0.7198203914202185,0.31077291581405997,-0.045990333132532056,0.01966636872819638,-0.07719526071641483,-0.026503377410636075,0.7242552848632182,0.31031350546549286,-0.04700103502006707,0.020037901722330664,-0.0767262066949175,-0.0005316173643981683,0.003638680873990906,-0.0021882404343926366,0.004220212638881525,-0.000847252346889654,-0.0032913748361905397,-0.10256335648168996,-0.0186916156792746,0.004122636368086573,0.014082493989731453,0.001398630505970496,-0.0018167183329795187,31.409583130004734
1781506137.1199386,-0.05912180011078592,0.72021140021754,0.31076524721319,-0.04605242603017028,0.01967027238597696,-0.07721403375574083,-0.026503377410636075,0.7242552848632182,0.31031350546549286,-0.04700103502006707,0.020037901722330664,-0.0767262066949175,-0.0004896852916123936,0.0035743396342547483,-0.0022440712179480618,0.0030856441461186747,-0.0007028321542067247,-0.0031347812122007137,-0.10384520542586934,-0.01807568966400827,0.0038976605779319374,0.012616658967666344,-0.0015732474396417092,0.0003117331183971874,32.87124234159419
1781506137.1299336,-0.06062362284647047,0.7206125255753913,0.31077685355431617,-0.04588450754350867,0.01966572090422991,-0.07710494290098299,-0.026503377410636075,0.7242552848632182,0.31031350546549286,-0.04700103502006707,0.020037901722330664,-0.0767262066949175,-0.00033497009911885676,0.003592864763280868,-0.002084899912027371,0.00455854869757991,-0.0007302554694207412,-0.0016053827786644639,-0.10237996248091197,-0.01654787544159877,0.0028674068802864976,0.009297847070613619,-0.0011042590733372215,-0.0010587033159420963,34.31727750393441
1781506137.139948,-0.06208265317661398,0.7211636370905723,0.31078314767282433,-0.0457474305772034,0.019662619993987995,-0.07701174691467653,-0.026503377410636075,0.7242552848632182,0.31031350546549286,-0.04700103502006707,0.020037901722330664,-0.0767262066949175,-0.00020652448502636537,0.0035622109948727503,-0.0019307036621557402,0.005537370586023751,-0.0007307787709762594,-0.0004155162560555007,-0.10197822956601431,-0.014795799382315695,0.0012107076497160495,0.005582493722212175,-0.0014678068370547275,-0.0033458723020298228,35.71643478546699
1781506137.1498885,-0.06354481589102096,0.7217083772729693,0.31079173378411185,-0.04563721423254104,0.01966069301885276,-0.07693301107758371,-0.026503377410636075,0.7242552848632182,0.31031350546549286,-0.04700103502006707,0.020037901722330664,-0.0767262066949175,-0.00010079491955215692,0.0034924661423053976,-0.0017824550767645293,0.006119198967653417,-0.0007111412499126238,0.00048738151572705335,-0.1017352862705125,-0.011884451338497295,0.0010942842409348088,0.005246290130900866,-0.005866270763152743,-0.0021281863805458667,37.13197551025442
1781506137.1599462,-0.06352879502856432,0.7217263853609895,0.3107908903713559,-0.0455501405286479,0.01965970012487861,-0.0768672647030415,-0.031772627453373226,0.7234016163573331,0.3104558424288415,-0.0465018548706041,0.019909037284413733,-0.07674579726968483,-1.4640888988824973e-05,0.003392223754971507,-0.0016408595768423217,0.006387646530235214,-0.0006769420116630551,0.001150549228615365,-0.10255023678737456,-0.010743930046648307,0.00035633759185414824,0.0036923066387364286,-0.002503770791803745,-0.003691665649676148,31.802088533278933
1781506137.169941,-0.06499974927540178,0.7222898579384261,0.310763066586875,-0.04560123126531184,0.01965288628022477,-0.0768805279283031,-0.031772627453373226,0.7234016163573331,0.3104558424288415,-0.0465018548706041,0.019909037284413733,-0.07674579726968483,5.4969161779931975e-05,0.0034431495879066595,-0.0018049721942581573,0.0051353957125030245,-0.0006708029283147778,0.0008769413993272098,-0.10343526991664548,-0.009434930455421589,0.0006456739180699171,0.005438178832206335,0.000205903517884885,-0.003924171728547301,33.24713548625228
1781506137.1799405,-0.06647217229267136,0.7228454939259835,0.3107419748343743,-0.04564893478857756,0.019647733560711034,-0.0768925155251945,-0.031772627453373226,0.7234016163573331,0.3104558424288415,-0.0465018548706041,0.019909037284413733,-0.07674579726968483,0.00011015372658768334,0.0034404032780070985,-0.0019138465670911612,0.00405655621023177,-0.0006478425674483936,0.0006479350868647152,-0.10462320151488694,-0.008094236372551467,-0.0007770112635749604,0.0020742696116191287,-0.0017152633699372153,-0.0007716433105576232,34.70518053499517
1781506137.1899383,-0.06788338272355113,0.7235461835048885,0.3107185312385677,-0.04569279461614337,0.019643966526388112,-0.07690321933144666,-0.031772627453373226,0.7234016163573331,0.3104558424288415,-0.0465018548706041,0.019909037284413733,-0.07674579726968483,0.00015305865408528487,0.003394605211337487,-0.0019769976113301483,0.003137178869515358,-0.0006129067931229184,0.0004586149456390273,-0.10569444723601594,-0.005019785315474898,-0.0009317074144857965,0.0021752631001319086,-0.0022897674304806657,-0.0005120161920717039,36.112000100431835
1781506137.1999323,-0.06929570582813281,0.7242411220790187,0.3107000296849998,-0.045732573933989655,0.01964134088073366,-0.07691266834743259,-0.031772627453373226,0.7234016163573331,0.3104558424288415,-0.0465018548706041,0.019909037284413733,-0.07674579726968483,0.00018556216943206209,0.0033148266581713988,-0.0020026430070785714,0.0023624471063123415,-0.00056995431897761,0.0003042119455923722,-0.10711873577599282,-0.002158337384670202,-0.0003986053596465248,0.002409220522557539,8.727949755649942e-05,0.0003211624066300355,37.53326268779685
1781506137.2099378,-0.07070899594828292,0.7249311668090689,0.3106857477753669,-0.045768206999544016,0.01963964234304294,-0.07692091862722666,-0.03710734270898064,0.7230105289805686,0.31044965923291695,-0.046337203797081686,0.01986520687348592,-0.07686744420416884,0.00020930385781349833,0.0032087803580103584,-0.001997854921947935,0.0017172999814843715,-0.0005221707679877968,0.0001801971795689332,-0.10879377972144444,-0.0008807514546649302,-0.0006036077236087427,0.002772350482217288,-0.0017923249418242936,0.0007864758972595655,33.65732740255019
1781506137.2199388,-0.07221638074971483,0.7256462988751605,0.3106653755930051,-0.04588412669424307,0.019605277589104686,-0.07689654006328564,-0.03710734270898064,0.7230105289805686,0.31044965923291695,-0.046337203797081686,0.01986520687348592,-0.07686744420416884,-0.00038459044462312535,0.0032765950599891874,-0.00205538678404307,0.0002591328065391263,-0.0008522272329486921,0.0004091566198690744,-0.10910742635302552,0.001589154849871267,0.0011985354093391601,0.006232317229016291,0.0035774286989717634,-0.00030306681391927405,35.20849852849404
1781506137.2299352,-0.0735387875844632,0.7265012993593314,0.3106416357796951,-0.04598139662973776,0.019631234616161786,-0.0768688692591182,-0.03710734270898064,0.7230105289805686,0.31044965923291695,-0.046337203797081686,0.01986520687348592,-0.07686744420416884,-0.0002541604514053039,0.0033120224922438893,-0.0020801363660130005,-0.0008370036708958983,-0.0004900704421500541,0.00067921121349079,-0.10894120663389525,0.002660325161398009,0.0002629220760377356,0.00452413729289893,0.0015398509129338157,-0.0007475077225089243,36.598804742055236
1781506137.2399333,-0.07486371818393765,0.7273491140992172,0.3106214778977245,-0.04606245258486252,0.01965348980739634,-0.0768462411274085,-0.03710734270898064,0.7230105289805686,0.31044965923291695,-0.046337203797081686,0.01986520687348592,-0.07686744420416884,-0.00014623428358275317,0.0032984959958158953,-0.0020736472260892047,-0.0016353890643220235,-0.0002053021374479407,0.000862965246830459,-0.11087240045273077,0.005776814909176589,0.0016905281852265073,0.005742484001221869,0.0035851992551272746,0.0003440899141657198,38.00521979269782
1781506137.249933,-0.0761908719579489,0.7281907833335323,0.31060436811816794,-0.04612914137305438,0.0196723616194463,-0.07682801040232867,-0.03710734270898064,0.7230105289805686,0.31044965923291695,-0.046337203797081686,0.01986520687348592,-0.07686744420416884,-5.774111674741325e-05,0.003245841994176032,-0.002042162702902287,-0.002188826040000398,1.3686227624473744e-05,0.0009770265592260485,-0.10969636367725265,0.00817488464970386,0.00043439223638838014,0.0037767619877550375,-0.007104955688599401,0.00196102796035325,39.4256417646629
1781506137.2599328,-0.07617948711598345,0.7282097821390842,0.3105952128727749,-0.046183239986427205,0.019688181402709892,-0.07681357329033021,-0.04261794706245059,0.7231525845526878,0.3104665203211638,-0.04612618049990633,0.019843708108706615,-0.07674253690092774,1.4030460345745193e-05,0.0031624446614917693,-0.0019910114979724385,-0.00254358266268732,0.0001773932418580354,0.0010357467193598268,-0.11058678531233564,0.009448341052224293,0.00014414063449141507,0.0031130970925487495,-0.0030391184772820654,7.084257560087425e-05,33.94066557929563
1781506137.269935,-0.07751029181721995,0.7290417975730419,0.31058289299708197,-0.04622642446598584,0.01970128107554059,-0.07680237359818559,-0.04261794706245059,0.7231525845526878,0.3104665203211638,-0.04612618049990633,0.019843708108706615,-0.07674253690092774,7.146897537024403e-05,0.0030554241369107884,-0.001924720546644406,-0.002739764380421245,0.0002951984346122724,0.001051393857440749,-0.109593474070992,0.01036911054571476,-0.0006302729840381191,0.001718592990807052,-0.00490649633147451,-0.0007507100918883479,35.38604378967065
1781506137.2799392,-0.0788818086332225,0.7300246976677705,0.3105553689890488,-0.046110342964302664,0.019691884420859118,-0.07683483489246118,-0.04261794706245059,0.7231525845526878,0.3104665203211638,-0.04612618049990633,0.019843708108706615,-0.07674253690092774,-0.0007170678157169862,0.0030445430708502816,-0.0018506492921073093,-0.0011664096329942794,0.00017695602264431617,0.0005779440309453601,-0.11135953535884653,0.01303935744986268,-0.0006998832212195566,0.0008137802123115301,-0.0017409145901706895,0.0004289896622203455,36.909368577319
1781506137.2899466,-0.08023528416123442,0.7310017355570939,0.31053105256721253,-0.04601164726125431,0.019683796965776157,-0.0768626612134064,-0.04261794706245059,0.7231525845526878,0.3104665203211638,-0.04612618049990633,0.019843708108706615,-0.07674253690092774,-0.0013409980040485618,0.0029972305911016117,-0.0017677372719683664,4.4379585174797714e-05,8.351588747288379e-05,0.00020738475699123594,-0.11176296782508847,0.015679062777444217,-0.0018938371426461505,-0.0031227829733534297,0.000433394863608226,0.0003369288581352823,38.42756024397447
1781506137.2999394,-0.08157292973074115,0.7319737545861033,0.3105094722310407,-0.04592867975265416,0.019676911376536932,-0.07688625290307163,-0.04261794706245059,0.7231525845526878,0.3104665203211638,-0.04612618049990633,0.019843708108706615,-0.07674253690092774,-0.0018248806019571726,0.002921271447694479,-0.0016787787020382063,0.0009503681306027268,1.1217303898558619e-05,-7.593902941004251e-05,-0.11217019367580199,0.019340846207525502,-0.0008326831051624594,-0.0014677144856633296,-0.0002823421427809874,3.062184984653835e-05,39.94127639812987
1781506137.3099341,-0.0828967235862582,0.732941496411772,0.31049020655540166,-0.0458597679229827,0.019671114404987033,-0.07690602585561844,-0.04819599923633311,0.7238017682297289,0.310418305933304,-0.04612023014984882,0.01980020161852769,-0.0767427504952538,-0.002190205470366239,0.002823278011267106,-0.0015860933196772747,0.0016031804824523585,-4.3261371472645814e-05,-0.00028614497817757594,-0.11302420687055527,0.022720474618442996,0.0013116551853371182,0.0017805125028645323,0.0033231813983739195,-0.001438638040466741,35.8842593813858
1781506137.3199432,-0.08399198667177048,0.7340557068848317,0.31043414029501837,-0.046076421586020724,0.01968411846839402,-0.076849832767073,-0.04819599923633311,0.7238017682297289,0.310418305933304,-0.04612023014984882,0.01980020161852769,-0.0767427504952538,-0.0017711520672532156,0.002889392878281617,-0.0017769001656454053,-0.0009491366679955327,7.48923777672258e-05,0.0003643123724527455,-0.11355215012689347,0.024054693640791793,0.0008292577701840989,0.0015980283577926963,-0.002940798173718607,0.00048706217096122415,37.23568483521704
1781506137.329939,-0.08509299755630187,0.7351631013887229,0.31038340601565323,-0.046257780876420816,0.0196949813461591,-0.0768029026855432,-0.04819599923633311,0.7238017682297289,0.310418305933304,-0.04612023014984882,0.01980020161852769,-0.0767427504952538,-0.0014123049507027271,0.002905856576932154,-0.0019075596495929934,-0.002835520946212986,0.0001613721387083484,0.0008417054957847404,-0.11527988821130063,0.026313015411179655,-0.00022456140081904207,0.0013663635358032067,0.0012749226285388134,-5.200453140850056e-06,38.606600396534354
1781506137.3399396,-0.08505767160892529,0.7351868304765217,0.31035909461812156,-0.04640773109975526,0.019703940575119594,-0.07676419720637304,-0.04819599923633311,0.7238017682297289,0.310418305933304,-0.04612023014984882,0.01980020161852769,-0.0767427504952538,-0.0011063367819457437,0.002882253038851183,-0.001988278857787293,-0.004171308797950148,0.00022175217293758713,0.0011763599796138764,-0.11722451529365796,0.029291126812458494,0.0020537107465909608,0.003778548526814428,0.00040144823874942886,0.0012583603667584101,38.579865713186685
1781506137.3499405,-0.08616833991437978,0.7362834660668713,0.3103171170862812,-0.04653004311269165,0.019711226674113735,-0.07673271325797656,-0.04819599923633311,0.7238017682297289,0.310418305933304,-0.04612023014984882,0.01980020161852769,-0.0767427504952538,-0.0008466953401789738,0.002826783679620939,-0.00202788455905054,-0.005057989252700575,0.00026092358062765976,0.0013949048895722273,-0.11716477398104026,0.03293810887898176,0.0007579418873027724,0.0033944651848913624,-0.0017110858795052581,0.0005461351894125734,39.97126063373692
1781506137.3599355,-0.08728306701947487,0.7373758769259848,0.3102786028661507,-0.046628298803202226,0.0197170585359836,-0.07670750168639938,-0.054069605883944605,0.7251391819472242,0.3104258124620369,-0.04608685380743023,0.019825254750779342,-0.07667905265191254,-0.0006275336717825336,0.0027464361477929607,-0.0020339835962948733,-0.0055838979005608975,0.0002831316906780286,0.0015204707049809594,-0.11876464131992695,0.03605333764724164,-0.0008747271349775131,0.001842837567563518,-0.0033279761259006214,0.001147495535582989,35.396219787849205
1781506137.3699403,-0.08842022194253084,0.7386305201153806,0.31021139083180865,-0.04682777018175413,0.019663270436932834,-0.07669268435311136,-0.054069605883944605,0.7251391819472242,0.3104258124620369,-0.04608685380743023,0.019825254750779342,-0.07667905265191254,-0.001327539028259319,0.002983954250184025,-0.002184838187881772,-0.007155077724461323,-0.0003420711411707334,0.0014885851178800587,-0.11924712996637436,0.03729635381660872,-0.001357262642006924,-0.0011022501075500593,-0.001693411440703699,0.0014901256847431495,36.90565005263376
1781506137.3799515,-0.08954048540699387,0.7398745042305652,0.310149798983829,-0.0469890011663793,0.019618282175792645,-0.07668159539687143,-0.054069605883944605,0.7251391819472242,0.3104258124620369,-0.04608685380743023,0.019825254750779342,-0.07667905265191254,-0.00187266326761614,0.003136817675850411,-0.0022782560856804512,-0.008136459036586292,-0.0008011413831496433,0.001423932953611903,-0.12009816723101029,0.036865349170472246,-0.004020716463226166,-0.006193960130862406,0.006134532071847998,-3.61144877720921e-05,38.41079536240763
1781506137.3899422,-0.09064594480382297,0.7411092639220397,0.3100931505924891,-0.04711716634647022,0.019581117801380055,-0.07667360517369866,-0.054069605883944605,0.7251391819472242,0.3104258124620369,-0.04608685380743023,0.019825254750779342,-0.07667905265191254,-0.0022865458267040677,0.0032197856649921045,-0.002324381648118608,-0.008649060353693023,-0.0011231705147957249,0.0013365033073844336,-0.12041170287260046,0.042812805593685936,0.0009573372450568747,0.0006337311889920368,-0.0015559903745495413,0.0004739769552990409,39.912188000454044
1781506137.399945,-0.09173846354170188,0.7423360666276534,0.3100408439472946,-0.04721704803638309,0.019550832205464497,-0.07666815668551323,-0.054069605883944605,0.7251391819472242,0.3104258124620369,-0.04608685380743023,0.019825254750779342,-0.07667905265191254,-0.002589826776115267,0.003245592185543843,-0.002331957735699619,-0.008796388761527392,-0.0013337063816188397,0.0012344032244625365,-0.12200331494947628,0.04558464007483299,-0.00022254196443486848,-0.0008114257311371682,0.00238363240114021,0.0011342130259119642,41.41043202756648
1781506137.4099371,-0.09268963276429511,0.7436561955815569,0.3099847604178489,-0.04729300371030625,0.019526529182406938,-0.07666476267757732,-0.06002486614863617,0.727130476933026,0.310380328403866,-0.046122764843326614,0.019799487088327128,-0.07670683051629797,-0.0028004768450830336,0.0032251840189353644,-0.002308491343099955,-0.008665997292598796,-0.001454942540272983,0.001124107914142712,-0.12220177825130968,0.04765833852252797,-0.004189945569376077,-0.007842199740959538,-0.0011120601170162558,0.0014220124812422113,36.60932707572526
1781506137.4199433,-0.09349955083867804,0.7449770274793245,0.3099037626637306,-0.047089931729519044,0.019563375212663603,-0.0767793361948288,-0.06002486614863617,0.727130476933026,0.310380328403866,-0.046122764843326614,0.019799487088327128,-0.07670683051629797,-0.002063052265187687,0.003171930185145715,-0.002395682660897975,-0.005478581946553483,-0.0008350785497255736,-0.0002288046411692145,-0.12370922365495951,0.05427184425063806,-0.0010903774931123923,-0.004892158853428368,-0.0013135391196445582,0.001353991453358483,37.93785703494572
1781506137.4299352,-0.09342736218725785,0.7450007188293497,0.30986847484922314,-0.04691409998516295,0.01959516274886819,-0.07687552277844505,-0.06002486614863617,0.727130476933026,0.310380328403866,-0.046122764843326614,0.019799487088327128,-0.07670683051629797,-0.0014449266434911068,0.0030889878609837475,-0.0024353217781402717,-0.0029404006966436066,-0.00034774659253345927,-0.0012362304192758543,-0.1246941201491621,0.057560906059191674,0.001013283524674482,-0.0013241575287316408,0.0035643852892917683,-0.0018198565759111594,37.885805799859405
1781506137.4399338,-0.09425681265478292,0.7463105561566962,0.30980189924939244,-0.04676349076976111,0.01962228630061702,-0.07695530058014041,-0.06002486614863617,0.727130476933026,0.310380328403866,-0.046122764843326614,0.019799487088327128,-0.07670683051629797,-0.0009304033018110341,0.0029832633772767366,-0.0024362849975702425,-0.000958144324999164,2.693634644876852e-05,-0.0019572193489083628,-0.12604719388346003,0.059379849009762,-0.0015648319693004988,-0.005142097151313767,0.0011331529241923536,0.0002818424043603329,39.24329472550312
1781506137.4499369,-0.09509439540696223,0.7476160972364004,0.30974117691014547,-0.046635901995064066,0.019645169807442686,-0.07702060081312197,-0.06002486614863617,0.727130476933026,0.310380328403866,-0.046122764843326614,0.019799487088327128,-0.07670683051629797,-0.0005055686222368336,0.0028605896240890163,-0.0024061880396192776,0.0005533175022327664,0.00030695336879660865,-0.0024438559357152392,-0.12873695611188352,0.06730447518185863,0.0004572072800735584,-0.0025894819780201343,0.004179019804247897,0.00017798620217127027,40.61946622306279
1781506137.4599435,-0.09579932145772518,0.7490039569393991,0.3096783464493633,-0.04652905368996248,0.01966424760204344,-0.07707326664466302,-0.06643565591991113,0.7300665897822771,0.3103188168151074,-0.04635717970892404,0.019761268837939827,-0.07668983619126364,-0.00015811667943962493,0.002725863853419769,-0.002351538164171628,0.0016706567750554627,0.0005083713060460948,-0.002741580072867378,-0.1284768847604721,0.07105514846256865,-0.0035878614679247093,-0.0064327438708147115,-0.0025981440181893543,-0.001233230720830347,34.94651529050713
1781506137.4699671,-0.09651065357703865,0.7503887285114585,0.309619770586323,-0.04644066992310983,0.01967994983669974,-0.0771150248206336,-0.06643565591991113,0.7300665897822771,0.3103188168151074,-0.04635717970892404,0.019761268837939827,-0.07668983619126364,0.00012281191089837465,0.0025831701589938004,-0.002277870335153848,0.002462109262396538,0.0006453810391733473,-0.0028896092861580226,-0.1300726534670181,0.07241892971216288,-0.0045331890878244204,-0.008018605360602067,0.0030111945295720477,-0.001602278722014551,36.304042092228514
1781506137.4799533,-0.09726166420677639,0.7518209536611138,0.3095333957443728,-0.04631833667426091,0.01962425502719145,-0.0770927620053803,-0.06643565591991113,0.7300665897822771,0.3103188168151074,-0.04635717970892404,0.019761268837939827,-0.07668983619126364,0.00011885167103229583,0.0027757623050509326,-0.0023589040884081118,0.00352412172991513,-4.357509101562062e-05,-0.0023595913942843264,-0.13210044851972946,0.07825275162963577,-0.0038927144047395798,-0.005542024366090057,-0.0001000748824957487,-0.0011509251469190886,37.73740877343161
1781506137.4899328,-0.09801290095664088,0.7532437474207583,0.3094547250078674,-0.04621863757713892,0.019577550892722506,-0.07707187854463382,-0.06643565591991113,0.7300665897822771,0.3103188168151074,-0.04635717970892404,0.019761268837939827,-0.07668983619126364,0.00011416652543997058,0.0028951983824584155,-0.002394066100007176,0.004223393013411642,-0.0005585773965303068,-0.0018978695974095142,-0.13491385447766258,0.08420249839523686,-0.0035547878139117685,-0.0007995563911205993,0.003279830531471664,-0.0019224775858834723,39.179710245993626
1781506137.4999385,-0.0986162174902591,0.7547292834327057,0.3093761062443157,-0.046138626562940786,0.01953886144507022,-0.07705259919364787,-0.06643565591991113,0.7300665897822771,0.3103188168151074,-0.04635717970892404,0.019761268837939827,-0.07668983619126364,0.0001089588105443227,0.002954393355638746,-0.002391957970557467,0.004631732119159313,-0.0009291490917820778,-0.0014999605699314309,-0.13191486012214962,0.08819498986073895,-0.002513635411513397,0.0029834431525497416,0.00337544464912792,-0.0029568164104891628,40.55521796634967
1781506137.5099401,-0.09861558754433544,0.7547595128883816,0.30935369276469843,-0.046075557286190214,0.01950723612167815,-0.07703504868752142,-0.07313942353865588,0.7341246549830673,0.31015585217676556,-0.04648980532787412,0.019743940464260756,-0.07678722762105383,0.00010339757807712795,0.002964478327253468,-0.0023599570846244877,0.004810907097275248,-0.0011813633504976948,-0.0011607578171087063,-0.128993470145245,0.09052405175314984,-0.0051841803058249696,0.0013473032951413343,-0.004977310023269978,-0.0005167887543754027,32.79444698327998
1781506137.519942,-0.09921923810999543,0.7562320750314676,0.30928553560590644,-0.04602690824138962,0.019481769384587677,-0.07701927336966494,-0.07313942353865588,0.7341246549830673,0.31015585217676556,-0.04648980532787412,0.019743940464260756,-0.07678722762105383,9.76230176566272e-05,0.002935011321261578,-0.0023043645800499327,0.004813471791221534,-0.001337994911682701,-0.0008748278442753103,-0.12754524843304874,0.09508836266118964,-0.004555480428506494,0.0031282329134044583,-0.0023712786076042465,-0.003982158446454113,34.200178365110574
1781506137.5299387,-0.09979095178836538,0.7577477781587781,0.3091843090433767,-0.0458726046437005,0.019402524458254522,-0.0770159067932706,-0.07313942353865588,0.7341246549830673,0.31015585217676556,-0.04648980532787412,0.019743940464260756,-0.07678722762105383,0.0002995644335873209,0.003179316918596444,-0.0024291753114510017,0.005971884723457686,-0.0020576697209435755,-0.0007823437103892485,-0.12920366297905522,0.09989031904216333,-0.005976559168711829,0.0006925274586419633,-0.0013288483872050446,-0.002724806453200685,35.62723400265453
1781506137.5399337,-0.10036741906626873,0.7592521219434804,0.3090923051253862,-0.04574829293192309,0.019337793475566523,-0.07701245260328213,-0.07313942353865588,0.7341246549830673,0.31015585217676556,-0.04648980532787412,0.019743940464260756,-0.07678722762105383,0.0004578817951327028,0.0033351537196022346,-0.002498589898056793,0.006676380308405013,-0.0025405681542843097,-0.0006916264357576027,-0.12632985630014504,0.10128844969328683,-0.007295997230492345,-0.0007532618559361746,0.004735999778809295,-0.0010526978338987862,37.065947561459296
1781506137.5499353,-0.10079331263249502,0.7608016569496467,0.3090022760873568,-0.04564985589013515,0.019285709041376053,-0.07700902495427325,-0.07313942353865588,0.7341246549830673,0.31015585217676556,-0.04648980532787412,0.019743940464260756,-0.07678722762105383,0.0005791728952927865,0.0034179955355801853,-0.0025226543935750255,0.007021486345560398,-0.0028328412018738276,-0.0006047179861446249,-0.11695063674787624,0.09878836783829696,-0.007044814168025246,-0.00035319756345048617,0.0011292784169350191,0.0020368794355323954,38.44126368543694
1781506137.5599535,-0.10122285677695526,0.7623427180398095,0.30891903602335924,-0.045573500353950934,0.019244525860884876,-0.07700570929302733,-0.07951566014959438,0.7390953500617028,0.30987817834958,-0.046410866372371504,0.019721296808212996,-0.07686250659512746,0.0006692034254808508,0.003441189247386801,-0.002510008131911963,0.007087866961610222,-0.002974285830263221,-0.0005230436283693884,-0.10758402357808991,0.09961441548339886,-0.00018851131858226217,0.012904652564071301,-0.00182858760058014,-0.0005695389385360421,31.820786560522908
1781506137.5699406,-0.1016555868278789,0.7638764990634452,0.30884156154846804,-0.04551577979612703,0.019212637879200134,-0.07700256708589348,-0.07951566014959438,0.7390953500617028,0.30987817834958,-0.046410866372371504,0.019721296808212996,-0.07686250659512746,0.0007329980311316789,0.003416205174688183,-0.002468051700951654,0.00694359065919945,-0.002998848884870707,-0.0004475276572699612,-0.10335596092366103,0.10048300555352513,0.0003021330160298257,0.013671008531533071,-0.0014563707185362334,-0.0026512697063337917,33.24689870587515
1781506137.5799387,-0.102057309487963,0.7654294420171588,0.3087738179371452,-0.045639114024522455,0.019217976597559527,-0.07700794130669547,-0.07951566014959438,0.7390953500617028,0.30987817834958,-0.046410866372371504,0.019721296808212996,-0.07686250659512746,0.0009925584008841823,0.003514652271188318,-0.0024024493410305745,0.004840232366308148,-0.0026106876426915514,-0.0004545961876878239,-0.103405077386495,0.10249205143748351,-0.005345879453923398,0.003972771352242029,-0.005697349257774921,-0.0026067214703247247,34.68183913711814
1781506137.5898974,-0.10201694725777795,0.7654700230229714,0.30876513805159606,-0.045747287331119095,0.019224880214787188,-0.07701215308602474,-0.07951566014959438,0.7390953500617028,0.30987817834958,-0.046410866372371504,0.019721296808212996,-0.07686250659512746,0.0011883497744222605,0.0035491487442529525,-0.002319344055219834,0.0031317662479064087,-0.0022483936648457267,-0.00044743532860311866,-0.10335236907734648,0.10814510246158378,-0.007651689510122879,-0.00011930404573929718,-0.005393254347939948,-0.0007483821985140267,34.686743203185245
1781506137.5999343,-0.10227269736121268,0.7670447394704932,0.3086974282397157,-0.04584114007280743,0.019232767574893783,-0.07701537914512917,-0.07951566014959438,0.7390953500617028,0.30987817834958,-0.046410866372371504,0.019721296808212996,-0.07686250659512746,0.0013304682343339641,0.0035318702683973494,-0.0022232409187684706,0.0017659450065211917,-0.0019153971943127231,-0.0004298122757462236,-0.09832387426473597,0.10799979058206352,-0.009885174849844601,-0.0006334210033369012,0.004962598384392249,-0.0011525235723151158,36.061687173468904
1781506137.609934,-0.10253400394490764,0.768612812575266,0.3086316589017132,-0.045921693890128304,0.01924117626695887,-0.07701777870095969,-0.08465138483913548,0.7442711147118769,0.3095960340642196,-0.04620661572826887,0.019622938064063566,-0.07688986208595715,0.0014276987349799341,0.003473247189409421,-0.0021179211811015873,0.0006942423403857418,-0.0016134666764514285,-0.0004048351892629206,-0.08991275961629612,0.10698423059224403,-0.0061380702369253585,0.00359468632836036,-0.0011036877108554846,0.0009577889320334384,30.219800469372885
1781506137.6199431,-0.10280013315834576,0.770175221888899,0.30856748748467644,-0.0459900782899861,0.019249745516455752,-0.07701949354521515,-0.08465138483913548,0.7442711147118769,0.3095960340642196,-0.04620661572826887,0.019622938064063566,-0.07688986208595715,0.0014876623778886347,0.0033821765869609124,-0.0020065371114363372,-0.0001277517262176941,-0.0013430769622744094,-0.0003750335706905622,-0.08395317978371052,0.10599308735164402,-0.0028442555482624528,0.009198858514091525,-0.0036756383526378375,-0.0008573205607419459,31.6458171368504
1781506137.6299353,-0.10309115936897562,0.771810582873511,0.3085065115136888,-0.045989291228294295,0.019243484967907065,-0.0771059470495891,-0.08465138483913548,0.7442711147118769,0.3095960340642196,-0.04620661572826887,0.019622938064063566,-0.07688986208595715,0.001388152375133117,0.0037324407240853816,-0.0018693136149213556,-8.705266947796912e-05,-0.0012213416838684193,-0.0012798772197082932,-0.08663318136718968,0.11107299124994605,-0.002288407532603721,0.00813782229666887,-0.007817905414231658,-0.0008567890537110761,33.160739598584264
1781506137.6399488,-0.10321965449091654,0.7734521218179882,0.30844184523892976,-0.04598852772155826,0.019239393696083074,-0.0771775394519022,-0.08465138483913548,0.7442711147118769,0.3095960340642196,-0.04620661572826887,0.019622938064063566,-0.07688986208595715,0.0012906791164346131,0.003966329555871975,-0.0017354681744809772,-5.4180101934960045e-05,-0.001096697629161651,-0.0019228122916946121,-0.08834672395386686,0.11517891024617767,-0.0058916376357318915,0.0035987060467150903,-0.005324047151880645,-0.001787694122774042,34.60699301344446
1781506137.6499379,-0.10334839058183502,0.7750802325742947,0.3083779349192351,-0.04598780283661788,0.019237039764814723,-0.0772360372536536,-0.08465138483913548,0.7442711147118769,0.3095960340642196,-0.04620661572826887,0.019622938064063566,-0.07688986208595715,0.0011960759863427082,0.004103831807936599,-0.0016060305043979223,-2.8070284614178427e-05,-0.0009732860974464656,-0.002351909228677842,-0.0861680924347834,0.11713736728987889,-0.009811644332916446,-0.002835830521164073,-0.003562842574036454,-0.0002603532870193194,36.05916711087354
1781506137.6599348,-0.10347730757550178,0.7766967347361159,0.30831459562217767,-0.045987126771127984,0.019236051984857117,-0.07728312246939625,-0.08902202181339636,0.7499792494446346,0.30934324707601,-0.045970618694971335,0.01947476863139852,-0.07694194011053392,0.001104975636155834,0.004162215208389576,-0.0014817713807271668,-7.741376035578306e-06,-0.0008541762554633055,-0.0026090389247143755,-0.07851929935375548,0.11694954009245441,-0.006947202570154433,-0.0027105423376442743,0.003945449865878678,-0.002095271634366511,30.39469411884449
1781506137.6699357,-0.10360635461609591,0.7783032408271239,0.3082516714523741,-0.0459865058050811,0.019236114843212304,-0.07732036776925497,-0.08902202181339636,0.7499792494446346,0.30934324707601,-0.045970618694971335,0.01947476863139852,-0.07694194011053392,0.0010178415575732593,0.004156344341947264,-0.0013632439443510738,7.700301039305918e-06,-0.0007415499536547886,-0.0027302810396216803,-0.07171511194101626,0.11152991767281867,-0.005552109738203071,-0.0012966113062454904,-0.005210993139643405,0.003330146877665677,31.87699465880281
1781506137.6799462,-0.1035198490485886,0.7782835488468743,0.3082032223068139,-0.04597217296991665,0.019226888157940047,-0.07728444228927062,-0.08902202181339636,0.7499792494446346,0.30934324707601,-0.045970618694971335,0.01947476863139852,-0.07694194011053392,0.0015077421738805348,0.0037764569264720493,-0.0015828010072581628,0.00015580282523130427,-0.0007792249716257987,-0.0020451324865803835,-0.07022093519741385,0.11292443512147218,-0.0028409284036391,0.0006458594798320547,-0.005903444073916964,0.002852813603117686,31.82169096178727
1781506137.6899672,-0.10340874696327908,0.7798325426420822,0.3080921427242035,-0.04596022537322478,0.0192199285067447,-0.07725238259611732,-0.08902202181339636,0.7499792494446346,0.30934324707601,-0.045970618694971335,0.01947476863139852,-0.07694194011053392,0.0018819166117878127,0.0034236419645962217,-0.0017389998269120943,0.00026250856344868414,-0.0007861225391255258,-0.001475793479341748,-0.06924992087737832,0.11847122280771842,-0.006100648221614894,-0.003957614762014312,-0.0011098488761709796,-0.0019988298822342125,33.16266330333185
1781506137.6999586,-0.1033091974037311,0.7813823123542517,0.3079878822514694,-0.045950391979965866,0.019214857994124035,-0.07722409692309436,-0.08902202181339636,0.7499792494446346,0.30934324707601,-0.045970618694971335,0.01947476863139852,-0.07694194011053392,0.002158448010580106,0.0030970305654469603,-0.0018423571522481255,0.00033527569346490725,-0.0007697711865593819,-0.001008810893548874,-0.06525544848740811,0.12102150777707738,-0.012962993257076182,-0.012605371642084428,-0.0003412632686006639,-0.0023592087519554825,34.52698597129542
1781506137.7100255,-0.10321970760923985,0.7829329492190326,0.30788952101150907,-0.04594241184181341,0.01921134176689021,-0.07719941321949765,-0.09244558125276092,0.7558088859595811,0.3090304713500506,-0.0461239495962846,0.019412499959791774,-0.07699389251487822,0.002353090265437776,0.0027955931810131843,-0.001901985102349673,0.00038062151100844773,-0.0007364480762291262,-0.0006313030110020976,-0.06044205853526888,0.1224598816794389,-0.0072672362761943155,-0.004798892663686373,0.003686197900909398,-0.003630354033176977,29.20784781737809
1781506137.719942,-0.10313895064978508,0.7844845128739355,0.30779624550137497,-0.045936038712934626,0.019209086384369245,-0.07717810398723965,-0.09244558125276092,0.7558088859595811,0.3090304713500506,-0.0461239495962846,0.019412499959791774,-0.07699389251487822,0.0024795277990603765,0.0025181843374648648,-0.0019257527373651104,0.00040417990856475583,-0.0006913209638970077,-0.0003311688500549979,-0.053794108266576116,0.12068289678524989,-0.005085667363671045,-7.32488291516004e-05,0.0002296988581697995,-0.0053771219668876415,30.629447292401483
1781506137.729943,-0.10279511105083677,0.7860052297960765,0.3076928652956388,-0.04601196634445339,0.019154213763103556,-0.07721439378916166,-0.09244558125276092,0.7558088859595811,0.3090304713500506,-0.0461239495962846,0.019412499959791774,-0.07699389251487822,0.003233362206495229,0.0021211745845501366,-0.0019717260971225956,-0.0004612018925401651,-0.001196130872050718,-0.0007182277100831996,-0.05293587628326219,0.12404413173289643,-0.0004194135459751643,0.006195137826530638,-0.000987424448008374,-0.00441086808103228,31.94872670529942
1781506137.7399447,-0.10248290680454031,0.7875218320570192,0.3076388635999025,-0.045979716005176786,0.019165707726471748,-0.07720937030490191,-0.09244558125276092,0.7558088859595811,0.3090304713500506,-0.0461239495962846,0.019412499959791774,-0.07699389251487822,0.0037372581137587024,0.0017373081805599547,-0.0017236682717945394,-5.9835251654663524e-05,-0.0009426915591425778,-0.0005792772608665107,-0.053457452464619595,0.12592259295486904,-0.005139719199764596,0.0014324169877586827,-4.839201087750156e-05,-0.0020258825032060442,33.2925731438964
1781506137.7499397,-0.1023899862982923,0.7874876055761533,0.3076567363224323,-0.04595252614812641,0.019176264234847196,-0.07720465330999346,-0.09244558125276092,0.7558088859595811,0.3090304713500506,-0.0461239495962846,0.019412499959791774,-0.07699389251487822,0.004094417364765769,0.0014071370786309283,-0.0015026934821885914,0.0002425329511821987,-0.0007269932028797585,-0.00045931136648758,-0.048942899815200724,0.1273023754953873,-0.005953908655445233,0.0008010508828170983,0.0034044462528137684,-0.003540257633345305,33.23130476194235
1781506137.759952,-0.10211106685829137,0.7890128086527879,0.3075993710038561,-0.04592987219588335,0.01918582937083313,-0.07720029507005402,-0.09507008947492485,0.7621024533966005,0.3088502215676323,-0.0459886586966831,0.019462805550513274,-0.07715987866735359,0.00432925479728317,0.0011242547267191843,-0.0013062602015041491,0.0004624483558755615,-0.0005454773275394192,-0.00035685340731551684,-0.04417802423646727,0.1277237801801339,-0.006609725837257182,0.0002475822322908377,-0.0003282543603370519,-0.0011789730918435521,27.844338915840474
1781506137.7699368,-0.10184555558031456,0.7905416663866651,0.3075405007412884,-0.045911236942617756,0.019194389878398388,-0.07719632493412545,-0.09507008947492485,0.7621024533966005,0.3088502215676323,-0.0459886586966831,0.019462805550513274,-0.07715987866735359,0.004462919929234899,0.0008829189203657817,-0.001132017194422386,0.0006145650032271289,-0.00039454196750422256,-0.0002703178479881017,-0.03856866897807655,0.12479459483538406,-0.004890547736310032,0.002727055777197905,-0.002001854301664277,-0.00038044152589481654,29.26450315796429
1781506137.7799454,-0.10175722964177662,0.7904624735831042,0.30750010528363997,-0.04618405279239842,0.01922650709579843,-0.07710578429862598,-0.09507008947492485,0.7621024533966005,0.3088502215676323,-0.0459886586966831,0.019462805550513274,-0.07715987866735359,0.004750820653285734,0.0003565959057711186,-0.0013203490513981017,-0.0024498805764036242,-4.696304183783741e-05,0.0007625434757680785,-0.03694586634604311,0.12469234109675029,-0.003972631674164994,0.0041470731564290896,-0.005019440012271656,0.0023308810049027556,29.169014425762096
1781506137.789975,-0.10132124909370373,0.7919201514713798,0.3073895265949251,-0.04641127665353005,0.01925354996133688,-0.07703033952967372,-0.09507008947492485,0.7621024533966005,0.3088502215676323,-0.0459886586966831,0.019462805550513274,-0.07715987866735359,0.004921741903623181,-7.044051209276658e-05,-0.0014548066468155017,-0.004678904718813064,0.00021475084856811951,0.001515562300106137,-0.03604016903218092,0.12558545420706507,-0.009052041180261554,-0.003340143617495792,-0.001139862249185831,0.0008610759671234766,30.50091383649744
1781506137.7999392,-0.10089855472551888,0.7933877276397993,0.30728398762852793,-0.046598120705616405,0.019276046449709927,-0.07696826941635646,-0.09507008947492485,0.7621024533966005,0.3088502215676323,-0.0459886586966831,0.019462805550513274,-0.07715987866735359,0.004996589427279538,-0.0004123613306835463,-0.0015443117171848677,-0.0062209616845913624,0.0004049653337160861,0.002038291499219214,-0.031629081490349584,0.12250131389512584,-0.011627540369208975,-0.007325569021847574,-0.0005363879863696953,0.000743687087188225,31.86208531156643
1781506137.8099408,-0.1004872677157173,0.7948639976523433,0.30718290196390047,-0.046749595466249586,0.01929451752318645,-0.07691791848578698,-0.09507008947492485,0.7621024533966005,0.3088502215676323,-0.0459886586966831,0.019462805550513274,-0.07715987866735359,0.004993363148372777,-0.0006816211473711751,-0.001596595987186166,-0.007206087339770241,0.0005364011843736673,0.0023741632614527465,-0.024936769894953605,0.12124900476815294,-0.005413189674066767,0.00040427447540404213,-0.0003691723905969689,-0.0013412928265279021,33.24822637035686
1781506137.8199463,-0.10008573696113034,0.796347878947796,0.30708574067903505,-0.04687042321496995,0.019309464496890083,-0.07687772580438064,-0.09683195453294408,0.76830089716761,0.30851380144346857,-0.045997260638040084,0.019375556201400856,-0.07713759542473106,0.004927502197084138,-0.0008891388672212553,-0.0016183379031485389,-0.007746957837103709,0.0006201985415997561,0.0025608348308748317,-0.02282422304572895,0.1171326500160022,-0.00768822079028566,-0.003361065073281978,0.001796950910594959,0.00028089994084207984,28.271180460231523
1781506137.8299663,-0.0994657998900188,0.7976934216410043,0.30701777311515355,-0.046947770003819,0.019270506062209147,-0.07690076929410017,-0.09683195453294408,0.76830089716761,0.30851380144346857,-0.045997260638040084,0.019375556201400856,-0.07713759542473106,0.005248756078144843,-0.0016981904963594568,-0.0014227029080285706,-0.007740734218226626,0.00013939230243571407,0.0020100619729960514,-0.022848513675680696,0.12119423329711371,-0.006568439483075273,-0.003198092898102261,0.002012753883618962,0.0016277161822242732,29.548193464968232
1781506137.8399446,-0.09886283335506858,0.7990589843825839,0.3069490032861404,-0.0470057527969257,0.019237523719917382,-0.07692198811777677,-0.09683195453294408,0.76830089716761,0.30851380144346857,-0.045997260638040084,0.019375556201400856,-0.07713759542473106,0.0054401430000594955,-0.002326157625340285,-0.001247625295842024,-0.007524189416567653,-0.0002246591240384639,0.0015423517413584017,-0.022288916171032843,0.12837510806954183,-0.0064266837009247825,-0.004350820260568586,0.0018902571990127744,0.0012870312474867888,30.864753217663623
1781506137.849934,-0.09827453750113894,0.8004420468031107,0.3068795026596711,-0.04704763965068994,0.019209921847372913,-0.07694125933467996,-0.09683195453294408,0.76830089716761,0.30851380144346857,-0.045997260638040084,0.019375556201400856,-0.07713759542473106,0.00552485114714534,-0.0028007979981172957,-0.0010912690098750296,-0.007155984672689568,-0.0004912690429243847,0.001149683517084568,-0.02011547743284362,0.1316934257232601,-0.010301389427649446,-0.00966914787335273,0.0003555806218407398,0.0007390337921783124,32.21498840643121
1781506137.8599339,-0.09821919999471988,0.8003611262988409,0.3068884827276094,-0.047076319818035284,0.019187106923884922,-0.0769585440300172,-0.09683195453294408,0.76830089716761,0.30851380144346857,-0.045997260638040084,0.019375556201400856,-0.07713759542473106,0.0055228470996230355,-0.0031463375919949807,-0.0009519228948790016,-0.00668422441988523,-0.0006775744973551987,0.0008239927415814297,-0.018037377722785623,0.13288707251998366,-0.008773623045076234,-0.0073559095453654254,-0.0017189885351748743,0.0016032389444439975,32.131361671214165
1781506137.8699408,-0.0976544156316093,0.801772719384533,0.3068177060077383,-0.047094319629875335,0.019168503224852307,-0.07697386733187331,-0.09802442920573523,0.7753504927818469,0.30808158525305335,-0.046293823856217414,0.019406225712743197,-0.07709196904691122,0.005451258223591652,-0.0033838602091002,-0.0008279977452227231,-0.006147786431675507,-0.0007986130944476833,0.000557402902576621,-0.016924734044097195,0.13229421037842642,-0.003488812133576486,-0.000575525177849933,-0.00019317100115518251,0.0018438582329456858,26.455025220843577
1781506137.8799448,-0.09694695581715915,0.8031331960905593,0.30674573284169465,-0.04710382433284056,0.01915356410560376,-0.07698730168646978,-0.09802442920573523,0.7753504927818469,0.30808158525305335,-0.046293823856217414,0.019406225712743197,-0.07709196904691122,0.005324715619160147,-0.00353166004450581,-0.000718022390002868,-0.005577571028382231,-0.0008674379728333896,0.00034239415087052255,-0.014441269448462347,0.1349831561262289,0.00012973264194267808,0.004161425431671749,0.0013513469567387332,0.002394200304197928,27.835661546080864
1781506137.88998,-0.09627815010380189,0.8046890285882395,0.30664205993438537,-0.04721875580602731,0.019161219177154187,-0.07693423044466854,-0.09802442920573523,0.7753504927818469,0.30808158525305335,-0.046293823856217414,0.019406225712743197,-0.07709196904691122,0.004969450443922397,-0.002389283881249187,-0.0008123787247242463,-0.006234477811085284,-0.0007166926140251689,0.0008875922509513898,-0.011360280575797854,0.14099507538940279,-0.004295972023451348,-0.001870564150699158,0.0019104033724156172,0.0025903157877311634,29.425692975831858
1781506137.8999465,-0.09561168206113244,0.8062265646611374,0.3065421107875876,-0.047309714285673446,0.019168279655624287,-0.07689043824126239,-0.09802442920573523,0.7753504927818469,0.30808158525305335,-0.046293823856217414,0.019406225712743197,-0.07709196904691122,0.0046212851162680795,-0.0014419403145453113,-0.0008778317937001349,-0.00655601916887517,-0.0005841369500994474,0.001271800159169906,-0.007576677476793955,0.14208679950741976,-0.009159395945626416,-0.008695055353364236,8.861278996415145e-05,0.003372491886363408,31.008436676309977
1781506137.9099348,-0.09494700461016077,0.8077478867343633,0.3064454345884278,-0.047380220915993865,0.019174700304420256,-0.07685479723656437,-0.09802442920573523,0.7753504927818469,0.30808158525305335,-0.046293823856217414,0.019406225712743197,-0.07709196904691122,0.004283230963858529,-0.0006631674851110342,-0.0009192527400728423,-0.006617481618444939,-0.0004688359723754227,0.0015248654343672959,-0.002284058313274109,0.13841848242692978,-0.01506593973832016,-0.016844660973906984,-0.0020934537933441633,-0.0007453713321454373,32.584331603599715
1781506137.9199443,-0.09413906387988406,0.8091767582977899,0.3063519134597548,-0.04743347378068387,0.019180465037512695,-0.07682623923736254,-0.098525919003636,0.7822638077091066,0.30774159106191445,-0.04656851667552711,0.019422862616607528,-0.07700915688678055,0.003957577280836717,-2.9586560345724097e-05,-0.0009408564981739931,-0.006482393739090465,-0.00036961746584728515,0.0016727419041646968,0.0004840722041068663,0.13476774681372108,-0.0064117390946439,-0.005876370351547689,-0.00021829119129705005,0.0008804836109770667,27.303527447999084
1781506137.9299521,-0.09330039154664543,0.8106137221674015,0.30618458270012094,-0.04763495973242451,0.019179186547910065,-0.07669387439788909,-0.098525919003636,0.7822638077091066,0.30774159106191445,-0.04656851667552711,0.019422862616607528,-0.07700915688678055,0.0038721714633081503,0.0006527512679434861,-0.0014060791545407107,-0.008002043294691466,-0.00041207538572116256,0.002932600884905735,0.007685413749977587,0.1251279688185254,-0.00916233976156528,-0.008764541728465048,-0.001049953071102186,0.001167014975833742,28.86950055049604
1781506137.9399493,-0.0924471283090875,0.8120692590715284,0.30603860918051934,-0.04780291544675418,0.01911936948996029,-0.07670468599240704,-0.098525919003636,0.7822638077091066,0.30774159106191445,-0.04656851667552711,0.019422862616607528,-0.07700915688678055,0.0038572832480072887,0.0013622625519323821,-0.0016868923507017083,-0.008959731050191598,-0.0010138647501360344,0.002463401049769861,0.015304778971430177,0.12299549482058585,-0.010645650582231847,-0.01048335103938728,-0.004273453411651085,0.001776187109284376,30.466650201723482
1781506137.9499617,-0.09160111635894656,0.8135075487022707,0.3059029691645801,-0.04793599805031717,0.019069880103947057,-0.07671607801814415,-0.098525919003636,0.7822638077091066,0.30774159106191445,-0.04656851667552711,0.019422862616607528,-0.07700915688678055,0.0037964556931540687,0.0019145779123833947,-0.001890947006545457,-0.009432049085342845,-0.0014369882799391896,0.0020443989679323786,0.02068909127117707,0.12506007521401435,-0.00995337116010633,-0.010385014516941566,0.0023323906254795607,-0.0010589282497981412,32.05471530675598
1781506137.95993,-0.09157782242462817,0.8135920929516317,0.30585710697435226,-0.04803930842510844,0.019029483041285156,-0.07672759480655421,-0.098525919003636,0.7822638077091066,0.30774159106191445,-0.04656851667552711,0.019422862616607528,-0.07700915688678055,0.003699520016746942,0.0023337022093140236,-0.002030796387316733,-0.009527765578235833,-0.0017146676790567854,0.0016744817428712318,0.024201355360944955,0.1283123824535233,-0.002951857250910095,-0.0006782120295541482,-0.006138803572727555,0.004202026147952332,32.14480957455665
1781506137.9699404,-0.0906076326891785,0.8149092972330013,0.30573974018626066,-0.04811748350269643,0.01899700403374016,-0.07673889105934355,-0.09779339668092918,0.7887463288734364,0.30734986774389167,-0.046933922621632054,0.019398491269282614,-0.07694940289008327,0.003574825983214658,0.002640593565888958,-0.0021173314633575555,-0.009338685910703103,-0.0018757745015647721,0.001351470890514398,0.02488917932867213,0.12955962172015054,-0.003282456886522155,-0.001369687746793748,-0.0058207210304069695,0.0024319996911956413,27.17956269480024
1781506137.9799519,-0.08964190254476126,0.8162149727446089,0.30562921472049437,-0.048174685642280585,0.018971346639078845,-0.07674971371915383,-0.09779339668092918,0.7887463288734364,0.30734986774389167,-0.046933922621632054,0.019398491269282614,-0.07694940289008327,0.0034294282858401233,0.002853498706023981,-0.002159970759637887,-0.008941392734766096,-0.0019451309751490776,0.0010724494107092713,0.025414974116527163,0.13152446836206055,-0.0012648655783921892,0.0017419069786484501,-0.0009331180102351289,0.0015606425455013152,28.704248807453663
1781506137.9899554,-0.08856517156111327,0.8173390707666051,0.3056855525588773,-0.04812862205169737,0.019019341998682382,-0.07684784230328309,-0.09779339668092918,0.7887463288734364,0.30734986774389167,-0.046933922621632054,0.019398491269282614,-0.07694940289008327,0.003986172062191039,0.0018573204720324984,-0.0011729795032826246,-0.007442087144931872,-0.0011577774532191862,-8.922861633520597e-05,0.030961002310636948,0.1314050066816913,-0.005289971830929513,-0.0030634960150328888,-0.00505706745128047,0.0011926010188986116,30.091111193613823
1781506137.9999423,-0.08750817051729373,0.8184792252915198,0.30572347772007374,-0.048083048548430964,0.019060782778265395,-0.07693034312599677,-0.09779339668092918,0.7887463288734364,0.30734986774389167,-0.046933922621632054,0.019398491269282614,-0.07694940289008327,0.004382602171202165,0.0010340811944286555,-0.00036578657961089584,-0.006115003414723953,-0.0005361157474102595,-0.0009571766890241391,0.03549912285556841,0.1255468783982266,-0.010334960013168314,-0.010181557303867599,-0.0034324686997464077,-0.0004599793551416896,31.5035894963603
1781506138.0099356,-0.0863431610981531,0.8195271506205707,0.3057472177699427,-0.04803908899035052,0.019096177265528924,-0.07699887658965597,-0.09779339668092918,0.7887463288734364,0.30734986774389167,-0.046933922621632054,0.019398491269282614,-0.07694940289008327,0.004645313600089296,0.00036010394557421167,0.00028684111577547463,-0.004953284254179014,-5.562612412248001e-05,-0.0015812886333968555,0.03438311111110602,0.12110713417740612,-0.007111066632265718,-0.006847234395021742,0.0007140328962538765,0.0005175580711549192,32.880623006094694
1781506138.0199406,-0.08519308787806068,0.8205876238198603,0.305756573754724,-0.047997541402964056,0.019126071873134087,-0.07705506909942872,-0.09626774141334105,0.7951077628875876,0.30711412850499437,-0.0470831890121098,0.019379943807755318,-0.0769223785923127,0.004797350442031515,-0.00018550977783302622,0.0008071185400248597,-0.003947265581766897,0.0003059295552972179,-0.002005621692206566,0.03475541732015113,0.11959633966731943,-0.006335728533036095,-0.006611846498844108,0.0018414606772455169,-0.00042554959477930177,27.81571891852586
1781506138.0299354,-0.08405593804121304,0.8216591675478945,0.30575327144055714,-0.04795893782195167,0.019151026643152713,-0.07710047705482172,-0.09626774141334105,0.7951077628875876,0.30711412850499437,-0.0470831890121098,0.019379943807755318,-0.0769223785923127,0.004858614235748981,-0.0006211632293754794,0.0012145562766397704,-0.00308544473118157,0.0005684706702144301,-0.0022686542296636906,0.03642539321921782,0.11618068844446035,-0.012262293990351072,-0.01338632549422619,-0.0002725668416388438,0.005677815748857809,29.256745597976437
1781506138.0399332,-0.08407335904819156,0.8216329293344518,0.30569346305721495,-0.048196568566824846,0.019237061340289685,-0.07701151078680928,-0.09626774141334105,0.7951077628875876,0.30711412850499437,-0.0470831890121098,0.019379943807755318,-0.0769223785923127,0.004462216633627528,-0.0007191043961451399,0.0007862228297897571,-0.00536155991077244,0.0013976329909962657,-0.0010058912366602722,0.04444087980934018,0.11794121227350327,-0.011515345857813459,-0.011341361612176429,0.000722081358762736,0.0007602271133646552,29.228508456912976
1781506138.0499358,-0.08301311324055125,0.822750087221837,0.3055638584164609,-0.048391490393794596,0.01930819914290338,-0.07693571250283035,-0.09626774141334105,0.7951077628875876,0.30711412850499437,-0.0470831890121098,0.019379943807755318,-0.0769223785923127,0.004087458465379993,-0.0007886171524966311,0.00043240599677915435,-0.006920225094741312,0.0019806052465986676,-3.2207015128544385e-05,0.05281063670161803,0.11310158565255271,-0.014694926486436926,-0.015616153514199845,-0.006040103822097769,-0.002072030007397492,30.69505823330771
1781506138.05993,-0.08183934131437469,0.823752115272748,0.3054440459483011,-0.048549077226898996,0.019366225334086495,-0.07687185175149916,-0.09626774141334105,0.7951077628875876,0.30711412850499437,-0.0470831890121098,0.019379943807755318,-0.0769223785923127,0.0037348204201916066,-0.0008344275469919962,0.00014289231930344652,-0.007898661941365454,0.0023631665952975247,0.0006982266939267178,0.05405406769610156,0.10867181409961799,-0.01019046749618358,-0.009289791241632468,-0.0002933625479743168,-0.003462912952954022,32.11645728792753
1781506138.0699282,-0.08066521902815921,0.8247574316660388,0.3053303440057295,-0.04867437735377503,0.01941283700696661,-0.07681868071911288,-0.09399057213625428,0.8009861250493505,0.30656462958452424,-0.047645427891175776,0.019302019342118726,-0.07693260788288246,0.003404408098015702,-0.0008606298575255376,-9.133207903057395e-05,-0.008415569050174543,0.0025851014742266604,0.0012264061870994537,0.05415053226846737,0.1020636025854078,-0.010251595937479244,-0.010082135829282047,-0.007224865627192312,0.00014322896101718756,27.27936059752952
1781506138.0799332,-0.07940142701056949,0.8256830893312761,0.30531221838123707,-0.04874020732366943,0.01938430499885424,-0.07688636916671879,-0.09399057213625428,0.8009861250493505,0.30656462958452424,-0.047645427891175776,0.019302019342118726,-0.07693260788288246,0.003633815922612043,-0.0014286649166429968,0.00030939059205115657,-0.00820114112456518,0.002027716896739881,0.0003393903373931701,0.053450462845600705,0.10832204938011018,0.0008072037550429347,0.002012815882365424,0.0049237219012849085,0.0017816002919818375,28.71152615350009
1781506138.0899355,-0.07814989852875968,0.8266228502795034,0.3052860112571628,-0.04878804794376887,0.019358431021370137,-0.0769435219575994,-0.09399057213625428,0.8009861250493505,0.30656462958452424,-0.047645427891175776,0.019302019342118726,-0.07693260788288246,0.0037719342277658186,-0.0018665655766658543,0.0006271597010476962,-0.007815983945587593,0.0015546103838016089,-0.0003345260846136331,0.059682970666967435,0.11195722056534028,-0.005924046101399301,-0.008982151476521247,0.0020004518273952256,0.0009831441053097432,30.162948889201793
1781506138.0999339,-0.07680865793903473,0.8274448508252961,0.30525655348163994,-0.04882110052983024,0.019335257405300066,-0.07699121633259767,-0.09399057213625428,0.8009861250493505,0.30656462958452424,-0.047645427891175776,0.019302019342118726,-0.07693260788288246,0.003835017658438761,-0.0021944491888849144,0.0008743094602336329,-0.0073134494412353725,0.0011575940160913631,-0.0008303235183617778,0.06265618230407939,0.11853834406195192,-0.0005963406117105198,-0.0012909686846273014,8.537899372814642e-05,0.0019968714196117103,31.575202426243244
1781506138.1099303,-0.07547660809086747,0.8282776102768231,0.3052209032412342,-0.048842168466539604,0.0193147417681796,-0.07703051835036279,-0.09399057213625428,0.8009861250493505,0.30656462958452424,-0.047645427891175776,0.019302019342118726,-0.07693260788288246,0.0038370657752574257,-0.0024298594505196202,0.0010616362629471264,-0.006736724960032246,0.0008284517645205993,-0.0011790881977880717,0.0640811220423156,0.11470650841239259,0.0004956989450331038,0.0018155800477673927,0.004170280159005005,-0.0038108088366324076,33.006024163489954
1781506138.1199315,-0.0741524631160749,0.8291197353761018,0.3051798362248261,-0.0488536802444175,0.019296779452563584,-0.07706245649077798,-0.09102927164214736,0.8066299619575444,0.3064243596367728,-0.047812088253422355,0.01936334187641986,-0.07688217784796304,0.0037900904290395832,-0.0025880517019398917,0.0011985651815048747,-0.006120199815181859,0.0005591710083310646,-0.0014081374010391817,0.06382607493227396,0.10633007706026007,0.0002998576526786109,0.002433274707352337,-0.00030403847214425085,-0.0014957561019284392,28.145433252423857
1781506138.129938,-0.07412656969832762,0.8290800067692933,0.30520580755429105,-0.048857716985992616,0.01928122204222893,-0.07708800291656942,-0.09102927164214736,0.8066299619575444,0.3064243596367728,-0.047812088253422355,0.01936334187641986,-0.07688217784796304,0.0037043555881872458,-0.002682250951421162,0.0012933010032878422,-0.005490729992342881,0.0003421105424591419,-0.0015412165239110896,0.06708432154218506,0.09808689206423855,-0.0026370490203265137,-0.004705167997404763,0.0038883825190871623,-0.0013305551689551049,28.12811252517415
1781506138.1399436,-0.07275579491243644,0.8300007191582374,0.30519788532987646,-0.048552170876104916,0.019413113566246976,-0.07711151363258287,-0.09102927164214736,0.8066299619575444,0.3064243596367728,-0.047812088253422355,0.01936334187641986,-0.07688217784796304,0.003969058468525853,-0.0023269126535955375,0.0014955239314391373,-0.001550814227680412,0.0017557287132745395,-0.0015591300117317123,0.06846054306710134,0.09976229167102008,-0.0024953580724726442,-0.003028283100580744,0.006569631615346334,-0.0013074089502060513,29.69202726575778
1781506138.1499343,-0.07131235483970343,0.8307783717135732,0.3051845496768986,-0.048293729027939145,0.019522512988310092,-0.077129745310539,-0.09102927164214736,0.8066299619575444,0.3064243596367728,-0.047812088253422355,0.01936334187641986,-0.07688217784796304,0.004131262833393747,-0.0020121722620472164,0.0016389132622584325,0.0014436730832201243,0.0027668689780899025,-0.0015298402234849677,0.07114556943456686,0.10065378841699203,-0.010217125678804529,-0.014528897972447349,0.0012227839766683554,0.004526638772349601,31.19999408134819
1781506138.1599395,-0.06988060047814729,0.831553107348469,0.30516239681907004,-0.04807765432986907,0.019612063204257346,-0.07714352965180224,-0.09102927164214736,0.8066299619575444,0.3064243596367728,-0.047812088253422355,0.01936334187641986,-0.07688217784796304,0.004209128847870056,-0.0017340108600449316,0.0017332556722597836,0.003647817573959525,0.003448762692723974,-0.0014659929150423886,0.07407025791130475,0.09714289063300295,-0.011290349260494775,-0.01424828504839223,0.0010554926445619456,0.0013430198908662783,32.71119102590787
1781506138.1699314,-0.06845891434329275,0.8323251930059109,0.30513254463941003,-0.047899237929004204,0.01968428831264557,-0.07715361001456301,-0.08744579129451002,0.8117257164580641,0.3060817222383395,-0.04826533355275666,0.01943955123446317,-0.07690882464443509,0.004218303657459404,-0.0014887386761959992,0.0017870291168883476,0.005199453031641254,0.003865293481574874,-0.0013780069134824385,0.07722242676924074,0.09070662875288,-0.00935368331734091,-0.009657078319017723,0.0018468222024996415,-0.0032514014205150214,28.031069699893088
1781506138.179933,-0.06704586922467232,0.8330948774390101,0.3050960058576335,-0.04775392099054497,0.019741554195554123,-0.0771606434301398,-0.08744579129451002,0.8117257164580641,0.3060817222383395,-0.04826533355275666,0.01943955123446317,-0.07690882464443509,0.004172218757799093,-0.0012729769212987312,0.0018075535211474602,0.006219714235094388,0.004071591985519897,-0.0012743478281018424,0.08155421483216918,0.08911933209977035,-0.0061788594882818265,-0.004779580461053255,0.0001443156227948722,-0.003464109358668566,29.55959232242942
1781506138.1899297,-0.06712454630316372,0.833038425254168,0.30498877314151834,-0.048118551308418134,0.019662941905028486,-0.07696104737337339,-0.08744579129451002,0.8117257164580641,0.3060817222383395,-0.04826533355275666,0.01943955123446317,-0.07690882464443509,0.0034689496579233784,-0.001508884489971824,0.0011389824842421873,0.0015171375402844673,0.002665172535560924,0.0009996703193077322,0.08841487412039255,0.09322891950006837,-0.008779705501185389,-0.008066619596304047,-0.002082109861607762,-0.0022474932213103556,29.468272632682165
1781506138.199932,-0.06571803799317996,0.8336012242303373,0.3048403861238427,-0.04841967490783104,0.019588976892584098,-0.07693462022882279,-0.08744579129451002,0.8117257164580641,0.3060817222383395,-0.04826533355275666,0.01943955123446317,-0.07690882464443509,0.0029851566826034825,-0.0016515598983080622,0.0006245645510988452,-0.0019414670706698798,0.0015534962627257204,0.0011396517728219347,0.09050618010124226,0.09706159646592459,-0.004401444106936339,0.00029084037616360775,-0.0020053332117299094,-0.001782245672551544,30.857317109032646
1781506138.2099376,-0.06430712512922437,0.834170655620614,0.30470411361722816,-0.04867118470927345,0.019525297517448026,-0.07691335465431615,-0.08744579129451002,0.8117257164580641,0.3060817222383395,-0.04826533355275666,0.01943955123446317,-0.07690882464443509,0.0025589557044407257,-0.0017451689447872372,0.00020368977817891362,-0.004479744645142553,0.0006780452247465911,0.0012133115479567372,0.08927934066125484,0.09342272838327348,-0.003688951097534988,0.0015519715537211359,-0.0008973114800889526,-0.0029654428171695182,32.265631427760084
1781506138.219935,-0.06289219384110731,0.8347458293467465,0.30457859096056017,-0.04887863564968592,0.01947106609363347,-0.07689654098019794,-0.08744579129451002,0.8117257164580641,0.3060817222383395,-0.04826533355275666,0.01943955123446317,-0.07690882464443509,0.0021843884345396523,-0.001798202711609847,-0.0001367581463969627,-0.006258971337160203,3.549798121609644e-06,0.0012352695391368998,0.08553892271560651,0.08993159421186118,-0.0003276655039968137,0.006351106830408411,-0.0004147902703224571,0.00023316114308240092,33.69071309648493
1781506138.229932,-0.06147360679771517,0.8353259559527603,0.3044625642976896,-0.04904739596527531,0.01942539680873767,-0.07688352521836382,-0.08316631670997926,0.816350492782185,0.30579001465978717,-0.04841234326764596,0.01947703874908835,-0.07704775726420804,0.001856017467029157,-0.0018179917415943974,-0.0004083277354969117,-0.0074207635846119885,-0.0005019161995969836,0.001217893385635128,0.08699891027624962,0.08832222690358049,0.0014064793747484074,0.00961593934091497,-5.5086402123177836e-05,-0.0014339203417567479,28.851412276339843
1781506138.2399466,-0.06150030915678111,0.8353079885541546,0.30441704053721863,-0.04918254704154944,0.019387391950255184,-0.07687371299373456,-0.08316631670997926,0.816350492782185,0.30579001465978717,-0.04841234326764596,0.01947703874908835,-0.07704775726420804,0.0015688924443990379,-0.0018108420422803155,-0.0006211625836502423,-0.008088130928897557,-0.0008669001286295299,0.001171525095250724,0.09089822496851634,0.08893818095272633,-0.0014672658758699683,0.005667900055951438,0.006831759120845798,-0.0017549355307043511,28.821651361098777
1781506138.2499437,-0.059952571118710565,0.8356258462763027,0.3045062195195457,-0.04925620472013867,0.019423899389008792,-0.0769378070065988,-0.08316631670997926,0.816350492782185,0.30579001465978717,-0.04841234326764596,0.01947703874908835,-0.07704775726420804,0.001728459534473118,-0.0025339933252779548,0.00037260551029763816,-0.00799572986118049,-0.0003398056778262621,0.0003645207612269493,0.09908847610224208,0.09355068607401779,-0.002999960108314111,0.0027617757759253875,0.00022171469663925802,0.00014672776999581985,30.200419974918386
1781506138.2599413,-0.05841200193295412,0.8359633999638078,0.3045748465611345,-0.049310824108816195,0.019454898973930712,-0.07699206593871837,-0.08316631670997926,0.816350492782185,0.30579001465978717,-0.04841234326764596,0.01947703874908835,-0.07704775726420804,0.001834654373080306,-0.003082411492095047,0.0011656545657852632,-0.007707632270150317,6.445376875355855e-05,-0.00025010246630441314,0.10502928483759259,0.09711536681666896,-0.006045934444501685,-0.0013798176796778507,-0.002211911544598849,0.0011348212259456245,31.605677681438486
1781506138.2699442,-0.05687766867765557,0.836318159157038,0.30462539461696336,-0.04934968333385381,0.01948092374190047,-0.07703747024311314,-0.08316631670997926,0.816350492782185,0.30579001465978717,-0.04841234326764596,0.01947703874908835,-0.07704775726420804,0.001896657804689047,-0.003483609589368402,0.001787523029229665,-0.007280791851166122,0.0003656054005444962,-0.0007037610722143252,0.10467560666836184,0.09050403718569719,-0.00870869794869022,-0.005818031177020851,-0.0013675340975523864,0.00010459775610966934,33.03266649347248
1781506138.27994,-0.05534873949683658,0.8366879081869324,0.3046600746126665,-0.04937567004636359,0.019502509075329577,-0.07707499701257664,-0.07842725090497005,0.8209479531967938,0.3056690378401432,-0.0482165139118486,0.01963209730872606,-0.07700164883296416,0.0019223999147532148,-0.0037615397800455095,0.002264092604293936,-0.006761679865261107,0.0005812539856192097,-0.0010243994188808207,0.09812355368642524,0.0831832594454189,-0.005100950065488342,-0.004421302113248031,-0.002505063088253684,0.001475671875576401,27.95320873712597
1781506138.2899396,-0.05383820678116632,0.8369143232329064,0.3046272771420276,-0.04920062752346333,0.019503850125479838,-0.07696534022724048,-0.07842725090497005,0.8209479531967938,0.3056690378401432,-0.0482165139118486,0.01963209730872606,-0.07700164883296416,0.0016318776851969286,-0.003911290529943455,0.0021621767797236967,-0.0041359039309668555,0.0004735815263661764,0.00028360638447455684,0.09920192488721027,0.07820273395541089,-0.00747093256795066,-0.009787337082601731,5.4561690477628044e-05,0.0025066458044410017,29.336518682430235
1781506138.2999368,-0.05233732644959348,0.8371681006170099,0.30455852477020684,-0.04930918644892143,0.019432109564235356,-0.07684024449488386,-0.07842725090497005,0.8209479531967938,0.3056690378401432,-0.0482165139118486,0.01963209730872606,-0.07700164883296416,0.0013046461601837328,-0.003866998212033645,0.0019473349858038994,-0.0048960451440879125,-0.00042771942678447713,0.0015778244282086524,0.10611486857396235,0.07730813402015271,-0.010770399342996189,-0.01663384163311686,-0.006510048708519234,0.002714522336231885,30.7410243762191
1781506138.3099391,-0.05237366358362455,0.8371409575375885,0.304541367126811,-0.04939603401883588,0.019372098070141508,-0.07673649034547533,-0.07842725090497005,0.8209479531967938,0.3056690378401432,-0.0482165139118486,0.01963209730872606,-0.07700164883296416,0.0010254222857027523,-0.0037824427345739767,0.001750191050074316,-0.005331578335313909,-0.0010913450632777893,0.0025043334485674263,0.11298835719290448,0.07959038932314626,-0.009250685721714067,-0.017010138207499158,-0.0017452149183882822,0.0015266628871733042,30.696489101030412
1781506138.3199449,-0.05086259949266759,0.8374082983864177,0.30447669117195314,-0.04946423520270372,0.019322515181777522,-0.07665156791030835,-0.07842725090497005,0.8209479531967938,0.3056690378401432,-0.0482165139118486,0.01963209730872606,-0.07700164883296416,0.0007882757141889258,-0.0036666364773471813,0.0015697524935963242,-0.0055119711946753904,-0.0015587185744523392,0.0031299733260789627,0.11359604789989378,0.07593629109042443,-0.008289411430056568,-0.014470744056262617,-0.0031785922864136507,-0.001795720747700581,32.12747518589761
1781506138.3299384,-0.04934727477088581,0.8376809520900592,0.3044137907211181,-0.049516597230643014,0.019282101646460825,-0.07658308085871644,-0.0731656462368882,0.8249787004948181,0.3052692555044331,-0.04878984362837599,0.019574877427359194,-0.07694949914374602,0.0005879125596793986,-0.0035272103159938437,0.0014050109068063205,-0.00549625760080194,-0.0018662501211293037,0.0035130595665414793,0.108585381012509,0.06559489360527763,-0.004450016326242127,-0.00681946664974671,-0.006287453345315161,0.0016952399922385852,27.00729225370018
1781506138.3399396,-0.04780571603502442,0.8377777183174855,0.3043277642903305,-0.049449997576734794,0.019334430780337142,-0.07655775750326085,-0.0731656462368882,0.8249787004948181,0.3052692555044331,-0.04878984362837599,0.019574877427359194,-0.07694949914374602,0.0004137497482094376,-0.003488841844540044,0.0010033705052583314,-0.0041745300940101635,-0.0011055622658134616,0.003433869480839168,0.10602993080787933,0.061496219859345655,0.001004233342400249,0.0019825111808398094,0.0024723385910578083,-0.0004111061152484362,28.42230326301146
1781506138.3499322,-0.046215459306617676,0.8378476339209724,0.3043095849232204,-0.04979396807264759,0.019360640215232205,-0.07666359298018731,-0.0731656462368882,0.8249787004948181,0.3052692555044331,-0.04878984362837599,0.019574877427359194,-0.07694949914374602,0.0005167582953511858,-0.003615997257377091,0.0012214012867074828,-0.007451611551083924,-0.0006420205884518522,0.0019194407842266204,0.10849017196157311,0.06012328051785499,0.0013290166993661918,0.0017080978076259637,-0.0016228478750724613,0.0017898690746501818,29.880478422002547
1781506138.3599315,-0.04619359132590721,0.8378016628201925,0.3043301873698162,-0.05007647225299734,0.019383163873711418,-0.07675440508079041,-0.0731656462368882,0.8249787004948181,0.3052692555044331,-0.04878984362837599,0.019574877427359194,-0.07694949914374602,0.0005929029391720743,-0.003672255852172933,0.0013809541499976282,-0.009703047072715113,-0.00027706482244449965,0.0007322111782011879,0.11578219872963125,0.06330966412164843,-0.00048318496802385595,-0.00038133622302569234,0.002995721609390391,0.0002483619956839128,29.87979179780873
1781506138.3699684,-0.04461070354492944,0.8378897724720616,0.30430547583806816,-0.05030518854117965,0.0194023134771224,-0.07683147391218734,-0.0731656462368882,0.8249787004948181,0.3052692555044331,-0.04878984362837599,0.019574877427359194,-0.07694949914374602,0.0006465171326833605,-0.003670887531327965,0.0014915408137923566,-0.011124372784855004,4.017511018265991e-06,-0.00017736672447873165,0.11943446450320695,0.064558339883301,-0.002140660751756205,-0.0015974519910349272,-0.002087364541558931,0.003112338495654321,31.35298076719198
1781506138.379935,-0.043030838496193914,0.8379850722035126,0.30427811146789857,-0.05048734249791795,0.01941841417262191,-0.07689613498772704,-0.0671686513314243,0.8284515950787672,0.3051759144812476,-0.04892715484652275,0.01955050822365889,-0.07690988665016608,0.0006813651393022816,-0.0036232752077595253,0.0015614174819354898,-0.011884819719385192,0.00021454996280365144,-0.0008540158943376727,0.11896751691304569,0.0605620170815626,-0.003041600128951977,-0.0038216763564183753,-0.0018010631391156484,0.0021057132090725864,25.96781170617646
1781506138.389935,-0.041373735849833226,0.8379108779355402,0.30439670693828363,-0.050075324580615976,0.01950811207476688,-0.07681399905632377,-0.0671686513314243,0.8284515950787672,0.3051759144812476,-0.04892715484652275,0.01955050822365889,-0.07690988665016608,0.0012326583703440247,-0.0036327496201946446,0.0022848416646685165,-0.006106868297032646,0.001124411007680094,0.00018387261727798694,0.11425674231241123,0.05382487050359264,-0.0026671350309349223,-0.004631980945201944,0.0018092175404947996,0.0027718890707425707,27.48568466059884
1781506138.3999336,-0.039729698286751186,0.8378439501793823,0.30449199023989704,-0.04972317019456847,0.019582486834312185,-0.07674499890857324,-0.0671686513314243,0.8284515950787672,0.3051759144812476,-0.04892715484652275,0.01955050822365889,-0.07690988665016608,0.0016596027422246774,-0.0035943247978613138,0.002836635912587565,-0.0016104868283850025,0.0017753332168364137,0.0009565394493125715,0.11370054490943096,0.04980533706821717,-0.0027672334958805255,-0.0055030840250233125,-0.005952535628472386,0.002985992840759602,29.01000225597601
1781506138.409936,-0.0380970803513778,0.8377831965987863,0.30456680624027915,-0.04942551021663023,0.01964334994838568,-0.07668773632426477,-0.0671686513314243,0.8284515950787672,0.3051759144812476,-0.04892715484652275,0.01955050822365889,-0.07690988665016608,0.0019813133697283002,-0.0035179346373448318,0.0032436584632756973,0.001802580174672424,0.0022144307175769344,0.0015093232937058612,0.11408125181636666,0.04829707392757588,-0.0057426122567453336,-0.012700955562138393,-0.0009691964073787775,0.0023368482662720746,30.53859916606393
1781506138.419934,-0.03647442192655467,0.8377276640848716,0.304623728593356,-0.049176829803810704,0.01969242753943745,-0.07664084098590514,-0.0671686513314243,0.8284515950787672,0.3051759144812476,-0.04892715484652275,0.01955050822365889,-0.07690988665016608,0.002214468772202965,-0.003412034863507249,0.0035293047931890266,0.0043105319983944065,0.0024828010337547006,0.0018822165597832622,0.11474677232022314,0.04512296457783144,-0.006144116560125487,-0.012058749255562594,-0.002737938256790427,0.00095019489158122,32.07001846303743
1781506138.4299414,-0.034872846572911405,0.8375128477735903,0.3046731184445548,-0.048971655924714246,0.019731334606160944,-0.07660300117120021,-0.06127649911533706,0.8311387400326062,0.30497256134282613,-0.0492907012292489,0.01944461617449411,-0.0767916805003929,0.0023735801018222287,-0.003283787422016715,0.0037138941226754437,0.006071662695212397,0.0026159091242217115,0.002110110442033945,0.11439929649495213,0.040752842586094885,-0.004360298949093509,-0.00873075538617831,0.0006820706920074458,-0.0005333519820765692,27.163795447693573
1781506138.4399335,-0.03334877000297304,0.8373082116082092,0.3045638658986735,-0.04909571413565814,0.019758463889735678,-0.07650265202798762,-0.06127649911533706,0.8311387400326062,0.30497256134282613,-0.0492907012292489,0.01944461617449411,-0.0767916805003929,0.0020512251117349345,-0.0030908730747435673,0.0029943094799154456,0.0040328062514138775,0.0025723906784172914,0.002988225742056292,0.11611905480831886,0.03492976098132082,-0.004824621005675385,-0.008542862920035619,0.002834174742738037,0.00048751057531705433,28.60397638199677
1781506138.4499304,-0.03182086812720171,0.837105902914536,0.3044645193116153,-0.04920381211175181,0.01977880175436386,-0.07642087932507872,-0.06127649911533706,0.8311387400326062,0.30497256134282613,-0.0492907012292489,0.01944461617449411,-0.0767916805003929,0.0017664560751998986,-0.002896842115784057,0.002378705306312462,0.002394762412019898,0.002469406534696519,0.00356435289176716,0.11830712883748579,0.030955496689383948,-0.003326966441639754,-0.005359706053116172,0.0002597822713953494,0.002590734339657058,30.058265693052828
1781506138.459934,-0.03184637300937952,0.8371070011282172,0.30440107706717656,-0.04929699316136359,0.01979349166935318,-0.07635526247053558,-0.06127649911533706,0.8311387400326062,0.30497256134282613,-0.0492907012292489,0.01944461617449411,-0.0767916805003929,0.0015154683459265702,-0.0027043733402041165,0.0018543741916787855,0.0011018738409072075,0.0023246766663150955,0.0038984451469908383,0.12160609963447871,0.02946698874447912,-0.001944260026956428,-0.0004655907586917877,0.00467574465417019,-0.0005273211093489077,30.034630968188402
1781506138.46994,-0.030311938825441913,0.8369079229611526,0.30431868238915943,-0.049376447155872846,0.019803545555426627,-0.07630354585918318,-0.06127649911533706,0.8311387400326062,0.30497256134282613,-0.0492907012292489,0.01944461617449411,-0.0767916805003929,0.0012947796125546422,-0.002515597418314193,0.0014099584459448893,0.00010298997517463782,0.002152623012483657,0.004042047414266967,0.12453702743861024,0.031069416838689995,2.6149513638175846e-05,0.002843086986515327,0.004040643906495868,-0.000925952597330209,31.50420643811918
1781506138.4799213,-0.02880415241829272,0.8365485103635686,0.3042518729878065,-0.04944344125217179,0.019809848992213164,-0.07626365918966396,-0.05524333602414433,0.8328768743263054,0.3048166113589689,-0.04952581915400267,0.01948896301620584,-0.07673157580011941,0.0011012104499726367,-0.002332178002830288,0.0010353278115808335,-0.0006482627018254829,0.0019648010700415697,0.004038993881590266,0.12474422897318577,0.029277460280650397,0.0003147428237650143,0.0053356603262900365,0.0010399934908271772,0.002976679178427892,26.698881444021684
1781506138.4899356,-0.027193207088647982,0.8360871690148565,0.3043714314199572,-0.04958772519624218,0.01985441853674086,-0.07630659185499644,-0.05524333602414433,0.8328768743263054,0.3048166113589689,-0.04952581915400267,0.01948896301620584,-0.07673157580011941,0.0015538858394356539,-0.002806337017810744,0.0019135778295456792,-0.002143379329152283,0.0022593677204663623,0.003154093218206969,0.12689427203104162,0.026132974656024127,0.0016778789029104728,0.007645175430034969,0.0002810697061784204,0.0028174345280397115,28.23674751920637
1781506138.499936,-0.025594869284325097,0.8356412377933999,0.30447052919412065,-0.049707168653599504,0.01988968724338247,-0.07634549832783208,-0.05524333602414433,0.8328768743263054,0.3048166113589689,-0.04952581915400267,0.01948896301620584,-0.07673157580011941,0.0018975921775410602,-0.0031514200055688998,0.002594366391063769,-0.003204938409776352,0.0024182562442830375,0.002404720748378484,0.12780776699854665,0.023609688084014438,0.002307362780673414,0.007714341056403151,0.003988879191275962,0.005283371991489883,29.77907080929827
1781506138.5099375,-0.02400757212767403,0.8352087294610628,0.3045517458029786,-0.0498047304268631,0.019917021835692772,-0.07638032151542097,-0.05524333602414433,0.8328768743263054,0.3048166113589689,-0.04952581915400267,0.01948896301620584,-0.07673157580011941,0.00214946597847004,-0.0033885116721995836,0.003108011914365723,-0.003912592505018975,0.0024711303246646877,0.0017774099063996816,0.1281070896792179,0.022352268061595158,0.0006446611230209302,0.004424866314052929,0.0037317501188098737,0.006489582840598973,31.32380322260185
1781506138.5199351,-0.02247608675298482,0.8346303950979201,0.304626062584479,-0.04988322639482646,0.019937663613033063,-0.0764111308432136,-0.05524333602414433,0.8328768743263054,0.3048166113589689,-0.04952581915400267,0.01948896301620584,-0.07673157580011941,0.0023244275872247432,-0.003535906613373877,0.003480971083639534,-0.004335709236371231,0.0024431194163371402,0.0012587288435061644,0.1291535435733078,0.020206859343164497,-0.002709480831681764,-0.0004221441342117484,0.003294861759959384,0.0034240595809443652,32.81468830768086
1781506138.5299363,-0.022434214835912104,0.8345827771080943,0.3046967961012854,-0.049945288286804015,0.019952725861277276,-0.07643808853946658,-0.0488933477926472,0.8341115188914752,0.30485351213115264,-0.049257653085360516,0.019558160578530215,-0.07646778922681664,0.002435429211768142,-0.003609427787919266,0.0037362652536098535,-0.004534051458235329,0.002355267377421474,0.0008356395523361235,0.12792408402512204,0.016517910321103287,-0.0018330567807942565,-0.0005021155917453129,-0.0021574785347387294,0.0027301167928649116,26.46379339858392
1781506138.5399327,-0.020924208388643402,0.8340131961196855,0.30474727953683817,-0.049659832740493765,0.01994558626478815,-0.07649472360358983,-0.0488933477926472,0.8341115188914752,0.30485351213115264,-0.049257653085360516,0.019558160578530215,-0.07646778922681664,0.002440310699885047,-0.003694554550688707,0.0037781315428417578,-0.0009103927306383735,0.002051335940038718,0.00012317022328652515,0.1257338398168575,0.011356969258306069,-0.0009858096510561368,-0.003058107203292971,-0.0003726017933833469,0.003169858965438562,27.96951397025242
1781506138.549937,-0.019419746695692307,0.8334524375730373,0.30478669806701364,-0.04941890317577189,0.019937707047712694,-0.0765423771867858,-0.0488933477926472,0.8341115188914752,0.30485351213115264,-0.049257653085360516,0.019558160578530215,-0.07646778922681664,0.0024133082131043322,-0.0037160782729033135,0.0037638679129837647,0.001829617245638435,0.0017674605217176892,-0.0004140035994747352,0.1272444003520456,0.007104475962284911,-6.226734999995604e-06,-0.0022321469467033108,0.002339554407469568,0.00259013775994981,29.481044993790523
1781506138.5599344,-0.017920043880954667,0.8328992743148116,0.304816551497488,-0.04921793042210977,0.019929486887371617,-0.0765819976660748,-0.0488933477926472,0.8341115188914752,0.30485351213115264,-0.049257653085360516,0.019558160578530215,-0.07646778922681664,0.002361052276205757,-0.0036862704543279188,0.0037047254257014423,0.0038325362283216278,0.0015063826543337104,-0.0008051372406180091,0.12804757965289187,0.003378297638883956,-0.00012030689146480476,-0.004544936092020905,0.003514683260720385,0.0021037443658017104,30.997039507155506
1781506138.5699363,-0.017905520773500883,0.8328735239944243,0.30484846617417954,-0.04905239721830527,0.019921234323976078,-0.07661451521187648,-0.0488933477926472,0.8341115188914752,0.30485351213115264,-0.049257653085360516,0.019558160578530215,-0.07646778922681664,0.0022891856833240905,-0.003615632748257077,0.003610304791929125,0.005228351539977232,0.0012695324906739848,-0.0010761465629946171,0.12724239541523708,0.0004502991608606366,-8.855168734600612e-05,-0.004985583540282169,0.005786382038428373,0.0023645377538667888,31.01254714136426
1781506138.5799356,-0.016475755696828645,0.8321807080155401,0.30487177209463423,-0.0489179488459076,0.01991318186493829,-0.07664082098934209,-0.0424879392369395,0.834527210966242,0.3048118778743643,-0.04943270055714193,0.019724189873912,-0.07641873370697755,0.002202486805019199,-0.003513112956144428,0.003488760214586364,0.006131076627410227,0.0010573184524769856,-0.0012497363149573328,0.12555768529605257,-0.003677650194164827,-0.00048679852433280806,-0.004719097725105437,0.002746340740121839,-0.00027247905916651685,26.117874261503147
1781506138.5899324,-0.01504891170485008,0.8314926153418728,0.3048890744810503,-0.04881047157429289,0.019905498619274375,-0.0766617526157333,-0.0424879392369395,0.834527210966242,0.3048118778743643,-0.04943270055714193,0.019724189873912,-0.07641873370697755,0.002104979529005829,-0.0033862981111732297,0.00334698135676286,0.006639635321254026,0.0008693722246235613,-0.0013455840892939211,0.1292960599560462,-0.007162925742644568,0.000991181045841662,-0.0007031189749140984,0.002283767490303544,-0.0036414131058774835,27.606429718931167
1781506138.599931,-0.013671659695139624,0.8307949173284805,0.3048088440351653,-0.049076564294564015,0.01981783830170447,-0.076552136969349,-0.0424879392369395,0.834527210966242,0.3048118778743643,-0.04943270055714193,0.019724189873912,-0.07641873370697755,0.0017406907192913028,-0.0033390849987019414,0.0027090205768153987,0.002986160214588833,-0.00024014830965836138,-5.0475256936466806e-05,0.13253674996481693,-0.010186850218817184,0.0009798187205693667,0.0008463483738697851,-0.0004753417364661924,-0.003551316531714128,29.056978363790847
1781506138.6099443,-0.012289252299996174,0.830102862818589,0.3047388467359829,-0.049303119831936804,0.019744355214042608,-0.07645988555621586,-0.0424879392369395,0.834527210966242,0.3048118778743643,-0.04943270055714193,0.019724189873912,-0.07641873370697755,0.0014261931242370743,-0.0032588739822245064,0.00216255674895789,0.00016699711279619198,-0.0010648871539187844,0.0009213032675950497,0.13242992588029784,-0.010243401202079849,0.0035775030424223205,0.004560829889722371,0.0005547522860925858,-0.004892114929719707,30.521154676622658
1781506138.619931,-0.010980174545549571,0.8292711517684631,0.30468671857212637,-0.04949384868003047,0.01968350162515997,-0.07638317343074362,-0.0424879392369395,0.834527210966242,0.3048118778743643,-0.04943270055714193,0.019724189873912,-0.07641873370697755,0.0011556515834033323,-0.0031531894893445577,0.0016964684693358406,-0.0019498763834455164,-0.0016536768176585086,0.0016242171630902798,0.12540009038878985,-0.01104696771840079,0.004114410888249112,0.00863655301317077,0.0018173187466295848,-0.00040279001645349334,31.943403998157287
1781506138.6299326,-0.009666960829730235,0.8284434282437855,0.3046427379183473,-0.049652511946532654,0.019633773029340995,-0.07632020713666653,-0.035920467391376776,0.8341130546416351,0.3049230860600164,-0.04932601507255996,0.019828572552013535,-0.07650214196220534,0.0009238248188098268,-0.003028394703341405,0.0013008093337097016,-0.003482603717343152,-0.0020495635637210164,0.00210643627697194,0.12022646580682207,-0.012843105755111776,0.0036735700487652003,0.007988582112898431,0.0017451712606145224,-0.0011805085568117313,26.86019108930814
1781506138.6399307,-0.008350074211693969,0.8276190295921031,0.3046059589051124,-0.04978280567839115,0.019593738412829964,-0.07626926598033366,-0.035920467391376776,0.8341130546416351,0.3049230860600164,-0.04932601507255996,0.019828572552013535,-0.07650214196220534,0.0007260147176844343,-0.002889839963733937,0.0009667022270259701,-0.004535695395072288,-0.002290080133478516,0.0024100944083578707,0.11995423592750924,-0.015499959988985857,0.0034997804935498564,0.008109731836139727,-0.00245849400145998,0.0012208722522783367,28.32665725175893
1781506138.6499314,-0.008191138513112078,0.8275278663849145,0.3047662657838168,-0.04985412545300808,0.01971578096262694,-0.07641220137788109,-0.035920467391376776,0.8341130546416351,0.3049230860600164,-0.04932601507255996,0.019828572552013535,-0.07650214196220534,0.0016595014301794824,-0.003258132061571204,0.0019808897189815375,-0.00478858459258757,-0.0006317103203151513,0.0006551772198066478,0.12116398019288326,-0.019481551404596145,0.0018335157217724972,0.004294275833807076,-8.674709604023813e-05,0.0009021161167060298,28.500964492705204
1781506138.6599324,-0.006714994917105604,0.8266346006088534,0.3049108718868586,-0.049909740711354525,0.019818974269559364,-0.07653305633251868,-0.035920467391376776,0.8341130546416351,0.3049230860600164,-0.04932601507255996,0.019828572552013535,-0.07650214196220534,0.0023878519330608463,-0.0035125032285651296,0.0027699523250528067,-0.004846989374532202,0.0006281736879331042,-0.0006776263639994868,0.1253129310040897,-0.023220143714684678,0.0004152137420928711,0.001398918762179516,0.0024624403450383336,0.002402404609216731,30.1477535871558
1781506138.6699343,-0.005352348101829576,0.8256185184872182,0.3050434221391766,-0.049952064248329354,0.0199052211266193,-0.07663405784557603,-0.035920467391376776,0.8341130546416351,0.3049230860600164,-0.04932601507255996,0.019828572552013535,-0.07650214196220534,0.0029422956538415327,-0.0036721985898033184,0.003368292492366605,-0.004758074855545275,0.0015549912762292208,-0.0016576796694202237,0.12561626889609914,-0.02642973793865536,0.00019919650908017803,-2.4258398159347273e-05,0.0004677868780294035,0.0015918668879910155,31.726669257119166
1781506138.6799307,-0.004007905662354571,0.8246134231887431,0.30515783581954237,-0.04998326820551687,0.01997641075181722,-0.07671741828544437,-0.02978138960252108,0.8331553373590663,0.30502926111037537,-0.04909016110065721,0.019854215311834622,-0.07646812085648082,0.003350106314005946,-0.0037538672536123916,0.0038059442288096656,-0.004561212796301707,0.002206877932733472,-0.002346608121241404,0.12007658418021913,-0.02891767801940086,-0.0003924320217448023,-0.0028624171625806316,-0.0043461955407089565,0.001979817590409508,27.152408798539902
1781506138.6899302,-0.0028644801390068867,0.8236449908261266,0.3051165587347846,-0.050102423205881576,0.019938100126647873,-0.0766021594320649,-0.02978138960252108,0.8331553373590663,0.30502926111037537,-0.04909016110065721,0.019854215311834622,-0.07646812085648082,0.002497371382546445,-0.0036382373078249625,0.003220077951207738,-0.005389160687572133,0.0014851511469570226,-0.0008549145371557329,0.11737347461518231,-0.03449383338202975,-0.004087915414338839,-0.009639780126003769,0.0008887386074109388,0.0016097096522700621,28.54775520279739
1781506138.699931,-0.0017073064115136663,0.8226810780213539,0.30508234939375445,-0.05019768181617361,0.019904561397094067,-0.0765043624453617,-0.02978138960252108,0.8331553373590663,0.30502926111037537,-0.04909016110065721,0.019854215311834622,-0.07646812085648082,0.0017811744421970485,-0.0034993125308751837,0.002708958575380417,-0.005862003942979648,0.0009037003416380704,0.000286143038584421,0.1210510380747985,-0.0385267530380073,-0.001428641493431256,-0.009318836774938591,0.0014954587567329867,0.0013116181675865727,29.96443014734458
1781506138.7099326,-0.0006442418687699934,0.8215958842403727,0.30506303766281756,-0.05027242756226647,0.019875514370141456,-0.07642232633956628,-0.02978138960252108,0.8331553373590663,0.30502926111037537,-0.04909016110065721,0.019854215311834622,-0.07646812085648082,0.0011836614778464758,-0.003343447606860192,0.0022643204069974572,-0.006055834823232448,0.0004432776828272058,0.0011332518922870455,0.1278998692413191,-0.04071775674524215,0.0012904774909765686,-0.007030440892947198,-0.0005113661476501241,-0.00036955677721298266,31.34637898254291
1781506138.7199311,0.0004296435118036329,0.8205137603493025,0.3050493331239428,-0.050329757196541924,0.019850626571511265,-0.076354345159246,-0.02978138960252108,0.8331553373590663,0.30502926111037537,-0.04909016110065721,0.019854215311834622,-0.07646812085648082,0.0006889959190149792,-0.003175958554429512,0.0018786855841623753,-0.006035304388335667,8.614648925115668e-05,0.001736930861379284,0.1269731788061457,-0.04276838717999443,-0.0008947357764608256,-0.011060087549525097,-0.003569659673654813,-0.0011201216304795195,32.749296084257196
1781506138.729932,0.00037101595592614335,0.8205112618805152,0.3050150411974419,-0.05037246783347159,0.01982953540281729,-0.07629875591053915,-0.023499528852939988,0.8312727781251564,0.30498073717905094,-0.04947757123635192,0.01978681088606904,-0.07645818121005525,0.0002831614110376346,-0.0030012602201431727,0.0015453034478082831,-0.005854721421929059,-0.0001838116461676227,0.0021416944354113064,0.12282613445954245,-0.04514059511252295,-0.0002437460579751996,-0.008919705329887367,-0.0021149773937745365,-0.0023037544508066384,26.184237970990136
1781506138.7399342,0.0014628062964964486,0.81943361479013,0.3050106415151008,-0.05040305550634619,0.01981186555579484,-0.07625397331022282,-0.023499528852939988,0.8312727781251564,0.30498073717905094,-0.04947757123635192,0.01978681088606904,-0.07645818121005525,-4.621957891721886e-05,-0.0028229880732129416,0.001258092655481038,-0.005559158939355365,-0.00038106102026680736,0.0023863399920394128,0.12052443719120295,-0.04894984961231268,0.002655667865908707,-0.00488853655479799,0.002249109880031793,-0.0025503846301963085,27.627610444183166
1781506138.7499316,0.0026268116504885555,0.818277948433784,0.30509269980408993,-0.05056824646191542,0.01985082632720947,-0.07636865514854234,-0.023499528852939988,0.8312727781251564,0.30498073717905094,-0.04947757123635192,0.01978681088606904,-0.07645818121005525,6.97417818500265e-05,-0.003109826609556879,0.0015970873346443561,-0.006730870791166296,0.00014840606372361266,0.0008971582345956872,0.12252422288709938,-0.05425920288629758,0.004114206720719208,-0.002245859011165206,0.004463756474406752,-0.0020139045043571567,29.17985268020165
1781506138.7599413,0.0036685878584452464,0.8170218083502527,0.30517486699001534,-0.05070102565828587,0.019883407409136078,-0.07646593249943685,-0.023499528852939988,0.8312727781251564,0.30498073717905094,-0.04947757123635192,0.01978681088606904,-0.07645818121005525,0.00016194874981194195,-0.003300688224870034,0.0018489864437539125,-0.0074245498700995565,0.0005410970055775366,-0.00024318011983118833,0.12473265596070221,-0.0588511606953681,0.0033095446372729317,-0.0016681901475582434,0.0003942106806311685,0.00011469874792730851,30.679543535590184
1781506138.7699435,0.004707367269679178,0.8157767807028329,0.3052498127726664,-0.05080588466704238,0.019910319031071877,-0.07654750551203801,-0.023499528852939988,0.8312727781251564,0.30498073717905094,-0.04947757123635192,0.01978681088606904,-0.07645818121005525,0.0002339179730674872,-0.003412083734258638,0.0020277757500391917,-0.0077410679631061685,0.0008205467958371234,-0.0010909309512259647,0.12761790884723673,-0.06388144735873251,0.005226463454012025,0.00036360777411131515,-0.002596027649404531,0.002311445738058129,32.184271417261655
1781506138.7799273,0.005743536153591113,0.8145413871277474,0.3053184244137684,-0.05088695324668377,0.019932247964825844,-0.07661507817169697,-0.017180059626119293,0.8284338273073499,0.30510300460624457,-0.04970608774662568,0.019826321670469493,-0.07643328241118456,0.00028872895507153713,-0.0034582744930655713,0.0021456090273844395,-0.007766328646379182,0.001007491734229312,-0.0016962530078497978,0.11621459789562415,-0.06143518536169808,0.002927390950879747,-0.003197519566405314,0.0025759914298864994,0.00121290357456207,26.805550606336478
1781506138.789894,0.005678804616901951,0.8144325162968216,0.3054001033076413,-0.050474285549192796,0.019961963688934325,-0.07667743861843547,-0.017180059626119293,0.8284338273073499,0.30510300460624457,-0.04970608774662568,0.019826321670469493,-0.07643328241118456,-0.00016283009678920142,-0.003928993416616307,0.0024319213969018114,-0.0023998165527266994,0.0012564246066283503,-0.002174383692632813,0.11076275056463694,-0.06371260935169536,-0.00021915722428184203,-0.008201881444954352,-0.000346694263749421,-0.0002932174761985792,26.807697628345295
1781506138.7999456,0.006645987040635755,0.8131505873549634,0.3055021429996629,-0.050124952348794674,0.019985930264104335,-0.07672782471194657,-0.017180059626119293,0.8284338273073499,0.30510300460624457,-0.04970608774662568,0.019826321670469493,-0.07643328241118456,-0.000523266357733631,-0.004257089594848371,0.002630950366981697,0.0016868191295563214,0.001408597844463678,-0.002473084550412121,0.10970440948857992,-0.06619511644670052,-0.00218802672925859,-0.010663019109828874,0.0009968345936093928,0.0017982821517972683,28.30931356754725
1781506138.8099334,0.007491054550928423,0.8117838105229673,0.3055999774536524,-0.04983263542366544,0.02000492744833604,-0.07676786239530556,-0.017180059626119293,0.8284338273073499,0.30510300460624457,-0.04970608774662568,0.019826321670469493,-0.07643328241118456,-0.0008059845951470571,-0.004466534750485131,0.0027573886681950223,0.004702624168302069,0.0014840949170660037,-0.002629175329517891,0.11487170997107915,-0.06755827303431115,0.0031463718344644366,-0.006358085598510397,-0.0007436855693455735,0.0014351272512893457,29.76800153971052
1781506138.8199313,0.008343112913931156,0.8104302846837625,0.30568730092645024,-0.0495910401399454,0.020019676875891568,-0.07679905253633301,-0.017180059626119293,0.8284338273073499,0.30510300460624457,-0.04970608774662568,0.019826321670469493,-0.07643328241118456,-0.0010227305626726222,-0.004578076167879248,0.002823951027662099,0.006833541159402335,0.0015000655509806605,-0.002674145734845794,0.11461534016039966,-0.07120993084408522,-0.0008355939189038341,-0.011988952695995717,-0.00043080483253581965,0.0021220267450005608,31.23941877977756
1781506138.8299286,0.009201309596663968,0.8090881952943435,0.3057656097600654,-0.04939406182164425,0.02003083663469729,-0.07682276132283777,-0.011401237073235815,0.8250509261889242,0.3051164493987091,-0.050141433475729885,0.019744851173770117,-0.07638817443753754,-0.0011837693716366883,-0.004609609749668201,0.0028416031759345866,0.008243112458549102,0.001470991122055379,-0.002634630315495666,0.1075231295596194,-0.06669649347865796,0.003702208394451106,-0.0042279020885093825,0.0019628076697419702,-0.0012415539090248904,26.070963082957924
1781506138.839935,0.010064882768199609,0.8077559392625072,0.3058362298148706,-0.049235905207401655,0.020038998958033183,-0.07684021674564276,-0.011401237073235815,0.8250509261889242,0.3051164493987091,-0.050141433475729885,0.019744851173770117,-0.07638817443753754,-0.0012980474440818382,-0.004576515626543944,0.002819767849134727,0.009073620045003773,0.0014089567369185492,-0.0025328970765144516,0.09911962608141141,-0.06551767927002787,0.0003743987722157759,-0.005354152951638274,0.0012547023976050827,-0.0016055157600508478,27.57587637191773
1781506138.849934,0.010696676855650896,0.8064095999604599,0.3058067048213331,-0.04945420576186873,0.020005412477562823,-0.07675501301163187,-0.011401237073235815,0.8250509261889242,0.3051164493987091,-0.050141433475729885,0.019744851173770117,-0.07638817443753754,-0.0019744495595894205,-0.004107376986061324,0.002179426919911778,0.005681264175975206,0.0008428566030334759,-0.0013456094340035018,0.09614720941271339,-0.06765043067366722,0.0013434382563854003,-0.0020323059919472967,0.004322281243859499,-0.0029068596331588226,28.918736073918872
1781506138.8599312,0.011346965400574345,0.8050612827263463,0.30578749210361417,-0.04964300923792752,0.019976467382543328,-0.07668207075698505,-0.011401237073235815,0.8250509261889242,0.3051164493987091,-0.050141433475729885,0.019744851173770117,-0.07638817443753754,-0.002492428737498773,-0.003678720443760384,0.00163776286148327,0.0029839743050767346,0.00039563384305528227,-0.00041918070164498203,0.10203526528905327,-0.07494741123079701,0.001328798180943377,6.968858425962629e-06,0.004357110178049492,-0.004324073248899016,30.290540765431263
1781506138.8699362,0.012013408594712746,0.8037109958601234,0.3057774388192226,-0.049804543146213076,0.019951789922413532,-0.07662031304790876,-0.011401237073235815,0.8250509261889242,0.3051164493987091,-0.050141433475729885,0.019744851173770117,-0.07638817443753754,-0.002876666912239099,-0.003287993356672624,0.0011821773793111933,0.0008813062637856423,4.9721533922343316e-05,0.0002864360626462988,0.10587580299645222,-0.07971609270638945,0.002441958778649308,0.0026794261194109928,0.0009033114561832565,-0.0032790094353915148,31.687145109771
1781506138.87993,0.012693918922200405,0.8023587744150025,0.3057754917131025,-0.04994122298068192,0.019930983583730688,-0.0765686267173946,-0.006183318923628112,0.8214277834238519,0.3052459293991538,-0.05017106505254995,0.01994733694792261,-0.07662465186461306,-0.0031486727124287353,-0.002932665926844828,0.0008014661978102901,-0.0007182758575853226,-0.00021081525784261975,0.0008072909932061439,0.10450099353671541,-0.08152119583674443,0.0036103758838920393,0.006227987437486184,0.003054956119689095,-0.006087823309854091,26.837616315759426
1781506138.88989,0.012633537114093263,0.8023814814226219,0.30573184424119504,-0.05005553896644274,0.019913645662174018,-0.0765259019090522,-0.006183318923628112,0.8214277834238519,0.3052459293991538,-0.05017106505254995,0.01994733694792261,-0.07662465186461306,-0.003327134785812552,-0.002610258750797811,0.0004856860919328916,-0.001897127700878167,-0.0004002526157021332,0.001175452736344508,0.09895251112709033,-0.08278629559870546,0.006362026004915454,0.009540956464565327,9.249370023540724e-06,-0.005269403509730013,26.778196434788256
1781506138.8999355,0.013231715687202914,0.8008912020873264,0.30585262543968234,-0.05025415938390438,0.020026198699005127,-0.07650091695465026,-0.006183318923628112,0.8214277834238519,0.3052459293991538,-0.05017106505254995,0.01994733694792261,-0.07662465186461306,-0.003148747398575303,-0.0027198856726253387,0.0009463032866021149,-0.0038639068386650778,0.0008567968537463726,0.0013811101380586158,0.09230581451447026,-0.08731222016293619,0.005039703880666407,0.008522178700217781,-0.0016013042987031512,-0.0020836505514310122,28.26769926996334
1781506138.9099464,0.013832749172596439,0.7994084504231719,0.30596434742983103,-0.05041769097259251,0.020120020473552325,-0.07648114553167772,-0.006183318923628112,0.8214277834238519,0.3052459293991538,-0.05017106505254995,0.01994733694792261,-0.07662465186461306,-0.002965644966673258,-0.00277342750909817,0.0013040837805748287,-0.00523177626144998,0.0017752157345089328,0.0014974093932064243,0.08904827666931883,-0.08907680077800605,0.005970322056169633,0.009933885669601,-0.0016559469720319187,0.0029920787273774486,29.7659223323306
1781506138.919936,0.014436120150131326,0.7979321828456389,0.30606810042122784,-0.05055045602331723,0.02019723815284613,-0.07646581798716318,-0.006183318923628112,0.8214277834238519,0.3052459293991538,-0.05017106505254995,0.01994733694792261,-0.07662465186461306,-0.0027810775172303318,-0.0027812673153596082,0.0015747762899982801,-0.00611346207945298,0.0024147687559840196,0.0015435692100723049,0.09311330464694006,-0.09559888589280777,0.003288620409023949,0.00261873857601281,0.0012381685625306462,0.0009185442728682693,31.27108056075034
1781506138.9299388,0.015041382772393063,0.7964614801328884,0.30616484867736904,-0.05065653507722323,0.020259900387477048,-0.07645423685727201,-0.0013744087072988243,0.8169212560509673,0.305519368742632,-0.049794632513585,0.020038982934009297,-0.07670725211095815,-0.002597672648026289,-0.0027523194204468592,0.001772126954572584,-0.006606733959911817,0.002827869381660267,0.0015359101715137129,0.09298442343859124,-0.09651527456202011,0.0044710200809253645,0.0008151720719355268,0.0005562869084825005,-0.0011191762265889767,26.239231788847672
1781506138.939934,0.015542436108353333,0.7948883754509637,0.3062953223701403,-0.05050095432903134,0.02035238862079436,-0.07647449112894042,-0.0013744087072988243,0.8169212560509673,0.305519368742632,-0.049794632513585,0.020038982934009297,-0.07670725211095815,-0.0021060866595297868,-0.0030238646138462557,0.002103069746698563,-0.004182579544319832,0.0035388704933124572,0.0011985510571601717,0.08713730043616637,-0.09577266749371155,0.0028743477326261474,-0.0030866663082484962,0.0005037577934578251,-0.001218098445116817,27.789018875860247
1781506138.9499333,0.01593039448684082,0.7933041067690094,0.3064416037025711,-0.05017813707273089,0.020274017833136426,-0.07641177797628401,-0.0013744087072988243,0.8169212560509673,0.305519368742632,-0.049794632513585,0.020038982934009297,-0.07670725211095815,-0.0023691476613874104,-0.0033833718895514963,0.002433694524615931,-0.00021560378739523666,0.0022638586525572614,0.001708330810945651,0.08115412261483633,-0.0950985048794893,0.0033280812309346196,-0.005118883666309125,0.00590026504418386,-0.0009703594942490605,29.292942343088793
1781506138.9599361,0.016328720305691696,0.7917331274921396,0.3065737903571022,-0.04990645662039853,0.020205928346488156,-0.07636050986494235,-0.0013744087072988243,0.8169212560509673,0.305519368742632,-0.049794632513585,0.020038982934009297,-0.07670725211095815,-0.0025503064647185865,-0.0036291039214029976,0.0026682738391535154,0.0027626059738501524,0.0012465416914358618,0.0020435624683050285,0.0791127390922734,-0.094798562047229,0.006509891227384866,-0.0007995241412049603,-0.0002133214789607485,0.0024540392729257617,30.805103507173598
1781506138.9699569,0.01673601827055445,0.7901736671218474,0.30669375415606087,-0.04968052681523952,0.02014741014899757,-0.07631921809268447,-0.0013744087072988243,0.8169212560509673,0.305519368742632,-0.049794632513585,0.020038982934009297,-0.07670725211095815,-0.002663420915960382,-0.003780386567716838,0.0028227780761702617,0.004918448209373493,0.00045016000056929473,0.0022388267561242016,0.07707828803834993,-0.0972267400538083,0.006571209576869462,-0.002441598309368742,0.00093371053330496,0.00306532863989171,32.32337018227843
1781506138.9799268,0.016991422625705615,0.7885855078669739,0.3068088201700535,-0.049495059887892184,0.02009766830768278,-0.07628652943727304,-0.0013744087072988243,0.8169212560509673,0.305519368742632,-0.049794632513585,0.020038982934009297,-0.07670725211095815,-0.002720477913215139,-0.0038539308783140393,0.002911042465206685,0.006399109364747351,-0.00015887838632542054,0.0023238671898921813,0.07534914405891399,-0.09714160183985618,0.006746102292538653,-0.002799362736303221,-0.001829263061088826,0.0020236611911905508,33.79173080330059
1781506138.9899573,0.016962414269758554,0.7885473444582258,0.3068481493091086,-0.049344986502047966,0.02005586618163102,-0.076261179859857,0.0025583378636970244,0.8122990119638869,0.3057575237277983,-0.049938988663223466,0.02007396264123429,-0.07665404501587136,-0.0027318105213222626,-0.0038641370589877367,0.0029450128832285054,0.00733335224115513,-0.0006108721108171412,0.0023239882458663255,0.07241888354083595,-0.10167988291639633,-7.056354153901968e-05,-0.00934929376125037,0.00014868852945273958,0.0018121213358347314,27.799435076449694
1781506138.9999335,0.01711548164954646,0.787156508789397,0.30681475965158905,-0.04922136977629123,0.02003174906209293,-0.07630461423545058,0.0025583378636970244,0.8122990119638869,0.3057575237277983,-0.049938988663223466,0.02007396264123429,-0.07665404501587136,-0.0034470486485643397,-0.0026345186739219883,0.0020919735174714134,0.007891815777394555,-0.0007837141440175527,0.0015838077403051562,0.06941867611154846,-0.10484388013997191,0.003679687424687404,-0.0018378921763737577,0.001726708041537435,0.001245632022306075,29.071870405594492
1781506139.0099285,0.01728992175882762,0.7857456108632399,0.3067939126368798,-0.04912467294737002,0.020012113780393248,-0.0763426363275326,0.0025583378636970244,0.8122990119638869,0.3057575237277983,-0.049938988663223466,0.02007396264123429,-0.07665404501587136,-0.003977545008354535,-0.001614032019957822,0.001380668988020446,0.008094229860676755,-0.0008917916220708905,0.0009858659329995893,0.0677206573033535,-0.1141743161252034,-0.0003759519360935097,-0.0068987706976594565,0.0024459510933217705,0.0044355224929711065,30.383824249787548
1781506139.019935,0.017482992836607016,0.7843169711143742,0.30678427918721096,-0.04905079320833644,0.019996373668985656,-0.07637556183826838,0.0025583378636970244,0.8122990119638869,0.3057575237277983,-0.049938988663223466,0.02007396264123429,-0.07665404501587136,-0.0043530137095599145,-0.0007743613071356475,0.0007921583305556927,0.008024328342387727,-0.0009483785226145,0.000510865185206797,0.07081275423866118,-0.11946453065552853,0.0034343332909627924,-0.0003114203915059882,0.00194822956896277,0.003659547051806631,31.730019901311746
1781506139.0299344,0.01752943534916946,0.7828509247131001,0.3067895342184149,-0.04899603189254906,0.019983982600588535,-0.07640376699146284,0.0025583378636970244,0.8122990119638869,0.3057575237277983,-0.049938988663223466,0.02007396264123429,-0.07665404501587136,-0.004599272798874167,-9.048425791455738e-05,0.00030968032439940144,0.007752303977396785,-0.000964831608653224,0.0001409814161524862,0.07077801320566356,-0.12032944857014514,0.00615726962212598,0.0054535599970343815,-0.0028413751716281988,0.0023963790666292947,33.05130327690892
1781506139.0399487,0.017589913642959126,0.7813710977126601,0.3068036872323423,-0.048957094380895155,0.019974439783766007,-0.07642766302002399,0.006494306618910595,0.806126580027851,0.3055201686659976,-0.050578595225301504,0.02010051742499197,-0.0764965839658805,-0.004738685528011252,0.0004596604042358645,-8.156402976624877e-05,0.0073362823185973555,-0.0009507598763442646,-0.00014001752841590634,0.06781976227394686,-0.11791991021038661,0.005841442057105759,0.006828503483932622,-0.007484892353412887,0.0006549921133340897,27.15867853559879
1781506139.0499308,0.01766251792869375,0.7798791609774541,0.3068257420362928,-0.048931078975154224,0.01996729210076742,-0.0764476760973091,0.006494306618910595,0.806126580027851,0.3055201686659976,-0.050578595225301504,0.02010051742499197,-0.0764965839658805,-0.004790558366921801,0.0008954774049560773,-0.00039461099428408436,0.006823756356387225,-0.0009141994573345044,-0.00034672674860741103,0.061100549239070975,-0.1166024378882025,0.009574855316836979,0.01358990736884345,-0.0010229615817707316,0.0018461014276732624,28.554517549633502
1781506139.0599334,0.01782648726971468,0.778168703162938,0.306929395696826,-0.04911038237655332,0.020097253082074884,-0.07636223981838353,0.006494306618910595,0.806126580027851,0.3055201686659976,-0.050578595225301504,0.02010051742499197,-0.0764965839658805,-0.004246676196623191,-0.0001377288891696287,-0.00010221575892150177,0.004102543952884969,0.0005568569070358516,0.0006920140357136646,0.06042037804356073,-0.11829868969863086,0.00818192326646273,0.01330246923038837,-0.002376611367690157,0.001622026392228265,30.200117846136205
1781506139.0699272,0.01785975712206796,0.7780423638256727,0.3069576788162742,-0.049264963364696546,0.020206034301638587,-0.07629101114028453,0.006494306618910595,0.806126580027851,0.3055201686659976,-0.050578595225301504,0.02010051742499197,-0.0764965839658805,-0.0037562524928246156,-0.000965413998219326,0.00013380646339975966,0.0019513355717423369,0.0016438499166933638,0.0014513367079644149,0.05834314044806864,-0.1145769256473346,0.011997252637320925,0.017744145461689398,0.003268297103293738,-0.001614085173166387,30.330893495948327
1781506139.079936,0.017854469797675077,0.7763665244242081,0.3070578143801733,-0.049396791145629275,0.020295965982586983,-0.07623237366133459,0.006494306618910595,0.806126580027851,0.3055201686659976,-0.050578595225301504,0.02010051742499197,-0.0764965839658805,-0.0033149579769947736,-0.0016176246068813475,0.00032158330311909717,0.00028609593108502277,0.0024133175239602197,0.0019805232097615667,0.05443909585787161,-0.11325852074710521,0.00662679389364423,0.00938598669206165,-0.0076777520550526945,-0.0023998584531800195,31.891669309122058
1781506139.08996,0.01784684510728094,0.7747067791402426,0.3071548802227464,-0.04950796360619506,0.020369310559640752,-0.07618477233440965,0.009464227117857271,0.8003317926837116,0.30633439525330325,-0.04946120842156031,0.020068444395345164,-0.07650209265445128,-0.0029186947038631716,-0.002120704827036502,0.00046825072173115235,-0.0009694419591149768,0.0029238073553941573,0.0023227965137434877,0.047227583869706095,-0.10933058712384572,0.008256212148560458,0.011371120409874539,-0.00430764735717179,-0.0037118466101780188,26.973742770417722
1781506139.099933,0.017759224497704045,0.7731375176825159,0.30728774398744224,-0.04916300890103761,0.02014197253230532,-0.07619210134346374,0.009464227117857271,0.8003317926837116,0.30633439525330325,-0.04946120842156031,0.020068444395345164,-0.07650209265445128,-0.00306976844585882,-0.0019960801901380185,0.0007134900655123207,0.0029040823941582235,0.00012999816661382266,0.001866967578818074,0.038213220179406884,-0.10571366966232758,0.012486887284242609,0.017361487996762053,-0.003406900616539088,0.001301021520694833,28.44722215228059
1781506139.1099315,0.017680553280296003,0.7715693964036759,0.30741093688559024,-0.04887557425570696,0.019950557060376406,-0.07620002938565906,0.009464227117857271,0.8003317926837116,0.30633439525330325,-0.04946120842156031,0.020068444395345164,-0.07650209265445128,-0.0031521493068219853,-0.0018707425147265048,0.0009013209830513056,0.005726871121777592,-0.0019668989423728784,0.0014743586908024266,0.03360174881678248,-0.10695073052304838,0.009718409790292395,0.01111282647489043,0.002508552792024229,0.0016517657529387794,29.93229689254451
1781506139.119936,0.01765725221705709,0.7715935840046193,0.3079504691672115,-0.04863910451125009,0.019791297567266275,-0.07620817762551424,0.009464227117857271,0.8003317926837116,0.30633439525330325,-0.04946120842156031,0.020068444395345164,-0.07650209265445128,-0.003178341517968794,-0.0017464205867519563,0.00104068594883228,0.00768511654181776,-0.0034842175313444888,0.0011398571322656364,0.03532688561231972,-0.11381835282074242,0.001440625749467634,0.00016072861717191065,0.004469485711078374,0.0004673933780312911,29.92694426857489
1781506139.1299345,0.017640503743752544,0.7716183623234444,0.30848337653182745,-0.048447293328705766,0.019660491348172826,-0.07621625864174779,0.009464227117857271,0.8003317926837116,0.30633439525330325,-0.04946120842156031,0.020068444395345164,-0.07650209265445128,-0.0031590951076576235,-0.0016244893586097725,0.0011393778541080213,0.008941990025785856,-0.004525738375623983,0.0008580435857284955,0.03694304786842521,-0.11590440309909776,0.0036202353125253674,0.0018121085661711128,-0.003507473521342131,0.0022130480864759844,29.932101547544608
1781506139.1399603,0.017629386670660215,0.7716436217615994,0.3090105147377935,-0.04829419334504484,0.019554585025000293,-0.07622406109311637,0.011327387395162203,0.7948612468297628,0.30667856414282274,-0.049020629628267254,0.020175458771273247,-0.07646739310106554,-0.0031036156635141075,-0.0015060223125745687,0.0012041679917313868,0.009638947944723997,-0.005182246311572866,0.0006234168433002737,0.03409271987626876,-0.11838670473483734,0.0032851675418620824,7.376586325586864e-05,-0.0009625596174638457,0.0041302267642154234,24.170463426495793
1781506139.1499422,0.01755822692851321,0.7716964527275756,0.30943818890748304,-0.04830116367455686,0.019541662942025084,-0.0762413005989952,0.011327387395162203,0.7948612468297628,0.30667856414282274,-0.049020629628267254,0.020175458771273247,-0.07646739310106554,-0.003435385472451968,-0.0012130400143250666,0.0006615194399552693,0.00851424925343043,-0.004748335524344112,0.0003606066444721063,0.03205780989740121,-0.124644750618655,-0.004049411372102151,-0.009768457246826484,-0.002515443577202072,0.0032908681734369833,24.146357404975657
1781506139.1599314,0.01755366262891417,0.7717469510497419,0.30984793102804536,-0.04814335399578356,0.019579731986911098,-0.07602659720246085,0.011327387395162203,0.7948612468297628,0.30667856414282274,-0.049020629628267254,0.020175458771273247,-0.07646739310106554,-0.0033243419539930458,-0.0010430758522731128,5.8185780321762704e-05,0.00926174487008988,-0.003927563401119474,0.002681972991322073,0.03288477750217275,-0.12709631311125424,-0.002041364465583154,-0.007933357096078297,-0.0005906262421965097,0.0024214756222077256,24.147092146796275
1781506139.1699314,0.017541620101479298,0.7717704624001688,0.3097708802699044,-0.048019166776009196,0.019615217810991847,-0.07584864618567937,0.011327387395162203,0.7948612468297628,0.30667856414282274,-0.049020629628267254,0.020175458771273247,-0.07646739310106554,-0.003193076410621382,-0.0008934163559341972,-0.00042689155655016207,0.009568341215967367,-0.0032050055351113688,0.004347841709330842,0.03412468434891014,-0.12553103324182227,0.0027338848527706018,-0.002906048501808098,-0.005341529580997817,0.0018176479342339883,24.11147927299466
1781506139.1799588,0.017544607864191857,0.7718138413170813,0.310204215687317,-0.047923572683148376,0.019647802359322952,-0.07570310327996112,0.011327387395162203,0.7948612468297628,0.30667856414282274,-0.049020629628267254,0.020175458771273247,-0.07646739310106554,-0.0030472404362780993,-0.0007619532378786564,-0.0008108894700043466,0.009536183666646445,-0.0025758329778883078,0.00547697878858361,0.032716144863077924,-0.11335292395152632,0.010624937610663063,0.004617517589683346,-0.009395596649764873,7.061053887962541e-05,24.130208246919384
1781506139.1899436,0.01755047973311444,0.7718542401412516,0.31064728530884905,-0.04785202050878472,0.019677325178213856,-0.07558582655252355,0.012978632918454136,0.7888007788491027,0.30682482447560055,-0.04910337909311709,0.01998078666226366,-0.07635889956089208,-0.0028915556010027698,-0.0006467634549710503,-0.0011088778926049213,0.00925108158240114,-0.0020338667566578037,0.006173060902314098,0.027455457228707424,-0.1007362204952485,0.016636439108022278,0.011622085285609377,-0.0036844095468024154,-0.0015207184191465034,17.963801498990538
1781506139.1999373,0.017577033021203982,0.7718004665908064,0.311285253581885,-0.047713417544090087,0.019865242159938346,-0.07575525414441454,0.012978632918454136,0.7888007788491027,0.30682482447560055,-0.04910337909311709,0.01998078666226366,-0.07635889956089208,-0.0026051562455599586,-0.0010326272302913608,-7.454954408894505e-05,0.009790705277775187,0.0003256605861573403,0.003749843803017435,0.022964781785776475,-0.08823509527324654,0.022531902770933986,0.018519108193246696,-0.0013394309514100644,-0.00024169916172452023,18.167314831772483
1781506139.2099314,0.017600261939146593,0.7717570358060609,0.31195025215771205,-0.04751292244329857,0.020024460678069067,-0.0757948729282916,0.012978632918454136,0.7888007788491027,0.30682482447560055,-0.04910337909311709,0.01998078666226366,-0.07635889956089208,-0.00236318889985079,-0.0013753929253987997,0.0010558643283352994,0.010919173167670576,0.0020470437364917254,0.0029911753179594283,0.02059355231068874,-0.08490287444576979,0.02462620785581579,0.021889928726253595,-0.003921048942977866,0.002480626001376661,18.38800262798265
1781506139.2199442,0.017611445713606406,0.7717006883788164,0.31209207306942816,-0.04735437001767272,0.020156371757672265,-0.07583083291224448,0.012978632918454136,0.7888007788491027,0.30682482447560055,-0.04910337909311709,0.01998078666226366,-0.07635889956089208,-0.0021390000080614064,-0.0016331283981329526,0.001949951363201694,0.011465833487945703,0.0032807409157926664,0.0023407923706192857,0.02151833316248389,-0.08212982139857908,0.02943012671502759,0.027887088123981555,-0.00672929817679762,0.0032198962151100186,18.48296394618787
1781506139.2299318,0.01763408998950094,0.771675964302709,0.3127123232325102,-0.04723158386816691,0.020264211462179604,-0.07586307247570401,0.012978632918454136,0.7888007788491027,0.30682482447560055,-0.04910337909311709,0.01998078666226366,-0.07635889956089208,-0.001931923882665442,-0.0018193381210579447,0.0026429925671000425,0.01156159523594923,0.004115272819114835,0.0017893623492929076,0.020889834976049234,-0.0768253856469912,0.028700688692135285,0.025621113889451895,-0.0056195950984012834,0.003501893024545487,18.6974649458516
1781506139.2399447,0.01765634304640398,0.7716588640828399,0.3133142753672922,-0.047138957088574546,0.020351063263418956,-0.07589164581914884,0.014129003016489672,0.7843986516480008,0.30807525111869494,-0.048021315883101386,0.019830427646276405,-0.07625084454799501,-0.0017412092914627674,-0.0019457694260625136,0.003165858039728147,0.011316887996932423,0.004627888508341425,0.001327180146964245,0.01925931175735806,-0.07040599635281873,0.0242689160323493,0.01709956641905379,-0.0028557052883085576,0.0039015758852462058,14.219412434044349
1781506139.249933,0.017678144136965068,0.7716484208886917,0.3139002467217093,-0.047071463018801094,0.02041981197868825,-0.07591669273130408,0.014129003016489672,0.7843986516480008,0.30807525111869494,-0.048021315883101386,0.019830427646276405,-0.07625084454799501,-0.0015660458481605926,-0.0020226102090525632,0.003545485767644917,0.010823773664468456,0.004885277757044389,0.0009445281889105727,0.013731512676399608,-0.06364532336622566,0.014741898242259535,0.0028410297589027372,0.0021227652535934943,0.007888835811430898,14.460130043807316
1781506139.2599401,0.017571426791571417,0.7719080143375883,0.314249171589539,-0.04694204920733123,0.020274313754747864,-0.0757193493142802,0.014129003016489672,0.7843986516480008,0.30807525111869494,-0.048021315883101386,0.019830427646276405,-0.07625084454799501,-0.002230544499553265,-0.0004434722157319491,0.002295031850013553,0.011011205848474113,0.0026643035576358006,0.0029184808402290497,0.016446271283202904,-0.0693163095080195,0.012122679624214719,-0.0034250839691116223,0.003612537507431718,0.006417112454015514,14.352128617310601
1781506139.2699342,0.017482626816134206,0.7721337828242812,0.31461822127335276,-0.04684339057200948,0.020149358137662388,-0.07555593406763318,0.014129003016489672,0.7843986516480008,0.30807525111869494,-0.048021315883101386,0.019830427646276405,-0.07625084454799501,-0.0027357229131289833,0.0008298366126648804,0.0012621206326512784,0.010850191759821453,0.0009273530113413412,0.004317703373416297,0.017381798230187363,-0.07186230987010017,0.013639631062232602,-0.0021753932303725824,0.0041386849258625135,0.006105201824567889,14.29979923975626
1781506139.279933,0.017409489619296812,0.7723298050431326,0.3150050322020718,-0.046770471016608965,0.020043218886973913,-0.07542241113666648,0.014129003016489672,0.7843986516480008,0.30807525111869494,-0.048021315883101386,0.019830427646276405,-0.07625084454799501,-0.0031066021936919683,0.0018414998824733632,0.0004169348884988758,0.010432517104340124,-0.0003994098309955136,0.005247976113861173,0.016786834128582576,-0.06780416950805707,0.016824611739489397,-0.0004503243679633993,0.004656909167693884,0.0033425749991326755,14.298269706036578
1781506139.2899342,0.017350007717394304,0.7724997431070324,0.31540749316071603,-0.046718828693825105,0.019954086262308435,-0.07531493887496729,0.014967127612747655,0.780915967196404,0.30887958231403656,-0.04794852399896775,0.019935776749159917,-0.0759487521897431,-0.0033649703188035683,0.0026303023215348293,-0.00026684052416527863,0.009833976543615126,-0.0013825307240879787,0.005801399003028303,0.015095475953625773,-0.06003338161914826,0.022263032838126837,0.0025249519260847147,0.004578289130266541,0.0014150470247895096,10.914420073363267
1781506139.2999332,0.017352297559960962,0.7726705568259091,0.31574061987659285,-0.046915381522345034,0.019855420655838785,-0.0751790131857686,0.014967127612747655,0.780915967196404,0.30887958231403656,-0.04794852399896775,0.019935776749159917,-0.0759487521897431,-0.0032104392971758957,0.0033538111119403202,-0.0013553988251121393,0.00658516135308644,-0.0023770401841490844,0.006599706011222449,0.013098798682837538,-0.04934413618800424,0.028144048789020038,0.007584127666043214,0.0036638924444955404,0.001339055300283693,10.988615212562602
1781506139.30993,0.01742446811730656,0.7727106291703557,0.3162714888770663,-0.0469055829743307,0.020088624824996737,-0.07534742901890144,0.014967127612747655,0.780915967196404,0.30887958231403656,-0.04794852399896775,0.019935776749159917,-0.0759487521897431,-0.002618668309299861,0.003316242303113431,-0.0009757803528753603,0.006009788533577169,0.0005117128395237588,0.004162297080434131,0.01095271158593126,-0.03977886334715824,0.03657975838898653,0.016706632472164102,0.002819734007353649,0.0019449289373346423,11.313990326742454
1781506139.3199327,0.01747780254562662,0.7727237389631447,0.3162993380978602,-0.0469029618738143,0.0202841178332287,-0.07549288399200264,0.014967127612747655,0.780915967196404,0.30887958231403656,-0.04794852399896775,0.019935776749159917,-0.0759487521897431,-0.002110429261407376,0.0032440629148231663,-0.0006586687073206639,0.005414226623712687,0.002662104737370021,0.002222029602347845,0.009626231332431893,-0.03328464288825227,0.03768070089631591,0.018479390860848807,0.0009136795400480913,0.0030470890168854256,11.334410789096252
1781506139.3299363,0.017536644915433525,0.7727558696146676,0.316823286872462,-0.04690578626606036,0.02044600392784801,-0.07561715368833268,0.014967127612747655,0.780915967196404,0.30887958231403656,-0.04794852399896775,0.019935776749159917,-0.0759487521897431,-0.0016756873170975348,0.003145013668685532,-0.00039575399060923916,0.004819827399048832,0.004200417042911004,0.0007073803920111239,0.00959426477569219,-0.03042933061705403,0.03859712728642477,0.019686770424468873,-0.0002877275903319517,0.002446652077705402,11.67441877884339
1781506139.3399415,0.01758985670447079,0.7727850355482916,0.3173443500939439,-0.04691261001131672,0.020578278308294395,-0.07572214817599075,0.015553254470698052,0.7788047286273772,0.3105124353975263,-0.047325773565057724,0.020087681303379012,-0.07582843066890527,-0.0013054554961887967,0.0030256490765766136,-0.00017967850973772676,0.004242560322754909,0.005238019661866269,-0.00044689496011224923,0.008885743538906508,-0.029878374923219136,0.03784848807316563,0.01580633548200025,-0.0004530862102462459,0.004090910201750847,9.330568677423972
1781506139.3499339,0.017638015669691712,0.7728117737075862,0.31786284340413185,-0.046922240748618414,0.020684745077567124,-0.07580982608821848,0.015553254470698052,0.7788047286273772,0.3105124353975263,-0.047325773565057724,0.020087681303379012,-0.07582843066890527,-0.000991701883504225,0.0028914883407193353,-3.942205621433262e-06,0.003693924160473414,0.005872061932232603,-0.001299549420204777,0.008222048448738905,-0.026278113258087765,0.03574225399321104,0.012153130860291695,-0.0016883238795249833,0.004650664206669177,9.7103159470249
1781506139.3599274,0.017607199110825696,0.7729259474127347,0.3185277963080571,-0.04668613907698953,0.020473340515167804,-0.07587113358145495,0.015553254470698052,0.7788047286273772,0.3105124353975263,-0.047325773565057724,0.020087681303379012,-0.07582843066890527,-0.0011911319146883455,0.00332976460627694,0.0009779811062535862,0.005882192128095014,0.0029571525399803037,-0.0019339614178687818,0.006956713324711056,-0.025323542170970385,0.03414012561676203,0.010116346878698949,-0.0008604523159767745,0.005654303769473418,10.150111707779734
1781506139.3699331,0.01758294829992484,0.7730253251770024,0.31916862873355617,-0.04649290701185874,0.020292913146396252,-0.07592082676334658,0.015553254470698052,0.7788047286273772,0.3105124353975263,-0.047325773565057724,0.020087681303379012,-0.07582843066890527,-0.0013361361387273685,0.0036394095271421395,0.0017538507652150137,0.00736080371679817,0.0006921662527551299,-0.002356278568635168,0.007029385194958395,-0.02654940518736215,0.028775394288002777,0.001046562408346681,0.0011739006337472442,0.004858852225514051,10.60428424521582
1781506139.379935,0.01756444053725955,0.7731118769462633,0.3197882445620773,-0.04633708770223043,0.020140631688381427,-0.07596045148799757,0.015553254470698052,0.7788047286273772,0.3105124353975263,-0.047325773565057724,0.020087681303379012,-0.07582843066890527,-0.001435611435235531,0.003841869142366311,0.002354475027268655,0.008267213101255382,-0.0010238562562385092,-0.002608142438590156,0.0068036548612468994,-0.026516832675464053,0.023708351913832727,-0.0045536710441326156,0.0035539641501328607,0.0031773578677025405,11.067703705586798
1781506139.389934,0.017550941044240168,0.7731873397854458,0.32038925963714776,-0.04621356779753548,0.020013605125739797,-0.0759914428320371,0.015932228729403253,0.7774833637533618,0.3120604027668951,-0.04703783039770057,0.020136405226259813,-0.07561945969352131,-0.0014972768780486922,0.003955717902982947,0.0028068064703290667,0.00872007457254104,-0.002281586936663846,-0.0027254138602930437,0.006937750007020561,-0.025386389531331367,0.02354027565568277,-0.005332230912122407,0.005224894326130061,0.001031335962714282,9.510305371346792
1781506139.399943,0.017530129681958533,0.7732310137793338,0.3204746532917161,-0.04611763139382166,0.019908976661210165,-0.07601511349897823,0.015932228729403253,0.7774833637533618,0.3120604027668951,-0.04703783039770057,0.020136405226259813,-0.07561945969352131,-0.0015278082216417723,0.0039969896691046045,0.003134360920925462,0.008820707952208654,-0.0031615078305141124,-0.0027386421388636926,0.007652164852951936,-0.024304999638363963,0.026700892518559286,-0.004214946342875836,0.004725247298416572,-0.001067336687982879,9.562184878480608
1781506139.4099488,0.017495018521782382,0.7734196057968975,0.32076665388263975,-0.04651067371605156,0.019830433955881244,-0.07595055203656059,0.015932228729403253,0.7774833637533618,0.3120604027668951,-0.04703783039770057,0.020136405226259813,-0.07561945969352131,-0.0017291769464970923,0.004757334771465726,0.0015715705587322642,0.003552983276250001,-0.003705920222045578,-0.0017753288707472144,0.008606021886658856,-0.024807926790158575,0.029198231855288453,-0.005547782178148486,0.00520067370792267,-0.0033438942920247477,9.7342307941766
1781506139.4199421,0.01746750484071634,0.7735822888897501,0.32108695277924704,-0.046844491409165925,0.01976786594262392,-0.07589474799825054,0.015932228729403253,0.7774833637533618,0.3120604027668951,-0.04703783039770057,0.020136405226259813,-0.07561945969352131,-0.0018689199248986045,0.005307439144270112,0.00029709101826877774,-0.0004911824224144538,-0.0040124111143229274,-0.001004874871739194,0.009312362080783001,-0.023890538063179683,0.03371414683350011,-0.001914974610845406,0.00497379453898795,-0.005556966977418141,9.952590765974557
1781506139.429948,0.01744659088597412,0.7737223461488124,0.3214322352372567,-0.047124796238990505,0.019718977233089907,-0.07584704072750383,0.015932228729403253,0.7774833637533618,0.3120604027668951,-0.04703783039770057,0.020136405226259813,-0.07561945969352131,-0.001957420723116911,0.005681797522860789,-0.0007297913850883547,-0.0035078810718331263,-0.0041322403929562315,-0.00040003339889383923,0.008474223882012426,-0.01951779300165126,0.038885767661083245,0.007958074586894966,0.0022737310962096767,-0.00601595926222547,10.211258003571771
1781506139.4399354,0.01743139131912029,0.7738427087441628,0.32179952823351177,-0.04735733269830835,0.019681673893478635,-0.07580671172840325,0.01634438997631088,0.776335959561627,0.3136754817864409,-0.047093798236309506,0.020342351427909522,-0.07579042090196156,-0.002003664279833955,0.00591032823486796,-0.001544897811423986,-0.005672161323209425,-0.0041089262095825915,6.414894539680672e-05,0.006438362452706095,-0.013544301854035259,0.04329414560549842,0.013709299530115791,0.0009966737903601944,-0.00416344899580951,8.567263403924285
1781506139.4499702,0.017485864648675367,0.7739009680410572,0.3222847343308394,-0.04755918485366186,0.019714236580274935,-0.07584701488232086,0.01634438997631088,0.776335959561627,0.3136754817864409,-0.047093798236309506,0.020342351427909522,-0.07579042090196156,-0.0016019916532067284,0.005757651821359885,-0.001523102919777446,-0.007247931563792286,-0.003284569897916655,-0.0003653444685358505,0.005274922188217842,-0.010416886388715681,0.04363548280221647,0.011491207496444068,-0.0028062195883914454,-0.001967358716271135,9.019499847892243
1781506139.45994,0.01752408064502781,0.7738668011199872,0.32298695326981536,-0.04714499558254823,0.0199455688293928,-0.07586749460973331,0.01634438997631088,0.776335959561627,0.3136754817864409,-0.047093798236309506,0.020342351427909522,-0.07579042090196156,-0.0013425603933002858,0.005064449550478878,-3.390591887162601e-05,-0.0019307394011561655,-0.0003923811857009154,-0.0004291843863323727,0.005221317100703694,-0.009389628908778166,0.04497024876360714,0.010245596753311997,-0.005637601191217417,-0.0009260657201786746,9.705251911695806
1781506139.4699507,0.017559405676613613,0.7738376816118677,0.32366057851820423,-0.0467948481217457,0.020140525442053026,-0.07588426744398574,0.01634438997631088,0.776335959561627,0.3136754817864409,-0.047093798236309506,0.020342351427909522,-0.07579042090196156,-0.0011172843395490315,0.004443793660068059,0.0011620110746626863,0.002106097768127089,0.0017853875918363046,-0.000465256432852773,0.005456172539467034,-0.01130033645445153,0.04156162475035045,0.0038976825227286143,-0.00676269041091071,-0.0006708255045253917,10.364352975893226
1781506139.4798703,0.017592095809356625,0.7738133088303509,0.3243090956254194,-0.04650226889307196,0.020302888880159076,-0.07589781795717963,0.01634438997631088,0.776335959561627,0.3136754817864409,-0.047093798236309506,0.020342351427909522,-0.07579042090196156,-0.0009222816446568961,0.0038892403965367127,0.0021073372695072706,0.005073110007100498,0.0033682518425795505,-0.00047953884403452625,0.004776808695049747,-0.011994247007502084,0.03466106495941579,-0.005451723633384037,-0.007044007521663956,0.0003129896191618693,10.999739989396977
1781506139.489944,0.017610461514444967,0.773771092968353,0.32443624359308604,-0.04626083181580308,0.02043638576161344,-0.07590859461510012,0.016606086316688418,0.7757833408884489,0.3157571429114017,-0.046810196688250316,0.0201132434374669,-0.07583478936794227,-0.0007540524716370671,0.0033947793000996336,0.002839517656155149,0.007157324236965514,0.004462045222249903,-0.0004771065309050652,0.004063234701501059,-0.009081778622166154,0.03377562393958642,-0.004138900436710828,-0.005613901726359759,0.0005717463480855258,8.965751495140381
1781506139.499953,0.0176385434631948,0.7737553891487476,0.3250434944837903,-0.04606432226869633,0.02054459878957804,-0.07591700682009603,0.016606086316688418,0.7757833408884489,0.3157571429114017,-0.046810196688250316,0.0201132434374669,-0.07583478936794227,-0.0006094479976112529,0.0029548239062341937,0.00339131284148147,0.008523037835858826,0.005159452974188759,-0.0004622188642577892,0.003268426321940476,-0.008146014159020649,0.033194897913291235,-0.00675223652441855,-0.003268318641535526,0.0013538543930926364,9.561112986673301
1781506139.5099611,0.017570403980467744,0.7738317654481568,0.3254400748788596,-0.04623371531987683,0.02038455828714092,-0.07591083953953114,0.016606086316688418,0.7757833408884489,0.3157571429114017,-0.046810196688250316,0.0201132434374669,-0.07583478936794227,-0.0010722864711321131,0.0030934629362883398,0.0024518444469872345,0.005742078873394585,0.002847617131188997,-0.0004250902806300141,0.0031908923946380543,-0.008812739080304825,0.031760530728604075,-0.011187466454522826,-0.001832732409440008,0.0015983284355043335,9.924602094907698
1781506139.5199332,0.017514109046039904,0.773898966128841,0.32584989825490474,-0.04638145207615308,0.020247357263283527,-0.07590511787100189,0.016606086316688418,0.7757833408884489,0.3157571429114017,-0.046810196688250316,0.0201132434374669,-0.07583478936794227,-0.001430253813263626,0.0031655613110933628,0.0016665970835901271,0.00350122750761663,0.001037486203760942,-0.00038561514900371655,0.004016989988850635,-0.010620628406726439,0.030652210083743758,-0.01305982349123986,0.0007650737569184113,0.00010018708279173989,10.307234543536634
1781506139.5299401,0.01746819868931012,0.7739582126983553,0.3262714400216621,-0.046508918638891915,0.020131024680567045,-0.07589989002138639,0.016606086316688418,0.7757833408884489,0.3157571429114017,-0.046810196688250316,0.0201132434374669,-0.07583478936794227,-0.0016994976169491392,0.003183329074699247,0.001015104104919801,0.0017263978701602953,-0.00034718508266737996,-0.00034546740099299566,0.0041682126797782295,-0.009899589681626832,0.030362974693358205,-0.0108943133165529,0.002230449038382017,-0.000630886861340675,10.706296015715763
1781506139.5399356,0.017431367518144385,0.7740105892186847,0.3267033398328075,-0.04661770838050803,0.020033512450631452,-0.07589517813459495,0.01678100851582026,0.7753173961209143,0.31736163767367204,-0.047310508839531334,0.020049934909623923,-0.07580382373865625,-0.0018941049536004293,0.0031572565466695727,0.00047924063288374403,0.0003493238361476749,-0.001375170962146477,-0.0003059184069672418,0.004022102956731806,-0.008491521446633874,0.035027146721095095,-0.004615223313056683,0.003599835805777196,-0.0007312569227719489,9.45505739494032
1781506139.5499315,0.017402450759777477,0.7740570556789624,0.32714438436600934,-0.04670952637215362,0.01995277082926772,-0.07589098419137102,0.01678100851582026,0.7753173961209143,0.31736163767367204,-0.047310508839531334,0.020049934909623923,-0.07580382373865625,-0.0020263302657652,0.0030963205749203965,4.299135870107051e-05,-0.0006920315974586475,-0.0021077652685643497,-0.00026790342705800707,0.00362307042080627,-0.007585593887980979,0.03839437821970415,-0.000829900773822761,0.004139373556090446,-0.0006808660398701206,9.883156446127451
1781506139.5599349,0.017376527623784804,0.7741501370198075,0.3275545187474004,-0.04686043581213438,0.019818893244577085,-0.07581273543934375,0.01678100851582026,0.7753173961209143,0.31736163767367204,-0.047310508839531334,0.020049934909623923,-0.07580382373865625,-0.0021270934072023877,0.003302461650569444,-0.0005840849217092183,-0.002280815075987648,-0.0033776974192473216,0.0005461439225391727,0.003078238850222751,-0.006734447997434979,0.04336691084132548,0.002180957983847961,0.0034839140110696303,-6.201601369172836e-05,10.276768042543193
1781506139.5699284,0.01742404283167827,0.7741758519963622,0.32754548540615636,-0.0470512000025188,0.01979337523226632,-0.07584423272355763,0.01678100851582026,0.7753173961209143,0.31736163767367204,-0.047310508839531334,0.020049934909623923,-0.07580382373865625,-0.0016833509175495417,0.003246120173742642,-0.0006134864902908343,-0.0041075724139330244,-0.0032712568486996897,0.00013006626640181827,0.002721406986015735,-0.004848474924654096,0.04692740753493765,0.009955219614381653,0.0004531649669426939,0.0003452201428634167,10.267783147208384
1781506139.5799325,0.017477416788179986,0.7742187929605552,0.32803721813594,-0.047207882542355924,0.019774903051050563,-0.07587097938228228,0.01678100851582026,0.7753173961209143,0.31736163767367204,-0.047310508839531334,0.020049934909623923,-0.07580382373865625,-0.0013057965948824355,0.0031597591101601742,-0.0006293157834420336,-0.005363869336728832,-0.0031019540348050396,-0.00018522285359229534,0.002270500570190783,-0.0024959782282108953,0.049628112674622346,0.015414245478300656,-0.0020740818805990097,0.00022166501216671264,10.754530747183702
1781506139.5899303,0.017525620224590185,0.774257147680836,0.3285301889939848,-0.0473347401569115,0.019762216491354234,-0.07589343632266579,0.01693426970339207,0.7750404526031376,0.3196105378656555,-0.04699683452899106,0.02014133141311425,-0.0758045266536037,-0.0009861603523103036,0.003050393410644954,-0.0006340490450424924,-0.006158350071748542,-0.002890186781554705,-0.00041637024122439625,0.0021606077716932806,-0.0011192682879063364,0.04939092850147176,0.01444293979355476,-0.0034696371614808094,1.1731437087878281e-05,8.973485292311384
1781506139.5999372,0.017569210971003616,0.7742916124041296,0.3290242427482479,-0.04743577861484255,0.019754212787682857,-0.07591206574223769,0.01693426970339207,0.7750404526031376,0.3196105378656555,-0.04699683452899106,0.02014133141311425,-0.0758045266536037,-0.0007170693052252868,0.002923945981479386,-0.0006298147351841757,-0.006585059546911311,-0.0026524003812728554,-0.0005781504616120594,0.001988728344999571,-0.0018352196060194195,0.04642907582975223,0.00835187344223653,-0.003658214189701567,0.00023736853502651892,9.464763688202133
1781506139.6099288,0.01754597162843021,0.7742396865745865,0.3292102243974072,-0.04709796866087778,0.019786326439362956,-0.07598221840074039,0.01693426970339207,0.7750404526031376,0.3196105378656555,-0.04699683452899106,0.02014133141311425,-0.0758045266536037,-0.0008192132701488516,0.002471002984234204,0.000616021140785456,-0.0021631844999872333,-0.0019761125720392865,-0.001263359558968048,0.0023345969275439787,-0.004056053429046318,0.042005600442857643,-0.00017108719217424036,-0.003414082645375601,-0.0007707902612551681,9.65242907176591
1781506139.6199284,0.017538167781890004,0.7742165596727643,0.32986870432618687,-0.04681183558710286,0.019815224625802763,-0.07604014368494015,0.01693426970339207,0.7750404526031376,0.3196105378656555,-0.04699683452899106,0.02014133141311425,-0.0758045266536037,-0.0008908314389425323,0.0020760823896395462,0.0016083391210959456,0.0012091807244534727,-0.0014152749574369156,-0.0017422092035727357,0.0019553138054613393,-0.0036331077876850413,0.0408664564703677,-0.0008686239174812987,-0.004624237177117261,-0.0004007895428277623,10.308902540130202
1781506139.6299314,0.017533661562034245,0.774198803720045,0.3305036340788433,-0.046572254061656757,0.01984091816639011,-0.07608732214760831,0.01693426970339207,0.7750404526031376,0.3196105378656555,-0.04699683452899106,0.02014133141311425,-0.0758045266536037,-0.0009370368432268201,0.0017327446670605104,0.0023845660647120286,0.0037028749439473843,-0.000956298567550218,-0.002053326428989308,0.0014255274882014166,-0.004412311669421095,0.03525114471390878,-0.009963547832198225,-0.0032817258389960867,0.00038458154374641004,10.941991982833095
1781506139.639926,0.017532007040547134,0.774185909279748,0.331117951941584,-0.04637410967791213,0.01986350385399893,-0.07612515739276735,0.01703231234420055,0.7748716788647714,0.3217299213600333,-0.046992199925082,0.019943560425981444,-0.07580111125529881,-0.0009622560930442378,0.0014351667268243057,0.0029774853420402813,0.00546995306097341,-0.0005862117566564056,-0.002230246182679447,0.0015870366930919228,-0.003614732077343684,0.032740084921160935,-0.013118491615628058,-0.0034049313817466503,0.0004604807160416274,9.426297943171065
1781506139.649933,0.017532809773802588,0.7741773957289504,0.3317142756267014,-0.04621243620562098,0.019883140107629593,-0.07615495685818385,0.01703231234420055,0.7748716788647714,0.3217299213600333,-0.046992199925082,0.019943560425981444,-0.07580111125529881,-0.0009703086679793197,0.0011780941259718135,0.0034157372569486406,0.006644233768127751,-0.0002928609087946807,-0.0023017697050994605,0.0019728875052001274,-0.0034780382000226496,0.03417152336285706,-0.012095106537767476,-0.002491757435471972,-0.0002121710662784431,10.020970854765384
1781506139.6599283,0.017502451761842876,0.7742810404331598,0.3320314800185567,-0.04663715554477406,0.019795984910839115,-0.0760048545733234,0.01703231234420055,0.7748716788647714,0.3217299213600333,-0.046992199925082,0.019943560425981444,-0.07580111125529881,-0.0011744616110713633,0.0015077043378047602,0.001994847130621173,0.0012497947717863035,-0.0012877717821121607,-0.0004580147806143907,0.002404863475425395,-0.0037475241059353155,0.03657020294016692,-0.009105923641623694,-0.0009125702168664398,-0.0009362457462886457,10.329181749970124
1781506139.669926,0.017495390242797157,0.774390967184084,0.3323489683205558,-0.046855917222885984,0.01971027420702809,-0.0758916101609903,0.01703231234420055,0.7748716788647714,0.3217299213600333,-0.046992199925082,0.019943560425981444,-0.07580111125529881,-0.0012125751025208495,0.0018970139761463588,0.0006664106234505079,-0.0012992006952526561,-0.0021398338109427243,0.000782985881642502,0.0028551088117029413,-0.004039005469425069,0.038102476775595605,-0.005675798062457799,-6.63037646620213e-05,-0.0019439024974306652,10.640003910238965
1781506139.6799297,0.017491636627156724,0.7744873568044359,0.33269172652572543,-0.047038744219224084,0.019640132139256528,-0.07579715616806508,0.01703231234420055,0.7748716788647714,0.3217299213600333,-0.046992199925082,0.019943560425981444,-0.07580111125529881,-0.0012278070324436262,0.002185504208569215,-0.0004084666385632846,-0.0031735064879341787,-0.0027196804930152605,0.0016914094441303823,0.0027936830213012224,-0.0032330239420836015,0.041002312973563895,0.0023137523910412706,8.510849496196002e-05,-0.0024899370986063625,10.978153521133146
1781506139.6899292,0.017479203407467482,0.7745491155963881,0.3325573969327392,-0.047189640604970204,0.019583571009808676,-0.07571937033601438,0.01715344187467366,0.7747030112081973,0.3236100596136914,-0.047267733003034676,0.01986271962557118,-0.07587473799215719,-0.0012244772550672512,0.0023894038645001212,-0.0012661735596886153,-0.00449098716349967,-0.0030796938101249082,0.0023257741349182472,0.0019853169967028704,-0.0018919165637227486,0.04250928422769433,0.004075921226106097,0.00078107728496048,-0.0020797147520560445,8.954588183518467
1781506139.6999311,0.017469265691680176,0.7746004114210226,0.3324426389100917,-0.047312480881120986,0.019538730659739212,-0.07565620539609075,0.01715344187467366,0.7747030112081973,0.3236100596136914,-0.047267733003034676,0.01986271962557118,-0.07587473799215719,-0.0012062888290668102,0.0025228128609943593,-0.001938673944048449,-0.005355196011949154,-0.0032651391615368796,0.002737428450610887,0.0014463075172479235,0.00043634234822847166,0.04780900202225237,0.009714819012526356,-0.0005244470890756812,-0.001150376300401878,8.838819402324956
1781506139.7099423,0.017453619924619218,0.774525760309155,0.3326250569709865,-0.04700960365050834,0.019492535434991076,-0.0756922930673743,0.01715344187467366,0.7747030112081973,0.3236100596136914,-0.047267733003034676,0.01986271962557118,-0.07587473799215719,-0.0012189223741017273,0.0019382517194291963,-0.0006621485559903284,-0.0014563280416950253,-0.003393619532670566,0.002021282364902101,0.0009815852185813961,0.001043506672605653,0.05165942811231169,0.011987598984032795,-0.0008272423447624731,-0.00034119276897771135,9.021734982525157
1781506139.7199302,0.0174409510727505,0.7744606434316469,0.33278168066390695,-0.046753558791164704,0.019456712362605266,-0.07572466220120445,0.01715344187467366,0.7747030112081973,0.3236100596136914,-0.047267733003034676,0.01986271962557118,-0.07587473799215719,-0.0012136192607399197,0.001444422111656872,0.00037100184856119823,0.0015048152423343033,-0.0033970185385479587,0.0014293200935469475,0.0006585228833416234,0.0007135770092127149,0.04868655205650718,0.008585232314056722,-0.0017474013318528035,0.0008905603381044966,9.179326574800909
1781506139.7299323,0.017430835163206267,0.7744040506747819,0.33291561357500893,-0.046539612463180564,0.019429640985086483,-0.0757533550642282,0.01715344187467366,0.7747030112081973,0.3236100596136914,-0.047267733003034676,0.01986271962557118,-0.07587473799215719,-0.0011939842754025106,0.0010296866658490783,0.0011956862857074322,0.0036823010947566407,-0.0033065988452644596,0.0009466207802852563,0.0010381036597023239,-0.00041162272469256924,0.04353941572867621,0.005072773077431022,-0.003057468170826245,0.0013114074112953696,9.314486511024407
1781506139.7399309,0.017422897775254523,0.7743550518238083,0.33302963753278764,-0.04636306543256801,0.01940986750744278,-0.07577850500865894,0.017212381224151585,0.7747088347624738,0.3259751291439902,-0.04688104187553471,0.019816035600114246,-0.07586438044754411,-0.0011630928432189807,0.0006837010089941029,0.0018425702518318236,0.005213017139196034,-0.003148354199365616,0.000559010742159113,0.001183562026555172,-0.0007474775468225528,0.0368779009065821,-0.0005340625497693184,-0.003376318013922392,0.0015552754597057848,7.066510326433601
1781506139.749924,0.017416809417595606,0.7743127945036479,0.33312624000007685,-0.046219373009865804,0.01939610288871374,-0.07580030976229853,0.017212381224151585,0.7747088347624738,0.3259751291439902,-0.04688104187553471,0.019816035600114246,-0.07586438044754411,-0.0011235564635267976,0.000397289826526494,0.0023385240966403474,0.0062172320329402855,-0.002943618597139728,0.00025326489510180475,0.001178227357352572,-0.00014656352674487471,0.03579843737223821,0.0003998692709033487,-0.00439843320532546,0.002057315703241875,7.164986060623299
1781506139.7599304,0.01739196186983884,0.7743093208630726,0.3331175337823962,-0.04627985436841463,0.019361598003460045,-0.07583904416691233,0.017212381224151585,0.7747088347624738,0.3259751291439902,-0.04688104187553471,0.019816035600114246,-0.07586438044754411,-0.001206069236124936,0.0003553950862711897,0.0021193569611244185,0.00488643436825704,-0.0029790726187866262,-0.00021411264841736003,0.0007079167692280112,-0.0014507116734542402,0.031184533131753643,-0.007260850925936932,-0.003779801203369562,0.0030370331989057193,7.155823124060874
1781506139.769932,0.01737138906266789,0.7743062610798305,0.33310869249103525,-0.046335209227929795,0.01933531554889134,-0.0758715501105062,0.017212381224151585,0.7747088347624738,0.3259751291439902,-0.04688104187553471,0.019816035600114246,-0.07586438044754411,-0.0012570261528773775,0.0003172598969627068,0.0019165610641928715,0.003755552606796499,-0.002924101403944164,-0.0005584264411032079,0.0005414801696772494,-0.0018231028708978673,0.02824126824117382,-0.007740091040026228,-0.0039637793493045295,0.0030601318647729635,7.146682803159202
1781506139.7799275,0.017354507080002746,0.7743035689629492,0.33309985857792723,-0.0463852079623528,0.019315913704014642,-0.07589850023044482,0.017212381224151585,0.7747088347624738,0.3259751291439902,-0.04688104187553471,0.019816035600114246,-0.07586438044754411,-0.0012820051998772752,0.00028262598578953626,0.001729477187997033,0.002805417668151633,-0.002802879924848395,-0.0008011118186122463,0.00046004697843017047,-0.0018021265151908277,0.025619101374721776,-0.002594009078028119,-0.00358382490253746,0.0019409607938285721,7.137661356072778
1781506139.78993,0.017340799758510883,0.7743012021175398,0.33309114798789335,-0.046429825074408425,0.01930219869084593,-0.07592055043899969,0.017252062334943752,0.7746409013984716,0.3274982145104658,-0.04703509496325173,0.01960423292834923,-0.07575548951692276,-0.0012858134005921589,0.0002512416535237104,0.0015573770428900945,0.0020167189506166087,-0.0026353357239849704,-0.0009610104235732199,0.0005147462816480888,-0.0016923343452001126,0.02324402572086872,-0.0009974003022461626,-0.0029344363739674966,0.0006925973764049731,5.603942791886522
1781506139.7999358,0.017329812086752182,0.7742991220067474,0.33308265334643244,-0.04646918872270488,0.01929312033113284,-0.07593832618343771,0.017252062334943752,0.7746409013984716,0.3274982145104658,-0.04703509496325173,0.01960423292834923,-0.07575548951692276,-0.0012725779605238638,0.00022286366731816967,0.001399486118409472,0.0013705684812090131,-0.0024376682656813706,-0.001054505029389171,0.0005070147038840788,-0.0011108919185962582,0.024213467187522073,0.0006858202484248743,-0.002255079784552443,-0.00030030058889606075,5.595428070234327
1781506139.80989,0.01731048853037216,0.774362805806025,0.33293117339605605,-0.046752229262725695,0.01928902402954913,-0.07582610341449292,0.017252062334943752,0.7746409013984716,0.3274982145104658,-0.04703509496325173,0.01960423292834923,-0.07575548951692276,-0.0013200210521110832,0.0005333944335637847,0.0003366849721723813,-0.0018926308982678175,-0.002273564324086474,0.00028215295803711094,0.0006501041467896741,-0.0013659696296311938,0.027716839111960098,0.004566244241128634,-0.002150259848158184,-0.0016304470005593854,5.440385375261994
1781506139.819934,0.017337852744616737,0.7744389859142798,0.332766158818231,-0.04698644674081203,0.019233747563082826,-0.0757607088496829,0.017252062334943752,0.7746409013984716,0.3274982145104658,-0.04703509496325173,0.01960423292834923,-0.07575548951692276,-0.0010558764456241971,0.0009289077932629313,-0.0007649757729001349,-0.004256662499871616,-0.0026618150142562035,0.0009360990605635775,0.0008634603321990124,-0.002160748367504691,0.02881635454230162,0.0047651458698382216,-0.0020612080391746467,-0.0026072917493479143,5.272510510834882
1781506139.8299336,0.017361959885817464,0.7745035228665653,0.33262482161543167,-0.047179556181783246,0.019189667438911817,-0.0757066683770588,0.017252062334943752,0.7746409013984716,0.3274982145104658,-0.04703509496325173,0.01960423292834923,-0.07575548951692276,-0.0008304492204869896,0.0012346450949600827,-0.001639666422434923,-0.005911429622132336,-0.002879859104501707,0.0014004725054653688,0.0007145645467696046,-0.001501051566199222,0.029234769267397445,0.0067644750608612855,-0.0013736865229133724,-0.003073405849634907,5.129624814877142
1781506139.8399355,0.017383146382714407,0.7745578694068829,0.33250428104378094,-0.04733657826621509,0.019155180210039813,-0.0756626174433805,0.017252062334943752,0.7746409013984716,0.3274982145104658,-0.04703509496325173,0.01960423292834923,-0.07575548951692276,-0.000638959661466998,0.0014644385855067592,-0.002321068354186889,-0.006989474706180845,-0.002964404159309135,0.0017100900550261237,0.0004659264918599387,-0.00037023858700143986,0.02898254193143786,0.008661404583875662,-0.001093393622357552,-0.0027652750488200016,5.008470772120473
1781506139.8499343,0.017401718790792026,0.7746033313387853,0.3324019639477613,-0.047462262783304246,0.01912882254612991,-0.07562725937504906,0.017285079367697798,0.7745718162318966,0.3288643575141207,-0.0468384454767589,0.019515202299114742,-0.07583987696622613,-0.00047714071681000537,0.0016303547065125274,-0.002838669238270855,-0.007605893455692271,-0.0029466082828203707,0.0018952759167164088,0.00046478255133361316,0.0005160557991201907,0.02859064980822832,0.010092075866037244,-0.002162142319089554,-0.0015561526103049612,3.539669085708053
1781506139.8599284,0.01737279205651022,0.774521686991274,0.3325515282839485,-0.04713513588120386,0.019219774823064473,-0.07572415722911773,0.017285079367697798,0.7745718162318966,0.3288643575141207,-0.0468384454767589,0.019515202299114742,-0.07583987696622613,-0.0006390363193707695,0.0010866798066119232,-0.0016623263737525016,-0.0031841088080984325,-0.0015827901042856955,0.0006788408192641153,0.0003822976672645498,-0.00028006963434210383,0.02573045510501365,0.005524042198522011,-0.0019859190042522375,-0.0005868727573676842,3.688554560043386
1781506139.8699267,0.017348332368134173,0.7744511621052922,0.33268075420172527,-0.04685708965975287,0.019297720851421785,-0.07580632590364385,0.017285079367697798,0.7745718162318966,0.3288643575141207,-0.0468384454767589,0.019515202299114742,-0.07583987696622613,-0.0007609045235902633,0.0006364628567503841,-0.0006969265409473134,0.00021613871939447134,-0.0005175987750889123,-0.0002511844922259142,0.0002975824821470351,-0.0014510443495446826,0.020118876780045335,-0.004592156315931064,-0.0026912234524927255,0.0008167344917516591,3.8188273118183975
1781506139.8799253,0.017327763356697133,0.7743905158861025,0.33279204195157697,-0.046623427660856434,0.01936378375990855,-0.075875212865672,0.017285079367697798,0.7745718162318966,0.3288643575141207,-0.0468384454767589,0.019515202299114742,-0.07583987696622613,-0.0008490956131680919,0.0002669761459595654,8.690129317153741e-05,0.0027579098784173335,0.00029468353229462397,-0.0009411528010271322,-7.5259393918971e-05,-0.0015353809064158677,0.01733177638253785,-0.007933624765310348,-0.0028393187048216862,0.0023858132211203244,3.9320982666431696
1781506139.8899302,0.017310574307694882,0.774338610826202,0.33288753904335683,-0.0464294162704564,0.019419131145655744,-0.07593226564099205,0.017285079367697798,0.7745718162318966,0.3288643575141207,-0.0468384454767589,0.019515202299114742,-0.07583987696622613,-0.0009091341486063103,-3.3020724518686507e-05,0.0007150361069652739,0.004586879236312727,0.000895234671343565,-0.001432366336393882,-0.00023040507078456575,-0.0008293840134754438,0.014237682548740969,-0.007612825308967474,-0.0022154656170029117,0.0028122271069799237,4.030015430540868
1781506139.8999329,0.017296313468762495,0.7742944096684916,0.332969163997526,-0.04627042359825234,0.019464931914698003,-0.0759788921713806,0.01729716468842518,0.7745354875107011,0.3300127239114766,-0.046812514614374114,0.019392585996414358,-0.07581948377978187,-0.0009458118202015513,-0.0002734317518656162,0.0012102256381300628,0.005831706997862018,0.0013207036359192616,-0.0017612123978432697,-0.0005532180924145203,-0.0003102931292957497,0.010139964392902564,-0.00820624532714184,-0.0025364430703921476,0.0030523646879202595,2.9662530628688875
1781506139.9098852,0.017276687856093906,0.7743582023489708,0.3327896847187968,-0.0465974017308947,0.019418123756446137,-0.07585174298718447,0.01729716468842518,0.7745354875107011,0.3300127239114766,-0.046812514614374114,0.019392585996414358,-0.07581948377978187,-0.0010111809448553764,5.712567604149849e-05,-3.659564563618183e-05,0.0015984835777295486,0.0006013488522085513,-0.00020633196895482125,-0.0002052960391491971,0.0007939093595554934,0.010242537672918453,-0.004600743951278984,-0.0013639870225472324,0.0016056096125272225,2.7826894642816775
1781506139.9198754,0.017260398558415112,0.7744126918910583,0.33263571714145856,-0.04687388749133968,0.01937824424077972,-0.07574457302221561,0.01729716468842518,0.7745354875107011,0.3300127239114766,-0.046812514614374114,0.019392585996414358,-0.07581948377978187,-0.0010508448338362177,0.0003217644642065681,-0.0010370465942246966,-0.0016170851957841054,4.5906153614886074e-05,0.0009643299307090694,2.8267345538721583e-07,9.507367342507532e-05,0.009786359021794554,-0.006543088972700299,-0.00012885473298904402,0.000543258745455232,2.6261233781089697
1781506139.929891,0.017246994913052018,0.7744589611270031,0.33250416984360703,-0.04710497199367358,0.019344641551919395,-0.07565530829229772,0.01729716468842518,0.7745354875107011,0.3300127239114766,-0.046812514614374114,0.019392585996414358,-0.07581948377978187,-0.0010693706679931311,0.0005301322959850021,-0.0018270413228131312,-0.003982140100711564,-0.00037152029043563536,0.0018150669704771359,-7.947022545594654e-07,-0.0006838888299028584,0.011016766142168581,-0.0018086214233200163,0.00016247344377824343,-0.0007486028356748862,2.493125774302624
1781506139.9399235,0.017236078463207134,0.7744980016361981,0.33239227991246456,-0.04729571276262908,0.01931665670983529,-0.07558190436822561,0.01729716468842518,0.7745354875107011,0.3300127239114766,-0.046812514614374114,0.019392585996414358,-0.07581948377978187,-0.0010706926981119175,0.0006906870827115577,-0.002438077412860299,-0.005645195192071914,-0.0006741108602198282,0.0024028091296898896,0.0003010505834043892,-0.0012020737187781604,0.010918363114313245,-0.000338583826645865,0.0012106597312831126,-0.0020369926850045744,2.3806351000387163
1781506139.9499242,0.017227297712610563,0.7745307158170792,0.3322975826463282,-0.04745100370048648,0.019293643290690277,-0.07552239494235274,0.01729569881691112,0.7745214751237824,0.33055424414083034,-0.04703480413840498,0.019338793534104504,-0.07579533592541175,-0.0010581872247640226,0.000810824448360705,-0.002897707864789589,-0.006736742839006615,-0.0008823769210001172,0.002777410765587935,0.00035421849096030323,-0.0010329491544992739,0.011024542217904724,0.002022294532239298,0.0013782909479768013,-0.0022404095727475235,1.744704343501676
1781506139.959941,0.01722034332466869,0.7745579201173263,0.3322178835241391,-0.0475754821316418,0.01927498181711429,-0.07547492610058584,0.01729569881691112,0.7745214751237824,0.33055424414083034,-0.04703480413840498,0.019338793534104504,-0.07579533592541175,-0.001034739859911931,0.0008969935310688586,-0.0032299699507794192,-0.007370200386908361,-0.0010142686519168426,0.0029820601166065724,0.00015000751965908764,-0.0006706910101006452,0.011430381867608828,0.004264674585428333,0.0009114319583344238,-0.0018063618468829455,1.6657438835131548
1781506139.9699235,0.01722738203309946,0.7745120892514546,0.3322519266428959,-0.047397869183835095,0.019330343492297786,-0.07552839925378378,0.01729569881691112,0.7745214751237824,0.33055424414083034,-0.04703480413840498,0.019338793534104504,-0.07579533592541175,-0.0009274872943762149,0.0005917934148492698,-0.002783466392213745,-0.004615364328673454,-0.0002719732101640819,0.002102208358093761,-0.00011129905428126121,0.000655265460496612,0.014060804803469348,0.0088147369645919,0.0017670359037854537,-0.0018935225101171446,1.6990824451359665
1781506139.9799314,0.017233909102444434,0.7744723568761801,0.33228271291395994,-0.047244282288845404,0.019377072145435603,-0.07557530643929787,0.01729569881691112,0.7745214751237824,0.33055424414083034,-0.04703480413840498,0.019338793534104504,-0.07579533592541175,-0.000829635608464782,0.0003392883319521236,-0.002389755977463259,-0.002424919010108445,0.0002916417682189335,0.00138543212011615,-0.00047155239711673156,0.0004647926591046638,0.014456275074328282,0.00859536258719777,0.000747013078049991,-0.00048664907272391226,1.7302701727607572
1781506139.989929,0.017239940868344274,0.7744380661465654,0.33231050731892775,-0.047112901198563414,0.019416052535665473,-0.07561601146018092,0.01729569881691112,0.7745214751237824,0.33055424414083034,-0.04703480413840498,0.019338793534104504,-0.07579533592541175,-0.0007405705765417749,0.00013228490286274194,-0.0020434151919203475,-0.0007173122564824151,0.0007059514744823656,0.0008104604511708551,-0.00032188832773028263,-0.000401239861166574,0.01092258337354719,0.0024272391840941304,2.05305088508489e-05,0.0007254145089129634,1.7591265892622896
1781506139.9999297,0.01724549748533242,0.774408611259183,0.33233555668711,-0.04700175424098706,0.019448159715616198,-0.07565095641246446,0.017289630063510752,0.7745130524786796,0.33118371769835775,-0.0467734959838188,0.019401078812317563,-0.0758451022064812,-0.0006596877789294054,-3.5568076523596036e-05,-0.0017394899623660643,0.0005817771424945696,0.0009970522321736048,0.0003574747979916429,-0.00036483301915598594,-0.0012902927570181632,0.006657745449904287,-0.0029312275145887477,-0.0005802711103955959,0.0018292591611584039,1.1574060259029408
1781506140.009931,0.01725060175496897,0.7743834365567447,0.3323580908514788,-0.0469088102694665,0.019474237553330997,-0.07568062996852958,0.017289630063510752,0.7745130524786796,0.33118371769835775,-0.0467734959838188,0.019401078812317563,-0.0758451022064812,-0.0005863983265208062,-0.00016986525829826573,-0.0014734658436629288,0.0015392180230917852,0.001187869393215628,8.287171258886626e-06,-0.000534372811738135,-0.0015363089666887392,0.0038678662061800975,-0.006091314401249805,0.0002674271771730973,0.002102188645240717,1.1821488057170384
1781506140.0199287,0.01726112589734741,0.7743473239999527,0.3323954760093389,-0.04677104532425401,0.019410969913232323,-0.07565770566879314,0.017289630063510752,0.7745130524786796,0.33118371769835775,-0.0467734959838188,0.019401078812317563,-0.0758451022064812,-0.00047150934198021807,-0.0003806635790612683,-0.0011641062919158954,0.0028703593756386394,0.00035666460571620877,0.00022500024648075385,-0.0008624427739662773,-0.0007709990319372379,0.003514084994552443,-0.007121233373023854,-0.000209375592348231,0.0030775601205389694,1.2233710068420307
1781506140.0299287,0.017270435841985524,0.7743166279764956,0.33242814059473763,-0.04665781356947634,0.01935741745403563,-0.07563862104889714,0.017289630063510752,0.7745130524786796,0.33118371769835775,-0.0467734959838188,0.019401078812317563,-0.0758451022064812,-0.00037330504755348626,-0.0005450634175015564,-0.0009010103405860932,0.003789167897387238,-0.000275890623766626,0.0003812278507552573,-0.0007446685862800886,-0.0007135378239922213,0.002403176507825856,-0.006742415038364739,0.0005339444513076978,0.0021902735382938942,1.2599759316084986
1781506140.039929,0.017278659147034504,0.7742906721572131,0.3324565852929838,-0.046566062893987986,0.019312610648086537,-0.07562293457194501,0.017289630063510752,0.7745130524786796,0.33118371769835775,-0.0467734959838188,0.019401078812317563,-0.0758451022064812,-0.00028973912253205206,-0.0006701326871366329,-0.0006783872584524071,0.004373879364738324,-0.0007422900171339844,0.00048785668009204545,-0.0005405020088806355,8.562552751663845e-05,0.0022651495328479803,-0.004059679537194412,0.00010431643838216464,0.001561841592141097,1.292193979955375
1781506140.0499,0.017285910180629922,0.7742688518165536,0.3324812702828581,-0.04649291851601137,0.019275583545243613,-0.0756102226498239,0.017257490012515808,0.7744671798695821,0.33136207841050613,-0.04705553869864108,0.01938251534600388,-0.07574175450672734,-0.0002189833525859507,-0.0007620436774243391,-0.0004910755696095367,0.004692258279817001,-0.001071428082086272,0.0005544020945083767,-0.00025526203179740376,-0.00031457644128644283,0.0009898554829920123,-0.003909276208929042,0.0005665698380873385,0.0007826535613537948,1.136983803628037
1781506140.0599282,0.017280196025499614,0.7743578775993176,0.33233021525119116,-0.0467602624046855,0.019285602211091657,-0.07564504839384097,0.017257490012515808,0.7744671798695821,0.33136207841050613,-0.04705553869864108,0.01938251534600388,-0.07574175450672734,-0.0002450873763346645,-0.00016602591299320804,-0.0014243112722459685,0.0012687158252867366,-0.0008277355468262433,0.00011927803087657897,2.186550581872914e-05,-0.0004801419246262135,0.0008444047857666186,-0.0028396901133374104,0.0004635762906719783,0.00030230918271017024,0.9745519440246312
1781506140.069929,0.01727543749356292,0.774434294315837,0.33220137907422226,-0.04698629027438633,0.019294775731841796,-0.07567448606740854,0.017257490012515808,0.7744671798695821,0.33136207841050613,-0.04705553869864108,0.01938251534600388,-0.07574175450672734,-0.00026293747985995747,0.00031454486360236615,-0.002155440369257798,-0.0013311579724031896,-0.0006224881512179563,-0.00021000119182779038,-5.543099121780446e-05,-0.0006579495104760715,0.0024917863543272305,0.00022450883009010898,-0.0001037115706765481,0.0002772456945215533,0.8401364031128451
1781506140.0799289,0.017271503112068612,0.7744996044827755,0.3320920188943901,-0.04717517439448174,0.019303066245830003,-0.07569908086794107,0.017257490012515808,0.7744671798695821,0.33136207841050613,-0.04705553869864108,0.01938251534600388,-0.07574175450672734,-0.00027393537889087397,0.0006963485781296655,-0.0027150595613052173,-0.003242718778435484,-0.00045166444341531386,-0.0004509635590523261,-2.0106060633119528e-05,-0.0011122636412689952,0.004172212656914531,0.0029297877009920835,0.00012317152694535163,-4.060723970982372e-06,0.7307946582403213
1781506140.0899286,0.017268277615324675,0.7745551596873866,0.33199968474533975,-0.04733105763894259,0.019310469297475485,-0.07571937380114765,0.017257490012515808,0.7744671798695821,0.33136207841050613,-0.04705553869864108,0.01938251534600388,-0.07574175450672734,-0.00027929315757058647,0.0009940269061418905,-0.0031299042628751966,-0.004586225114785619,-0.00031130904823511383,-0.0006191590783993796,0.0002897781400121145,-0.0008007486068922016,0.005798705532132747,0.006182355391087477,-0.0006812983632255972,-0.0002480056115489784,0.6437380359550272
1781506140.0999281,0.01726566009875344,0.7746021723664679,0.3319221930008785,-0.047457947454905475,0.019317005604537973,-0.07573588795354916,0.017253887163246884,0.7744340701394188,0.33150571045965993,-0.04703327768287041,0.01938924338592818,-0.0757248485563717,-0.00028005531055946885,0.0012203997457463725,-0.0034232713867329407,-0.005467331887724047,-0.00019762436096039783,-0.000728230226782887,0.0003009346566186716,-1.5285716382268265e-05,0.006464330929910713,0.006977372866529433,-0.0006836477782156457,-0.00025109113921695404,0.4492823921423861
1781506140.1099315,0.017251152172276168,0.7745230535486308,0.33207736909401914,-0.04732877894265247,0.01942339038420049,-0.07587615144336159,0.017253887163246884,0.7744340701394188,0.33150571045965993,-0.04703327768287041,0.01938924338592818,-0.0757248485563717,-0.00036522655947893114,0.0007077560980885798,-0.002165979188775178,-0.003430774951074362,0.0010567522219481075,-0.002122930311318146,-2.9787749861213594e-09,0.0003555644779473764,0.006213666965082319,0.006150295602645481,-0.0005817280617754754,0.00029884762191204045,0.5785491522144341
1781506140.1198738,0.017238862623315334,0.7744550328563631,0.3322118472742894,-0.047216959636348435,0.019512009783851925,-0.07599211912358893,0.017253887163246884,0.7744340701394188,0.33150571045965993,-0.04703327768287041,0.01938924338592818,-0.0757248485563717,-0.00042897196012802396,0.000287251552550883,-0.0011292136118117282,-0.001810946679439615,0.001967722009460606,-0.003109797236232011,1.8948866410874823e-05,0.00010367832540760946,0.006011271318487776,0.004626845703700648,-0.001121406780053993,0.0005120441257648746,0.7066076515838604
1781506140.1299272,0.017228505294961217,0.7743968242811011,0.3323280265979569,-0.047121197670620805,0.019584889041999176,-0.07608671076586226,0.017253887163246884,0.7744340701394188,0.33150571045965993,-0.04703327768287041,0.01938924338592818,-0.0757248485563717,-0.00047470954606468996,-5.3957975949598086e-05,-0.00028261775815516786,-0.0005476970789708494,0.0025964444356235948,-0.0037640814157405005,0.00016915641706900632,-0.0004890518398595802,0.004214285575494342,0.0008474471443653715,-0.000946270998740743,0.00044762276251002203,0.8235504383479734
1781506140.1399245,0.017219827641402112,0.7743472576589743,0.33242805750741017,-0.04704008617555459,0.01964397713583943,-0.0761626987261933,0.017253887163246884,0.7744340701394188,0.33150571045965993,-0.04703327768287041,0.01938924338592818,-0.0757248485563717,-0.0005054114001605861,-0.0003271881224653441,0.00040058771813802007,0.00041380246094909867,0.002996472223556129,-0.004151267619165116,0.00033975662636958096,-0.00041002274871174875,0.0032807564665987944,-0.00039507691967633553,-0.0008424251669642412,-0.00032311561294831413,0.9270493699274074
1781506140.149925,0.01721260695652613,0.7743052732742775,0.3325138650790097,-0.046972170523526535,0.019691112471076133,-0.07622266906543507,0.01726054933605231,0.7744254451568421,0.33176441785815647,-0.04685544322610301,0.019357107381481997,-0.07571174361000826,-0.0005236539487413525,-0.0005423841428141878,0.0009439708790157826,0.0011228926759454059,0.0032141922196157707,-0.004327731428617637,7.533885357630513e-05,-0.00011168657937868578,0.002426624304372057,-0.001344242840342705,-0.00040824034294764753,-0.0007770808484537956,0.7605332931295012
1781506140.159939,0.01721764384992032,0.7742719001594589,0.33260757553956116,-0.04677898543129805,0.019672060240682132,-0.07614815824358465,0.01726054933605231,0.7744254451568421,0.33176441785815647,-0.04685544322610301,0.019357107381481997,-0.07571174361000826,-0.0004546563028811676,-0.0007232114873632547,0.001476677018309524,0.0030933201950439377,0.0026176509234838515,-0.0030525956806978895,0.00012138439520789252,-0.0001427744448062471,0.0005095119136811298,-0.004805067566311514,0.000780401747938616,-0.0022635439028931667,0.8580977931875614
1781506140.1699278,0.01721344723302353,0.7743028356655665,0.33253392008570526,-0.046945529835040675,0.019638275590616816,-0.0760913022904776,0.01726054933605231,0.7744254451568421,0.33176441785815647,-0.04685544322610301,0.019357107381481997,-0.07571174361000826,-0.00045090333197887056,-0.0005243709470601046,0.0008966061110536733,0.0009252819614505962,0.0019342119523878523,-0.002116740594197885,0.00020779928170789412,0.0006260468606586052,0.0006600705249935808,-0.0048875618717620075,0.0021931418405460785,-0.0034254363933734788,0.7806313942336375
1781506140.1799238,0.017210071861865028,0.7743296858791238,0.3324703063138847,-0.04708641996679059,0.01960818293116029,-0.07604145305260515,0.01726054933605231,0.7744254451568421,0.33176441785815647,-0.04685544322610301,0.019357107381481997,-0.07571174361000826,-0.00044217714464660213,-0.0003581027873458671,0.00041957985034683684,-0.0007244844287495078,0.0013691757058739871,-0.0013576084939831879,-0.0002655599871510631,-2.0731722901005596e-05,0.00015740443318199428,-0.005529086341356535,0.002594658696448991,-0.0035431479212375836,0.7141402709551079
1781506140.1898754,0.017207401372518194,0.774352878648001,0.33241554589006667,-0.04720423152144786,0.019581679542435726,-0.07599821848206044,0.01726054933605231,0.7744254451568421,0.33176441785815647,-0.04685544322610301,0.019357107381481997,-0.07571174361000826,-0.0004295691623365692,-0.0002200896466887346,3.131947247989991e-05,-0.0019407683445593184,0.0009083246882292545,-0.0007516651086607361,-1.3678757959030147e-05,-0.0009592715621318293,5.910925001696314e-05,-0.005096967342765505,0.003158824449546702,-0.0043051829860629815,0.6573114316459597
1781506140.1999235,0.017205333014067292,0.774372812972485,0.33236857528750136,-0.047301526109768455,0.01955859026968776,-0.07596112378878277,0.017262627850387735,0.7744201188001532,0.3318010696869559,-0.047081728556011025,0.019422377543836022,-0.07586391020589858,-0.00041400473517250256,-0.0001065076433806985,-0.0002807623845695447,-0.0027989652760520584,0.0005381534995781195,-0.00027708464994440757,-0.0002477173615051841,-0.0009998279847518703,0.001092978969498624,-0.003545112029922868,0.0028361773068047757,-0.0038262619454824324,0.5723487977193938
1781506140.2099247,0.017230613934136156,0.7743866903324268,0.3323159542324488,-0.04733448812698984,0.01953355789358535,-0.07594888981666753,0.017262627850387735,0.7744201188001532,0.3318010696869559,-0.047081728556011025,0.019422377543836022,-0.07586391020589858,-0.00022220594029896378,-2.0256773984498905e-05,-0.0006102871462523324,-0.0028558353349444404,0.00020008026617425082,-0.00012638250549399483,-0.00020527246044791758,-0.0012662301723323664,0.0017082244567060347,-0.0027229271547834634,0.0028801454061936826,-0.003599784031358051,0.5169607804038409
1781506140.2199242,0.01725242408745291,0.7743985302351408,0.33227113626182353,-0.04735958761199452,0.019512325332877944,-0.0759384750845153,0.017262627850387735,0.7744201188001532,0.3318010696869559,-0.047081728556011025,0.019422377543836022,-0.07586391020589858,-6.541944220727602e-05,4.9239782241229494e-05,-0.0008670878202060935,-0.002820274098454355,-5.870492021064962e-05,-1.0010727143593134e-05,-0.0005070097281106475,-0.0011225352400446268,0.0029840301674156217,-0.0010293113814619959,0.0021782661957613593,-0.0024319957924762658,0.47067267577916694
1781506140.2299235,0.017271173859481546,0.774408582111076,0.33223314366908246,-0.04737810888878387,0.0194945209911066,-0.07592970862677632,0.017262627850387735,0.7744201188001532,0.3318010696869559,-0.047081728556011025,0.019422377543836022,-0.07586391020589858,6.127347989338255e-05,0.00010440583373312928,-0.001062253623704071,-0.002716430647688234,-0.00025099819587899645,7.74539773809529e-05,-0.0009874273352251037,-0.00048365227702571346,0.005203825041150468,0.0015895073401075304,0.0009919532810779438,-0.00036020590038768254,0.4323124512398578
1781506140.2399306,0.01728723092437971,0.7744170704406044,0.3322011069033552,-0.047391194327818284,0.01947977261687317,-0.07592241719875033,0.017262627850387735,0.7744201188001532,0.3318010696869559,-0.047081728556011025,0.019422377543836022,-0.07586391020589858,0.00016220275916246026,0.00014736873087647435,-0.0012054676590464533,-0.0025642681372434564,-0.0003882074395714898,0.0001408661323378209,-0.0005195560948959055,-0.0001074876064161621,0.005875387560352037,0.0034471758337909202,-3.458021848317804e-05,0.00017932519359786927,0.40080466345877175
1781506140.249929,0.017300924102429144,0.7744241964541153,0.33217425393431077,-0.04739984866857777,0.019467717655646144,-0.07591643059489235,0.017231849933331655,0.7743796965359286,0.3319783613687973,-0.0471016327745031,0.01952215463556084,-0.07595707904342186,0.00024117080120679118,0.00017999087980295465,-0.0013051615424454098,-0.002380066903754986,-0.00048038806513218225,0.0001845212795206977,-0.00023773480221781675,-0.00028425516403821196,0.005341809256228311,0.0028467988133683065,0.00014253555911425734,0.00032672235510403965,0.2124273541203389
1781506140.25993,0.017312546938416596,0.774430139852533,0.33215190051889243,-0.04740494602522194,0.019458010740272647,-0.07591158555087005,0.017231849933331655,0.7743796965359286,0.3319783613687973,-0.0471016327745031,0.01952215463556084,-0.07595707904342186,0.0003015083463368782,0.00020389839793369524,-0.0013686553935424945,-0.00217690223666085,-0.0005363068668832529,0.0002121785966567854,-0.0001667770698361893,-0.00035693196254803087,0.00419127628033813,0.0014118166963772493,-0.0005052314836617598,0.0009984687853040008,0.19792011377182545
1781506140.2699327,0.017310615145105863,0.7743719356695071,0.3322436812439877,-0.04718030031485604,0.019492256273168085,-0.07594485969074369,0.017231849933331655,0.7743796965359286,0.3319783613687973,-0.0471016327745031,0.01952215463556084,-0.07595707904342186,0.0002682384742308429,-0.00013754015003303422,-0.0006793043404675273,0.0005202577107814858,-8.693607930070215e-05,-0.0001560933307961526,7.940323335485482e-05,-0.00034879391609691677,0.0028600145348379076,0.00016677570964943262,-0.000267694863088596,0.0004740516109529145,0.27687330280197037
1781506140.2799294,0.017308809048378393,0.7743222172160563,0.33232281711441186,-0.04699182929300881,0.01952115216445227,-0.07597270098523119,0.017231849933331655,0.7743796965359286,0.3319783613687973,-0.0471016327745031,0.01952215463556084,-0.07595707904342186,0.00023813146028716845,-0.00040989507621529326,-0.00011730434667048533,0.0025269069732230076,0.0002521427549303632,-0.0004277560564612935,9.559965479842216e-06,9.09514133266266e-05,0.0012198775911043368,-0.0016521299696081776,0.0003813816008784817,0.0004051682293218321,0.35759801214300335
1781506140.2899277,0.0173071256962832,0.7742799669065339,0.3323908071061952,-0.04683562154472684,0.01954524759589593,-0.07599571065786381,0.017231849933331655,0.7743796965359286,0.3319783613687973,-0.0471016327745031,0.01952215463556084,-0.07595707904342186,0.00021094499039782638,-0.0006233405120956446,0.0003353405252362067,0.003961252604675693,0.0004993018369110192,-0.0006195961904793315,3.253007625009898e-05,0.0002602431312188987,-8.318115202897508e-05,-0.00310846306490737,-0.000547144767268446,0.0007868676551440601,0.43095698830023255
1781506140.2999022,0.01730556143862914,0.7742442648810607,0.33244899350883605,-0.04670786327829896,0.01956508570808535,-0.07601447121425281,0.017229916177763926,0.7743721205320543,0.332098152485331,-0.0471229687043404,0.01951077113223576,-0.07592541663353969,0.00018644753504383133,-0.0007867904203353094,0.0006944625710716937,0.0049275286458527485,0.0006708229848801638,-0.0007463764452102305,3.353108434569792e-05,0.0005058409004272137,-0.00041210085980798467,-0.0025606747005890267,-0.0008748737021642064,0.001005856215852638,0.3809969773586851
1781506140.309929,0.017304112062847397,0.7742142829941929,0.3324985762382311,-0.046604918238151896,0.01958119021559268,-0.07602953521273957,0.017229916177763926,0.7743721205320543,0.332098152485331,-0.0471229687043404,0.01951077113223576,-0.07592541663353969,0.00016441915599881525,-0.0009080341849403295,0.0009739565620286054,0.005516646459611804,0.0007809760713661522,-0.0008209389704334241,0.00033611491849545384,0.0002499123965602613,-0.000775250857432993,-0.0022297150479588966,-0.00035104310238898015,3.3083576589622925e-05,0.4367572547858453
1781506140.319929,0.017276391739416433,0.774298947507219,0.33239638953573275,-0.04689689866174605,0.01958029589013477,-0.07600132232563524,0.017229916177763926,0.7743721205320543,0.332098152485331,-0.0471229687043404,0.01951077113223576,-0.07592541663353969,-2.7919950861878386e-05,-0.00035874931303647966,0.0002564915707802064,0.0017208001474913548,0.0006712961417757922,-0.0004241790706322623,-0.00031290258470164365,-0.00018710906474753502,-0.00142688879171527,-0.002113310143947939,0.006223464751777747,-0.0005994936200075234,0.31057947071050673
1781506140.329926,0.017252607745019174,0.774371700751316,0.3323086201327766,-0.04714405196994923,0.01957895240533425,-0.07597717538790442,0.017229916177763926,0.7743721205320543,0.332098152485331,-0.0471229687043404,0.01951077113223576,-0.07592541663353969,-0.00018197084789955143,8.674755326328878e-05,-0.00032272007069037887,-0.0011704027071456464,0.0005707380097597119,-0.00011529822251606775,0.00040722288417029297,-0.00022260791632724864,-0.000347502205479045,-0.000653325702451773,0.0003837483428621421,-0.0005739517881853887,0.2116877749461972
1781506140.3399258,0.017232283522645886,0.7744339340796674,0.3322335357574,-0.04735085256293389,0.019577308156811357,-0.07595673556833399,0.017229916177763926,0.7743721205320543,0.332098152485331,-0.0471229687043404,0.01951077113223576,-0.07592541663353969,-0.00030333301674980806,0.00044328129747226775,-0.0007836064351043435,-0.0033046465108706033,0.00047976795350293387,0.0001192851303001656,0.00047883347032263984,-0.00019993080747786378,0.000252036349203129,0.000595917587139532,0.000308880041261439,-0.000839044256616705,0.1488460592237078
1781506140.3499174,0.017214993300227042,0.774486907788504,0.33216958481228415,-0.04752175752502426,0.019575482732372862,-0.07593963264305628,0.01724485732625114,0.7743723639443933,0.33207578360151524,-0.04718718846999986,0.01950910460602362,-0.07593555867109465,-0.0003969157703149378,0.0007238801911512366,-0.0011436645456275206,-0.0048133063076754665,0.00039847266894460037,0.0002917803607566705,0.0001367956462274354,-0.00010005952078704184,0.0011296423795503783,0.0015432713967321707,0.0009067972085958261,-0.00047283452717962644,0.15103251112173002
1781506140.3598936,0.017200357335705827,0.7745317591851649,0.33211538048943806,-0.047661088962412605,0.019573570860004885,-0.0759254979536629,0.01724485732625114,0.7743723639443933,0.33207578360151524,-0.04718718846999986,0.01950910460602362,-0.07593555867109465,-0.00046701216658816486,0.0009399651525907731,-0.0014182181390609756,-0.005811940963235856,0.0003266521256127407,0.0004130346449101983,-0.0002301936273650865,-1.273329409688423e-07,0.002360122934547866,0.0030313229526749224,-1.1565978874258313e-05,0.00029723741387888375,0.1701617038946603
1781506140.3699281,0.017188037536857454,0.7745695108515277,0.33206968591506986,-0.04777294953812761,0.019571646033276435,-0.0759139740814835,0.01724485732625114,0.7743723639443933,0.33207578360151524,-0.04718718846999986,0.01950910460602362,-0.07593555867109465,-0.0005173661532628212,0.0011015220453985794,-0.00162065212895489,-0.006401095634756249,0.0002638969751439066,0.0004925776974031818,-1.5682885527999286e-05,-0.00011421680809585151,0.0029811684598999213,0.003611165035678862,0.00032347970985968313,-0.000152735451887528,0.20526220606670048
1781506140.3799272,0.017203897579453713,0.7745336378933995,0.33214380828219087,-0.04769529057044759,0.01960013616477574,-0.07584214123793086,0.01724485732625114,0.7743723639443933,0.33207578360151524,-0.04718718846999986,0.01950910460602362,-0.07593555867109465,-0.00038690257037594434,0.0007839171892426773,-0.001029798402708072,-0.004869861233892474,0.0005083923271111757,0.0012368122452582264,3.892469781364835e-05,-0.00017195711438898942,0.0033935244259247115,0.004091771028806327,-5.1366318574222486e-05,-0.0001482593221346607,0.1797619110566993
1781506140.3899255,0.01721768211594999,0.7745022222097402,0.3322080286502114,-0.04762552120611723,0.019623571561345754,-0.07578283316902595,0.01724485732625114,0.7743723639443933,0.33207578360151524,-0.04718718846999986,0.01950910460602362,-0.07593555867109465,-0.000277267460239174,0.0005190195108626923,-0.0005424283028323364,-0.003589258145009718,0.0006776476463974965,0.0017605944076567142,-2.7145807248259803e-05,-0.000521498750389289,0.001435244087183973,-8.93227583604024e-05,0.0004287209004179315,-0.00011885613050960771,0.187324355166231
1781506140.3999248,0.017229624623235837,0.774474784205358,0.33226349000325356,-0.0475635734087195,0.019642579226252233,-0.07573453337076763,0.017243350275588987,0.774363045514681,0.3321888623708001,-0.047077402868950874,0.019537771505893087,-0.07594166669697375,-0.00018574207699944114,0.00029979026229958556,-0.00014430755395722638,-0.0025314981251688836,0.0007859003643214753,0.002104859877404009,-0.00020215255839958082,-5.586123712973435e-05,0.000992622443891707,-0.0017436334399579313,0.0007245134474428762,-0.00019919665069341441,0.13506743520303202
1781506140.409931,0.017239936618142427,0.7744508908046536,0.3323112191079035,-0.047509182011496426,0.019657749959395954,-0.07569580416973978,0.017243350275588987,0.774363045514681,0.3321888623708001,-0.047077402868950874,0.019537771505893087,-0.07594166669697375,-0.00010991441584956722,0.00012000026028842142,0.00017712161792824538,-0.0016696605806486378,0.000845486613640826,0.0023051947072327194,-0.00024709741374066087,0.0006199469193777558,0.00038813553919103325,-0.0035903075503209377,0.0008686188806995556,-7.067392781582992e-05,0.15066392780660942
1781506140.4199247,0.017239683703546622,0.7744286620786184,0.3323186696371536,-0.047361300915410624,0.019630842742289323,-0.07576640965772599,0.017243350275588987,0.774363045514681,0.3321888623708001,-0.047077402868950874,0.019537771505893087,-0.07594166669697375,-9.761813776803133e-05,1.7864551049566794e-05,0.00020215389952261075,0.0001422040348323789,0.0004964366187739529,0.0012698242446188533,-0.000678157442669141,0.0007214881528289409,-0.0005590916705644431,-0.005862647945713715,0.0002447451250985787,0.0007338972992906955,0.14549537316238148
1781506140.4299283,0.017239523363574143,0.7744096441375258,0.3323249498504118,-0.04723707148063368,0.019607708112260314,-0.07582694106828917,0.017243350275588987,0.774363045514681,0.3321888623708001,-0.047077402868950874,0.019537771505893087,-0.07594166669697375,-8.651009492443024e-05,-6.435361624022471e-05,0.000219687647964555,0.0014958805043423524,0.0002213073004327651,0.00045930127357616255,-0.0006524210121787227,0.0010398344269333883,-0.0013921940982363407,-0.006850266478278482,0.0005278821969124129,0.0011579574423794452,0.14389537523373355
1781506140.4399345,0.01723944460967022,0.7743934782371796,0.332330202216012,-0.047133964152938204,0.019588032187410453,-0.07587826696465245,0.017243350275588987,0.774363045514681,0.3321888623708001,-0.047077402868950874,0.019537771505893087,-0.07594166669697375,-7.649668561030583e-05,-0.00012954072792804654,0.0002309796049125979,0.002469198245375075,9.097578288741123e-06,-0.00016056576186055207,-0.00028201235386723217,0.0007014396906345652,-0.002165029680156238,-0.007816826036225279,-0.0002575208103465656,0.0013527454224011263,0.14463179688254596
1781506140.4499333,0.017239436232956967,0.7743798310138786,0.3323345563360757,-0.047049505419992206,0.01957148532061992,-0.07592129018347163,0.017223166231981668,0.774395862408999,0.33214754288859927,-0.04736257642493626,0.019543439757542025,-0.07591393463709256,-6.748889876880081e-05,-0.00018022977852558348,0.00023711773866573113,0.003130883678870161,-0.00015015814243174403,-0.0006206139870557476,-0.00014054695458214696,0.0002873753152661272,-0.0027132830171119125,-0.007423779472792642,0.0006412382106526965,0.0008927980766926494,0.18840315310066588
1781506140.4599311,0.017220090809363778,0.7744209612740217,0.33226951413579164,-0.047134368297584106,0.019564341205135616,-0.07586852325962283,0.017223166231981668,0.774395862408999,0.33214754288859927,-0.04736257642493626,0.019543439757542025,-0.07591393463709256,-0.0001885795815254854,6.284718939349605e-05,-0.00019818449625664332,0.0018513704723173727,-0.00023885771199358327,1.877945297606347e-05,-0.00013839693267592076,0.00010769646265560594,-0.0015990138202617733,-0.0044472545213558356,0.0008339794408667187,0.0008310232028527273,0.12456482806702847
1781506140.46993,0.017245611222378453,0.774448978569354,0.3322087568966987,-0.047284799600559556,0.019557841873437898,-0.07590421353851566,0.017223166231981668,0.774395862408999,0.33214754288859927,-0.04736257642493626,0.019543439757542025,-0.07591393463709256,-1.2437212431075405e-05,0.00023091576120866969,-0.0005772944038857717,1.4616060889635196e-05,-0.0002654144894880127,-0.0003757403690846718,-0.00028546049670030645,-9.330924820940642e-05,-0.0009205174325752991,-0.002348501407580663,3.8904815278209776e-05,0.001187948572753237,0.08409672331527142
1781506140.4799309,0.017267518668603606,0.7744728862616883,0.33215693235020755,-0.047411332293143274,0.019552630714658514,-0.07593389808859217,0.017223166231981668,0.774395862408999,0.33214754288859927,-0.04736257642493626,0.019543439757542025,-0.07591393463709256,0.0001291227446060572,0.0003629107612820272,-0.0008743187533137966,-0.0013620021661182394,-0.0002780500717511117,-0.0006610538271589225,-0.00017334854869047132,-0.00017039922713631063,1.6943182476598688e-05,0.00015657072524406925,0.0010918291624130007,0.0001546433163868593,0.08937546926698303
1781506140.489926,0.01728624770974974,0.7744931858282329,0.3321129355975729,-0.04751649506434723,0.01954852830225251,-0.07595827043316314,0.017223166231981668,0.774395862408999,0.33214754288859927,-0.04736257642493626,0.019543439757542025,-0.07591393463709256,0.00024112716130345301,0.00046427435577137566,-0.0011016834203129886,-0.0023561740673137157,-0.00027990845036530835,-0.0008567333102245276,-0.0002084227583930615,0.0001969751827200183,0.0016355321018255537,0.002646008590222545,-0.0003921143205348,0.0010840414226336486,0.12103216663745658
1781506140.4999378,0.017302187491173463,0.7745103271091838,0.33207578067492777,-0.047602767517613796,0.019545369647728572,-0.07597799555827275,0.017213496307273146,0.774403475269982,0.33213756167406855,-0.047421787552323125,0.01955484526208373,-0.07587157869008875,0.00032798597402294404,0.0005397635005708777,-0.0012702462232563531,-0.003036578644473172,-0.00027364047708670333,-0.0009798971580112527,1.8436957196063318e-05,0.0002549495944475111,0.002054419533100451,0.0037074579602460024,0.000197287657250421,0.0004897875975398851,0.15198793865723906
1781506140.5099301,0.017315685775201338,0.774524712528309,0.33204458952630206,-0.04767252460649063,0.019543005124547763,-0.07599369887631534,0.017213496307273146,0.774403475269982,0.33213756167406855,-0.047421787552323125,0.01955484526208373,-0.07587157869008875,0.00039355798161452496,0.0005935248077095257,-0.00138946860655167,-0.003463263430225752,-0.00026145490849631555,-0.0010453564269204646,0.00012135511765495585,0.00018080343725463834,0.002648192683280503,0.004408699226734805,7.085255948735383e-05,0.00011916802232810499,0.18380691070363558
1781506140.5199378,0.01729562571903745,0.7744793546700586,0.3321443205807389,-0.04744558486908295,0.01959072806675488,-0.07600043702541584,0.017213496307273146,0.774403475269982,0.33213756167406855,-0.047421787552323125,0.01955484526208373,-0.07587157869008875,0.00023549544887468225,0.0002997711446891736,-0.0006424943935881401,-0.0006062752889046622,0.00029121368058721,-0.0009799234015526168,0.0003337857711049151,0.00016939030212835096,0.0016391448513894539,0.0027913368233944955,6.559590939341055e-05,-0.0007718545975164253,0.11202056263075642
1781506140.5299284,0.017282245031603038,0.77443284297076,0.33225225042858847,-0.0472245997532503,0.01960226223325634,-0.07598584762034914,0.017213496307273146,0.774403475269982,0.33213756167406855,-0.047421787552323125,0.01955484526208373,-0.07587157869008875,0.0001348890804190517,7.976885928975505e-06,9.516213764056473e-05,0.0018692836899442617,0.00037788107780446453,-0.0007079185522473332,0.0003980235148005382,0.00035565143636320025,0.0010795450780914395,0.0015308577302272927,-0.0005087167120720731,-0.0006969153731343259,0.13690273685833956
1781506140.539933,0.017270691393635792,0.7743930843826666,0.3323448141220961,-0.047040435100211754,0.01961164606051846,-0.0759729086504894,0.017213496307273146,0.774403475269982,0.33213756167406855,-0.047421787552323125,0.01955484526208373,-0.07587157869008875,5.241580724084412e-05,-0.0002263687863024661,0.0006861271957707511,0.0036729681001542863,0.0004324828561605615,-0.00048473398442518004,0.00047813908390193004,0.00037505443225945316,0.0003403470620669274,0.0002912451854398995,-0.0005612575554537541,-0.0010434045786161291,0.215250611280534
1781506140.5499265,0.017260751239986428,0.7743592611862578,0.3324238702355106,-0.04688889988078801,0.019619162027395776,-0.07596156099859398,0.017227078192598277,0.7744173023597306,0.3322004533664894,-0.04732124230500617,0.019560976439915834,-0.07589466735876324,-1.4455683764835899e-05,-0.00041162687800463775,0.001151844150261802,0.004923868055413818,0.00046156222949006367,-0.00030423869609387733,0.00016626838534056972,0.0003654688361457286,-0.00022831485305546293,-0.0006318830295952381,-0.0005134551187385937,-0.0004747431586471647,0.2332761224423876
1781506140.5599308,0.017252232587529476,0.774330637211331,0.33249108140462963,-0.0467659607385045,0.019625072913983965,-0.07595171668157401,0.017227078192598277,0.7744173023597306,0.3322004533664894,-0.04732124230500617,0.019560976439915834,-0.07589466735876324,-6.795515322088003e-05,-0.0005551313698092761,0.0015111141830611496,0.005726344932506591,0.00047072095701211094,-0.00016067023019333503,7.98828218569181e-05,0.0002808648939623694,-0.0011587962266971091,-0.0018310686778168724,-0.00038174414463038243,-0.00012836873634478857,0.3043160332363698
1781506140.5699337,0.01724141052847388,0.7743739348464302,0.33242765625377163,-0.0469264107320721,0.019609028877656254,-0.07586904134056219,0.017227078192598277,0.7744173023597306,0.3322004533664894,-0.04732124230500617,0.019560976439915834,-0.07589466735876324,-0.00013454271686197898,-0.00029661379505050854,0.0010014025731556915,0.0033318703123799967,0.00020198613373079025,0.0007500764108136771,-6.442949918959949e-05,0.0002742450198219441,-0.0017016718460811271,-0.0026547285065224462,0.0006811474107443157,-0.00012610845698534864,0.2317483744298756
1781506140.5799294,0.01723219445163425,0.7744111265789673,0.3323726878253144,-0.04706443716157244,0.01959532931468866,-0.07580018144141015,0.017227078192598277,0.7744173023597306,0.3322004533664894,-0.04732124230500617,0.019560976439915834,-0.07589466735876324,-0.0001862926324103925,-8.532442862811183e-05,0.0005795309898087473,0.0014465678509904868,-4.878572218666564e-06,0.0014119379002605478,0.00021117966796885772,-0.0001074313368289473,-0.0014916067862213085,-0.0021019586921683995,0.0006509893310620141,-0.0004935718443471699,0.17242106942392732
1781506140.5899343,0.017224383802161215,0.7744429101894063,0.3323252012489793,-0.04718188399235388,0.01958375908809229,-0.07574355818971616,0.017227078192598277,0.7744173023597306,0.3322004533664894,-0.04732124230500617,0.019560976439915834,-0.07589466735876324,-0.00022547555844841245,8.537414929178332e-05,0.00023352056281478076,-5.62293480282027e-06,-0.0001597281822012062,0.001869200838753398,0.0004613549801356673,0.0002417030346608295,-0.000402291255426269,-0.0005356318012519137,2.0493167236614673e-06,-0.0005944946686471021,0.1273776073972063
1781506140.5999336,0.017217799996454338,0.7744699247259367,0.33228432006126035,-0.047280696211293965,0.01957409917260189,-0.07569765364672733,0.017227078192598277,0.7744173023597306,0.3322004533664894,-0.04732124230500617,0.019560976439915834,-0.07589466735876324,-0.00025407355524163783,0.00022132460765842622,-4.7206261102621236e-05,-0.001093547132594929,-0.00027136938789715714,0.0021606481959176725,0.00019027840485596952,4.422734000538748e-05,8.897047652370539e-05,0.0003779881579874781,3.5539996066948824e-05,-0.00014736607253671742,0.09944255045308703
1781506140.609945,0.017212284304335607,0.7744927520729382,0.3322492577341232,-0.04736284125173299,0.01956613357469461,-0.0756610370209673,0.01723364995545923,0.7744285633894437,0.3321601326063235,-0.04738499168886316,0.01956215939112571,-0.0759094267137974,-0.00027381188935909114,0.00032765757820024845,-0.000271968067270998,-0.0018787590741029384,-0.0003475826246725122,0.002319877635080793,0.0001220773363403281,7.793362408287523e-06,0.0010954342001415188,0.0019721513337644233,0.0007127019874001881,-0.00021926025100701556,0.11189265633642263
1781506140.61993,0.017238043988850694,0.774482513312085,0.3322604311754586,-0.04729331510282597,0.01954879121961728,-0.07565304741791473,0.01723364995545923,0.7744285633894437,0.3321601326063235,-0.04738499168886316,0.01956215939112571,-0.0759094267137974,-8.778973625179495e-05,0.0002475617955982236,-0.0001899163165469443,-0.0009163257796438055,-0.0005028229169297663,0.0021447638590028273,-0.00015623158852543499,0.00016944998189667802,0.0018608645830124396,0.0029182907719470467,-0.00045668504349336155,0.0008965556750334904,0.11397238548438261
1781506140.6299238,0.017260198453555736,0.7744734720820455,0.33227008116632295,-0.04723403522964471,0.019534571666136813,-0.07564831796088135,0.01723364995545923,0.7744285633894437,0.3321601326063235,-0.04738499168886316,0.01956215939112571,-0.0759094267137974,6.265623913090244e-05,0.0001801261923795762,-0.00012164094138389004,-0.000170126402869203,-0.0006053827006643346,0.0019548466699383644,-0.0002122289219881909,0.00014798369110933173,0.0020843517150358616,0.0032699059093457615,0.0008345326570699524,0.0004530663964783936,0.12169757297639587
1781506140.6399276,0.017279179832620235,0.7744655202821423,0.33227838301751017,-0.04718405509918106,0.01952308152943938,-0.0756461604372388,0.01723364995545923,0.7744285633894437,0.3321601326063235,-0.04738499168886316,0.01956215939112571,-0.0759094267137974,0.0001826363109012172,0.00012370831884054022,-6.52899889880047e-05,0.0003936311186528487,-0.0006656616371781658,0.0017590369248323265,-0.00037872596845426817,-0.00010221278394735244,0.0021989294350014893,0.0032006999333382058,-0.00017783601572249948,0.0016842518644386755,0.13199220195926994
1781506140.6499445,0.017295374690429664,0.7744585554853143,0.3322854957926486,-0.04714241097713409,0.01951395123805799,-0.07564598884541325,0.01723364995545923,0.7744285633894437,0.3321601326063235,-0.04738499168886316,0.01956215939112571,-0.0759094267137974,0.0002766389038513017,7.685005463266342e-05,-1.922566683265859e-05,0.0008052598631860933,-0.0006926096304359036,0.0015641723744171199,-0.00043041556785289786,6.635189752191261e-05,0.002173843923381157,0.0029325550416945127,0.00020438992709378555,0.0017047739961521691,0.14291744892583144
1781506140.6599298,0.017309128214031026,0.7744524812592503,0.33229156322842435,-0.047108152612653435,0.019506839206679283,-0.07564730979936934,0.017225241152260484,0.7744285416869272,0.3322413813985974,-0.04726173475379171,0.019593277620518768,-0.07587507344334792,0.000348596365934729,3.825972993022455e-05,1.7997143001801004e-05,0.001091636497190209,-0.0006938452346447409,0.0013753503303175038,2.885431464424295e-05,0.0001723629596369305,0.001301837381150283,0.0017632403429191576,-0.0009747878855898537,0.0017389926035155396,0.10063974513226821
1781506140.6699338,0.017308400290703154,0.774425080640924,0.33232389132120316,-0.04720067387856083,0.0194758731271667,-0.07564185515243212,0.017225241152260484,0.7744285416869272,0.3322413813985974,-0.04726173475379171,0.019593277620518768,-0.07587507344334792,0.000324629008625022,-0.0001559928595464631,0.00021314135681601312,-3.8730170626032675e-05,-0.000958665314326235,0.0012687442347341842,-8.231011812255036e-05,0.0003005188686010625,0.0009302663424093228,0.0008205729611203384,-0.0005458565897597909,0.001986782265766179,0.11719773237727397
1781506140.6799352,0.01730761823591768,0.7744015445458398,0.3323514279470361,-0.047278480475539605,0.019450653159891695,-0.0756384701931631,0.017225241152260484,0.7744285416869272,0.3322413813985974,-0.04726173475379171,0.019593277620518768,-0.07587507344334792,0.0003012752784825813,-0.0003099570352615784,0.00036709717512423926,-0.0008846170641129664,-0.0011308393473751786,0.0011541429380205646,-0.00010630548093843383,0.0003923513864913405,1.7682774954831275e-05,-0.00037073925041804516,-0.001124249689628834,0.0023959527486745536,0.14008951553215754
1781506140.6899438,0.01730680361166511,0.7743814045641735,0.33237476580828074,-0.047343132002374215,0.019430428588501192,-0.07563672922844769,0.017225241152260484,0.7744285416869272,0.3322413813985974,-0.04726173475379171,0.019593277620518768,-0.07587507344334792,0.00027871006722925254,-0.00042962787161520815,0.0004860372787855353,-0.001494198269768015,-0.0012288853183316287,0.0010366870498255498,-0.00018636997267473658,0.0004412552229644265,-0.0004412068871555987,-0.0009132742687181041,-0.00041248018181917626,0.0023617597424091985,0.16329649069165178
1781506140.6999424,0.017305973617377093,0.7743642442467489,0.3323944357919458,-0.047396157133323125,0.01941450028126135,-0.07563626815954859,0.017225241152260484,0.7744285416869272,0.3322413813985974,-0.04726173475379171,0.019593277620518768,-0.07587507344334792,0.0002570637819089522,-0.0005202525848130784,0.0005753606149310019,-0.001910037431582793,-0.001268706873592022,0.0009203066453742552,8.341942109241392e-05,0.00029191003999098756,-0.0006422397943144185,-0.0009436169472520839,-0.0010850090909099944,0.002248626840303375,0.1846010267049875
1781506140.7099311,0.01730514185130079,0.7743496935296329,0.33241091200494327,-0.0474390195193552,0.019402226870509853,-0.07563677902919551,0.01721906696417691,0.7744420361317111,0.3322686043320451,-0.04723208240150672,0.019560584399192837,-0.07576701023520939,0.00023642946607081543,-0.0005864115430232496,0.0006397765878856858,-0.0021693293698229242,-0.0012638135832218679,0.0008079171472116269,0.0006318171301085518,3.77518951299916e-05,-0.0010433704256332715,-0.0017209183176183256,-0.0009098134810714773,0.0011445227955636382,0.19023016616106833
1781506140.7199326,0.0173043189485859,0.7743374237670696,0.33242461660390915,-0.04747309402106004,0.019393027806424934,-0.07563800439801877,0.01721906696417691,0.7744420361317111,0.3322686043320451,-0.04723208240150672,0.019560584399192837,-0.07576701023520939,0.00021686898989724078,-0.0006320917487973402,0.0006833813825877794,-0.0023042280839088926,-0.0012255514868725113,0.0007015938824812812,0.0007517213544830936,-0.00021669726801201256,-0.0006218044683833676,-0.001243842557638189,-0.0013013670916215453,0.0009386553040701336,0.20628009272286627
1781506140.7299304,0.01731586682967899,0.7743807327394725,0.33235816256526696,-0.047501761922453804,0.019407531228568642,-0.07568942539367554,0.01721906696417691,0.7744420361317111,0.3322686043320451,-0.04723208240150672,0.019560584399192837,-0.07576701023520939,0.0002759964688470403,-0.0002972865976820412,0.00021836303850493476,-0.00235477172228465,-0.0009069770919951061,7.189388407321162e-05,0.0007441653674309343,-0.00037461246011913097,-0.00012288708698208087,-0.0010004022702254285,-0.0006850262210090167,0.0005876422165750396,0.14542694729316796
1781506140.739934,0.017325632065066165,0.7744180364822055,0.3323009995043879,-0.04752371473805511,0.019420557919760828,-0.07573278052206268,0.01721906696417691,0.7744420361317111,0.3322686043320451,-0.04723208240150672,0.019560584399192837,-0.07576701023520939,0.0003199652660243665,-2.4747087998530485e-05,-0.000157708084963292,-0.0023281878911889905,-0.0006434481017383921,-0.00040188391294838265,0.0006656505182538536,-0.00025033783512795523,0.0006161331531411945,-0.00015314037213454552,-0.0008698502040765581,0.00034190616859121044,0.11393660998577514
1781506140.749924,0.017333840918029076,0.774450060131528,0.3322520260586842,-0.04754003514107734,0.019432121766030264,-0.07576890540827962,0.01721906696417691,0.7744420361317111,0.3322686043320451,-0.04723208240150672,0.019560584399192837,-0.07576701023520939,0.00035120795114259283,0.0001943538841041104,-0.00045760956474669845,-0.0022445422204141158,-0.00042837766884557264,-0.0007458666518117194,0.00025963069329132686,-0.0006554344205848705,0.0010203476875315,-0.0003921760646619392,-0.0012082903284168763,0.0008783396317932446,0.11624235116147337
1781506140.7599313,0.01734069501160165,0.7744774495199305,0.3322102530332229,-0.04755168853370445,0.019442273158031043,-0.07579862406791302,0.017250254868640513,0.7744337696269568,0.3322623785991461,-0.04727953714653823,0.019498811477139277,-0.07571268656833721,0.00037183857862069957,0.0003677796011427718,-0.000692564043284498,-0.0021204312729646603,-0.00025550369916334053,-0.0009831831718469751,0.00028566581976114704,-0.0007079116768654241,0.0018946238272872882,-0.0002667212990738808,-0.0006278436478000352,0.0004621662901580031,0.1131566486417875
1781506140.7699246,0.017313293770470424,0.7744383612163367,0.3322818043646551,-0.04747243747344637,0.019485192512904037,-0.07586923683687061,0.017250254868640513,0.7744337696269568,0.3322623785991461,-0.04727953714653823,0.019498811477139277,-0.07571268656833721,0.00016850278250683887,0.00013225162872228068,-0.00017226127314992016,-0.0010087989376205133,0.0002771059974125239,-0.0016234576285472958,0.00014328692239358372,-0.0006843784839620471,0.002158400161042436,-0.0004918438933517247,-0.0009108265445830213,0.0006055499684128938,0.06612371891058419
1781506140.7799263,0.01728968416666316,0.7744049270972149,0.3323433362058604,-0.047404827350105885,0.019521113239271193,-0.07592712413514621,0.017250254868640513,0.7744337696269568,0.3322623785991461,-0.04727953714653823,0.019498811477139277,-0.07571268656833721,3.1351630968177926e-06,-5.849966662065627e-05,0.0002476065471267603,-0.00014827953247464648,0.0006685964125298515,-0.002058751936656512,0.0003401613569016773,-0.0009507352784020545,0.001189536000930683,-0.0014132512558529052,-0.0002942505809159561,5.50290502984594e-05,0.09455524918995696
1781506140.7899244,0.017269415629298592,0.7743764744566533,0.33239605398843886,-0.04734778947900014,0.01955080576826762,-0.07597389267931848,0.017250254868640513,0.7744337696269568,0.3322623785991461,-0.04727953714653823,0.019498811477139277,-0.07571268656833721,-0.0001296572477586592,-0.0002108884351522029,0.0005815277344805017,0.0005005353538949451,0.0009436324740962771,-0.0023285471731676155,0.0006723231737360644,-0.0003540193958626554,0.0008831727430452499,-0.001120379119529528,-0.00017714753104858068,-0.0007248785682507033,0.14669349335153248
1781506140.7999234,0.017252084717396275,0.7743523931895229,0.3324410341244149,-0.04730023387723088,0.019575018086983142,-0.07601105057046972,0.017250254868640513,0.7744337696269568,0.3322623785991461,-0.04727953714653823,0.019498811477139277,-0.07571268656833721,-0.0002346165410704346,-0.0003305498766692512,0.0008422221518785123,0.0009729678767439431,0.0011238830270243118,-0.002466955132663538,0.00025686993414375384,-0.00016732257558648908,-7.975090081251616e-05,-0.0018747596186386266,-0.00023120908272759733,-0.00023950952578031517,0.19632439895482065
1781506140.8099246,0.017237330822302672,0.7743321325951085,0.33247923638962407,-0.047261084416208035,0.019594460854105877,-0.07603999075090077,0.017270365652776454,0.7744044074089061,0.3323201851935871,-0.04733185108744749,0.019471498867180248,-0.07571391321797241,-0.00031590221404891006,-0.00042242246674113304,0.0010408288213417838,0.0013003116743309276,0.0012281787723429469,-0.0025031309049685863,0.00011612981746415004,1.468918241158912e-05,-0.00029736320627106943,-0.0014225318137630273,0.00031262668859081207,-0.0006514192979519817,0.17779828934699085
1781506140.8199208,0.017230969505939046,0.7743118247244203,0.3325099956276462,-0.04718120884243228,0.019583515895857273,-0.07597070133435817,0.017270365652776454,0.7744044074089061,0.3323201851935871,-0.04733185108744749,0.019471498867180248,-0.07571391321797241,-0.00033569078131472253,-0.0005412242368789163,0.0011667838571862833,0.002015554691637991,0.0009391335548160998,-0.0014800497848382458,-1.3912545313557532e-05,1.8657290287114988e-05,-0.0005244866892280142,-0.0007716774243365945,0.00012629681009216557,-0.000680385480063774,0.2148292594828757
1781506140.8299432,0.017226839685693707,0.7743327456772057,0.332452952171536,-0.047221743709444,0.019541750816729264,-0.0759341627700438,0.017270365652776454,0.7744044074089061,0.3323201851935871,-0.04733185108744749,0.019471498867180248,-0.07571391321797241,-0.0003362261819553982,-0.00039247755114672214,0.0007094027886305965,0.0013452341615777475,0.00036230911486647864,-0.0009416105721129266,8.364833692845461e-05,3.399906054221987e-05,-0.0007202023073390993,-0.001040913350127603,-0.00037601120039830547,-0.0008273588560485768,0.1570254248027435
1781506140.8399484,0.017223492458502184,0.7743509373227292,0.3324035987289965,-0.047257056199437104,0.01950633254582268,-0.07590254959657566,0.017270365652776454,0.7744044074089061,0.3323201851935871,-0.04733185108744749,0.019471498867180248,-0.07571391321797241,-0.00033239566009629433,-0.00026809461623430656,0.0003332406926929133,0.0008061643058006381,-7.980291030434885e-05,-0.0005123998901725066,0.0004632339943725397,-7.374970957555122e-07,-0.0007582936117844255,-0.001056619714607261,0.0018926210055217954,-0.0029485752348956864,0.1096082311997698
1781506140.8499365,0.017220818659380844,0.7743666896322189,0.3323610333123477,-0.047287488989552866,0.019476639062000478,-0.07587549242795007,0.017270365652776454,0.7744044074089061,0.3323201851935871,-0.04733185108744749,0.019471498867180248,-0.07571391321797241,-0.0003251088294698103,-0.00016484630445430314,2.7045363145973317e-05,0.0003801916125638714,-0.00040887776877937326,-0.00017677960833180464,0.0004736864529459497,-3.501354338349851e-05,-0.0005328372163943148,-0.0009156329899120304,-0.00023702436871782424,-0.0025485077623453234,0.07447216956054437
1781506140.859923,0.017218721290081323,0.7743802704247994,0.3323244488340379,-0.04731343242718515,0.019452047620341695,-0.07585258974686106,0.017285102493078575,0.7744023783989897,0.33229346061722365,-0.04738934697016675,0.01948512895003618,-0.07580008510883306,-0.00031513969850097454,-7.987256165875356e-05,-0.00021910271904815456,5.061857541646702e-05,-0.000644250102400907,7.952934439420283e-05,0.0004137169331488765,-0.00011830536054141241,0.00035165445193669555,0.0003639258300774582,0.00223982920428467,-0.0036016865034068954,0.07652121415326138
1781506140.8699274,0.017232007456635105,0.77439228363522,0.3323174246614241,-0.04719191151230681,0.019456561557427587,-0.07594665155985753,0.017285102493078575,0.7744023783989897,0.33229346061722365,-0.04738934697016675,0.01948512895003618,-0.07580008510883306,-0.00020670508163145204,5.644243974009186e-05,-0.00024922693812985485,0.0013917056536446534,-0.0004760839944120388,-0.0009523659403457294,-0.0003623060418989284,-0.00017981856609910365,0.0007699266768751149,0.000649392245696201,0.0015196879312689591,-0.0019197490073143294,0.05912074563926698
1781506140.8799236,0.017243541509416663,0.7744027787458736,0.33231150749152705,-0.04709096358074646,0.01946084487882005,-0.07602491267408046,0.017285102493078575,0.7744023783989897,0.33229346061722365,-0.04738934697016675,0.01948512895003618,-0.07580008510883306,-0.000117037519140285,0.00016515728012505516,-0.00027025189408516815,0.0023584395027331766,-0.0003370517123888827,-0.0016994644988223792,-0.0002548854879614267,-0.00021621935790679965,0.0015167763036540271,0.0018453318157577612,0.0012729502163943802,-0.0016245165865390971,0.045311867239122804
1781506140.8899329,0.017253523702364448,0.774411949258135,0.33230655681463356,-0.047008193425607636,0.01946483623866202,-0.07608919259964136,0.017285102493078575,0.7744023783989897,0.33229346061722365,-0.04738934697016675,0.01948512895003618,-0.07580008510883306,-4.3571823118127755e-05,0.0002503379248297423,-0.0002837057983549888,0.0030182216410412797,-0.00022365396169260766,-0.002212723582803336,-0.00013410189548601484,-0.00022349151774713906,0.00204950682129002,0.002560273135231456,0.00019158621747373828,-0.0009263077572516775,0.0355011514509535
1781506140.8999417,0.01726213395580447,0.7744199576379366,0.332302447231658,-0.046941308834558174,0.019468498104092236,-0.07614123736071303,0.017285102493078575,0.7744023783989897,0.33229346061722365,-0.04738934697016675,0.01948512895003618,-0.07580008510883306,1.5956564518829558e-05,0.0003155466238184098,-0.0002909113909677315,0.0034299556954523443,-0.00013256718966485695,-0.002536724764808909,-0.0001753209597165716,-0.00017258087385827413,0.002127005608641394,0.002904763945187189,-6.293853435050093e-05,-0.0005848031840250748,0.030287663915441077
1781506140.9099429,0.01726953370348388,0.7744269413226798,0.3322990670836314,-0.04688815751040794,0.019471811746031298,-0.07618269011729502,0.017279950973940972,0.7743916271346722,0.33235981519096236,-0.04731225517749648,0.019532146797078376,-0.07588147588303087,6.354217005129985e-05,0.0003638961205558582,-0.00029300970455893485,0.003644565794511086,-6.069048660987889e-05,-0.0027100521648487225,-0.00023963572506639007,-0.00014221536219835617,0.0019058906939437652,0.0026312906423815257,-0.00029000209536972723,-0.00019283474114555906,0.07103480796554353
1781506140.9199324,0.017275867591708273,0.7744330175839674,0.3322963171823481,-0.04684675090363816,0.019474772968093745,-0.07621507197233625,0.017279950973940972,0.7743916271346722,0.33235981519096236,-0.04731225517749648,0.019532146797078376,-0.07588147588303087,0.00010093747280501573,0.00039809886513707943,-0.00029098144390553337,0.003705603394822294,-5.174635060006591e-06,-0.0027657400232084625,-2.4050433287403273e-05,0.00013932539257772628,0.000551475560312788,0.0016345798207535586,-0.00030187680905134325,-0.00041543104423536707,0.07590678758381089
1781506140.929953,0.017269901287504448,0.7744261443422092,0.33232899233015023,-0.046857635342492446,0.019431776580327353,-0.07611841659887558,0.017279950973940972,0.7743916271346722,0.33235981519096236,-0.04731225517749648,0.019532146797078376,-0.07588147588303087,5.966540363056516e-05,0.00028888639846438115,-7.898103045909244e-05,0.0031617609733505525,-0.0005228931715648996,-0.0014319442051086277,0.00010618682272295358,0.00046624740377362384,0.00030743470465073266,0.0017551323403484863,-0.0004817665946818281,-0.0008655423377896228,0.04735485785290301
1781506140.9399395,0.0172647796657662,0.7744201269377324,0.33235698814326936,-0.046869670818462716,0.019396156569305045,-0.07603582875945011,0.017279950973940972,0.7743916271346722,0.33235981519096236,-0.04731225517749648,0.019532146797078376,-0.07588147588303087,2.5777273302624768e-05,0.00019755307830571976,9.220797962612124e-05,0.0026677376706863397,-0.0008964762195189013,-0.00039337282497140576,2.8698858809490173e-05,0.00030099870403429773,-0.00040358689721225614,0.0018106412107223376,-0.0007142042617645462,-0.001093678034547266,0.03240986832527942
1781506140.9499476,0.017260401847886606,0.77441483943848,0.33238086525162935,-0.04688223878141115,0.019367038268283343,-0.07596604200201883,0.017279950973940972,0.7743916271346722,0.33235981519096236,-0.04731225517749648,0.019532146797078376,-0.07588147588303087,-1.753832139377497e-06,0.00012172994286180538,0.00022846555219907356,0.0022245635569945583,-0.0011518406771367001,0.00039556656101500244,-7.038610893923895e-05,0.0008420431701426257,-0.0005894483170133882,0.0019899791905212813,-0.0008944251872636784,-0.0012467439171072175,0.03693351366492154
1781506140.9599364,0.01725667683932318,0.7744101794079162,0.33240112882178496,-0.04689486129286046,0.01934358834511163,-0.07590775701512124,0.01728392057293976,0.7744091822676433,0.33236618846410193,-0.047212194551696215,0.019512411977217647,-0.07593041297505557,-2.3832841612954002e-05,5.931872341197235e-05,0.0003349545827625268,0.0018316188866808196,-0.001311640353268156,0.0009758683868458799,0.0002727816622012647,0.0007642428767690876,-0.0011876803783039095,0.0017237716599516545,-0.00013517566495974001,-0.0024206366545542735,0.0443175349620592
1781506140.9699364,0.017252105227030662,0.7744162683575928,0.33239529027857606,-0.04697187305937929,0.01936568601906452,-0.07594177698119935,0.01728392057293976,0.7744091822676433,0.33236618846410193,-0.047212194551696215,0.019512411977217647,-0.07593041297505557,-5.474971370036494e-05,9.69531735753807e-05,0.00028502281284196497,0.0007980844292768833,-0.0009101213693631246,0.0005097347377839032,0.00032195597787246396,0.0008449609839524119,-0.0010279931357353393,0.0024319365096969036,0.00039201779562061815,-0.0029054086835797444,0.04369604686667198
1781506140.979953,0.017261973015553194,0.7744402200068534,0.33233649886434397,-0.04709578618058591,0.019368775346289446,-0.07590487538088421,0.01728392057293976,0.7744091822676433,0.33236618846410193,-0.047212194551696215,0.019512411977217647,-0.07593041297505557,9.563837039290483e-06,0.00021249096573719344,-0.0001089622172231024,-0.0006496084821202299,-0.0007961220692589566,0.0008580139125012418,0.0004989797340841774,0.0005242046241174813,-0.0005925655301414828,0.0022093665596997695,-0.000426542415177303,-0.002552717905320471,0.048233897461209874
1781506140.9899487,0.017270437116093024,0.7744605030751494,0.3322860859726865,-0.04719942714173963,0.01937207070651059,-0.07587465930181377,0.01728392057293976,0.7744091822676433,0.33236618846410193,-0.047212194551696215,0.019512411977217647,-0.07593041297505557,6.107184538910621e-05,0.00030254912709144993,-0.0004238621599182591,-0.0017165327198115751,-0.0006889104243049974,0.0010954861022968209,0.00027137521563076126,0.00029262865423780224,-0.00040781474119328583,0.0018113395380881473,-0.0004233190042505588,-0.001596593716115104,0.09608349505803968
1781506140.999935,0.01727766486488196,0.7744775691297267,0.3322430420998574,-0.04728504195637915,0.01937542933642722,-0.07585027967615139,0.01728392057293976,0.7744091822676433,0.33236618846410193,-0.047212194551696215,0.019512411977217647,-0.07593041297505557,0.00010164724933965472,0.0003710117965508503,-0.0006712846156956404,-0.0024689556300164805,-0.0005897201684082077,0.0012434329624788213,4.1887422196229245e-05,0.00045351087513750886,0.000546709990993626,0.002075883148171051,-0.0007115585317296563,-0.0004743042249545002,0.1409997298421437
1781506141.0099654,0.017283806777295477,0.7744918271132084,0.332206462882753,-0.04735480690851902,0.01937874275095619,-0.07583094051885242,0.0173020191930916,0.7744361415556887,0.33234807472675076,-0.04710134030951085,0.019500640791790147,-0.07602800900693515,0.0001329321204244401,0.0004212706933651348,-0.0008614028628371157,-0.00296513776047083,-0.0004992558899377724,0.0013202509574835946,-0.0001651059380726964,0.00013522883190560537,0.00025547610065614117,0.0010318083922010906,-0.0007296238506572976,0.00040586616737458983,0.1532530187821739
1781506141.0199387,0.0172889978764792,0.7745036453999907,0.3321755398704225,-0.04741078646455625,0.01938193108114361,-0.07581590742238208,0.0173020191930916,0.7744361415556887,0.33234807472675076,-0.04710134030951085,0.019500640791790147,-0.07602800900693515,0.0001563623900697936,0.00045627925897169335,-0.0010031098385286162,-0.003255745707018479,-0.0004178064799506968,0.0013416711418157634,-2.3570251207876274e-05,0.00019679858483107642,0.0008453748355394663,0.001300233771133534,-0.000905925564857797,0.0005760594388528284,0.1857272202184972
1781506141.0299313,0.01726873674235095,0.7744735131455743,0.3322391898729511,-0.0472175388593519,0.019354058853240153,-0.07582466588956002,0.0173020191930916,0.7744361415556887,0.33234807472675076,-0.04710134030951085,0.019500640791790147,-0.07602800900693515,2.2238402841844734e-05,0.000264308942481451,-0.0005418736242234739,-0.0007887475904153475,-0.0006714473138745162,0.0010853079574583476,-8.853345270899392e-05,9.1539580026748e-05,0.0009083162998780779,0.0009175572069301597,-0.0004967460739163223,0.0006343453909808663,0.11983433833779415
1781506141.0399559,0.017251365766741838,0.7744475193976901,0.3322940271237135,-0.04705429621637411,0.019331185016922436,-0.07583306205939437,0.0173020191930916,0.7744361415556887,0.33234807472675076,-0.04710134030951085,0.019500640791790147,-0.07602800900693515,-8.57145163556152e-05,0.0001068512636530448,-0.00016473948539623824,0.0010812789499496968,-0.0008431217226793648,0.0008635089255459364,-0.00024212567718416962,4.417961153568138e-05,0.0005282775506663846,-3.802174670997721e-05,-0.0008964733022009338,0.0014938720303148197,0.07494243313140067
1781506141.0499344,0.017236538237369824,0.7744252013380997,0.33234109004989754,-0.04691800362844431,0.019312682585740593,-0.0758409558939411,0.0173020191930916,0.7744361415556887,0.33234807472675076,-0.04710134030951085,0.019500640791790147,-0.07602800900693515,-0.00017129013166750553,-2.090544756981147e-05,0.0001401010926980881,0.002452827612413369,-0.0009486799449072926,0.0006736806299125604,-5.332225447415899e-05,-0.00029000361785239966,-0.0005081861652832891,-0.0013186453142829144,-0.0005366906008820555,0.0011795588785409334,0.06675499707046226
1781506141.0599244,0.017223942492371875,0.7744061347741016,0.33238131285356165,-0.04680563447672942,0.019297962038609118,-0.0758482564579356,0.017295309859654995,0.7744343193625527,0.3323630569057795,-0.04709822757916274,0.019454094547239675,-0.0759697509182353,-0.00023781751825776852,-0.00012320021214402545,0.0003830437014867719,0.003413340989109206,-0.0010018083915814561,0.0005130043477252408,-0.00016099517435723081,-0.00030172719100702444,-0.0010642208091836984,-0.0025303402229029095,-0.0012970995962225187,0.0020359117253851895,0.07887301039333257
1781506141.069926,0.017213299175421897,0.7743899329284076,0.33241553378416777,-0.04671426617922537,0.01928647809622075,-0.07585491205788933,0.017295309859654995,0.7744343193625527,0.3323630569057795,-0.04709822757916274,0.019454094547239675,-0.0759697509182353,-0.00028821052868957455,-0.00020375863100415004,0.000573217952792534,0.004039587931682419,-0.0010141974097357498,0.00037856980749250427,-0.00026810974067183776,-0.00010717828518734232,-0.001054675268980964,-0.0025373684535296374,-0.0007926641634420503,0.0015516905684939979,0.10700341410381452
1781506141.0799243,0.017210613574631693,0.7743683577141366,0.33244020610045366,-0.04669339559661588,0.01926277418100364,-0.07579706663112783,0.017295309859654995,0.7744343193625527,0.3323630569057795,-0.04709822757916274,0.019454094547239675,-0.0759697509182353,-0.0002847994154739136,-0.00034894030881560845,0.0006855588697662981,0.003814285375893971,-0.0011914183715175989,0.0009558595539987504,-0.00013906175553971624,0.0002359658717857571,-0.000741004519059574,-0.0011677767845002928,-0.00042791730253961846,0.0008181228942290501,0.13219832827002762
1781506141.0899258,0.017213489780845904,0.7743864799824547,0.33239592891707087,-0.04682289687040375,0.019267356981566897,-0.07578277445954881,0.017295309859654995,0.7744343193625527,0.3323630569057795,-0.04709822757916274,0.019454094547239675,-0.0759697509182353,-0.0002503729802814952,-0.00023423319495780923,0.00035970135571644705,0.001981099391909256,-0.0010187771551716236,0.0010096828574121673,-0.000257333231309045,0.00018547931770352753,-0.001288591938404898,-0.0014087843045785652,-0.00025453608345345544,0.0006097712658334986,0.1003179979406848
1781506141.099925,0.01721610767219955,0.7744020740679387,0.33235769648387103,-0.04693365638940895,0.01927210488705433,-0.07577172351155119,0.017295309859654995,0.7744343193625527,0.3323630569057795,-0.04709822757916274,0.019454094547239675,-0.0759697509182353,-0.00021956388249131853,-0.00013918143113813078,9.355391048902469e-05,0.0005533280750472133,-0.0008615289068850179,0.0010223787783384308,3.877080699766455e-05,0.0002612098901748729,-0.0010989903001242,-0.0006618405914707445,-7.916126065644997e-05,-0.00011644993082722018,0.08568243487148795
1781506141.1099322,0.0172184823533523,0.7744154277643793,0.3323248065639289,-0.04702734158361861,0.01927684598358681,-0.07576340375235051,0.017290307582790154,0.7744391569110161,0.33231120267397296,-0.047166437614970844,0.019417691958772076,-0.07592978694824257,-0.00019204906860283098,-6.111285699250747e-05,-0.00012128753618454431,-0.0005315979996485623,-0.0007201202396009037,0.0010039103909021913,9.881907739464376e-05,0.00026313631954909755,-0.00029503801257815246,0.0008200617557878711,-0.0004607143668815442,-0.0001724079209786891,0.07685702183822023
1781506141.1199224,0.017220629542823575,0.7744268048835414,0.33229662697377965,-0.047105669168896844,0.019281451787243276,-0.07575735820961942,0.017290307582790154,0.7744391569110161,0.33231120267397296,-0.047166437614970844,0.019417691958772076,-0.07592978694824257,-0.000167527458017025,2.332860336145889e-06,-0.0002922196453838113,-0.0013299445384747815,-0.0005944517516030551,0.0009625961004184376,6.296555548430695e-05,0.00022893740779261204,0.0007204436828644773,0.002414007664229278,-0.00046156634082870684,-2.44176336828046e-05,0.07224993337327938
1781506141.129941,0.01722383079804743,0.77442614783789,0.33230205335741364,-0.047101796518085645,0.019307021502465327,-0.07573315445283377,0.017290307582790154,0.7744391569110161,0.33231120267397296,-0.047166437614970844,0.019417691958772076,-0.07592978694824257,-0.00014019469812838982,-1.0596798022549204e-05,-0.0002286837794339553,-0.0011475944916187048,-0.0002631575257973254,0.001134545885281856,-0.0001287938223315615,7.782247165936539e-05,0.0002191792374310217,0.0017348428962948375,-0.0008114323859307654,0.0002932197703037221,0.06835282647288744
1781506141.1399498,0.01722664252478511,0.7744254806992233,0.33230684999972854,-0.04709750519089947,0.01932871988068241,-0.07571384890664457,0.017290307582790154,0.7744391569110161,0.33231120267397296,-0.047166437614970844,0.019417691958772076,-0.07592978694824257,-0.00011647628313123909,-2.084210843326468e-05,-0.00017478123634431713,-0.0009795514214513044,-7.728176893948414e-06,0.0012323276579350778,-0.00012840259765039053,0.0001793561513020882,0.0014284601475854765,0.0032799382472347752,-0.0008174051908159531,0.0002932072295865588,0.06526273173000532
1781506141.1499348,0.017229103628524502,0.7744248146913751,0.33231108699350503,-0.04709301778102827,0.019346923683884132,-0.07569874188999613,0.017290307582790154,0.7744391569110161,0.33231120267397296,-0.047166437614970844,0.019417691958772076,-0.07592978694824257,-9.595990357783508e-05,-2.880267789376492e-05,-0.00012929506616826068,-0.0008268282759104918,0.00018386677567185198,0.0012718609894260733,-0.00015616705459294054,0.0002256783871443733,0.0015132906003260918,0.0036590543438996866,-0.000490401599403219,0.00023855963670965088,0.06286204470068542
1781506141.159941,0.017231250513257523,0.774424160023908,0.3323148258216527,-0.04708850640073741,0.019362010861267542,-0.07568719422989806,0.017290307582790154,0.7744391569110161,0.33231120267397296,-0.047166437614970844,0.019417691958772076,-0.07592978694824257,-7.827399547268654e-05,-3.482825016090512e-05,-9.114169017004366e-05,-0.0006897645752462451,0.0003223885890883811,0.0012666683711343293,-0.00038406611201524107,-8.983558894439686e-05,0.0009720129515435556,0.0022177860256888697,-0.0007604701990695725,0.0006656509811148185,0.0610390963549001
1781506141.169937,0.01723311697374536,0.7744235256039534,0.3323181206157596,-0.047084100634024566,0.019374349904869748,-0.07567862958498883,0.0172799094315933,0.7744480328656922,0.33235353012885743,-0.047037348590291704,0.019394634610888417,-0.07591123154003981,-6.308441226855096e-05,-3.9224108512392284e-05,-5.935832648433557e-05,-0.0005681859944636846,0.0004173529934382294,0.001228106076881234,-0.00023034931068659752,-3.457089422659337e-05,0.0010090894039462802,0.0015408908327880846,-0.00032381853223576893,0.00046421444995246847,0.06359224486687111
1781506141.1799486,0.017233883689487778,0.7744125924641097,0.33234365860188386,-0.047080563278538747,0.019410283378379356,-0.0757719359450246,0.0172799094315933,0.7744480328656922,0.33235353012885743,-0.047037348590291704,0.019394634610888417,-0.07591123154003981,-5.686206457196048e-05,-6.989778569066295e-05,0.00012245181191479566,-0.0004478197373688847,0.000811583034240576,9.518835954087641e-05,-0.00033138517858159077,-2.0049326452118732e-05,0.00048205356284969017,0.0006149597018907389,-0.0011049451813778233,0.0013031316160521864,0.05892230516099786
1781506141.1899645,0.01724051036221981,0.7744077870476958,0.3323423521140613,-0.04699972093078232,0.019398193451407142,-0.07577913320767823,0.0172799094315933,0.7744480328656922,0.33235353012885743,-0.047037348590291704,0.019394634610888417,-0.07591123154003981,-7.94895050609429e-06,-8.197504736534372e-05,0.00010095101590264116,0.00048516387623569277,0.0005949109757086412,1.2242756525187692e-07,-0.0003462896327059401,-0.0001564405468195396,-0.00033505228406790496,-0.0008851418909197748,-0.0011556515188805214,0.001783521854621204,0.05741916534121507
1781506141.199943,0.017246195937641286,0.7744037594867116,0.3323411943078457,-0.04693217035919482,0.019387479578417466,-0.07578516170042626,0.0172799094315933,0.7744480328656922,0.33235353012885743,-0.047037348590291704,0.019394634610888417,-0.07591123154003981,3.141790554533559e-05,-9.063164170845143e-05,8.241160223256745e-05,0.0011709368043575775,0.0004162814444262647,-7.110812848406225e-05,-0.00033492296759460473,-4.507849760658824e-05,-0.00012668641843134525,-0.0005858341274715003,-0.0007941057168318075,0.001831343880577554,0.056999160001235595
1781506141.2099206,0.01725105633795682,0.7744004151614758,0.33234016520174264,-0.04687642792148478,0.019378089912127416,-0.07579014940256441,0.0172799094315933,0.7744480328656922,0.33235353012885743,-0.047037348590291704,0.019394634610888417,-0.07591123154003981,6.262246391782128e-05,-9.64325283140432e-05,6.648441999659979e-05,0.0016527116237716733,0.00027104550899232174,-0.0001225304914799366,-0.0003583125216631393,-5.751381392882305e-05,-0.0004572771626670978,-0.0012036332165133556,-0.00038035655914789936,0.001790509855334222,0.057258781370328166
1781506141.2199244,0.017255194534091037,0.7743976668616634,0.33233924822377925,-0.04683105875150165,0.019369949377783025,-0.0757942206942142,0.01726229843346333,0.7744436969652275,0.33235664628330275,-0.04704070012007785,0.01934970433229699,-0.07583518958208366,8.687915541216841e-05,-9.986742629320538e-05,5.285608059488734e-05,0.001968450050613948,0.00015480579808363953,-0.00015770414175122262,-0.00031202925562012106,9.608200479695632e-05,-0.00040615870143580955,-0.00044424864367101206,0.0004584356465567071,0.0010787142284176508,0.0497184904798455
1781506141.229926,0.01725658911388681,0.7744091899706728,0.3323075596422613,-0.04690260018095119,0.019342956703166436,-0.0757630557113023,0.01726229843346333,0.7744436969652275,0.33235664628330275,-0.04704070012007785,0.01934970433229699,-0.07583518958208366,9.246280350621412e-05,-4.208060851930553e-05,-0.00016412227238261982,0.0009659740206653142,-0.0001724520574541544,0.00018550139968195488,-0.0004051814045401374,3.6859315651808e-05,-0.0005070981381627285,-0.0007714815797642711,0.0003143073727986946,0.0010134704451152366,0.060272940296319355
1781506141.2399244,0.017257744268978546,0.7744190485418878,0.3322804284381728,-0.04696366383196421,0.019320405692676124,-0.07573701915554046,0.01726229843346333,0.7744436969652275,0.33235664628330275,-0.04704070012007785,0.01934970433229699,-0.07583518958208366,9.577360868478483e-05,4.8423013955298634e-06,-0.00033622707299137773,0.00018841138914385883,-0.0004129328465208044,0.00043757782343001756,4.78253467982961e-05,-0.0001271358567060485,-0.00018308696395511061,0.00010051614681062842,0.00018832073348585166,0.0002689195106021415,0.08023369057660283
1781506141.2499232,0.017258693661845598,0.7744274316879122,0.33225729428203754,-0.04701520523006817,0.01930179958300049,-0.07571553816541746,0.01726229843346333,0.7744436969652275,0.33235664628330275,-0.04704070012007785,0.01934970433229699,-0.07583518958208366,9.721788532764536e-05,4.244939683716248e-05,-0.00047012784792736697,-0.000399347251556929,-0.0005818123943971519,0.0006144738120695498,-0.00031906196851065653,0.00010718122467743104,0.0001818513136221751,0.0008120984012213643,0.0006910144138828312,0.00036492155473988265,0.10073913728022024
1781506141.259925,0.017259466525595298,0.7744345141551946,0.33223765850570064,-0.0470582009968594,0.01928665825804421,-0.07569805875306256,0.01726229843346333,0.7744436969652275,0.33235664628330275,-0.04704070012007785,0.01934970433229699,-0.07583518958208366,9.714546252212148e-05,7.210148644155784e-05,-0.0005716627979584536,-0.0008288036432017191,-0.0006924212317014332,0.0007301971813319268,-1.3664228674301523e-05,0.00012045988195295303,0.0004987233750166609,0.0014293780791492506,-2.4804611621664053e-05,6.977725389672822e-05,0.1193751855326839
1781506141.2699268,0.01726008824798475,0.7744404561554062,0.3322210779040799,-0.04709361682380057,0.019274527208709813,-0.07568405624325503,0.01725270067671303,0.7744448881768256,0.3323471579140434,-0.047039644511586376,0.019373985889112877,-0.07580642163764485,9.585639178949413e-05,9.499178884880924e-05,-0.000645928781784888,-0.0011278941369245801,-0.0007563424098058734,0.0007969180601237757,-1.052397912184864e-05,0.00015606085577857457,0.0005352853212283199,0.0016614760554304656,-3.8011457181952776e-05,6.35683025862675e-05,0.12637400023562195
1781506141.2799287,0.017249865000437726,0.7744216022960317,0.33225945559705544,-0.046963721462649086,0.019313062178262674,-0.07573625800807865,0.01725270067671303,0.7744448881768256,0.3323471579140434,-0.047039644511586376,0.019373985889112877,-0.07580642163764485,2.133881358774591e-05,7.0963769471525835e-06,-0.00034378902176040733,0.0004242677906005272,-0.00022664423437374504,0.0001605396472675204,-1.0854821113385148e-06,0.00017490922484319178,0.0003507513956783857,0.001431636652066383,-6.938756071109216e-05,4.097942268682961e-05,0.09078529456546512
1781506141.2899315,0.017241079885655018,0.7744055259289325,0.33229259252151266,-0.0468548621350203,0.019345679509928493,-0.07578031769689719,0.01725270067671303,0.7744448881768256,0.3323471579140434,-0.047039644511586376,0.019373985889112877,-0.07580642163764485,-3.875228201709795e-05,-6.3553618256926e-05,-9.688317813035771e-05,0.0015756364953178582,0.00017644256921568188,-0.0003206736824552176,8.399240752894876e-06,0.0001417705202230794,0.0005469180989179712,0.0016985401341006365,-0.0003116200206429444,0.0001929616295089489,0.0682774589893282
1781506141.2999265,0.01723355875335565,0.774391906628516,0.33232111190726765,-0.04676474389021888,0.019372969150370123,-0.07581707146517326,0.01725270067671303,0.7744448881768256,0.3323471579140434,-0.047039644511586376,0.019373985889112877,-0.07580642163764485,-8.650076951210325e-05,-0.00011946424875751421,0.00010255381257112564,0.0023951883826993205,0.00047363066772931526,-0.0006724544141316224,0.00016316865699169276,-2.553554770919064e-05,-0.00021763111184486703,0.000499977388439535,-0.000667843848942905,0.00026070145647361765,0.062063291566444724
1781506141.3099287,0.01722714628158504,0.774380448759474,0.33234556987947794,-0.046691134259096545,0.01939551915863591,-0.07584734566138729,0.01725270067671303,0.7744448881768256,0.3323471579140434,-0.047039644511586376,0.019373985889112877,-0.07580642163764485,-0.0001237359207657401,-0.00016283406853074468,0.0002613570133869446,0.002943687854499142,0.0006833379749975194,-0.000917626086334221,4.89718098959547e-05,0.00011909469987978171,-6.894079670034705e-05,0.0004356118420771535,-0.0007619989689740756,0.000824830463554206,0.06933965296097373
1781506141.3199308,0.01722170414256106,0.7743708817086887,0.33236646213586346,-0.046631908691983096,0.019413900062938083,-0.07587193667857514,0.017253843529783708,0.7744495489756109,0.33236000292636014,-0.04697758742673988,0.01935667179225109,-0.07578956332106562,-0.00015205944076773686,-0.00019558692248851551,0.00038552830079978634,0.003274083050718528,0.0008217589058193229,-0.0010762078853745708,-0.00013845527827876966,0.0001975012861619127,-0.0001610056304406188,0.0005646282751426234,-0.0007084901809965198,0.0010181493356187553,0.08522441248527922
1781506141.3299227,0.01722180883544763,0.7743714329911074,0.33233441994407875,-0.04668425373709494,0.01940132951702611,-0.07589998744472067,0.017253843529783708,0.7744495489756109,0.33236000292636014,-0.04697758742673988,0.01935667179225109,-0.07578956332106562,-0.00013983014740847867,-0.00017627483917887363,0.00015037294746856236,0.00235115231132106,0.0006091873534810299,-0.0012709593409080413,0.0001315172104746485,0.00014637443958140744,-0.00026355295019886627,0.00018405503101031316,-0.0008203184139300436,0.00046166027606088663,0.0882202791798013
1781506141.3399234,0.017221977472191664,0.774372132100692,0.3323068648615655,-0.046730415888357905,0.019390250705758838,-0.07592238799664983,0.017253843529783708,0.7744495489756109,0.33236000292636014,-0.04697758742673988,0.01935667179225109,-0.07578956332106562,-0.00012824100907861657,-0.0001585380359823637,-4.030883478163148e-05,0.0015952756268332283,0.0004332334723811135,-0.0013820906139968045,-0.00020293781641424284,0.0002023029593318752,-0.0001571244647782724,0.000795927231861584,-4.505879450139437e-05,0.00029578509169861025,0.09915882249597058
1781506141.349926,0.017222196587302823,0.7743729347182673,0.33228325639083334,-0.04677068191305703,0.019380593229078702,-0.0759399419192637,0.017253843529783708,0.7744495489756109,0.33236000292636014,-0.04697758742673988,0.01935667179225109,-0.07578956332106562,-0.00011731261616969253,-0.0001422905686743539,-0.00019287229637844204,0.0009852569188803567,0.00028953383948181503,-0.0014275260961947832,5.983858945034755e-05,0.00016374271833842282,9.437982829321711e-05,0.0011078171971248736,0.00014187843808700728,-0.00032667276121237825,0.11296594226611109
1781506141.3599255,0.017222454384705526,0.7743738038763051,0.3322631115922268,-0.04680542805022344,0.0193722653536319,-0.07595338397627244,0.017253843529783708,0.7744495489756109,0.33236000292636014,-0.04697758742673988,0.01935667179225109,-0.07578956332106562,-0.0001070531257798473,-0.00012744457214072758,-0.0003129022595694522,0.0005012222458898835,0.00017393581906211257,-0.001422494213803321,-6.881746449988161e-05,2.4163829517891977e-05,0.0001493081579797106,0.0014500639267645782,0.0003796807567038501,-0.0005199824915463608,0.12692725919883396
1781506141.369933,0.017222740619600517,0.7743747091717863,0.3322459997105377,-0.04683508728110254,0.019365161884500992,-0.07596337725005266,0.01725203756613075,0.7744533001895587,0.33235277331663365,-0.04693682754499069,0.019344543835563943,-0.0757767947997975,-9.746061053438152e-05,-0.00011391175256900679,-0.0004052943021749094,0.00012483227966834264,8.25584764833575e-05,-0.0013797865504872977,-4.340929243957171e-05,0.00012812652973365698,0.0005967488449469278,0.0027439123934320064,0.0005897003839296379,-0.0008044460538048245,0.1357772518105783
1781506141.3799255,0.017227148625688235,0.774383070562006,0.3322534864910293,-0.04693545384488405,0.019375514738528166,-0.0759033587319516,0.01725203756613075,0.7744533001895587,0.33235277331663365,-0.04693682754499069,0.019344543835563943,-0.0757767947997975,-6.674312115882312e-05,-9.048187021589127e-05,-0.0003264607773299855,-0.0009972005493468672,0.0001556389382768137,-0.0005694762499123288,-0.00015935688450376115,0.00021122242369226652,0.000759175923014774,0.0034008908132598962,0.0001418082492954055,-0.0007542512674905923,0.12413514281273282
1781506141.3899434,0.017227364255149428,0.774384369424489,0.33227047480634947,-0.046992871580222154,0.01938441525571699,-0.07585218689160317,0.01725203756613075,0.7744533001895587,0.33235277331663365,-0.04693682754499069,0.019344543835563943,-0.0757767947997975,-6.406703955767412e-05,-0.00010433333784197234,-0.0001925011672208226,-0.0015260000310955706,0.00020942733144505655,5.517957960774942e-05,-7.964010587528433e-05,0.00022060907292353744,0.0005156361322718053,0.0030790626297813833,0.0006369918937919219,-0.001349931432387965,0.11015111185493545
1781506141.3999548,0.01722756988747908,0.7743854343764869,0.33228517810307434,-0.04703976427633238,0.01939170867405826,-0.07580918882419041,0.01725203756613075,0.7744533001895587,0.33235277331663365,-0.04693682754499069,0.019344543835563943,-0.0757767947997975,-6.110695865143488e-05,-0.00011413091484753229,-8.252280345682258e-05,-0.0018804412447253503,0.00024399309132337225,0.0005217024801410608,-0.00015698919073269484,3.920549614216909e-05,0.0005191277271385581,0.0033266649640660336,0.0013572719145534692,-0.0020795086605799556,0.0988612602520895
1781506141.4099317,0.01722776359217665,0.7743862835108851,0.33229786220325064,-0.04707748740252382,0.019397597871261274,-0.07577349196544124,0.01725203756613075,0.7744533001895587,0.33235277331663365,-0.04693682754499069,0.019344543835563943,-0.0757767947997975,-5.795639795839751e-05,-0.00012054999205088037,6.810522040067693e-06,-0.002094539580215152,0.00026321069304574703,0.0008569717645633881,-0.00025432803406490764,8.667411778035026e-05,0.0002577587597542101,0.001968843666284684,0.0003020096181155286,-0.0011110258473167832,0.08997606017672875
1781506141.4199243,0.017227944484731184,0.774386939125837,0.3323087654188052,-0.047107307547150354,0.01940227339481404,-0.07574424270338874,0.017243807801684996,0.7744575152894093,0.3323786998575562,-0.04679693930129557,0.019385898396355516,-0.07583386768890638,-5.4692846009384866e-05,-0.00012417556409141886,7.843862114331157e-05,-0.002197623212945068,0.00027040305272465755,0.001084719952994516,-0.00011380185280422739,-0.00014840796921151641,-0.00018460011272614834,0.00023038634709604723,0.0010570669341649077,-0.0014263988566133548,0.10061543327331259
1781506141.4299266,0.017228659955582492,0.7743872168275876,0.33231138063203697,-0.0471463962188458,0.01939798264499326,-0.07580923803921558,0.017243807801684996,0.7744575152894093,0.3323786998575562,-0.04679693930129557,0.019385898396355516,-0.07583386768890638,-4.494802604718393e-05,-9.489412946499687e-05,8.880010344928571e-05,-0.0023706737595828534,0.00022748817446986946,0.0002554576448542006,-3.669586153506818e-05,-0.00024766326533869927,-0.00037041853487103187,-0.0007627804449778486,-0.00022171159806047184,-0.00040559592674346617,0.09850486841041231
1781506141.4399254,0.017229293543855956,0.7743874965456291,0.33231358721129123,-0.04717710051385163,0.01939415271516909,-0.0758641292877817,0.017243807801684996,0.7744575152894093,0.3323786998575562,-0.04679693930129557,0.019385898396355516,-0.07583386768890638,-3.655560907667502e-05,-7.018537490723504e-05,9.599283578904295e-05,-0.00243544219775935,0.000189114071313462,-0.0003728735727895944,2.3900890452070367e-05,-0.0002849803761074642,-0.00044883383554318725,-0.0010918587192273743,-5.1876226553035314e-05,-7.603437860833493e-05,0.09671062436212877
1781506141.4499264,0.017229855005959457,0.7743877902918966,0.3323154358707868,-0.04720068226259473,0.019390773237427883,-0.0759099473708772,0.017243807801684996,0.7744575152894093,0.3323786998575562,-0.04679693930129557,0.019385898396355516,-0.07583386768890638,-2.9355205363675585e-05,-4.946053015219603e-05,0.00010055064150680858,-0.0024173058032128944,0.00015519073253298483,-0.0008334546694994647,0.00015532222250483986,-0.0003333341799537254,-0.0008094540697762368,-0.0020143143374741477,-0.0001782631757342626,7.405328412442839e-05,0.09517661376964527
1781506141.4599245,0.017230352741350756,0.7743881036553768,0.33231697218708833,-0.047218281868926834,0.01938782402539818,-0.07594771308056181,0.017243807801684996,0.7744575152894093,0.3323786998575562,-0.04679693930129557,0.019385898396355516,-0.07583386768890638,-2.320295431734919e-05,-3.219646605536717e-05,0.00010293544684738435,-0.002337548197395805,0.00012552936001303217,-0.0011557388318651496,-0.00017918446438125728,-0.0003430759792237366,-0.0006063513927656341,-0.0017205588311954318,-0.00034408410356614343,0.0009348756194711974,0.09385797189930169
1781506141.4699252,0.0172307940048029,0.774388437639478,0.33231823699609553,-0.04723091753989491,0.019385278102450165,-0.07597841167607391,0.017239908652255997,0.7744416360654466,0.3323554792532475,-0.046846027523470335,0.019382215620166177,-0.07583921799636446,-1.797008735911944e-05,-1.7929376979083892e-05,0.0001035456079196519,-0.0022138031850801477,9.987218681458548e-05,-0.0013655799225699636,-0.00033565475003430925,-0.0003853221792587265,-0.0006911780859409216,-0.0020996588074747658,-0.0006711231491892752,0.0012272925616844295,0.06557541491676822
1781506141.4799204,0.017231185086881696,0.774388790122791,0.33231926677338075,-0.04723948805395458,0.019383104157678632,-0.07600297482345594,0.017239908652255997,0.7744416360654466,0.3323554792532475,-0.046846027523470335,0.019382215620166177,-0.07583921799636446,-1.3541583001312702e-05,-6.248957492912453e-06,0.00010272340085776473,-0.00206048720970577,7.79167368445429e-05,-0.0014854272559279816,2.9893839175506407e-05,-0.00044425578613495114,-0.0005256762868162789,-0.0021514588257303484,0.00028035759232047106,0.00018381305036660077,0.06465398631244969
1781506141.4899247,0.01722970881375724,0.7743930782821122,0.3323150105856113,-0.04721735077233542,0.019336351702136545,-0.07592948495864431,0.017239908652255997,0.7744416360654466,0.3323554792532475,-0.046846027523470335,0.019382215620166177,-0.07583921799636446,-1.7201644258142007e-05,-4.080351244347406e-06,5.0480035139848216e-05,-0.001609350180955857,-0.00047827568621409446,-0.0005461173791852415,-8.502509789739868e-05,-0.0003787598154292491,-0.00019588728472387306,-0.0022275091350774916,0.0002492726442546664,0.00027901192653721123,0.06402818198257741
1781506141.4999442,0.017228473438560692,0.7743966866547135,0.33231125727636374,-0.04719724670035073,0.019297489171049342,-0.07586719453312835,0.017239908652255997,0.7744416360654466,0.3323554792532475,-0.046846027523470335,0.019382215620166177,-0.07583921799636446,-1.992188087285906e-05,-2.287750176232897e-06,7.900830443970902e-06,-0.0012272733874438327,-0.0008819248344128746,0.0001726202091446626,-7.842644001708134e-05,-0.0005165064473470857,-0.0003340024383392688,-0.0030345311899405937,0.00022698588420387263,0.00020958220217332893,0.06408429508869569
1781506141.509937,0.01722744955958263,0.7743996884661521,0.33230794600823355,-0.047179215875705595,0.019265602310207353,-0.0758150003236593,0.017239908652255997,0.7744416360654466,0.3323554792532475,-0.046846027523470335,0.019382215620166177,-0.07583921799636446,-2.1853183336874486e-05,-8.197100478645524e-07,-2.6380723484823525e-05,-0.0009074002763843583,-0.0011602283145690233,0.0007064176995400407,2.0924406312306437e-05,-0.0005378244971741711,-0.0004788575849728371,-0.0033637076716649056,0.00011281667358944113,-0.00014948774516204726,0.06460835440069211
1781506141.519933,0.017226609995112028,0.7744021549295926,0.33230502561626596,-0.047163231642065775,0.01923981512507522,-0.07577179939404409,0.01723518499747917,0.77442194340914,0.3323383342386397,-0.046971419076092334,0.01937682310814237,-0.07582573790561797,-2.312667908241114e-05,3.691797126141447e-07,-5.3566764052238126e-05,-0.000642890603446346,-0.0013369957220486146,0.001087035137363083,-9.634955886747465e-05,-0.0006235641970467513,-0.0002981848827342808,-0.0023861894172489077,0.0005495576267751812,-0.0005616984193264713,0.03968096411159605
1781506141.5299504,0.01723272441159143,0.7744004403334835,0.33232449585137147,-0.04701034863756816,0.01920698542693766,-0.07573277380951142,0.01723518499747917,0.77442194340914,0.3323383342386397,-0.046971419076092334,0.01937682310814237,-0.07582573790561797,2.2892985711294303e-05,-4.122213110196579e-06,6.11841050558904e-05,0.0010881673714456678,-0.001568960193941998,0.0013769739851114367,0.0001506342545885258,-0.0003297719962782469,0.00022253608489404436,-0.001070772518439063,0.0002119421382450336,-0.0014247819538973335,0.025689252768050962
1781506141.5399497,0.017237997317914307,0.7743989289250056,0.33234104485682947,-0.04688278618104834,0.019180747130983944,-0.07570128548946163,0.01723518499747917,0.77442194340914,0.3323383342386397,-0.046971419076092334,0.01937682310814237,-0.07582573790561797,5.954625972105806e-05,-7.675550059910916e-06,0.000152527757266734,0.0023554048066718176,-0.001699824338969966,0.0015565145722445846,1.3978419990990005e-05,-3.190161556669183e-05,0.0004513875189151061,-0.0003591188322597286,-0.000844660418481726,-0.0009640564596471932,0.02334358749571579
1781506141.5499232,0.017242529252930502,0.7743976078824527,0.33235503657917026,-0.046777686991067914,0.01916016708298396,-0.07567630530910155,0.01723518499747917,0.77442194340914,0.3323383342386397,-0.046971419076092334,0.01937682310814237,-0.07582573790561797,8.821601247529186e-05,-1.0430816552086086e-05,0.00022392330735652917,0.0032404293664606834,-0.0017513533857849005,0.001648425284459058,0.00020519359784743304,-8.451456258017049e-05,0.00011596426587669512,-0.000275962315901699,-0.00109345090771491,-0.0009670145888842948,0.030415853209784658
1781506141.559919,0.017246409448222533,0.7743964630073544,0.33236679777577066,-0.0466922954058252,0.019144390889508367,-0.07565688434139876,0.01723518499747917,0.77442194340914,0.3323383342386397,-0.046971419076092334,0.01937682310814237,-0.07582573790561797,0.00011011353382535228,-1.2510501483066884e-05,0.000278400402507636,0.00381484915082733,-0.0017420273880355927,0.0016721637903956152,0.00026308041296316996,-1.2945100027837276e-05,-0.00022671838857033264,-0.0004509882287362936,-0.0011923787157405807,-0.0004834094234758795,0.03981723390252608
1781506141.5699284,0.017249717131422697,0.7743954793703041,0.3323766206686138,-0.04662400731521848,0.019132646620692473,-0.07564215966190341,0.01724644638988021,0.7744146193687581,0.3323443440205044,-0.047001521468925875,0.01934200394697272,-0.07587574527077476,0.0001262970257920261,-1.4021495954757917e-05,0.00031860553614216725,0.004140819805782397,-0.001687358956930036,0.0016441746860362202,-3.33296127977028e-05,3.5590831439225556e-05,-0.00020748299903612804,-0.0002552475266213907,-0.0008395336649115486,0.0005827776441946588,0.037667217898809224
1781506141.579926,0.017246824963823387,0.7744054995077597,0.33235491615367285,-0.04670290703877189,0.01913624868359065,-0.07562374510759308,0.01724644638988021,0.7744146193687581,0.3323443440205044,-0.047001521468925875,0.01934200394697272,-0.07587574527077476,9.784226357567564e-05,3.279393551312097e-05,0.000160621374530171,0.0028235663097773743,-0.0014733062932136038,0.0016672973166837197,-9.199894951752515e-05,0.00012128823688358418,-2.8476828390366157e-05,0.0004829213851903564,-0.0002193693151439214,0.0005045435883153196,0.013967289736811373
1781506141.589929,0.017244311261552292,0.7744139899736846,0.33233613228639425,-0.046771891452029826,0.01914056040971679,-0.07560984937505592,0.01724644638988021,0.7744146193687581,0.3323443440205044,-0.047001521468925875,0.01934200394697272,-0.07587574527077476,7.375978358195609e-05,6.99605745574303e-05,3.176069516197766e-05,0.0017593057065005877,-0.0012725870128230594,0.0016389888556247118,-7.543252254131747e-05,0.0001760314553223127,0.0002852016300077979,0.0011831489191717701,-0.0012521764882673589,0.0015917289441746334,0.008508083699100197
1781506141.599934,0.017242130409833967,0.7744211364530504,0.3323199377265125,-0.04683155840294957,0.019145285335601114,-0.07559971998227018,0.01724644638988021,0.7744146193687581,0.3323443440205044,-0.047001521468925875,0.01934200394697272,-0.07587574527077476,5.349240384587557e-05,9.891048303553343e-05,-7.208763890466282e-05,0.0009137354435167183,-0.0010873543423644708,0.0015729184461799723,-0.0003265165896339034,0.00015495996684204802,-0.00019925920981382525,0.0009974588049040925,-0.0032792153993373868,0.003172118257778113,0.025627470765766634
1781506141.609927,0.017240242006289593,0.7744271082906713,0.33230603296338296,-0.04688261088069977,0.019150190142613877,-0.07559268996654323,0.01724644638988021,0.7744146193687581,0.3323443440205044,-0.047001521468925875,0.01934200394697272,-0.07587574527077476,3.654449245086618e-05,0.00012089739607833292,-0.0001545408698450508,0.0002551677223519617,-0.0009187971781280313,0.0014803618762249987,-0.00016822980925878086,0.00038919322677884844,0.00043074253624301014,0.0023435808765928864,-0.002332168085613683,0.00261106918425422,0.04077014402788974
1781506141.6199274,0.0172386103017041,0.7744320588939259,0.33229414784786643,-0.04692581140901044,0.019155095187633808,-0.07558817471504115,0.017237855132308633,0.7744254026305728,0.33235313455553184,-0.046929738549987256,0.01926253058341776,-0.07577919148534779,2.2476108366428437e-05,0.00013701600681159857,-0.00021877392024404702,-0.00024525875028257905,-0.0007673494666099767,0.0013704929454701007,-0.00017542344744439137,0.0002846598404979215,0.0005631154327613064,0.00301224361138218,-0.0020381256851968173,0.002483878559845349,0.0593658808057755
1781506141.6298816,0.017237203692282155,0.7744361263565315,0.33228403925463806,-0.046961946245887114,0.01915986594118113,-0.07558566733208509,0.017237855132308633,0.7744254026305728,0.33235313455553184,-0.046929738549987256,0.01926253058341776,-0.07577919148534779,1.0897592209781191e-05,0.00014821946283579047,-0.000267566400901796,-0.0006134974679919815,-0.0006328677178004201,0.0012506593340847099,-0.00015051279387802606,0.0003183603250410175,0.00039693086993009485,0.0030651677330926002,-0.0011925006540545707,0.001864888032471678,0.06992555525804481
1781506141.6399312,0.01723154196084505,0.7744260364919333,0.3323021406301037,-0.046938087129482005,0.0191679522959336,-0.07569335847918413,0.017237855132308633,0.7744254026305728,0.33235313455553184,-0.046929738549987256,0.01926253058341776,-0.07577919148534779,-2.459017291300274e-05,0.00011913103128886872,-0.00013110461331245144,-0.0002635367266168564,-0.0004204023482257015,-5.589041880454623e-05,-7.460533328645144e-05,0.00022956092189643857,0.0007494603472836289,0.0032884719300012005,-0.0009718804923961361,0.0014968046227049078,0.05138714182285141
1781506141.6499264,0.01722670989477336,0.774417429168496,0.33231772631948703,-0.04691777776597576,0.019175143753676016,-0.07578390295401287,0.017237855132308633,0.7744254026305728,0.33235313455553184,-0.046929738549987256,0.01926253058341776,-0.07577919148534779,-5.2767215536977404e-05,9.427010826620292e-05,-1.9895525322887077e-05,5.888602792989903e-06,-0.00024970033236031695,-0.0010333143010782927,-0.00024875749910918953,0.00027649866281383525,0.0002539543561059912,0.0016494820238575091,-0.00030714447877371823,0.0012898344940746244,0.0379675597979778
1781506141.6599207,0.01722260565485817,0.7744101485305852,0.3323310984044475,-0.04690068389413263,0.01918146744961957,-0.07585912156690787,0.017237855132308633,0.7744254026305728,0.33235313455553184,-0.046929738549987256,0.01926253058341776,-0.07577919148534779,-7.471837467334772e-05,7.311792872646932e-05,6.963224133663548e-05,0.0002075971007053196,-0.00011496310235438735,-0.0017373804887812717,-0.0002053645459314443,0.0002975950432945605,0.0004750661910781358,0.0011464306704833023,-0.00039998014188508807,0.0010792738228239216,0.03083546794771305
1781506141.669956,0.017219137971723995,0.7744040442606157,0.33234252677929216,-0.04688646706897778,0.019186967545547162,-0.07592079810100162,0.01723301566505986,0.7744390563357089,0.33237693208377894,-0.046818659546813454,0.01923467555249081,-0.0757115581736808,-9.139341822045241e-05,5.5211048476432406e-05,0.00014062041761427632,0.0003530467571824301,-1.0861447862242873e-05,-0.002217356753005712,-6.457484080568247e-05,-9.406600535561625e-06,-0.000154480585570724,-0.00030186376219146476,-7.340589756465007e-05,0.00031153959409893894,0.05101137864713438
1781506141.6799219,0.0172162252827282,0.7743989739727979,0.33235225216862535,-0.046874794974281354,0.01919169974451229,-0.07597063976789156,0.01723301566505986,0.7744390563357089,0.33237693208377894,-0.046818659546813454,0.01923467555249081,-0.0757115581736808,-0.00010362164808991977,4.013630572271084e-05,0.00019582601620218303,0.0004523625145329737,6.743627119017383e-05,-0.0025162917323579056,5.0967432934752015e-05,-4.977980254046705e-05,-0.00011610904448157387,-0.0004071411367405865,0.0002263683160192634,-0.0003339592889154464,0.049976103963383554
1781506141.6899242,0.017208537552142113,0.7744008955928435,0.33234780195556946,-0.04690069804790942,0.019209303920874277,-0.07602382063223079,0.01723301566505986,0.7744390563357089,0.33237693208377894,-0.046818659546813454,0.01923467555249081,-0.0757115581736808,-0.00014782998235815403,6.696785221188226e-05,0.0001616623560306656,0.00013131848248506585,0.00027922768582593175,-0.0028124125800989158,-6.238948660205767e-05,-5.7922175047844416e-05,-0.00011625280396239917,-0.0004422826718265418,0.00014980546351322393,-0.00045092076092605415,0.05388863217367106
1781506141.699925,0.017202026257718436,0.774402709993182,0.3323439215434919,-0.04692255653226744,0.019223974150596845,-0.07606595874291447,0.01723301566505986,0.7744390563357089,0.33237693208377894,-0.046818659546813454,0.01923467555249081,-0.0757115581736808,-0.0001814460902470033,8.765894668887823e-05,0.00013218826065580398,-0.00011282538616532361,0.00043026905715413326,-0.0029573029297844744,6.728072302483386e-05,-0.00013971634860513978,-0.0002654448339173122,-0.0009424217573641081,-0.0002947551419464151,-0.0008039771139236856,0.058061138057212386
1781506141.7099218,0.017196540602395134,0.7744044148078972,0.3323405513608293,-0.04694078597987669,0.019236044860185375,-0.0760986693767339,0.01723301566505986,0.7744390563357089,0.33237693208377894,-0.046818659546813454,0.01923467555249081,-0.0757115581736808,-0.0002061330929535096,0.00010315847397014582,0.00010685228871212283,-0.00029266720615894824,0.0005316589525355148,-0.0029849152433809273,0.0002451368749278129,-4.042949504543436e-05,-6.494820792698402e-05,-0.00026363391167916515,-0.001152372586272972,-0.0010196554018309816,0.06208077518731964
1781506141.719925,0.017191946819577007,0.7744060070418112,0.332337635863703,-0.04695579714865495,0.019245837691833856,-0.07612342087911725,0.01724017447783399,0.774436313183362,0.33236655988186214,-0.046844918083289964,0.019221845297776596,-0.07575097467966076,-0.00022333924035302519,0.00011429395573873461,8.51593236506078e-05,-0.0004194065607128103,0.000593072026451418,-0.002923899196103778,0.00042814999856251535,-0.00012325488635865525,-0.00039631356017147076,-0.0009487679179580157,0.00044252074444950753,-0.0027139597104521487,0.0638824550492771
1781506141.7299366,0.017188126465828537,0.7744074839377236,0.33233512369487744,-0.04696798594762126,0.019253655922141455,-0.07614153130979626,0.01724017447783399,0.774436313183362,0.33236655988186214,-0.046844918083289964,0.019221845297776596,-0.07575097467966076,-0.0002343219385961836,0.00012178500107286104,6.666573860224184e-05,-0.000502888567351442,0.0006228512776788479,-0.0027981470382135534,0.00042149193110080515,8.100046358644334e-07,-0.00012561560175854532,-0.000429387437288387,-0.0009832439042142716,-0.0021619317586182435,0.0672930517210851
1781506141.739924,0.01719111140171863,0.774405568607467,0.33232911896937034,-0.046940256589060286,0.019263921056011046,-0.07609834680832885,0.01724017447783399,0.774436313183362,0.33236655988186214,-0.046844918083289964,0.019221845297776596,-0.07575097467966076,-0.0002021755925443748,8.901799143838494e-05,2.760241184276883e-05,-0.00015435479578381308,0.0006446994809757925,-0.0020165710311786144,0.00014268566857501128,-5.0490439281254654e-05,-2.3579748346462983e-05,-2.9515774531355493e-05,0.001091065353150148,-0.003199219767611331,0.06895097035637536
1781506141.7499247,0.017193773693963604,0.7744039534971087,0.33232399299455784,-0.04691675577045754,0.01927204976257535,-0.07606014680239322,0.01724017447783399,0.774436313183362,0.33236655988186214,-0.046844918083289964,0.019221845297776596,-0.07575097467966076,-0.00017380759894239145,6.158556747841457e-05,-4.106328711886904e-06,0.00011101279487376562,0.0006434245981968798,-0.001375762743341273,0.00028703123358028655,-0.00010460409625355153,-9.436437425521259e-05,-0.00042847280730515507,5.9149789739102624e-05,-0.00330054505288691,0.07079634124007031
1781506141.7599225,0.017196142295581075,0.7744025847427846,0.3323196375964717,-0.04689706656090237,0.01927835528454458,-0.07602672722171423,0.01724017447783399,0.774436313183362,0.33236655988186214,-0.046844918083289964,0.019221845297776596,-0.07575097467966076,-0.0001488322165307663,3.878320234319585e-05,-2.9509222974633825e-05,0.0003068034677602606,0.0006248587214796916,-0.0008579678159714481,5.4225697891155256e-05,-5.7880235747357794e-05,1.7858541139752458e-06,-3.0037275902890897e-05,0.0006451086780725989,-0.0032662497814599113,0.07265081998163571
1781506141.7699301,0.017198244537712248,0.774401418793183,0.33231595559975063,-0.0468807722317394,0.019283122228795913,-0.07599780429188879,0.017248975867496796,0.7744321707431754,0.3323661868107366,-0.04685662595554913,0.019223125770805982,-0.07589649434889975,-0.00012689679475403926,1.9986653246200112e-05,-4.952807266675783e-05,0.0004451035776950249,0.000593845078417975,-0.0004465162455173466,-0.00022695093700602286,0.0001144559861939008,0.00022277462152017123,0.00017540235892339926,6.705351717693935e-05,-0.0025200357775371166,0.0777336787187987
1781506141.7799315,0.01720010602660787,0.7744004205595777,0.33231286004404575,-0.046867467610908195,0.019286605949462077,-0.07597304229009752,0.017248975867496796,0.7744321707431754,0.3323661868107366,-0.04685662595554913,0.019223125770805982,-0.07589649434889975,-0.00010767971582614868,4.644037081047666e-06,-6.497109677362997e-05,0.0005365425970994678,0.0005543533672016653,-0.00012600681596077173,-0.0003759144144980444,-8.812824937915689e-05,0.00011767507722090469,-8.02692333480071e-05,0.0002863719568252196,-0.001937188125453277,0.0789941741693376
1781506141.789922,0.017201347312569244,0.7743976797421512,0.33231772309213126,-0.04683271395541283,0.019269808325326654,-0.07596886994958604,0.017248975867496796,0.7744321707431754,0.3323661868107366,-0.04685662595554913,0.019223125770805982,-0.07589649434889975,-9.021189802876887e-05,-1.005048176711483e-05,-3.630860156578226e-05,0.0008565128223178135,0.0003085549738893741,-7.534612022692375e-05,-0.0005823480250232912,1.088967799965392e-06,2.194693173723152e-05,8.796855156314987e-05,-7.286790833920038e-05,-0.0008408505786380056,0.07620262736410402
1781506141.7999263,0.017206901904836515,0.7744005875145621,0.3323258426590876,-0.04680543826241595,0.01926843561160152,-0.07594971437851086,0.017248975867496796,0.7744321707431754,0.3323661868107366,-0.04685662595554913,0.019223125770805982,-0.07589649434889975,-4.868307673786418e-05,5.7653525475862355e-06,1.7472490957603448e-05,0.001056749265706915,0.0002501408371691486,0.0001410328467535305,-0.0005508840968354781,1.7475144919590382e-06,-0.0002333928153002111,-0.00037555372156515093,0.00016158861150423177,-0.000381522591483939,0.06629758092008906
1781506141.809929,0.01721169029304472,0.7744030847238578,0.3323328100541551,-0.04678346968329056,0.019267045313235753,-0.07593372148623373,0.017248975867496796,0.7744321707431754,0.3323661868107366,-0.04685662595554913,0.019223125770805982,-0.07589649434889975,-1.4727989936838553e-05,1.8388826849038884e-05,6.042511394616174e-05,0.001177853299219544,0.00019952682065312705,0.0002992982318306595,-0.0004742925646314861,-0.0001605231699981763,-0.0004562951648290354,-0.0006398256642900097,8.122891774057072e-05,-6.538076888343323e-05,0.0578810717062698
1781506141.8199246,0.017215803207247336,0.7744052175659161,0.332338762899353,-0.04676607887929673,0.019265679977530592,-0.07592053605837346,0.01722891492585804,0.7744290210040308,0.3323638476929097,-0.046866236356021995,0.019231481525476157,-0.07594444028785985,1.2716860724782583e-05,2.8289608001902242e-05,9.414067896345961e-05,0.0012363512136433204,0.00015614242489795323,0.00040968882150726885,-0.0003608735790683183,-1.3190573836705446e-06,-9.824201715220805e-06,-4.670539083327193e-05,-8.130853816610876e-05,0.00021704540412450032,0.03698334353178983
1781506141.829924,0.017219322016973033,0.7744070284565282,0.3323438247186109,-0.046752594075806383,0.01926437077983456,-0.07590981509356294,0.01722891492585804,0.7744290210040308,0.3323638476929097,-0.046866236356021995,0.019231481525476157,-0.07594444028785985,3.458771447268438e-05,3.587923124251224e-05,0.00012001377139073965,0.0012463392834508899,0.00011936234680222718,0.0004811866811376889,-0.00043721105541400575,-0.0001315520201564995,-0.00020057081187681853,-9.850038117569314e-07,-0.00024222919483525825,0.0007006290513948255,0.03125084872927326
1781506141.8399224,0.017218118580692037,0.7744200920836888,0.3323304425091635,-0.04681229172821068,0.01926806067529352,-0.07589007894179373,0.01722891492585804,0.7744290210040308,0.3323638476929097,-0.046866236356021995,0.019231481525476157,-0.07594444028785985,2.3035688950127876e-05,0.00010129568506521405,2.816207187107683e-05,0.00045440073140948244,0.00013644307880118518,0.0006457232907958124,-6.557618596106332e-05,-0.0002565600796911231,-0.00036744069713290627,8.498795703007836e-05,0.0002862761684031367,0.00012227328327640364,0.036224204456913135
1781506141.8499231,0.017217064651412012,0.7744311754693989,0.33231895998937944,-0.04686293121200703,0.019271012468762727,-0.07587406583671494,0.01722891492585804,0.7744290210040308,0.3323638476929097,-0.046866236356021995,0.019231481525476157,-0.07594444028785985,1.3470147434846647e-05,0.0001525267387436986,-4.593084856059202e-05,-0.0001514101902988259,0.0001455084688852133,0.0007513293511019925,-8.248146442089805e-05,8.684797287281467e-05,0.0001596320950181065,0.0007349868150259999,9.377659037562288e-05,0.0002988174638113592,0.04647554898751793
1781506141.8599262,0.017216143461424575,0.7744405207339915,0.3323091485231853,-0.04690539759037553,0.019273330174615966,-0.07586128055388562,0.01722891492585804,0.7744290210040308,0.3323638476929097,-0.046866236356021995,0.019231481525476157,-0.07594444028785985,5.6205070720408575e-06,0.0001917209845602977,-0.00010482866538567758,-0.0006011792854999206,0.0001483195401441511,0.0008098901328402492,-0.0001219397709969412,-2.340739921758749e-06,-0.00019590270368331333,0.0005192420572240322,0.000112218688796294,0.00045470060661889254,0.0573354450709408
1781506141.8699234,0.017215340141164794,0.7744483471582467,0.3323008030838765,-0.04694057772741297,0.01927510914338204,-0.07585126369687928,0.017221590939706544,0.7744274086209568,0.3323588086225821,-0.046851125223903264,0.019242643813174753,-0.07593112043983863,-7.521909995188232e-07,0.0002207557732925325,-0.00015078196584356602,-0.0009217201194777508,0.00014636710325529361,0.0008315985965453811,-8.880945988267848e-05,9.794825454096662e-05,-8.909390398198063e-05,0.0004392097963304561,0.0004645768525100251,0.0002183738615855041,0.06198497678291123
1781506141.87992,0.017214641474743348,0.7744548523248678,0.33229374026694225,-0.04696933556154361,0.01927643561388992,-0.07584359528655993,0.017221590939706544,0.7744274086209568,0.3323588086225821,-0.046851125223903264,0.019242643813174753,-0.07593112043983863,-5.8584908966529005e-06,0.00024126692237896028,-0.00018576148111340581,-0.0011366605189700757,0.00014089866572767278,0.0008251007097563316,-0.0001277073508849793,4.459747827657588e-05,0.000313015884673015,0.0006670927910554389,-0.0007470867876774928,0.0009307280452550733,0.07096014975534247
1781506141.88992,0.017219129658420557,0.7744535880301687,0.33230207793877153,-0.04696599463765656,0.019322509911480656,-0.0758861343461459,0.017221590939706544,0.7744274086209568,0.3323588086225821,-0.046851125223903264,0.019242643813174753,-0.07593112043983863,1.8063064809645548e-05,0.0002350906875774946,-0.00010239792087970638,-0.0009671778295537699,0.0006497629137308155,0.0002948408223974047,9.730869194968459e-05,7.339004505423384e-06,-0.00022629066818717408,-0.0002506484776219126,0.00016475263284285199,0.00010734999604572065,0.06252831245018255
1781506141.899924,0.017222940770385185,0.7744523860143495,0.33230937154287576,-0.04696230259491076,0.019360654012699374,-0.07592215557012964,0.017221590939706544,0.7744274086209568,0.3323588086225821,-0.046851125223903264,0.019242643813174753,-0.07593112043983863,3.703777012493567e-05,0.00022715373437981836,-3.417840719772843e-05,-0.0008137140541590604,0.001013253585448561,-0.00011053326380860431,0.00010073470522452263,0.00017141920120516363,0.00026250025515781397,0.00035795685613328654,4.4203232508568046e-05,0.0001432680856555816,0.055405027510551534
1781506141.9099214,0.017226157968364627,0.7744512619982138,0.3323157427607483,-0.046958448263972996,0.019391812152012244,-0.07595230723366034,0.017221590939706544,0.7744274086209568,0.3323588086225821,-0.046851125223903264,0.019242643813174753,-0.07593112043983863,5.180084797419158e-05,0.0002179038929804788,2.1019461985897972e-05,-0.0006764538939900673,0.001257870602566923,-0.0004112390277157282,-0.00015107204675135206,-7.609227264644798e-06,-4.085439392484268e-05,-0.00023896263955748128,0.0005016713539279694,0.00037454433040292576,0.04944198431306242
1781506141.9199214,0.017228856437080643,0.7744502242411472,0.3323212978151186,-0.04695457762732145,0.01941688303700362,-0.07597723573313186,0.01721813902143665,0.7744293004851404,0.33235919449688095,-0.04684441209254941,0.01924685267498738,-0.07591204998711294,6.299588117903552e-05,0.00020771730506300587,6.506449151598172e-05,-0.0005550920857757178,0.0014067234626011149,-0.0006252896559792644,0.00011552438976185678,-3.1133386176023466e-05,-0.0003022674083113509,-0.0005720483464482165,0.0001806434327996659,9.260199079601285e-05,0.04459624482078993
1781506141.9299235,0.017231103814036575,0.7744492754964277,0.3323261298242391,-0.04695080056119527,0.019436706664912817,-0.07599756836179022,0.01721813902143665,0.7744293004851404,0.33235919449688095,-0.04684441209254941,0.01924685267498738,-0.07591204998711294,7.118473149861852e-05,0.00019690779660218828,9.959822555189859e-05,-0.00044896463758647314,0.0014797487358454919,-0.0007685536993284399,-9.848745173046095e-05,9.31742385662952e-06,-0.0005122073559523935,-0.0008662235878065853,0.00019074411195254122,0.00038259879169127796,0.04074750912635839
