time,ref_pose_x,ref_pose_y,ref_pose_z,ref_pose_roll,ref_pose_pitch,ref_pose_yaw,actual_pose_x,actual_pose_y,actual_pose_z,actual_pose_roll,actual_pose_pitch,actual_pose_yaw,ref_twist_vx,ref_twist_vy,ref_twist_vz,ref_twist_wx,ref_twist_wy,ref_twist_wz,actual_twist_vx,actual_twist_vy,actual_twist_vz,actual_twist_wx,actual_twist_wy,actual_twist_wz,error_3d_mm
1781506189.2197986,-0.042373963732330454,0.7817689438594331,0.3821362570925814,-0.05101892663763252,0.020782456557813855,-0.07534067580449552,-0.042398116673676045,0.7817878067404299,0.3821519539379617,-0.050866281566736914,0.02075167219151197,-0.0752508692971961,-5.316998348846275e-06,-0.00018955115932753949,-7.180751977220942e-05,-0.0011255444315227848,0.00025560882534094576,-0.0005297101188918881,0.00013043811788244537,5.3113557249499363e-05,0.0003996149426811891,8.156413105596295e-05,-9.305821217527651e-05,-0.000524919436639828,0.03443201722288089
1781506189.229747,-0.042373963732330454,0.7817689438594331,0.3821362570925814,-0.05101892663763252,0.020782456557813855,-0.07534067580449552,-0.042398116673676045,0.7817878067404299,0.3821519539379617,-0.050866281566736914,0.02075167219151197,-0.0752508692971961,-5.316998348846275e-06,-0.00018955115932753949,-7.180751977220942e-05,-0.0011255444315227848,0.00025560882534094576,-0.0005297101188918881,0.0001295241542671203,-0.00028196475314418775,-0.00021353502852495708,-0.0006388394151117827,0.00048595183818238405,-0.000720767996361799,0.03443201722288089
1781506189.2397869,-0.04237879404626827,0.7817749457391804,0.38214203850045403,-0.05107717888251881,0.02077770262401968,-0.07535657031185142,-0.042398116673676045,0.7817878067404299,0.3821519539379617,-0.050866281566736914,0.02075167219151197,-0.0752508692971961,-3.617979510817588e-05,-0.00016582128755866584,-2.8712778239928005e-05,-0.0016350045657429315,0.00018472408829528955,-0.0006477882176611102,0.00011207089366711213,-0.00015770484899525538,3.231458390703987e-05,-0.000563777269587711,-0.00017402684720305628,-0.000568200936491491,0.025240546429278515
1781506189.2497761,-0.04238293871337277,0.7817800079644149,0.38214702325808614,-0.051124660242331144,0.020773564370339725,-0.07536933602758336,-0.042398116673676045,0.7817878067404299,0.3821519539379617,-0.050866281566736914,0.02075167219151197,-0.0752508692971961,-6.0497185017829955e-05,-0.00014467045950707875,6.246343330597243e-06,-0.0019719709776361114,0.00012655564470775394,-0.0007185291894899301,0.0002193495132184473,-8.812011524000796e-05,5.9128913555293514e-05,-0.0007178551116592204,0.000825510484510681,-0.0016295570267422046,0.017762403844489964
1781506189.259736,-0.0423864791760353,0.7817842428142,0.38215130579387535,-0.051162771667710494,0.02077000090722292,-0.07537940803783788,-0.042398116673676045,0.7817878067404299,0.3821519539379617,-0.050866281566736914,0.02075167219151197,-0.0752508692971961,-7.925197201505717e-05,-0.00012585802097800288,3.423144005011286e-05,-0.002170470069426908,7.950744592048868e-05,-0.0007518654874482241,0.0003712559287855512,-0.00016856567630016696,-0.00027390705054726434,-0.0012102467974088465,-0.000821277580006218,-0.0011349544430741103,0.01218823253253751
1781506189.2697551,-0.04238948852057409,0.781787755444864,0.38215497057051934,-0.05119281932005049,0.020766965807518023,-0.07538718606829634,-0.04238788930674309,0.7817798322564824,0.38214462579606606,-0.05090968446256683,0.020744330460206406,-0.0752985580103708,-9.330360854185612e-05,-0.00010916115147543173,5.626337726376067e-05,-0.0022597868821472434,4.2079203137160665e-05,-0.0007562630790475912,0.00014174259454802375,-0.00019083531683867044,-0.00019897384924727683,-0.0011769210728501472,-0.0012422758781231225,-0.00035862432503708626,0.013128166570273549
1781506189.2797542,-0.04238838384033938,0.7817900423654929,0.3821580906168279,-0.05117143026178692,0.020731817062611624,-0.07537969637894953,-0.04238788930674309,0.7817798322564824,0.38214462579606606,-0.05090968446256683,0.020744330460206406,-0.0752985580103708,-6.30005178408194e-05,-7.884994865200927e-05,7.184489235943482e-05,-0.0017812748063010995,-0.0003499144125620611,-0.000611696310043509,-0.0001825117062786382,-0.00018809613244420953,-0.0003245905624495308,-0.0012963156351556598,0.0008676341963452327,-0.00037255870907457536,0.016905392264936852
1781506189.2897553,-0.042387341979401444,0.7817919503745158,0.38216073093717273,-0.051151793409008404,0.020702603343637938,-0.07537285321342084,-0.04238788930674309,0.7817798322564824,0.38214462579606606,-0.05090968446256683,0.020744330460206406,-0.0752985580103708,-3.7875729658297865e-05,-5.3517819894133674e-05,8.344296661827864e-05,-0.0013739825073608755,-0.0006340436883803921,-0.0004866367824904713,-6.857523360367311e-05,-0.00015794814356995777,-0.0005714422491302173,-0.0017481639400756307,0.0009399396081932758,-0.0002371923409665401,0.020162438393093014
1781506189.299746,-0.04238635438569134,0.7817935433810566,0.38216295182136617,-0.05113400693594011,0.020678636197524858,-0.07536668163998533,-0.04238788930674309,0.7817798322564824,0.38214462579606606,-0.05090968446256683,0.020744330460206406,-0.0752985580103708,-1.7226300290405834e-05,-3.250374191314685e-05,9.169628214145443e-05,-0.0010312017442140797,-0.0008295765137865229,-0.00037961577612973354,-0.0002740686547358903,-3.9376001603582e-05,-6.76180700708746e-05,-0.001167317170253638,0.0006815392467858551,6.806529006757545e-05,0.02293892157498541
1781506189.3097749,-0.04238541663002702,0.7817948745762523,0.38216480715993084,-0.051118093746828894,0.020659256180244556,-0.07536118207946342,-0.04238788930674309,0.7817798322564824,0.38214462579606606,-0.05090968446256683,0.020744330460206406,-0.0752985580103708,-4.3121806360833163e-07,-1.522234887211362e-05,9.715993726228894e-05,-0.0007461403343779455,-0.0009533747828306847,-0.00028903926908660965,1.0456623393336843e-05,-0.00025936337019679225,-0.0004877201239993302,-0.0019956422457273184,0.0010774521583491682,-0.0006157614296468614,0.02529175679237569
1781506189.3197389,-0.042384527036617346,0.7817959880928944,0.3821663449977926,-0.05110401972465105,0.020643843632426995,-0.07535633647333419,-0.04238763932786954,0.7817696785908885,0.3821319723782193,-0.050982038607363646,0.02076722436854528,-0.07532306908044573,1.3056887012853216e-05,-1.1564278844863117e-06,0.00010031489784942923,-0.0005121291386636973,-0.001020036104847644,-0.00021326293684237574,-2.2509113883415187e-05,-0.000323638653262936,-0.000593594948000283,-0.0024460876570819214,0.001037290985689279,-0.0007115441470608043,0.04339761777989385
1781506189.3297715,-0.0423836856336065,0.7817969204490502,0.38216760805523636,-0.05109170896386171,0.02063182566460875,-0.07535211340988852,-0.04238763932786954,0.7817696785908885,0.3821319723782193,-0.050982038607363646,0.02076722436854528,-0.07532306908044573,2.3719331630361448e-05,1.014996896516307e-05,0.00010157652389350749,-0.0003227737754269701,-0.0010420619626247195,-0.00015064973615736997,0.0002082182351240457,-0.0003332127920428316,-0.000310228725590682,-0.0019383699011715052,0.00040401288123301693,-0.0010621842015818253,0.04502945714635076
1781506189.3397672,-0.04238255207351861,0.7817958354674589,0.3821721269970759,-0.05111240219081517,0.020621395914604213,-0.0752698017389106,-0.04238763932786954,0.7817696785908885,0.3821319723782193,-0.050982038607363646,0.02076722436854528,-0.07532306908044573,3.549426244574741e-05,-8.371921859844062e-06,0.00012447515997600985,-0.0005319742258260403,-0.0010879051770153764,0.0007572176429666295,0.00024801540170743856,-0.00032905755728309115,-0.00029547304514556706,-0.0019395414093319322,5.3656540485681035e-05,-0.0010465109149989326,0.048191864087948386
1781506189.3497498,-0.042381513972240166,0.781794839985774,0.38217593645149084,-0.0511293341769776,0.020613586860328992,-0.07520131572977912,-0.04238763932786954,0.7817696785908885,0.3821319723782193,-0.050982038607363646,0.02076722436854528,-0.07532306908044573,4.449711243193318e-05,-2.3134717797272618e-05,0.00014128034358682154,-0.0006741558727142466,-0.001092476229335483,0.001416725524982659,9.01081060476223e-05,-5.492281380543481e-05,-0.00034577809648810243,-0.0017978184200895754,-0.0016252456571756086,-0.0002899711930667558,0.051024067975791544
1781506189.3597817,-0.04238056674959803,0.7817939252199084,0.3821791283045273,-0.05114298439072725,0.02060795487773781,-0.0751450635386739,-0.04238763932786954,0.7817696785908885,0.3821319723782193,-0.050982038607363646,0.02076722436854528,-0.07532306908044573,5.1160535101317116e-05,-3.4692753666882205e-05,0.0001529809284074539,-0.0007622315993028937,-0.0010659980235020094,0.001872093340856541,0.00030599874230853916,-7.625029023553906e-05,-0.00011826906030752867,-0.001211946759665016,-0.0014753303262432923,-0.0005490668209570006,0.05349394141587932
1781506189.3697562,-0.042379706402814375,0.7817930849301431,0.3821817840707864,-0.051153801953619654,0.020604108050046088,-0.07509951755749084,-0.042377817088471936,0.7817617676166624,0.3821205483398911,-0.05106697610429646,0.020733697463936718,-0.07536008412744614,5.5861495997482255e-05,-4.353164214364165e-05,0.0001604354200748693,-0.0008073573931943884,-0.0010169802140050383,0.0021620411287362425,0.00016774506793725756,5.48815961165103e-05,0.00011297266050412602,-0.0005373744349196811,-0.0014145769691886027,-1.3512087817868312e-05,0.06880522051860131
1781506189.3797321,-0.04237892918367716,0.7817923145910967,0.3821839759208396,-0.051162200946501715,0.020601703919694625,-0.07506324012773603,-0.042377817088471936,0.7817617676166624,0.3821205483398911,-0.05106697610429646,0.020733697463936718,-0.07536008412744614,5.8927479321529726e-05,-5.007567440405342e-05,0.00016438680617734695,-0.0008190675460823518,-0.0009524158239750403,0.002320108532888741,0.00015660318488688575,0.0001282035296236991,-9.106005995177458e-05,-0.0006556010153914139,-0.0007379652103922753,0.00011399367530068013,0.0704088945219801
1781506189.3897314,-0.042381485705183256,0.7817911391480198,0.3821851735053326,-0.05112416776444988,0.02062618458135601,-0.07514949143762086,-0.042377817088471936,0.7817617676166624,0.3821205483398911,-0.05106697610429646,0.020733697463936718,-0.07536008412744614,2.6686802361752277e-05,-3.493360453799734e-05,0.0001608489230654584,-0.0002950316592537657,-0.0005334088385114319,0.0011403048369214076,-8.05568411359608e-05,0.00011470928793973842,-0.00010391900896874329,-0.00040460448894200616,-0.0007669493532456687,0.0006787638930585982,0.07108134502942354
1781506189.3997347,-0.04238369134749542,0.7817901785825677,0.38218611063777463,-0.051091931402165704,0.02064721307876316,-0.07522310667689738,-0.042377817088471936,0.7817617676166624,0.3821205483398911,-0.05106697610429646,0.020733697463936718,-0.07536008412744614,4.6670359702858264e-07,-2.2335313136090173e-05,0.0001559706863101754,0.0001056859089756665,-0.00020486119777975712,0.00022510411031351706,8.270044054626972e-05,-7.251006407901532e-05,-0.0001781248069631818,-0.0008219659625392426,-0.001088290881976224,0.0009134256740359441,0.07169452424359751
1781506189.409748,-0.04238559686346316,0.7817894159400811,0.3821868264200131,-0.05106492052861647,0.020665078964277273,-0.07528523918882446,-0.042377817088471936,0.7817617676166624,0.3821205483398911,-0.05106697610429646,0.020733697463936718,-0.07536008412744614,-2.058800135572306e-05,-1.1938731935275154e-05,0.0001500782618479935,0.00040303665357896873,4.691531372038048e-05,-0.0004667869002987834,-5.67849901314359e-05,-3.743637708898592e-05,-0.00012853087595475623,-0.0006759054154899789,-0.0021034185040698225,0.0020421764556607766,0.07223391579748568
1781506189.41977,-0.04238724443771653,0.781788831398043,0.3821873551662622,-0.05104256407221989,0.020680085830584893,-0.07533706743202914,-0.04237997041102376,0.7817649621250111,0.3821248956695035,-0.05108658849164886,0.02068382124779089,-0.07531246237547277,-3.722928234404895e-05,-3.4413598136418972e-06,0.00014344633772410417,0.0006147989495730263,0.0002342781882701472,-0.0009724204625163805,-0.0002162917828762613,2.544219763074685e-05,-3.998680411974299e-05,-0.0008930253386211101,-0.0013759490112427509,0.0022926797361174475,0.06725951527292148
1781506189.4297655,-0.04238866923929693,0.781788403749682,0.3821877268896673,-0.05102430678735112,0.02069253947814431,-0.07537975642515282,-0.04237997041102376,0.7817649621250111,0.3821248956695035,-0.05108658849164886,0.02068382124779089,-0.07531246237547277,-5.0116723135954436e-05,3.423707915488455e-06,0.0001363047963379436,0.0007566362929716629,0.0003682496086584321,-0.0013246569857754144,-0.00035931863332636636,-2.505295558501934e-05,-9.906424847804445e-05,-0.0010482388213508974,-0.0014758418580339795,0.0022710059452216397,0.06762352850752604
1781506189.439725,-0.04238682634787484,0.7817815608978737,0.38218174083104456,-0.0509072962475086,0.020668061967450413,-0.07532692281824895,-0.04237997041102376,0.7817649621250111,0.3821248956695035,-0.05108658849164886,0.02068382124779089,-0.07531246237547277,-1.8453189903273724e-05,1.2063649805035392e-05,8.607842981129383e-05,0.001939516502408584,3.180576731982989e-05,-0.0006177389481110144,-9.668718106722532e-05,-0.00012968401040569155,-7.959545445488503e-05,-0.0008650968554193431,-0.0006334759470570219,0.0012541203136929053,0.059614557964309894
1781506189.4497654,-0.04238518393565697,0.781775950577958,0.3821765428285295,-0.05081065022386931,0.020647469971772248,-0.07528191900943924,-0.04237997041102376,0.7817649621250111,0.3821248956695035,-0.05108658849164886,0.02068382124779089,-0.07531246237547277,7.199265142194462e-06,1.884670450109966e-05,4.466735010875154e-05,0.002772719366012827,-0.0002211429280367313,-7.115745603547313e-05,-0.00019642549490123885,5.846411431602469e-05,7.717404057040193e-05,-0.000566173487892902,0.0005251358505498695,0.000486054510180934,0.053059928125887335
1781506189.4597414,-0.04238371389981704,0.7817714238060756,0.3821720421925492,-0.05073190793132576,0.020630353700549442,-0.07524401325116317,-0.04237997041102376,0.7817649621250111,0.3821248956695035,-0.05108658849164886,0.02068382124779089,-0.07531246237547277,2.7701145349216296e-05,2.405315182066533e-05,1.0857666427626003e-05,0.003321113644856089,-0.00040460962095109263,0.0003403272260688084,-2.1105752314303273e-05,-5.233901714670643e-05,9.825288036074601e-05,-0.0003228471204526583,0.00035819581826891927,-9.615103996161921e-05,0.04773428187188056
1781506189.469758,-0.04238239451406661,0.7817678380176849,0.38216815775298874,-0.050668735545374814,0.020616310816142347,-0.07521246307081013,-0.04238682454825632,0.7817645058094299,0.3821250018166027,-0.051119966730004365,0.02066322248719854,-0.07526305411077679,4.3808502716765105e-05,2.7927970092258895e-05,-1.6421417584409814e-05,0.0036410993345624156,-0.0005309953019015223,0.0006393245075494588,-0.00014684839670283832,1.2858974185370073e-05,5.3244595080387446e-05,-3.9946902147089725e-05,0.00022243172153936424,-0.00019943768670457047,0.04351050057322525
1781506189.4797578,-0.04238120886337143,0.7817650595460046,0.3821648169110055,-0.05061895825024583,0.020604955589816676,-0.07518653827158066,-0.04238682454825632,0.7817645058094299,0.3821250018166027,-0.051119966730004365,0.02066322248719854,-0.07526305411077679,5.618395855795907e-05,3.0684694433181294e-05,-3.8112257819503014e-05,0.003781187238114005,-0.0006111537046470137,0.0008458540609797348,0.00011309028129153209,4.938324673988528e-05,-0.00018498158995395108,-0.00010092606838856569,0.00014179698695840584,-0.0006021736611851644,0.040212986499708836
1781506189.489732,-0.04238109010542501,0.7817626056092151,0.3821604400704446,-0.05060326132681203,0.02060634652692772,-0.07516770294331807,-0.04238682454825632,0.7817645058094299,0.3821250018166027,-0.051119966730004365,0.02066322248719854,-0.07526305411077679,5.3662104622051e-05,2.0064964020747483e-05,-6.413957321468518e-05,0.003535521327425302,-0.000539665453782371,0.0009595985786993349,0.00017075668076858513,0.00013395484012816,0.00027264727088158777,0.0011424813262020568,-0.00017569312852153983,-0.0006292062686075169,0.035949470521890826
1781506189.4997342,-0.0423809636952767,0.7817607396700705,0.3821567069921426,-0.05059332379676459,0.02060796680024901,-0.07515276606669377,-0.04238682454825632,0.7817645058094299,0.3821250018166027,-0.051119966730004365,0.02066322248719854,-0.07526305411077679,5.095767463532692e-05,1.128548609134428e-05,-8.422088972767659e-05,0.0032546758284670886,-0.0004713272287929806,0.001018556208919514,0.00020989324921877328,0.00023861424777866694,0.0004745358955432138,0.0019894185892810013,-0.00029023688026205924,-0.0007340026919931805,0.03246153969452762
1781506189.509798,-0.04238083619268099,0.7817593578795472,0.3821535386673177,-0.05058797361113102,0.020609714611678376,-0.07514115902185166,-0.04238682454825632,0.7817645058094299,0.3821250018166027,-0.051119966730004365,0.02066322248719854,-0.07526305411077679,4.81409453706493e-05,4.0945583489896e-06,-9.92744673029893e-05,0.00295515884197485,-0.00040722041396326256,0.0010348501647912847,0.0002679503268039411,0.00014833977657598257,2.7153731671995586e-05,0.0016782740475539625,-0.0006353155525486741,-0.0007740512221822357,0.029609347059760403
1781506189.5197992,-0.04238071270564218,0.7817583704064399,0.38215086452105124,-0.05058620702504169,0.02061151016755769,-0.07513236461979339,-0.042381470816138966,0.7817742107520088,0.3821414989964911,-0.05105000575227044,0.020668178853433528,-0.07529115825726442,4.5269756080395805e-05,-1.7300075959687517e-06,-0.0001101011669285736,0.0026498504479073723,-0.000348039278385219,0.0010187317513952222,-4.54994710665379e-05,0.00025615162664730374,0.0003426248730068202,0.0022208925098481727,-0.00023461643151353908,-6.835414113687406e-05,0.018417500632666735
1781506189.5297403,-0.042380597065864035,0.7817577002180998,0.38214862162406604,-0.050587173872882585,0.020613292355302182,-0.07512591836137791,-0.042381470816138966,0.7817742107520088,0.3821414989964911,-0.05105000575227044,0.020668178853433528,-0.07529115825726442,4.239122862734736e-05,-6.383891808772386e-06,-0.00011739745713980568,0.0023485598027746077,-0.00029416907250423335,0.0009787691175329385,0.00018300742965955257,0.0004756042049797112,0.00088678244626116,0.0037356474290466553,-0.00025414057664404374,-0.00021947423889355852,0.018002582955691505
1781506189.539798,-0.04237602218414696,0.7817633644325352,0.38215305289177703,-0.050616812623973106,0.020602056179464645,-0.07508930068185687,-0.042381470816138966,0.7817742107520088,0.3821414989964911,-0.05105000575227044,0.020668178853433528,-0.07529115825726442,7.408427282154098e-05,1.5859861966337864e-05,-8.079565808967351e-05,0.001760361518179255,-0.00040477261538702673,0.0012648744127878812,-0.00033261434116821495,0.0006694780900431351,0.000922645134165826,0.004635406635493704,0.0006777435028458193,0.001015121929133588,0.016757766348346817
1781506189.5497715,-0.04237208964307563,0.781768291562486,0.3821568939574464,-0.05064338241701131,0.02059291933608587,-0.07505968059314151,-0.042381470816138966,0.7817742107520088,0.3821414989964911,-0.05105000575227044,0.020668178853433528,-0.07529115825726442,9.85878748621585e-05,3.35155897530631e-05,-5.038895345340598e-05,0.0012714585151070807,-0.0004765596945211706,0.0014446219669965545,-0.00025780608441861854,0.0006107903131237967,0.0010639682136836595,0.004490017887055952,-0.0003886529559804345,0.0019819527543521722,0.0189749317645043
1781506189.5597312,-0.04236872198146031,0.7817725479828387,0.38216021336100553,-0.050666925370718985,0.020585605297539056,-0.07503611441736985,-0.042381470816138966,0.7817742107520088,0.3821414989964911,-0.05105000575227044,0.020668178853433528,-0.07529115825726442,0.00011700950024233034,4.7264457455262744e-05,-2.5340788111628717e-05,0.0008703367283603745,-0.0005172990780532112,0.0015397586867352917,-0.00021421638404020446,0.000518483608438907,0.0008174386026842582,0.004151612621968763,-0.002162287278503691,0.002502929025320125,0.02270517619743585
1781506189.5697753,-0.04236585063641743,0.7817761986568875,0.38216307259691873,-0.050687555919302865,0.020579857024918713,-0.07501772936297212,-0.042381470816138966,0.7817742107520088,0.3821414989964911,-0.05105000575227044,0.020668178853433528,-0.07529115825726442,0.00013031525734701874,5.770279065693317e-05,-4.91169994012653e-06,0.0005459662425877884,-0.0005336612066501635,0.0015688949225533533,-0.0004993637858524678,0.0003916976173376707,0.00039997108966824624,0.00320005832210949,-0.0010225690774959672,0.0026898983385554623,0.02670883778362083
1781506189.5797367,-0.042363414857626375,0.7817793061605675,0.38216552674040977,-0.05070543954322132,0.020575439111834237,-0.07500372964316537,-0.042390047122390195,0.7817993805062461,0.38218127917044825,-0.050850861478461684,0.020639755276696592,-0.07521461710726515,0.00013934553529563069,6.535125136079008e-05,1.1550459799485693e-05,0.00028798181980935986,-0.0005313110669697455,0.00154778146832933,-0.00032425073263530094,0.000386852685311528,0.000640246731929316,0.00270518469930354,-0.0003069766486296563,0.0022211478711620077,0.03688354555886499
1781506189.5897367,-0.04236359503032585,0.7817844692723701,0.3821663305360736,-0.05073756190684204,0.020561460762994255,-0.07501751372127838,-0.042390047122390195,0.7817993805062461,0.38218127917044825,-0.050850861478461684,0.020639755276696592,-0.07521461710726515,0.00013429949089548065,7.909032999182751e-05,1.659712188457071e-05,-9.104502053828981e-05,-0.0006180833548555746,0.0012208177429928932,-0.0001992715851669014,0.00018240440877242403,0.00019070229711666689,0.0018943407823777485,-0.0006873606803378704,0.0019378838360976148,0.033845527621129155
1781506189.599774,-0.04236376976125139,0.7817888061147199,0.3821670119829349,-0.05076451961381845,0.020550213531939754,-0.07503025548436548,-0.042390047122390195,0.7817993805062461,0.38218127917044825,-0.050850861478461684,0.020639755276696592,-0.07521461710726515,0.00012854695101141802,8.911753867002882e-05,2.043814432973366e-05,-0.0003725459777403544,-0.0006661784158346443,0.0009424186551025696,-0.0001703609234797542,0.000255886486329844,0.0004123056799914444,0.0017537295112154247,-0.0008142150634499463,0.0018417462159029203,0.031715455287750896
1781506189.6097677,-0.04236393764118155,0.7817924161582108,0.3821675870084664,-0.050786869710432725,0.020541320491771264,-0.07504186760148301,-0.042390047122390195,0.7817993805062461,0.38218127917044825,-0.050850861478461684,0.020639755276696592,-0.07521461710726515,0.0001223001460417846,9.603790288924693e-05,2.326264198587307e-05,-0.0005732683613979278,-0.0006839779124593039,0.0007080277316612884,4.205836287920164e-06,0.00022484398605799593,0.0003212979437228862,0.0013921017487173617,0.00019118771423546688,0.0012694279075248327,0.030293274043548053
1781506189.6197302,-0.04236409838823871,0.7817953912451562,0.3821680696247611,-0.05080515569976578,0.020534434794930778,-0.07505231553480245,-0.042390047122390195,0.7817993805062461,0.38218127917044825,-0.050850861478461684,0.020639755276696592,-0.07521461710726515,0.00011573571169302442,0.00010037648774641895,2.523531157942592e-05,-0.0007079715647657356,-0.0006785910963330886,0.0005130263919216967,3.6413868953691315e-05,0.00010515715181650793,0.0004003088609766073,0.0009930896449196903,-0.00017041485522391369,0.0013403055718872034,0.02938950672212161
1781506189.6297357,-0.042364252424271255,0.7817978153907963,0.3821684721509912,-0.050819896057692826,0.020529241619622995,-0.07506160525273359,-0.04239641869176458,0.7818100793760557,0.3821984229061992,-0.05075326859626577,0.020616710803584404,-0.07512035621871734,0.00010899947105478058,0.00010258751517060007,2.649916074701837e-05,-0.0007895214797779308,-0.000655979274177665,0.00035287592969248554,0.00023953410433788776,0.00010590747480684,0.0003056388121047087,0.0008030167720552886,-0.0005744165192916473,0.0009185993795232597,0.045630273245138984
1781506189.6397285,-0.04236184713387296,0.7817950125713993,0.382161551952131,-0.05081195934835314,0.020538717305323084,-0.07504654012081052,-0.04239641869176458,0.7818100793760557,0.3821984229061992,-0.05075326859626577,0.020616710803584404,-0.07512035621871734,0.00011367275695283066,8.183186797298782e-05,-1.9759967960803035e-05,-0.0006200599110016665,-0.0004894058187670567,0.0004838266189590576,0.00019087988724466234,0.00015866793419270288,0.0002098943537847652,0.00029076197686321874,-0.0009356996210596874,0.0010277793291401129,0.05274152511552384
1781506189.6497293,-0.042358867932474877,0.7817993617042066,0.3821582422135504,-0.05081459843404072,0.02058371326401298,-0.07506832228357056,-0.04239641869176458,0.7818100793760557,0.3821984229061992,-0.05075326859626577,0.020616710803584404,-0.07512035621871734,0.00010405292624526985,0.0001051072286718934,-3.9261418821478315e-05,-0.0005762889814162927,6.668770345166471e-05,0.00021851894936720552,0.00019317531721542176,9.794069201468769e-06,-4.0556381911985024e-05,-0.00024533501463921997,-0.0011779049707489973,0.0009031387989155813,0.056030492366553955
1781506189.6597643,-0.04235643283070589,0.7818029984557509,0.3821554276764787,-0.05081629374668388,0.020621487500041003,-0.07508684029611552,-0.04239641869176458,0.7818100793760557,0.3821984229061992,-0.05075326859626577,0.020616710803584404,-0.07512035621871734,9.501192819389448e-05,0.00012246024804576155,-5.4419177965961915e-05,-0.0005277177874273742,0.00048152482802636616,1.3752665032227407e-05,0.0001453180052941786,0.00013386799182708018,0.00018258367477553086,-0.00021374798397828852,-0.0011591138694858007,0.0008953398231265356,0.05914049624147837
1781506189.6697485,-0.04235447777833473,0.7818060202000189,0.3821530465253165,-0.05081723538701796,0.020652816766061344,-0.07510240568688789,-0.04239641869176458,0.7818100793760557,0.3821984229061992,-0.05075326859626577,0.020616710803584404,-0.07512035621871734,8.655016008396139e-05,0.0001348390904288753,-6.589787381884748e-05,-0.0004768795748611518,0.0007791679683203145,-0.00014004730556509847,0.0005319415586382354,-3.057662132855901e-07,-9.053566164682336e-05,-0.0004525215787891835,-0.0007558386757444782,0.0001898931453107193,0.06192360673798152
1781506189.6797597,-0.042352941334781014,0.7818085126246099,0.3821510435552217,-0.050817586445710626,0.020678459470303112,-0.07511533270185083,-0.04238325906173346,0.781812037544279,0.38219912051771,-0.050749135066286186,0.020569514347810847,-0.07507838271664201,7.866060141392618e-05,0.0001430679445658286,-7.427766970328543e-05,-0.00042573444057448286,0.0009808542270226103,-0.0002514502494940132,0.0003745783037611163,1.800695132848693e-05,-2.3332551678964867e-05,-0.0001744665239166799,-0.0008426033005944242,0.00021514826623576563,0.056947203165160734
1781506189.689728,-0.042351286215071914,0.7818071569404705,0.38214880744798213,-0.050813874669873776,0.02068188738415766,-0.07509083249068063,-0.04238325906173346,0.781812037544279,0.38219912051771,-0.050749135066286186,0.020569514347810847,-0.07507838271664201,8.333875321085382e-05,0.00012672973791005217,-8.392652893041121e-05,-0.0003442675058189502,0.0008975648905530588,4.4969169026571015e-05,0.00015400126667755248,-4.1385109769924817e-05,-0.00011108316928714644,-0.00048011363546353715,-0.000163427263941473,0.00012098572944087369,0.05981210749186068
1781506189.6997404,-0.04234997585822075,0.7818059098187322,0.38214693762776775,-0.050810436660675744,0.020683945253083813,-0.07507022500523708,-0.04238325906173346,0.781812037544279,0.38219912051771,-0.050749135066286186,0.020569514347810847,-0.07507838271664201,8.603826125392689e-05,0.00011200806978988622,-9.060893973223217e-05,-0.0002738045662908755,0.0008105898232923985,0.00026583542140750716,0.0001544812380472116,1.6900884862558488e-05,-0.0002932656802560923,-0.0005662428010111734,4.7950147519524625e-05,-2.4707457044199252e-05,0.06219625920559026
1781506189.709776,-0.042348955234787426,0.781804767836886,0.38214538534924986,-0.05080729789214131,0.020684920279635977,-0.0750530982995253,-0.04238325906173346,0.781812037544279,0.38219912051771,-0.050749135066286186,0.020569514347810847,-0.07507838271664201,8.711516170514067e-05,9.87706538892344e-05,-9.482529244988336e-05,-0.00021351505632783362,0.0007232340068837603,0.0004240464964907352,0.0001834809500186801,-0.00012461714146504683,-0.00024686239289110836,-0.00026540928094276697,0.00035440008885565265,-0.000291635354374912,0.06416439447358205
1781506189.719725,-0.04234817659210928,0.7818037265491072,0.3821441074775806,-0.05080446925516082,0.02068505729333725,-0.07503904843573865,-0.04238325906173346,0.781812037544279,0.38219912051771,-0.050749135066286186,0.020569514347810847,-0.07507838271664201,8.68758309223867e-05,8.68924873221382e-05,-9.700853447503082e-05,-0.00016249825030591428,0.0006379841491997126,0.0005309814731951119,-0.00010683182110330203,5.646294363592446e-05,8.707465490587655e-05,2.059439637167043e-05,0.0006128728634075774,0.00010375056830309024,0.06577451558129599
1781506189.7297556,-0.04234759869735608,0.7818027807862579,0.382143065928226,-0.05080195041722847,0.02068456267327612,-0.07502768853359819,-0.04237466414815,0.7818122398994882,0.38219754902813907,-0.05075712265680631,0.02055657058290472,-0.07507474994181018,8.558289760655062e-05,7.625599805868565e-05,-9.75319859268475e-05,-0.00011982549350559078,0.0005566457916056479,0.0005965698837264418,-9.973652657554576e-05,0.0002083868698970273,7.177241895029828e-05,0.00013292081494566295,0.00041617790787469377,0.00013366115784249995,0.06156640013774073
1781506189.7397568,-0.04234775375694902,0.7818002096559419,0.38213830224849094,-0.05073872180479378,0.02067525490775224,-0.07502635541670588,-0.04237466414815,0.7818122398994882,0.38219754902813907,-0.05075712265680631,0.02055657058290472,-0.07507474994181018,8.560939184623359e-05,8.383119816977814e-05,-0.00012345444175247466,0.00058322397309309,0.00039365373440643464,0.0005408190723176118,0.0003356888988309982,-7.473536884177264e-05,-0.00018606160992405688,0.00015639566563841267,0.0007449679332953754,-0.0004145399870067758,0.06617459341053034
1781506189.749765,-0.042347940187519736,0.7817980741512663,0.38213427778743764,-0.05068608642133682,0.020667039873191406,-0.07502571218221712,-0.04237466414815,0.7818122398994882,0.38219754902813907,-0.05075712265680631,0.02055657058290472,-0.07507474994181018,8.45459027906618e-05,8.885013904336497e-05,-0.00014270000020735366,0.0010940304117282923,0.00026075239344075984,0.0004842445818150187,6.9688542574292e-06,-0.00017853511608496685,-8.834063823253911e-05,-0.00012524357380285422,0.0005880773990451367,0.0004270606777699833,0.07012908379803977
1781506189.7597344,-0.042348143930482085,0.7817963300763399,0.38213089695480146,-0.05064282894638906,0.0206598685281858,-0.07502560342268093,-0.04237466414815,0.7818122398994882,0.38219754902813907,-0.05075712265680631,0.02055657058290472,-0.07507474994181018,8.262087989515858e-05,9.175338855321283e-05,-0.00015634166394396017,0.0014468135684941972,0.00015403526502658684,0.00042860118522960935,-5.9337730093123156e-05,2.5631044195564027e-05,0.000280792855478671,0.0006007989311816338,0.0012907883093651667,0.0002838502335642275,0.07347750198508662
1781506189.7697694,-0.0423483547866052,0.7817949317994877,0.3821280751295957,-0.05060778208585141,0.020653675535329263,-0.07502589806839911,-0.04237466414815,0.7818122398994882,0.38219754902813907,-0.05075712265680631,0.02055657058290472,-0.07507474994181018,8.002863275768235e-05,9.29214307181764e-05,-0.00016531181772041722,0.0016715386509021657,6.9858507960177e-05,0.000375178275445375,5.77485950179906e-05,0.0002968023924450755,0.00044270823540288684,0.0010977765447747843,0.0020142723351760845,3.848046993204995e-06,0.07627827612985062
1781506189.7797942,-0.04234856557174976,0.7817938341573759,0.3821257375148638,-0.05057984648151778,0.020648385142165715,-0.07502648687563704,-0.04237551873718021,0.7818149129371011,0.382197211334365,-0.05075404206399854,0.02061244304922094,-0.07506796019914667,7.693360231537534e-05,9.268169473247724e-05,-0.00017041814776284358,0.00179416285936274,4.874851385944337e-06,0.00032488123564558113,-0.00013571064992071863,6.721325568785428e-05,0.00022771335215549004,0.000625161715999051,0.0007710817869856362,0.0008691894302288171,0.07924200247041183
1781506189.7897348,-0.04234877142420102,0.7817929938298145,0.38212381810171914,-0.0505580037690926,0.020643915871184415,-0.07502727994547988,-0.04237551873718021,0.7818149129371011,0.382197211334365,-0.05075404206399854,0.02061244304922094,-0.07506796019914667,7.347416811272315e-05,9.131486994104779e-05,-0.00017235800145918144,0.0018369298140479995,-4.394912324749192e-05,0.0002783029243144505,0.00014540647425471172,2.7071017423165997e-05,-0.00011064847769798654,0.000386698988916236,0.00010939191383379926,0.0007277955800867483,0.08113219221778024
1781506189.7997475,-0.04235609433955899,0.7817883458181921,0.3821237608047356,-0.050598605350069145,0.02068694282542438,-0.07511719871378596,-0.04237551873718021,0.7818149129371011,0.382197211334365,-0.05075404206399854,0.02061244304922094,-0.07506796019914667,-1.6914548066999317e-06,3.927269712642377e-05,-0.00016028331529287538,0.0012134275380553663,0.000479585222742364,-0.0007085185181712613,0.00018625209498966775,5.7047128374387094e-05,-0.0002507114150761913,0.0005248271111524211,-5.790540227782546e-05,0.0006375018696704348,0.0804866407108457
1781506189.8097513,-0.04236246258083342,0.7817843766267685,0.38212379994563683,-0.05063385810553274,0.02072272187894164,-0.07519215790673899,-0.04237551873718021,0.7818149129371011,0.382197211334365,-0.05075404206399854,0.02061244304922094,-0.07506796019914667,-6.201096642772178e-05,-3.0029869560076593e-06,-0.00014855912906204706,0.0007130439968072141,0.0008587180551781182,-0.001428519770843596,-6.378110653214254e-05,0.00018458935737260208,0.0002894780536196714,0.0012066156947124103,-0.0002851331466288671,0.0011066970514052594,0.08057395027107492
1781506189.8197222,-0.0423679960727129,0.7817809872802464,0.3821239171149052,-0.050664137557869866,0.020752091587254995,-0.07525385623682944,-0.04237551873718021,0.7818149129371011,0.382197211334365,-0.05075404206399854,0.02061244304922094,-0.07506796019914667,-0.00010964810902046674,-3.69027202470991e-05,-0.00013726487211336878,0.00031860591324391616,0.0011192793715502766,-0.0019288924299815334,-7.13965018501658e-06,0.00017135236327853783,0.00018741938350264428,0.00163897911944006,5.641155964683964e-05,0.0007133521451864119,0.08111463049255299
1781506189.829741,-0.042372797441440145,0.7817780943323458,0.38212409626709276,-0.050689861351635446,0.02077585557288808,-0.07530392954050255,-0.042374478643343705,0.7818214200349869,0.38219875506785583,-0.05071784977747557,0.020629211362889865,-0.07502691667450863,-0.00014650057528121918,-6.364892107479987e-05,-0.0001264588605532306,1.4345940948413992e-05,0.001283867953028708,-0.00225100761250043,6.134175003932231e-05,7.473224578488863e-05,0.00010849821419063893,0.0013970725911653403,0.0001885023776026365,0.00036778723284030856,0.0863358528107832
1781506189.8398054,-0.04237053705311053,0.7817817951300008,0.38212645120993594,-0.050756125985459255,0.02077039427687155,-0.07529739986607967,-0.042374478643343705,0.7818214200349869,0.38219875506785583,-0.05071784977747557,0.020629211362889865,-0.07502691667450863,-0.0001221712215760422,-6.678954921518681e-05,-0.00010169307478201094,-0.0007121143545596475,0.0010805414544256889,-0.001937114028050789,0.00023680970500311086,0.00028285269151731454,0.00021020644813035485,0.001577118600362732,-2.410327887894724e-05,-0.00033558153630645324,0.08254403127316114
1781506189.849777,-0.04236860482504998,0.781784883916004,0.3821285351454824,-0.05081116856351757,0.020764899928828573,-0.07529008072237313,-0.042374478643343705,0.7818214200349869,0.38219875506785583,-0.05071784977747557,0.020629211362889865,-0.07502691667450863,-0.00010109223617744552,-6.846446976364934e-05,-8.052321235064789e-05,-0.0012369336956412381,0.0008986123329960646,-0.0016489036070770346,0.00024546200811776563,0.000346442608926259,0.00036634929214434146,0.00229726375320822,0.00034089453277574063,-0.001253114220881289,0.07937397073230475
1781506189.8597586,-0.04236695513625892,0.7817874264699913,0.3821303758313135,-0.050856296187268425,0.020759531397859465,-0.07528237033158836,-0.042374478643343705,0.7818214200349869,0.38219875506785583,-0.05071784977747557,0.020629211362889865,-0.07502691667450863,-8.28896513390867e-05,-6.894153666395603e-05,-6.250830428725642e-05,-0.001596304625019947,0.0007376969681584776,-0.001387824940619297,0.00021077876643554899,0.00013547947804800803,0.00022796328304877092,0.002126646665419319,0.0009398633201452574,-0.0015329423501843939,0.07673255899601333
1781506189.8697636,-0.042365548178817616,0.7817894880781765,0.38213199835261635,-0.05089275961870406,0.0207544042046941,-0.07527457780754918,-0.042374478643343705,0.7818214200349869,0.38219875506785583,-0.05071784977747557,0.020629211362889865,-0.07502691667450863,-6.722680887857741e-05,-6.845095389266555e-05,-4.725437606478066e-05,-0.001821873748643692,0.0005969323381156841,-0.0011542209576717933,0.0003194859945827502,0.00021833753717542025,0.00015855835432592916,0.0014196848287976775,0.0008635667263985462,-0.0018562183030142968,0.0745376555303263
1781506189.879742,-0.042364349353449446,0.7817911316896791,0.3821334253897265,-0.05092173317024935,0.02074959825185929,-0.07526693702594948,-0.04236695464858892,0.7818294601254551,0.38220296044471025,-0.05064132012127069,0.020657149078846082,-0.07506279910014922,-5.380126753083335e-05,-6.718978412587881e-05,-3.441017109222691e-05,-0.0019410153053996196,0.00047511994157718853,-0.0009475967103701748,8.304158132291214e-05,8.536017260010711e-05,0.00021555814181362082,0.0009810125614550694,0.0009028514869661469,-0.001503378329066628,0.07944167938426244
1781506189.8897326,-0.04236570917846713,0.7817958922900934,0.3821347415648798,-0.05092672322891068,0.020776863156692027,-0.07531322908463517,-0.04236695464858892,0.7818294601254551,0.38220296044471025,-0.05064132012127069,0.020657149078846082,-0.07506279910014922,-7.295844814386352e-05,-3.312091495803093e-05,-2.3361965721388134e-05,-0.0017730985052748383,0.0007462406895474068,-0.0013336013708899123,8.923002903120887e-05,-0.00016302126176769577,-0.0005300863303175323,-0.0005240605913346688,0.0020929599087341597,-0.002150906011884513,0.0760405571521745
1781506189.899735,-0.042366930081601244,0.7817998785372061,0.38213589156500727,-0.05092926705361648,0.020799173567803253,-0.07535090656665937,-0.04236695464858892,0.7818294601254551,0.38220296044471025,-0.05064132012127069,0.020657149078846082,-0.07506279910014922,-8.741286079986892e-05,-5.351665831435292e-06,-1.4196743239561467e-05,-0.0015987498809648681,0.0009289590304730755,-0.0015863149944295727,0.00011997467635104899,-0.00016748707371751857,-7.573321250966128e-05,-0.0006477578722062417,0.0011865904511917248,-0.001803183488498409,0.07330283481203302
1781506189.909732,-0.04236802837321629,0.7818031999327193,0.38213689335725876,-0.05092990811071313,0.02081716107626619,-0.07538109808214155,-0.04236695464858892,0.7818294601254551,0.38220296044471025,-0.05064132012127069,0.020657149078846082,-0.07506279910014922,-9.790886551260292e-05,1.7008552872647444e-05,-6.659261542618347e-06,-0.001424354436913557,0.0010404380944641716,-0.0017322412742463691,1.4701340657068479e-05,-0.0003342804416724498,-0.0005105838252370079,-0.0011581436330100432,0.0016326805122903606,-0.0022449418706079315,0.07110281746470115
1781506189.9197776,-0.042369016376460525,0.7818059524673113,0.3821377631979007,-0.0509291057519842,0.02083141721941395,-0.07540485418544232,-0.04236695464858892,0.7818294601254551,0.38220296044471025,-0.05064132012127069,0.020657149078846082,-0.07506279910014922,-0.00010509417156479276,3.474322049744016e-05,-5.239939934593681e-07,-0.0012546975392370952,0.001095487859847308,-0.0017941614465977736,0.00024026821018248434,-0.00020359430457196065,-0.00058724612375128,-0.0017925274568508112,0.000667841864321221,-0.0020865546573334494,0.06933643850647946
1781506189.9297433,-0.04236990358438479,0.7818082199639891,0.3821385157830621,-0.05092724371799654,0.02084248733962646,-0.07542313818519028,-0.042359957189329944,0.7818227418249641,0.38219283600405984,-0.05067118579173199,0.020721010859346745,-0.07516398414041023,-0.00010953069249284368,4.853990365422208e-05,4.407873614363213e-06,-0.0010932350064615977,0.0011067497249820813,-0.0017914440881770244,0.00016134916246957052,-0.0002013157860385069,-0.0003283964513804817,-0.0013070763148013884,0.0013082659134441826,-0.001808670320002497,0.05710080235869539
1781506189.9397597,-0.04237069754168758,0.781810075349219,0.3821391643853727,-0.05092463858028198,0.02085086724555474,-0.07543682164770951,-0.042359957189329944,0.7818227418249641,0.38219283600405984,-0.05067118579173199,0.020721010859346745,-0.07516398414041023,-0.00011170434729636349,5.9000460620829305e-05,8.311192287311242e-06,-0.0009423318737862092,0.0010848941750847229,-0.0017403706416860305,0.0001765519914122773,-0.00037024264149150137,-0.000612032456305328,-0.0016864980426081883,0.0004598595079680196,-0.001608780144114911,0.056182180707641735
1781506189.9497485,-0.04236515153173738,0.7818201161969881,0.3821429058140817,-0.050977281328810325,0.020876525125702594,-0.07544456470550948,-0.042359957189329944,0.7818227418249641,0.38219283600405984,-0.05067118579173199,0.020721010859346745,-0.07516398414041023,-8.279308935810505e-05,9.628581897362914e-05,3.331188585338867e-05,-0.0014123987400973068,0.001250499953758308,-0.0016205130402554345,0.00017825104195941463,-5.33441045410256e-05,-4.3729455702688036e-05,-0.0010453146657594776,0.00018242828392234247,-0.0015888378561097049,0.05026827017677664
1781506189.9597237,-0.04236047436251403,0.7818285284081644,0.3821461074419702,-0.05102022969047625,0.02089703409671828,-0.07544953352955139,-0.042359957189329944,0.7818227418249641,0.38219283600405984,-0.05067118579173199,0.020721010859346745,-0.07516398414041023,-5.853483517241524e-05,0.00012499746454864178,5.295967602453408e-05,-0.0017259442613353757,0.0013403496665131268,-0.001486351273637551,0.00021578015596645798,-0.00029540679018675583,-0.0004804881316421276,-0.0020328628076255557,-7.238559667127679e-06,-0.0015946366156369084,0.047088326878348054
1781506189.9698,-0.042356556158665536,0.7818355184791614,0.38214883568272695,-0.05105473864888115,0.020913124003943295,-0.07545228738884766,-0.042359957189329944,0.7818227418249641,0.38219283600405984,-0.05067118579173199,0.020721010859346745,-0.07516398414041023,-3.831926418941226e-05,0.00014646255798603718,6.806134161105616e-05,-0.0019136306600475743,0.0013709793719753553,-0.0013451439220192208,0.00014417606067126666,-5.494160109919269e-05,-5.14704639803716e-05,-0.001058852289982113,0.0011528989312167086,-0.0019617218898697487,0.04594385899612133
1781506189.9797359,-0.04235329690918862,0.7818412741607473,0.38215114958271057,-0.05108197956789993,0.02092546258587391,-0.07545330604093448,-0.042352587017801646,0.7818123074029829,0.3821788894664396,-0.05074330814320423,0.02075525714868709,-0.0752525394747613,-2.1605202556233285e-05,0.00016183832939029998,7.932214699634555e-05,-0.002001877305262189,0.0013563997716901203,-0.0012025225335121786,0.00011710452402929577,-4.2058812029723434e-05,-3.035236437246497e-05,-0.0009354767179610333,0.0016956642323076472,-0.0021350061760997,0.040113316373281464
1781506189.9897835,-0.04235388736163458,0.7818394568687047,0.3821519535953426,-0.05117633581831717,0.0209297565264408,-0.07545448465219688,-0.042352587017801646,0.7818123074029829,0.3821788894664396,-0.05074330814320423,0.02075525714868709,-0.0752525394747613,-2.929081158225849e-05,9.615888238874354e-05,8.16789049598543e-05,-0.0028131535446696667,0.0012557882776718435,-0.0010817007411317268,0.00015936418376618296,-0.0001931153078286705,-0.00029414813381980814,-0.0011153961628900051,0.002053833445249563,-0.0024487642761472144,0.038266506697319375
1781506189.9997814,-0.042354488854092674,0.7818375505670646,0.3821526151557531,-0.05125309267186213,0.020932266798646015,-0.07545442555838938,-0.042352587017801646,0.7818123074029829,0.3821788894664396,-0.05074330814320423,0.02075525714868709,-0.0752525394747613,-3.50894678452298e-05,4.221475498790941e-05,8.253589231976252e-05,-0.0033440117933026025,0.001146024590204867,-0.0009615688509558155,0.0004178102047197135,-2.1946017455917418e-05,-8.045753817309656e-06,-0.0008192907176270175,0.002043099273384476,-0.002905503030834509,0.03648525340713228
1781506190.0097806,-0.04235508812283552,0.7818355830487836,0.3821531547430057,-0.0513145618370759,0.020933372133640438,-0.07545344044094106,-0.042352587017801646,0.7818123074029829,0.3821788894664396,-0.05074330814320423,0.02075525714868709,-0.0752525394747613,-3.929985422735077e-05,-1.6250460340303124e-06,8.217804520418581e-05,-0.0036502312757660826,0.0010324091495304668,-0.0008452409955320922,2.0334027436304367e-05,-0.00026178500116506593,-0.00038883077555067707,-0.001561492383524247,0.0013269169595085248,-0.002161109842718458,0.03478918228486299
1781506190.0198128,-0.04235567398618891,0.7818335846989206,0.3821535899217515,-0.051362893870909386,0.020933394684159667,-0.07545178826817138,-0.042352587017801646,0.7818123074029829,0.3821788894664396,-0.05074330814320423,0.02075525714868709,-0.0752525394747613,-4.218187031963836e-05,-3.6797870322256666e-05,8.08494958732576e-05,-0.003779754459022219,0.0009190185419559883,-0.0007349466685174077,-0.00014379189964218924,-0.00024327740252842194,-0.0003733303401294112,-0.0014261159138938967,0.002438925715335301,-0.0020565090943691364,0.033201199641991065
1781506190.0298018,-0.042356237327012096,0.7818315859498893,0.38215393579206086,-0.05140005971570886,0.02093260541501607,-0.07544968139846125,-0.04234798394686584,0.7818030813377943,0.3821636708186334,-0.050819347496411406,0.020846506622179906,-0.07536693338009946,-4.396098833646287e-05,-6.456740297817841e-05,7.875852693370359e-05,-0.003773339674332896,0.000808900846151865,-0.0006321914294628619,-0.00012700151963002793,-0.00024918344362600755,-0.0007498617810856648,-0.0032888074169874497,0.0017067434730394181,-0.00114097773923028,0.031231425470100015
1781506190.0397892,-0.04236019761649287,0.7818373124522523,0.3821614563138336,-0.05145103994184986,0.020930931156881938,-0.075511936448984,-0.04234798394686584,0.7818030813377943,0.3821636708186334,-0.050819347496411406,0.020846506622179906,-0.07536693338009946,-6.900688501346889e-05,-4.661942981357006e-05,0.00012321891015745667,-0.0039037281090470027,0.0007372779878786282,-0.0012427100092411848,-0.0001536302197719949,-0.0005846335336427582,-0.0010693680189162288,-0.0044141850499549206,0.0017438670544509447,-0.0009607122411582939,0.0364121813999515
1781506190.049739,-0.042358524700865534,0.7818321735757421,0.38216256076461064,-0.05142605167980047,0.02092008495936626,-0.0754590828604657,-0.04234798394686584,0.7818030813377943,0.3821636708186334,-0.050819347496411406,0.020846506622179906,-0.07536693338009946,-4.6708385697473336e-05,-6.603676913547688e-05,0.00012169437287592971,-0.003216833056486391,0.0005088670707311318,-0.0005370174019147298,-0.0002163464655938696,-0.0005706033893187557,-0.0010673187599040644,-0.005391812671581661,0.000587409198750391,-0.00012194340157776678,0.030962849087669164
1781506190.0597506,-0.042357094815509276,0.7818276183563222,0.38216345101535604,-0.051402070342896414,0.020910519232530955,-0.07541411211110509,-0.04234798394686584,0.7818030813377943,0.3821636708186334,-0.050819347496411406,0.020846506622179906,-0.07536693338009946,-2.821590643241774e-05,-8.078773491949704e-05,0.00011892852400725302,-0.002614113293778121,0.0003237903175993378,6.432317228789036e-06,0.00019181529013926664,-0.0004495172108685055,-0.0008415465161344533,-0.004468361433611548,8.52250782498483e-05,-0.0009001310216696588,0.026174826057813665
1781506190.069732,-0.042355870471063276,0.7818236101535404,0.38216415680838584,-0.05137949981587388,0.020902174959181563,-0.07537627865494399,-0.04234798394686584,0.7818030813377943,0.3821636708186334,-0.050819347496411406,0.020846506622179906,-0.07536693338009946,-1.301311637113625e-05,-9.160575159349916e-05,0.0001152012296359925,-0.0020909610808910297,0.0001762502247000081,0.00041344360533957013,0.00026027071820408784,-0.0004201182283015035,-0.0007719908804923596,-0.004189916942877826,2.007287900712787e-05,-0.0011661419708993382,0.02199694810407965
1781506190.079791,-0.04235482050212622,0.7818201097605986,0.38216470453986445,-0.05135860410962947,0.020894974469083838,-0.07534482851126027,-0.042347403099474046,0.7817779668708152,0.3821180847791211,-0.05104913405427435,0.020883877889714686,-0.07541967388094165,-6.438352692496846e-07,-9.912942705627757e-05,0.00011074934123193876,-0.0016417460694077455,6.0874990556560686e-05,0.0007070854681345911,2.740625561329038e-05,-0.0005111988965482166,-0.0007948042536627503,-0.0045820251336974385,0.0017679434887783215,-0.0010892863191781545,0.06328066934822209
1781506190.0897386,-0.04235559570314078,0.7818157044376299,0.3821636256212386,-0.05137284238223935,0.02087167496526532,-0.07531796469156357,-0.042347403099474046,0.7817779668708152,0.3821180847791211,-0.05104913405427435,0.020883877889714686,-0.07541967388094165,5.3518871166261376e-06,-0.00012879216571897513,9.681665076903892e-05,-0.0016240808993291172,-0.00021485292772928702,0.0009096534234401179,-4.4369665362341824e-05,-0.0004758506529245359,-0.0009127291514871129,-0.004668657435533183,0.001885533611060633,-0.0008672013071617945,0.05970938791098137
1781506190.099795,-0.04235372141953996,0.7818139725775853,0.38216305328307587,-0.05139185653353505,0.020870587592178635,-0.07532497562045458,-0.042347403099474046,0.7817779668708152,0.3821180847791211,-0.05104913405427435,0.020883877889714686,-0.07541967388094165,1.673559290244141e-05,-0.0001404222640635387,8.73637511484419e-05,-0.0016527603782882142,-0.00019932086629656384,0.0007333157226474769,-3.37573213734526e-05,-0.00018400869411797568,-0.0003824616988520593,-0.003376319414258156,0.001101058359268696,-0.000551381436552103,0.0579525533207744
1781506190.1097667,-0.04235211844431257,0.7818124306961522,0.382162520645945,-0.05140634574745874,0.020869821222275098,-0.07533155441404678,-0.042347403099474046,0.7817779668708152,0.3821180847791211,-0.05104913405427435,0.020883877889714686,-0.07541967388094165,2.5662069328399927e-05,-0.00014797930210940923,7.866822968612911e-05,-0.0016290084725828862,-0.0001822260936792838,0.0005811191335247231,-0.0002737212688422368,-0.0003660688891975666,-0.0006817743418735305,-0.003790363470692476,0.0003452579419934999,0.0002483483344297711,0.05643169317145419
1781506190.119726,-0.042350754118899374,0.7818110631269566,0.38216202653814946,-0.05141704796984649,0.02086931634009148,-0.07533762935200962,-0.042347403099474046,0.7817779668708152,0.3821180847791211,-0.05104913405427435,0.020883877889714686,-0.07541967388094165,3.250284047472443e-05,-0.0001521708413535786,7.069089216170418e-05,-0.0015666216411052618,-0.00016442865861377215,0.0004511766663171604,-8.784682699907748e-05,-0.00036979925598566705,-0.0004283803639403596,-0.0033962269341034634,0.00011441155112856009,0.00028789479402440863,0.05511324421830152
1781506190.1297326,-0.04234959912129954,0.7818098562370854,0.3821615694683635,-0.05142461977895378,0.02086902119970868,-0.07534316048565635,-0.04234823095697182,0.7817573992255155,0.38208475967020417,-0.05125470672436257,0.020906490857281135,-0.0754429619399196,3.758258390219796e-05,-0.0001536075374568191,6.339117438756628e-05,-0.0014769946512688031,-0.000146592126632583,0.00034146531504295244,-9.616198911141302e-05,-0.0004364125258359905,-0.0005337620963641493,-0.002953630913825786,0.00010863126379810037,0.00038094155070375255,0.09302341119178839
1781506190.1397963,-0.04234862718718432,0.7818087978163074,0.3821611477277364,-0.051429638814594766,0.02086889129061409,-0.07534813276612949,-0.04234823095697182,0.7817573992255155,0.38208475967020417,-0.05125470672436257,0.020906490857281135,-0.0754429619399196,4.1184256049123416e-05,-0.00015281451504882786,5.672792639264251e-05,-0.0013694108572957667,-0.0001292146999250439,0.0002499155347112788,1.0241136803834414e-06,-0.0001496864069110202,-0.0003317550044473831,-0.002326760565412406,-0.00014815447329467247,0.00047651332447095815,0.09207120867746055
1781506190.1497762,-0.042354861314428185,0.7818018489084597,0.382158884631954,-0.05127791854829828,0.020851358882479243,-0.07538424665649103,-0.04234823095697182,0.7817573992255155,0.38208475967020417,-0.05125470672436257,0.020906490857281135,-0.0754429619399196,1.1021139856596896e-05,-0.00011745932911051524,3.474709586453633e-05,0.0004446478117348593,-0.0002860240076019818,-0.00018084638907086962,-0.0001786741732361353,-8.707912701237116e-05,-0.00020368465591376328,-0.0016927370342158662,0.00018924078137146108,0.0006581436458205072,0.08668475014823408
1781506190.1597738,-0.0423601619615387,0.7817961638266663,0.3821569108448313,-0.05115071315573757,0.0208368876524474,-0.07541447141138576,-0.04234823095697182,0.7817573992255155,0.38208475967020417,-0.05125470672436257,0.020906490857281135,-0.0754429619399196,-1.3332649051102049e-05,-8.75888060729781e-05,1.666119426109537e-05,0.0017916888749433576,-0.0003956861362246105,-0.0004986531144143538,-0.0002485800049697688,1.6075503545839067e-05,0.00024693699045676045,-0.0013426707005236005,5.5724418732600755e-05,0.00094657629421516,0.08276977209361495
1781506190.1697347,-0.04236463988707472,0.7817916056281946,0.38215519251965785,-0.051045357974880516,0.020825105301311764,-0.07543945581687232,-0.04234823095697182,0.7817573992255155,0.38208475967020417,-0.05125470672436257,0.020906490857281135,-0.0754429619399196,-3.271427874688267e-05,-6.249971301919811e-05,1.9312037664351426e-06,0.0027519373821830945,-0.00046702085882192597,-0.0007231266806902164,-0.0002287942054769055,-6.1022205858046734e-05,-0.00023599134544462368,-0.0017121659312303874,0.00032179648726738915,0.0007338319799119564,0.08000073283123814
1781506190.1797256,-0.04236839667998089,0.7817880372326114,0.38215369986261466,-0.05095925834429737,0.020815659463120362,-0.07545982954045188,-0.0423545844497315,0.7817499252386588,0.3820728450268064,-0.05135305210642502,0.020901196791521137,-0.07541569052795266,-4.785880758959739e-05,-4.156692787074775e-05,-9.91810745195274e-06,0.0033960907917531045,-0.0005076856261311223,-0.0008715241064904053,-0.0001511965693415742,-8.569397445566164e-05,-0.00018868203000006409,-0.0013342115266807846,0.00016205158904788046,0.0005208920967407105,0.0904478095980409
1781506190.1897416,-0.04236784255964273,0.7817887933917953,0.3821605398207894,-0.05101215847525095,0.02081177298604331,-0.07542762437121117,-0.0423545844497315,0.7817499252386588,0.3820728450268064,-0.05135305210642502,0.020901196791521137,-0.07541569052795266,-4.0511595190796285e-05,-5.9083091642400594e-05,3.58808574012198e-05,0.0024405091623110895,-0.0005125458676781438,-0.00042748706742476276,0.00023522663448081663,-2.398346245931172e-05,-7.190341475158168e-05,-0.00033432377189640246,-0.0006273663597415174,1.4081332400270902e-05,0.09683433119706263
1781506190.1997898,-0.0423672970082915,0.7817895683803585,0.3821663819945412,-0.05105888539819645,0.02080899577625628,-0.07540016856203603,-0.0423545844497315,0.7817499252386588,0.3820728450268064,-0.05135305210642502,0.020901196791521137,-0.07541569052795266,-3.410012728598453e-05,-7.239595489086075e-05,7.219238990213018e-05,0.0016577217363436649,-0.0005021551754114477,-8.30818110086361e-05,0.00010360301948688901,3.200776005500277e-05,6.031713356859647e-05,0.00023997676150683573,-0.00024283041725153278,-0.0001457139644742673,0.10238335881378138
1781506190.2097404,-0.04236676794817842,0.7817903227519768,0.38217135051878615,-0.05109970789108496,0.020807125493268908,-0.0753770229172508,-0.0423545844497315,0.7817499252386588,0.3820728450268064,-0.05135305210642502,0.020901196791521137,-0.07541569052795266,-2.8521089746921114e-05,-8.216583383261249e-05,0.00010042756243809525,0.0010258299555007246,-0.00048062253148244404,0.00017724494834079376,-8.468775327517818e-05,0.00020604585859809567,0.0006913535095546319,0.001322259902484975,7.299010960587367e-06,-5.772795846739536e-05,0.10716216061117963
1781506190.2197385,-0.04236626146656058,0.7817910304141047,0.38217555585025875,-0.05113498896451867,0.02080598573735748,-0.07535774035939642,-0.0423545844497315,0.7817499252386588,0.3820728450268064,-0.05135305210642502,0.020901196791521137,-0.07541569052795266,-2.368099702721005e-05,-8.896770580679513e-05,0.00012182148171908572,0.000524295601533353,-0.0004513314834452499,0.00036744833590001563,8.177806396991638e-05,1.4063209044966454e-05,5.901756333815592e-05,0.0007810053736557035,-0.0006615690059386999,-0.00013441672831897338,0.11124523102014461
1781506190.2297301,-0.04236578204484626,0.7817916755567402,0.3821790961009908,-0.0511651522970986,0.020805424375154757,-0.0753418801475605,-0.04235239850940736,0.7817544525232438,0.38207982273361196,-0.051340142290854165,0.02089062724377788,-0.07541620244153836,-1.94954382589009e-05,-9.33007548468271e-05,0.00013745234387746696,0.00013416188648655164,-0.0004170294582438323,0.0004999040100962678,0.0001047273049364003,0.00033029368321683185,0.0006187663871090215,0.001699097590890054,-8.453754004907979e-05,-0.00045319050077023085,0.10686381386726201
1781506190.2397387,-0.042363072607980196,0.7817935791974507,0.38217726519871237,-0.05108990551386297,0.02079530870673474,-0.07533939197171527,-0.04235239850940736,0.7817544525232438,0.38207982273361196,-0.051340142290854165,0.02089062724377788,-0.07541620244153836,6.51000953504035e-06,-4.055266117088233e-05,0.00011497014642605645,0.000940422382794036,-0.0004831809772181796,0.0004668060866295395,0.00011935861673664699,0.00013703794901708276,0.0005676087766988174,0.0016938796192657731,-0.0007004673838816931,-0.000100327475775688,0.10554556845116829
1781506190.2497644,-0.04236216166933397,0.781792509222973,0.3821772288242516,-0.05105361235362245,0.02079063987084795,-0.07532281006192752,-0.04235239850940736,0.7817544525232438,0.38207982273361196,-0.051340142290854165,0.02089062724377788,-0.07541620244153836,1.5743168938967655e-05,-2.833831988970416e-05,0.0001064421476105161,0.0012302065059735736,-0.0004905746731292392,0.0005939922918433888,-7.962554912827601e-05,0.0001678974823144624,0.0006476674515295243,0.002026409971523962,-0.0007352434532925424,8.358527092633071e-05,0.10503131999422252
1781506190.259726,-0.042361340271768244,0.7817917291223764,0.3821771316489428,-0.05102422805309546,0.02078713454567671,-0.07530943120605989,-0.04235239850940736,0.7817544525232438,0.38207982273361196,-0.051340142290854165,0.02089062724377788,-0.07541620244153836,2.295581948563518e-05,-1.817389934684027e-05,9.824736902845068e-05,0.0014136580317355805,-0.0004826862117124236,0.0006730289145761663,7.614463785780559e-05,0.00017826185496169975,0.0003448086097603277,0.0014344981077593416,-0.0003893211847216171,-0.00011550821420009811,0.10458740344740347
1781506190.2697585,-0.04236060152416957,0.7817911961279475,0.3821769867062712,-0.05100082463864822,0.020784597079071654,-0.0752988184496069,-0.04235239850940736,0.7817544525232438,0.38207982273361196,-0.051340142290854165,0.02089062724377788,-0.07541620244153836,2.8455068161358056e-05,-9.78389366621364e-06,9.042392686906693e-05,0.0015124165267729594,-0.0004635632622102466,0.000713825365810171,4.786277466771501e-05,9.43592526649658e-05,0.00018442618610816614,0.0007384724963332882,-0.0006665445413419872,0.00013779024297126016,0.10420278077254576
1781506190.2797692,-0.04235993938251637,0.7817908700618073,0.38217680520444436,-0.050982543103552894,0.020782854347019653,-0.07529056869865995,-0.042349060047049414,0.7817633598949848,0.3820948074638414,-0.05127479345920431,0.02087553514295659,-0.07542249743701333,3.250916275114528e-05,-2.9246504894251068e-06,8.29977145761919e-05,0.0015450140770624104,-0.00043654612812088473,0.0007248531374103659,-8.196922448306121e-05,0.00024054433247585957,0.0004276649631613864,0.0008640550983158163,-0.0005050301789309288,0.0005599686352409537,0.08717108857180497
1781506190.289723,-0.04235934840077342,0.7817907139653983,0.3821765967108974,-0.05096859962754373,0.020781754851624923,-0.07528431525935246,-0.042349060047049414,0.7817633598949848,0.3820948074638414,-0.05127479345920431,0.02087553514295659,-0.07542249743701333,3.535175694465799e-05,2.618824070723419e-06,7.598448540561782e-05,0.0015271471615444449,-0.00040435367364788024,0.0007132744572518975,-0.00014268017745681618,-2.134517829720653e-05,0.000120525233243256,6.190858667022957e-05,-0.0006313094703512389,0.0009580422697582101,0.08685376402047518
1781506190.2997332,-0.0423607098853441,0.7817925242298931,0.3821711531283175,-0.05095386632931084,0.02080845982513413,-0.07535335169591734,-0.042349060047049414,0.7817633598949848,0.3820948074638414,-0.05127479345920431,0.02087553514295659,-0.07542249743701333,1.0874265102291466e-05,2.2639204576079497e-05,3.6038825201353494e-05,0.0015369431784513043,-3.067246843215481e-05,-0.00010227851725229419,-0.00017852792705694837,2.1134425648614623e-05,0.0003104755565598127,0.0005935560812082696,-0.0003910397429327345,0.0009931500125453813,0.0825526356165296
1781506190.3097677,-0.04236190956191089,0.7817941887783083,0.38216645772788427,-0.05094288510774042,0.0208309542213565,-0.075411324973651,-0.042349060047049414,0.7817633598949848,0.3820948074638414,-0.05127479345920431,0.02087553514295659,-0.07542249743701333,-8.913396169616532e-06,3.842416683949076e-05,3.5148731223287645e-06,0.001502212442028071,0.0002501490796335901,-0.0007105472070915335,5.1539241982319994e-05,3.6870914989584064e-05,0.0003102719492542117,0.0006104915330802157,-0.0007149779458419649,0.0008783755699217048,0.07905245357712683
1781506190.319726,-0.04236297285482739,0.78179571349173,0.3821624227646722,-0.05093501549201819,0.020849677904433817,-0.07545942216050068,-0.042349060047049414,0.7817633598949848,0.3820948074638414,-0.05127479345920431,0.02087553514295659,-0.07542249743701333,-2.4685457609663326e-05,5.060903754932211e-05,-2.2639019431314753e-05,0.0014350700539546147,0.0004537083617149805,-0.0011468543018567968,-0.00013603235464212566,0.0003004882857962188,0.00023423394347301315,0.0006975055245081648,-0.0011079712008492534,0.0010762740112578281,0.07623746027422548
1781506190.329769,-0.04236391938048038,0.7817971037076162,0.3821589694206045,-0.0509296924841969,0.020865063707813603,-0.07549880300695214,-0.04235400664876182,0.781768633707183,0.3821035586674232,-0.0512483877394454,0.020845417816235834,-0.07537919335865653,-3.703405528057775e-05,5.974945672921314e-05,-4.3347802843685254e-05,0.0013454806293998359,0.0005938065579406837,-0.0014423730879790785,8.591953385780093e-05,-5.012893529832493e-05,-0.00011837384275088542,0.00032984570354981633,-0.0007834948492961292,0.0007658097707557,0.06308054171387978
1781506190.339729,-0.04235980824036898,0.7817968149565533,0.3821544296604108,-0.05098503439377579,0.020855459235913587,-0.07545608509305875,-0.04235400664876182,0.781768633707183,0.3821035586674232,-0.0512483877394454,0.020845417816235834,-0.07537919335865653,-4.722874063657735e-06,2.7556516531184814e-05,-6.850948320483045e-05,0.0005846960849326383,0.00040051413447198187,-0.0008246037438471164,-3.4560687444613246e-05,0.0002620798509274956,0.0007817831152949194,0.0026223591917087425,-0.0002199039890215466,0.0002945650544165495,0.05844398351237289
1781506190.3497458,-0.04235629337194224,0.7817965235046108,0.38215057438875566,-0.051032102878639345,0.020847054086905015,-0.0754193801284562,-0.04235400664876182,0.781768633707183,0.3821035586674232,-0.0512483877394454,0.020845417816235834,-0.07537919335865653,2.1275518352794084e-05,1.3637193955603787e-06,-8.784051995600669e-05,-1.3390223887334947e-06,0.00024472251804932973,-0.0003391591965170773,0.00023929394965733954,0.0002843524665832422,0.00021482272502711195,0.0015759125530240288,-3.11410293599698e-05,-0.000374863299407301,0.05471332521318253
1781506190.3597603,-0.042353297945215605,0.7817962148693391,0.3821473183300408,-0.05107168392641879,0.02083977735030418,-0.07538818521967851,-0.04235400664876182,0.781768633707183,0.3821035586674232,-0.0512483877394454,0.020845417816235834,-0.07537919335865653,4.187674737291066e-05,-1.968043464332981e-05,-0.00010224592869142734,-0.00044039884301460544,0.0001212936754769075,3.385110866954943e-05,0.00013243014415190166,0.0003025397670139854,0.00047670127344133094,0.002297996862207513,0.00048539362529540994,-0.0008297135409030846,0.05173133324212928
1781506190.3697762,-0.04235075445999307,0.7817958827195366,0.38214458519468747,-0.05110457140881506,0.0208335450492525,-0.07536197273695787,-0.04235400664876182,0.781768633707183,0.3821035586674232,-0.0512483877394454,0.020845417816235834,-0.07537919335865653,5.788424002922324e-05,-3.632474543294759e-05,-0.00011251464434109806,-0.0007573167410454228,2.5491932682686526e-05,0.00031240807639662044,0.0002705933029791365,0.0001442091659519164,2.5173254426809025e-05,0.0016586149438175559,-0.0003143772080316241,-0.0009559893070293078,0.049358498208544876
1781506190.3797712,-0.04234860365360141,0.7817955264477827,0.38214230691581097,-0.05113154337492217,0.020828265716809513,-0.07534021095721766,-0.04235252822303559,0.7817822003495698,0.3821246598911789,-0.0511508360836692,0.020857977724186405,-0.07538957171064593,7.00011732775298e-05,-4.922607986906555e-05,-0.0001193324187875828,-0.0009740428868506157,-4.6987266297569705e-05,0.0005125696001934026,0.00015213182156858653,0.00023037324596080085,0.00015809052672575356,0.0013526426179108456,0.00012510076685251511,-0.0007418574017420649,0.022458954053771622
1781506190.3897343,-0.04234679352855661,0.7817951492605931,0.3821404229273688,-0.05115334472099342,0.020823844774906508,-0.07532237964450597,-0.04235252822303559,0.7817822003495698,0.3821246598911789,-0.0511508360836692,0.020857977724186405,-0.07538957171064593,7.884133603744155e-05,-5.895918037128715e-05,-0.00012329348216051986,-0.001109766331531347,-0.00010000761602388459,0.0006485131866397283,0.00010663926813183436,0.00012515025603659357,0.0001548039941356211,0.0008762277970264867,9.525457585391628e-05,-0.00051185731593823,0.021190430089569123
1781506190.3997765,-0.04234899238988438,0.781798348488012,0.3821397367681167,-0.05114481287274259,0.020841562178591344,-0.0753771960636547,-0.04235252822303559,0.7817822003495698,0.3821246598911789,-0.0511508360836692,0.020857977724186405,-0.07538957171064593,5.046566086684275e-05,-2.941149963930086e-05,-0.00011981212286034406,-0.0008830036422183283,0.00013467114954191325,-9.915804896559765e-06,-1.9062934967735616e-05,6.074472403254624e-05,0.00012528658399936816,0.00026270172087186877,0.00014196536392582743,-0.00025055237125531807,0.022373571673275486
1781506190.409777,-0.04235094391556244,0.7818010649621097,0.3821392172385854,-0.05113682643706451,0.020856341653574972,-0.0754232858908861,-0.04235252822303559,0.7817822003495698,0.3821246598911789,-0.0511508360836692,0.020857977724186405,-0.07538957171064593,2.704697949124929e-05,-5.318741264977055e-06,-0.00011549923982966867,-0.0006889275122429095,0.0003068238578616717,-0.0005029819993033642,-9.12944851828458e-06,-0.00019815859706900747,-0.00036028383722857264,-0.0006872708329205181,0.0002855629841816362,-6.365857406551095e-05,0.023880954753999612
1781506190.419737,-0.04235267677187505,0.7818033665691528,0.38213883782718444,-0.05112946712525663,0.020868515203817273,-0.07546157559975557,-0.04235252822303559,0.7817822003495698,0.3821246598911789,-0.0511508360836692,0.020857977724186405,-0.07538957171064593,7.904378123058696e-06,1.4089672180051058e-05,-0.00011057348047971136,-0.0005246547860899699,0.00042741507542513126,-0.0008586511169973096,-2.3963049642230638e-05,-7.713813208093989e-05,0.00014263590362001243,-7.01602959893353e-05,0.0003594747638500515,-5.944426905776216e-05,0.025476357423552212
1781506190.4297204,-0.04235421509871403,0.7818053118487361,0.38213857549395897,-0.05112277902569017,0.020878402929521256,-0.07549297287291969,-0.04235207211336861,0.7817838893588986,0.38212684334929237,-0.05113798763353583,0.02086150869115455,-0.07540007523941206,-7.562944821074984e-06,2.9491694973592976e-05,-0.00010521813484722981,-0.0003872093923709564,0.0005060716960267828,-0.0011016378002850747,-1.7888342285102682e-05,-4.827211309980589e-05,-0.00017723636492063594,-0.0002748356564072021,2.9960281495170214e-06,8.074677517079543e-05,0.02451853738513671
1781506190.4397578,-0.04235557942750667,0.781806951238945,0.3821384102790145,-0.05111677682668496,0.020886307250582492,-0.0755183464676772,-0.04235207211336861,0.7817838893588986,0.38212684334929237,-0.05113798763353583,0.02086150869115455,-0.07540007523941206,-1.9883866231654178e-05,4.148233564615893e-05,-9.95857865472139e-05,-0.0002736271092887248,0.0005511547918505082,-0.0012535442757215423,7.431392616375098e-07,-0.00010383550299663555,-9.043549671148893e-05,-0.0006544008017792602,8.232576099466436e-05,0.00017145327504443077,0.026037385178438552
1781506190.4497633,-0.04235433199334891,0.7818102122729652,0.3821376977645133,-0.05114368425100529,0.020900599050952984,-0.07550029018882264,-0.04235207211336861,0.7817838893588986,0.38212684334929237,-0.05113798763353583,0.02086150869115455,-0.07540007523941206,-1.7735450440980365e-05,4.758010160935093e-05,-9.698613162261108e-05,-0.0005416242967205328,0.0006367308578682551,-0.0009119003236614772,-2.0299892787480785e-05,-0.00013853526511687768,-0.00035612988858843325,-0.0006703043327551088,-4.639493248213202e-06,0.00011325504180816371,0.02856258378139779
1781506190.4597359,-0.04235331571481222,0.7818129190909083,0.3821371446768179,-0.05116580024777718,0.0209120788379491,-0.07548423728600362,-0.04235207211336861,0.7817838893588986,0.38212684334929237,-0.05113798763353583,0.02086150869115455,-0.07540007523941206,-1.5786033758688334e-05,5.187233621596028e-05,-9.367028567894296e-05,-0.0007276008721965683,0.0006834194336333692,-0.000630957369083299,-6.044294887153411e-05,-7.113226406696673e-05,-0.00025713849729699207,-0.0008064894879377572,0.0002370510197751319,0.00011738033744866553,0.03082838357575051
1781506190.4697242,-0.042352499098537874,0.7818151415986222,0.3821367268797613,-0.05118372082578412,0.02092113742179902,-0.07547012477010685,-0.04235207211336861,0.7817838893588986,0.38212684334929237,-0.05113798763353583,0.02086150869115455,-0.07540007523941206,-1.4021069306715432e-05,5.4660751752976826e-05,-8.982151594803562e-05,-0.0008470312222147041,0.0006996933419639964,-0.00040318567025990267,2.6867793406830827e-05,-5.769857289413346e-05,8.267615203374622e-05,-8.34985213288795e-05,-9.349184197656654e-06,-8.83410763383247e-05,0.03278061894784391
1781506190.47975,-0.042351853204544154,0.7818169441684848,0.3821364231461667,-0.051198007394607205,0.02092813389791104,-0.0754578523548743,-0.0423521588301905,0.7817844273101714,0.38212709910558973,-0.05114814776063817,0.020861583301549746,-0.0753993128958696,-1.2426542044864015e-05,5.6206609658508915e-05,-8.559369712877424e-05,-0.0009133314008232554,0.0006927334127796673,-0.00022148803422567293,0.00013873682892194327,0.00021515360536296382,0.00010598585740279612,0.00021438768933925668,-0.00015996089149136655,-0.0005894987157346721,0.033828644878127735
1781506190.4897606,-0.04235135178971967,0.7818183854659766,0.3821362148831279,-0.05120918007092055,0.020933393772324838,-0.0754472945488362,-0.0423521588301905,0.7817844273101714,0.38212709910558973,-0.05114814776063817,0.020861583301549746,-0.0753993128958696,-1.098904146287499e-05,5.6735388067764614e-05,-8.11151586351545e-05,-0.0009380079719519143,0.000668555896012548,-7.92856243168102e-05,3.0677104187095845e-05,0.00011140080153442143,0.0001305892624151307,0.00010817604229060593,0.00011765548902118903,-0.0004383228549524296,0.03516966107509431
1781506190.4997168,-0.04235192782092202,0.7818118762524207,0.3821397939239953,-0.05125173211563574,0.02093274668914602,-0.07541698893763493,-0.0423521588301905,0.7817844273101714,0.38212709910558973,-0.05114814776063817,0.020861583301549746,-0.0753993128958696,-1.4455674963099082e-05,-8.83936310391029e-06,-5.190155312449094e-05,-0.0013070739137440279,0.0005715743274370327,0.0002593477225364915,0.0001844305241657818,-5.8533623330124065e-05,-8.847153302412161e-05,-0.00032799861345850174,0.0007373700161010295,-0.0011716073238287087,0.030243283721106243
1781506190.5097685,-0.04235245973019931,0.7818061605603563,0.382142900739803,-0.05128632647358295,0.020931666933456716,-0.07539171032999935,-0.0423521588301905,0.7817844273101714,0.38212709910558973,-0.05114814776063817,0.020861583301549746,-0.0753993128958696,-1.7055427187002015e-05,-6.13690091207992e-05,-2.779200955542833e-05,-0.001547825148511579,0.0004832624815858372,0.0005059738826462538,0.00018501526631010967,-5.52028506591411e-05,-8.244377764719208e-05,-0.0003214576185977173,0.0007297743648146866,-0.0011711660119587532,0.026872222614200806
1781506190.5197227,-0.042352946709921784,0.7818011479323237,0.3821455893811632,-0.05131401145730146,0.02093029234037891,-0.07537089018745258,-0.0423521588301905,0.7817844273101714,0.38212709910558973,-0.05114814776063817,0.020861583301549746,-0.0753993128958696,-1.8926328895484084e-05,-0.00010276079099588446,-8.085362278864474e-06,-0.0016858443032593867,0.0004038642266178966,0.0006769116659752143,-1.0461205229983595e-05,6.241350776880927e-05,-0.00017060385142997244,-0.0005127217743066558,0.0006302622101680347,-0.0006493575093841738,0.024941737117020666
1781506190.529742,-0.04235338878985188,0.7817967602076993,0.38214790836351786,-0.05133576165933461,0.02092873430601383,-0.07535398049840698,-0.04234857496434674,0.7817887911980781,0.3821270360020611,-0.05115895073739014,0.02088780143564306,-0.07544001778369874,-2.018842275369213e-05,-0.0001346869186572543,7.837054830354473e-06,-0.0017431116811680836,0.0003333182136828135,0.0007864599209222633,2.874035808874366e-05,0.00018054350860631995,2.7752041735073874e-05,-7.059009914585005e-05,0.0005725399457260479,-0.0005128495151857396,0.02285461666968148
1781506190.539772,-0.04235378671704441,0.7817929293265168,0.3821499011849696,-0.05135246975984091,0.020927081359156663,-0.07534046362702139,-0.04234857496434674,0.7817887911980781,0.3821270360020611,-0.05115895073739014,0.02088780143564306,-0.07544001778369874,-2.0945790003997336e-05,-0.00015860973679075965,2.0519840366316128e-05,-0.001738306812588262,0.00027133610495447567,0.0008470126286510502,-5.237658805903581e-05,-8.622416025895249e-05,-0.0001784580669857555,-0.0007121654886953827,0.000376660050061572,3.991106958541521e-05,0.023813925812349975
1781506190.5497317,-0.042349714233982934,0.7817953929675149,0.3821524109912549,-0.05132168518039718,0.02090032763175209,-0.07527871371659416,-0.04234857496434674,0.7817887911980781,0.3821270360020611,-0.05115895073739014,0.02088780143564306,-0.07544001778369874,2.1459547925032974e-05,-0.00011995739182533307,3.433011343727432e-05,-0.0012265583600175206,-8.456450552291668e-05,0.0014126449383233585,-0.00014466501744866874,4.3213137393780226e-05,5.404431295939246e-05,-0.0006490068656005202,0.0007776007244622843,0.00014505466512486505,0.026244454111033818
1781506190.5597873,-0.04234619375072978,0.7817975238131349,0.3821545465733901,-0.0512946950089616,0.02087783436122992,-0.07522807711813916,-0.04234857496434674,0.7817887911980781,0.3821270360020611,-0.05115895073739014,0.02088780143564306,-0.07544001778369874,5.522950047569056e-05,-8.740834505031418e-05,4.498163249236433e-05,-0.0008095500638911374,-0.0003489193065485001,0.00179778430180701,-0.0001591716350247618,1.4106624117239132e-05,-8.087557709009717e-06,-0.0009485438751481211,-1.0007951682299861e-05,0.0006238158701232963,0.02896135837401803
1781506190.5697432,-0.04234315203184206,0.7817993736990314,0.3821563538227508,-0.05127128632743934,0.020859149397300936,-0.07518715327102561,-0.04234857496434674,0.7817887911980781,0.3821270360020611,-0.05115895073739014,0.02088780143564306,-0.07544001778369874,8.163929789526387e-05,-6.0171291676222526e-05,5.296242306648408e-05,-0.00047494157961610657,-0.0005374444956769983,0.002037144559718127,1.4310781898469197e-05,-1.216443170282193e-05,-8.727277939774112e-05,-0.001268872367149541,0.00022417265945890748,0.00043815676979356953,0.03163751149144552
1781506190.579759,-0.04234052697665132,0.781800985104013,0.3821578739382585,-0.051251201644010064,0.020843829637898104,-0.07515462694222005,-0.04235486159955926,0.7817873072787014,0.3821214324232026,-0.05120582537609474,0.020898052544434886,-0.0754234820229901,0.00010180592142832737,-3.7543685112645655e-05,5.869809979849317e-05,-0.0002112313051226913,-0.0006639916836061878,0.0021607258740502996,-0.0001936318504493738,-0.00019048529153485502,-0.0003769893796251099,-0.0016154778853439732,0.0002029260744723237,0.0007252831762068758,0.041479492990336334
1781506190.5897362,-0.04233826568838358,0.7818023928448791,0.3821591437977656,-0.0512341571050946,0.02083145089876348,-0.07512928283180076,-0.04235486159955926,0.7817873072787014,0.3821214324232026,-0.05120582537609474,0.020898052544434886,-0.0754234820229901,0.00011670516098215415,-1.8903133446846108e-05,6.255878256569251e-05,-7.860883099569216e-06,-0.0007406361692418492,0.0021941754492077682,-0.00023500941399567392,-0.00020646480223177697,-0.0002652543921589722,-0.002060820323954698,0.0004894929474862862,0.0009922641789423012,0.04387648967365414
1781506190.5997188,-0.04234320983722738,0.7817964059020577,0.3821530874357668,-0.05116937787834572,0.02085070806116307,-0.07519127469223302,-0.04235486159955926,0.7817873072787014,0.3821214324232026,-0.05120582537609474,0.020898052544434886,-0.0754234820229901,6.931466317256831e-05,-2.471877111920445e-05,1.827277356398858e-05,0.0007142985281091099,-0.00041520374633081616,0.0012896592894357027,-0.00016719123563750695,-0.00025143302382037754,-0.0002432357424298957,-0.0017298546218681786,-0.0004866672017568203,0.0016706500661726117,0.03493691933839404
1781506190.609737,-0.0423474800380939,0.7817914108066816,0.3821478748600837,-0.05111557470898261,0.02086722771640437,-0.07524461692746245,-0.04235486159955926,0.7817873072787014,0.3821214324232026,-0.05120582537609474,0.020898052544434886,-0.0754234820229901,3.039255668487731e-05,-2.9074196978549838e-05,-1.7510380088823012e-05,0.0012358359479221392,-0.00016000892217517802,0.0005766325290260367,-0.000340598246126268,-0.00012537324061258416,2.143245522157678e-05,-0.00066202315571749,-0.0005471921185880411,0.0017837993599633937,0.027758401606758663
1781506190.6197946,-0.04235116203729773,0.7817872910578144,0.3821434051654089,-0.051071468134377185,0.020881243624076173,-0.0752900183099956,-0.04235486159955926,0.7817873072787014,0.3821214324232026,-0.05120582537609474,0.020898052544434886,-0.0754234820229901,-1.2381699951763802e-06,-3.220221632937494e-05,-4.6014260857945484e-05,0.0015927781717378756,3.5575355275257005e-05,2.6600266793088594e-05,9.240743654357838e-05,-5.439830651429513e-05,0.00010604862420798345,-0.00029941243447728904,-0.0009301327462052603,0.0015072008894561565,0.022282020198079178
1781506190.629731,-0.04235433050159811,0.7817839364138471,0.3821395881553064,-0.05103583409297345,0.020892999541546997,-0.07532822723664749,-0.04236397594257407,0.7817808619940754,0.3821136139171347,-0.05126458029693525,0.020880867647475654,-0.0753516607815987,-2.6614779297043125e-05,-3.430527150665716e-05,-6.831336367497145e-05,0.0018166242856041345,0.00018114290752667923,-0.00038624948991738224,-0.00026457869688387793,0.00013523911476297248,0.00016495142159613483,0.0002770345972858435,9.241579003985744e-05,0.001730741691211232,0.027877367830434666
1781506190.6397412,-0.04235705051870952,0.7817812441861212,0.3821363433262055,-0.05100752354063788,0.02090274004535697,-0.07536000130826666,-0.04236397594257407,0.7817808619940754,0.3821136139171347,-0.05126458029693525,0.020880867647475654,-0.0753516607815987,-4.664920366860704e-05,-3.5558865118799224e-05,-8.534888506028194e-05,0.0019346186976485426,0.0002852508754558654,-0.0006850119449985395,-0.0001779158177659916,0.00017264791429008275,0.0003621800395146881,0.000880256800592612,-0.0005814034531724973,0.0017387554250538923,0.02376412428788968
1781506190.6497245,-0.04235838554032107,0.7817810082944886,0.38213429184983433,-0.05094948556659273,0.020865065771312752,-0.0752947478587358,-0.04236397594257407,0.7817808619940754,0.3821136139171347,-0.05126458029693525,0.020880867647475654,-0.0753516607815987,-3.1257677837437474e-05,-9.933512462418995e-06,-9.478864083355097e-05,0.002342142985286697,-0.00019293070148724726,8.011232149131525e-05,-9.144024261347862e-05,0.00035939501311271494,0.0005193933414740093,0.0014384285024082745,-0.0010680752885611105,0.001354104095297518,0.021420805351125862
1781506190.6597626,-0.04235895547146498,0.7817836469547488,0.3821372662017156,-0.05101052839620622,0.020852118428775768,-0.07526710895426005,-0.04236397594257407,0.7817808619940754,0.3821136139171347,-0.05126458029693525,0.020880867647475654,-0.0753516607815987,-2.8378139713764336e-05,-2.143023633232286e-05,-6.826693203536925e-05,0.001413750120460302,-0.00032840014305965073,0.00036544365985337123,-1.482661777433494e-05,0.0001405975753606522,0.0002119571250191669,0.0008272859843978779,-0.0011087114481065348,0.0013372035117475008,0.024339098216768384
1781506190.6697385,-0.04235938823077217,0.7817859384393427,0.3821398534711135,-0.05106317646831985,0.0208415142233358,-0.07524421199331613,-0.04236397594257407,0.7817808619940754,0.3821136139171347,-0.05126458029693525,0.020880867647475654,-0.0753516607815987,-2.5706943971989034e-05,-3.0387954742923215e-05,-4.611100490862939e-05,0.0006794388117074517,-0.000420910811342178,0.0005692314238602779,-0.00020234229065095374,0.0002121073964266457,7.571714420941431e-05,0.0009638363712020949,-0.0007379213512915587,0.0012153158028910022,0.027116998158642203
1781506190.6797845,-0.042359704606070255,0.7817878984243407,0.3821420984195206,-0.051108093453503936,0.020832955608476533,-0.07522549492117207,-0.04236817044251007,0.7817895706331495,0.3821247439294685,-0.05121542257694351,0.02085839980149351,-0.0752884269046166,-2.323684666322873e-05,-3.71939243489827e-05,-2.7740548190521628e-05,0.00011064629009022912,-0.0004787023563984547,0.000706342660684597,0.00011444419442303838,0.00040398261673648707,0.00041047634158200205,0.001662845895382464,-0.00018940785217116786,0.00022463398856600566,0.01938156324694654
1781506190.689729,-0.0423599234796713,0.7817895494682628,0.38214404104276933,-0.05114598825304026,0.020826163711770374,-0.07521042216043161,-0.04236817044251007,0.7817895706331495,0.3821247439294685,-0.05121542257694351,0.02085839980149351,-0.0752884269046166,-2.0959484418467884e-05,-4.2186289238375024e-05,-1.2641737825497788e-05,-0.00031855924858156657,-0.0005088986507324677,0.0007897419798304653,-8.47702012789678e-05,9.78851280268279e-05,0.00038177459945043496,0.0018020351908701088,0.0006336146167097163,7.975295846346026e-05,0.02098550513478101
1781506190.6997383,-0.04235909964403957,0.7817973106434876,0.38215020196432076,-0.051230297718589335,0.020860705871817542,-0.07524541998117731,-0.04236817044251007,0.7817895706331495,0.3821247439294685,-0.05121542257694351,0.02085839980149351,-0.0752884269046166,-3.405125534346918e-05,-2.7115912631450345e-05,3.0095562197023316e-05,-0.001196228115206049,-5.7188754117128507e-05,0.0003413336971438623,4.817528021685274e-05,0.00013173715504773918,0.00024038225266199569,0.0013969011203487417,0.0004800975056714704,-0.00017500248805821334,0.028112251483391238
1781506190.709735,-0.04235842765270285,0.7818038060384619,0.382155480430447,-0.05130011851950735,0.020889793315668204,-0.07527517404347407,-0.04236817044251007,0.7817895706331495,0.3821247439294685,-0.05121542257694351,0.02085839980149351,-0.0752884269046166,-4.412951358097025e-05,-1.4674232747696256e-05,6.402257793436893e-05,-0.00182109112148481,0.00028283069303342484,-3.984439785957171e-06,3.4908504674045296e-05,0.0001716286703030123,0.0003286304501996499,0.0014230304162503496,0.0002805226214400041,-0.0003069614522547215,0.035246293564554054
1781506190.719757,-0.04235789783594199,0.7818091859065369,0.3821599848725981,-0.05135717210043758,0.020913997907204163,-0.07530018425480631,-0.04236817044251007,0.7817895706331495,0.3821247439294685,-0.05121542257694351,0.02085839980149351,-0.0752884269046166,-5.166090297318864e-05,-4.500448736303608e-06,9.044704424381915e-05,-0.0022394311882198664,0.0005298562303541023,-0.0002626088831504113,-0.0001213924304550628,-5.1279607037079574e-05,4.846629035186785e-05,0.0008684336981946637,9.298523124545566e-05,0.00010001680115756721,0.04161982061989548
1781506190.7297206,-0.042357496977378,0.781813591595981,0.38216381169469366,-0.05140309778688413,0.020933881704668478,-0.07532095512403422,-0.04236817044251007,0.7817895706331495,0.3821247439294685,-0.05121542257694351,0.02085839980149351,-0.0752884269046166,-5.7052304082724436e-05,3.7238171824451197e-06,0.00011051384047854323,-0.0024915796043921104,0.0007004422348598827,-0.0004491978423672618,3.326845120934489e-05,0.00014616127322058682,0.00043525927150853887,0.0010388319418265866,-0.00017190028177977362,-5.694043160690225e-05,0.047087363410644505
1781506190.7397697,-0.0423572098745737,0.7818171541490477,0.38216704651399336,-0.05143942850038544,0.02094998404044568,-0.07533798078674678,-0.042369881336220105,0.7817978942213248,0.3821390045564461,-0.05114564165259674,0.020874466123504964,-0.07528891379972086,-6.065746552592756e-05,1.0278852516179218e-05,0.0001252226031812185,-0.0026123043328720873,0.0008090848457543468,-0.000576705920020485,-5.615585802048964e-05,-3.220454236418882e-05,-6.73198209319489e-05,-0.0002899339727003508,-8.162176418842045e-05,0.0002808992644496872,0.036302370986324696
1781506190.7497241,-0.04235841199305077,0.7818209422726776,0.38217179944456764,-0.051425731871779554,0.020948921254251074,-0.07539904607670016,-0.042369881336220105,0.7817978942213248,0.3821390045564461,-0.05114564165259674,0.020874466123504964,-0.07528891379972086,-6.493114951085214e-05,4.097550032487123e-05,0.00014737493139400506,-0.0021636237381701478,0.0007434437688246554,-0.0011799668429118189,-6.548766561228143e-05,-2.6901673241088643e-05,9.745682874139567e-05,-0.00036489144358747724,0.0002345157320995964,0.00014520370306831353,0.04169248362474457
1781506190.7597399,-0.04235946868643822,0.7818240480954566,0.3821758032452183,-0.05141220144645927,0.020947402710341345,-0.07544928996579281,-0.042369881336220105,0.7817978942213248,0.3821390045564461,-0.05114564165259674,0.020874466123504964,-0.07528891379972086,-6.753920468280528e-05,6.509874386315787e-05,0.00016329083572788633,-0.001768216341250342,0.0006739179280774452,-0.0015996701629209663,-0.00010180423908623295,-0.00019723205648887771,-0.00027943936584793276,-0.0014082322627949281,0.00021809483216491245,0.00032625979646118885,0.04633132744626528
1781506190.7697797,-0.04236039142961061,0.7818265805915097,0.3821791541518514,-0.05139916593817673,0.020945584061096145,-0.07549005045287502,-0.042369881336220105,0.7817978942213248,0.3821390045564461,-0.05114564165259674,0.020874466123504964,-0.07528891379972086,-6.877709105449207e-05,8.363936894293426e-05,0.00017399863573572158,-0.0014235486164169155,0.0006033827539554472,-0.0018703517537787175,-8.983603626789002e-05,-0.0003019889168337789,-0.00027999803580582055,-0.0018696939071913134,0.0004258424359368523,0.00018523152126575715,0.0502489420092085
1781506190.779737,-0.0423611913005505,0.7818286326083321,0.3821819377924593,-0.05138685809576951,0.020943590166770498,-0.07552258963730857,-0.042369881336220105,0.7817978942213248,0.3821390045564461,-0.05114564165259674,0.020874466123504964,-0.07528891379972086,-6.889935742169412e-05,9.746348925821989e-05,0.00018038983071667097,-0.0011263332717427398,0.0005340207692603468,-0.00202196726015875,-1.7783977786655956e-05,-0.00011985755947790415,-0.00024482670372215305,-0.001928182112701895,0.00034113638797782204,-0.00014623149741659454,0.05351287611698714
1781506190.789724,-0.04236187897659398,0.7818302830226278,0.3821842301879387,-0.051375432391664595,0.020941519401108444,-0.0755480782030146,-0.042372973609147824,0.7817912654355447,0.3821293060288774,-0.05120462306036758,0.02087687266918392,-0.07527722842805526,-6.812448476188578e-05,0.00010732616053389174,0.0001832347881421937,-0.0008728082570682992,0.00046743547465577783,-0.002080220559975855,7.588119108966396e-05,-0.0002042562109220604,-9.166647048956282e-05,-0.0019750118046758204,0.0002598588702998159,-0.0004814348607193526,0.06827976436604895
1781506190.799743,-0.04236001968951322,0.7818282293305205,0.3821813603876876,-0.05140702448442035,0.020952814863701485,-0.07553493448367114,-0.042372973609147824,0.7817912654355447,0.3821293060288774,-0.05120462306036758,0.02087687266918392,-0.07527722842805526,-5.7830124878303e-05,7.282687901918846e-05,0.00015389119680302095,-0.0011254226450698645,0.0005321820141029513,-0.0017035182781944699,0.0001446028174768667,-9.004546626348297e-05,-0.0003585435115289353,-0.002191598719720273,0.0011877375455192401,-0.001561622356999545,0.06514437686266648
1781506190.8097713,-0.04235864855729766,0.7818172553904912,0.3821719380890423,-0.05139084091638726,0.020947303646264626,-0.07549343639433985,-0.042372973609147824,0.7817912654355447,0.3821293060288774,-0.05120462306036758,0.02087687266918392,-0.07527722842805526,-4.123047599696496e-05,4.480708496748992e-06,8.30290225550691e-05,-0.000835374050186364,0.00039072542843835486,-0.0010682968742477066,0.0002070293503709575,5.068557321649851e-05,0.0004151222286394522,-0.0016245776008586331,0.0005257696481447641,-0.0019572039508639902,0.05194398350662737
1781506190.8197386,-0.0423574689273836,0.7818078029327593,0.3821638112712501,-0.051376441369065454,0.020942359692321943,-0.07545753463981532,-0.042372973609147824,0.7817912654355447,0.3821293060288774,-0.05120462306036758,0.02087687266918392,-0.07527722842805526,-2.73822915389855e-05,-5.044253740128251e-05,2.509070951986109e-05,-0.0005951843769020405,0.00027404076057617607,-0.0005631048463838531,0.0002998958118195021,0.00012794761674675295,0.0002525350969612654,-0.001332416380703046,0.00034583496504293087,-0.0018373513034737915,0.041285538895992395
1781506190.829732,-0.04235645348103352,0.7817996994087657,0.3821568269109472,-0.05136377265785238,0.020937976171564676,-0.07542680875414241,-0.042372973609147824,0.7817912654355447,0.3821293060288774,-0.05120462306036758,0.02087687266918392,-0.07527722842805526,-1.5918379408258892e-05,-9.389428648985061e-05,-2.1738537452132807e-05,-0.00039892685698937017,0.0001791110351534794,-0.00016916789719029863,0.0001880853781429435,0.00041035751057769837,0.0007834505802304238,-0.00020910678021390217,0.0020897924349911256,-0.0028109178104583615,0.03318803228735382
1781506190.8397415,-0.042355579089513415,0.7817927877157508,0.3821508477850751,-0.05135274755778712,0.020934132618835255,-0.07540080201793783,-0.04236246659640719,0.7817910403315378,0.38213143194247934,-0.05129183841064065,0.020909946761684672,-0.0753616547897235,-6.513756496917482e-06,-0.00012758644814024617,-5.905635033101105e-05,-0.00024095824412530801,0.00010308019079025456,0.00013062627119175732,0.00029701835175759096,0.0003117416521498411,0.000311261500245754,-0.0006817345553254716,0.0008419919702173497,-0.0023850383161001893,0.02067525202995289
1781506190.8497653,-0.04235744687632472,0.7817995556550182,0.38215500820343057,-0.05133577876213512,0.020923814183162914,-0.0754140503675448,-0.04236246659640719,0.7817910403315378,0.38213143194247934,-0.05129183841064065,0.020909946761684672,-0.0753616547897235,-1.3029804298438172e-05,-6.82458036622183e-05,-2.903923620401884e-05,-2.6376894911858424e-05,-1.3250217678610512e-05,-3.382604709716464e-05,-6.82547687224943e-05,0.00036617440065575253,0.0007360827338740957,0.0004098104822970153,0.00024575190987188356,-0.0013612677088276253,0.025564592782275252
1781506190.8597233,-0.0423590280662639,0.7818054176402182,0.3821585921122017,-0.051321481552521676,0.020915149393418098,-0.07542516313011405,-0.04236246659640719,0.7817910403315378,0.38213143194247934,-0.05129183841064065,0.020909946761684672,-0.0753616547897235,-1.8095611683393253e-05,-1.974398379586843e-05,-4.5743462589522025e-06,0.00013512364465448023,-0.00010004990833761651,-0.0001561187013639487,4.774595110829043e-05,0.00037805449015882494,0.00042780814048788094,0.0001317360395565367,0.00039987678242501694,-0.0012766734400071547,0.03092256965041979
1781506190.8697188,-0.04236035615106706,0.7818104828011424,0.38216166749945757,-0.05130957744605154,0.020907960768182354,-0.07543437155654543,-0.04236246659640719,0.7817910403315378,0.38213143194247934,-0.05129183841064065,0.020909946761684672,-0.0753616547897235,-2.193301607402233e-05,1.944215136251504e-05,1.5123372179632664e-05,0.0002524318227392785,-0.00016234730076094078,-0.00024347506083995015,-2.8517323195417774e-05,0.00011789560106845629,0.00023579759022323096,0.00011575626085504828,0.0005072866875269178,-0.0006431520818601333,0.03600906149351615
1781506190.8797596,-0.04236146215898283,0.7818148474155503,0.3821642954803729,-0.051299792274825826,0.020902074927287684,-0.07544190104762928,-0.04236246659640719,0.7817910403315378,0.38213143194247934,-0.05129183841064065,0.020909946761684672,-0.0753616547897235,-2.4735667710335905e-05,5.065337681918042e-05,3.0744543226320374e-05,0.00033341711780776286,-0.0002045807111000795,-0.0003022636540388269,2.5602336478018594e-05,0.00015609312021281594,0.00028159557815646204,0.0002914650663435419,-1.0536826133896112e-05,-0.0001567957587054319,0.040593081511499415
1781506190.889742,-0.042362374569556056,0.7818185964909532,0.3821665308608421,-0.05129186260926368,0.020897326308544795,-0.07544796645042812,-0.04235554738942554,0.7818014911342588,0.3821507968032815,-0.05129517031162759,0.020936867718662766,-0.07543181522012585,-2.6672135174040104e-05,7.50670809563165e-05,4.2895235373477194e-05,0.0003849701197149564,-0.00023062482290358842,-0.0003380381819888692,0.00015492088331554667,1.780835749107242e-05,-0.0002948197999620344,-0.0005647863352374555,5.190242780843261e-05,-2.9006462953959744e-05,0.024223215795973245
1781506190.89976,-0.042364497065411524,0.7818213922399474,0.38216963320071246,-0.05128119979148327,0.02086941496779371,-0.07545137759470236,-0.04235554738942554,0.7818014911342588,0.3821507968032815,-0.05129517031162759,0.020936867718662766,-0.07543181522012585,-2.53611045085117e-05,9.221290418398625e-05,5.954498240783958e-05,0.0004601272741037991,-0.0005078472800502652,-0.00035393712594449645,2.627192634290692e-05,4.932738621364254e-05,9.57482575339071e-05,0.00036814743263748257,-0.00033061485163705587,6.337280969766226e-05,0.028826386802024085
1781506190.909757,-0.04236623337138536,0.7818237782979571,0.3821722581466782,-0.05127264754527438,0.02084642147036364,-0.07545394612786784,-0.04235554738942554,0.7818014911342588,0.3821507968032815,-0.05129517031162759,0.020936867718662766,-0.07543181522012585,-2.3987293343092573e-05,0.00010480867962258799,7.215645693572039e-05,0.000503845380245277,-0.0007016594264828205,-0.00035616110679243304,4.836399377566441e-05,-5.0510506057547723e-05,-0.00010216604553704367,-8.973920640280173e-05,0.00023120718982202213,-6.138997228766194e-05,0.03273373086822603
1781506190.9197824,-0.04236763215037083,0.781825805734038,0.38217446644745623,-0.05126591080730416,0.020827742129120974,-0.07545581296088713,-0.04235554738942554,0.7818014911342588,0.3821507968032815,-0.05129517031162759,0.020936867718662766,-0.07543181522012585,-2.2580491260250545e-05,0.0001135921975892085,8.136631452529485e-05,0.0005228105057848561,-0.000827669908205487,-0.00034807810924064516,8.093887450832119e-05,-7.590635123271372e-06,-3.633964759713858e-05,-0.00014957672959472007,6.662541088567022e-05,4.574717354306111e-05,0.03602073381939472
1781506190.9297645,-0.04236873904019212,0.7818275194674155,0.3821763122333006,-0.0512607187924703,0.02081280653517492,-0.07545710289507584,-0.04235554738942554,0.7818014911342588,0.3821507968032815,-0.05129517031162759,0.020936867718662766,-0.07543181522012585,-2.116503056544217e-05,0.00011920404151581502,8.77287471146879e-05,0.000522709872139688,-0.0008994296659711438,-0.00033249375901148485,1.2290633555348892e-05,-2.1445567929860335e-05,0.00017049323179999112,0.00022103361028389344,-0.00029964841385137896,0.00012973880479493977,0.038762494062206214
1781506190.9397945,-0.04236959618410942,0.7818289590704042,0.38217784361629126,-0.05125682632078565,0.020801084826598037,-0.0754579252424234,-0.042355812515006086,0.7818031053172734,0.3821539438291045,-0.0512900727025444,0.020935511930066708,-0.07542823241629795,-1.9760554293624475e-05,0.0001221986429139293,9.172472487900687e-05,0.0005083266190611603,-0.0009285769467403015,-0.0003117155329713985,2.9200349430379392e-05,0.0001011938569673595,0.0003081769741246186,0.00034856798873612215,-0.0003154267310396496,1.8522438385892237e-05,0.03781012976003427
1781506190.949751,-0.042371332735229736,0.7818236877366281,0.38217863823412734,-0.05125797451135258,0.02081379373491199,-0.07546930324288445,-0.042355812515006086,0.7818031053172734,0.3821539438291045,-0.0512900727025444,0.020935511930066708,-0.07542823241629795,-3.58435146842716e-05,8.052498291955497e-05,9.108727700675753e-05,0.0004428811729362446,-0.0006822799585671107,-0.00039460132054506137,8.244086313446791e-05,-1.0087174247027184e-05,-9.251337740385067e-06,-7.170232807985042e-05,-0.0005185616564060554,-7.354380365924169e-05,0.03569771507699129
1781506190.9597323,-0.042372771482786294,0.7818191471833172,0.3821792676520023,-0.05125934021138025,0.02082512723194485,-0.07547854335438835,-0.042355812515006086,0.7818031053172734,0.3821539438291045,-0.0512900727025444,0.020935511930066708,-0.07542823241629795,-4.830030977318564e-05,4.605015421332276e-05,8.942138268185277e-05,0.000381721679810372,-0.0004790623533171245,-0.00044590375727979767,0.00017583215890869928,0.00020112163360758864,0.0002931655664920025,0.0004653734922587012,-0.0011145638477581387,-0.00021707010680314053,0.03444189397372452
1781506190.9697697,-0.042373959893393834,0.781815249071886,0.3821797567356417,-0.05126083146826097,0.020835119955243453,-0.07548592868945776,-0.042355812515006086,0.7818031053172734,0.3821539438291045,-0.0512900727025444,0.020935511930066708,-0.07542823241629795,-5.768827646929345e-05,1.7791185078968603e-05,8.69509877285559e-05,0.0003254477522721367,-0.00031368522916228134,-0.0004721375126466149,0.00021350349970294765,8.976749677972435e-05,0.00018459215766176328,0.0001919326849103633,-0.00033840210140336435,-0.0007578628558989089,0.03380982493800706
1781506190.9797764,-0.04237493789510582,0.7818119144487513,0.38218012718643324,-0.051262375954518886,0.020843834558152086,-0.075491722144753,-0.042355812515006086,0.7818031053172734,0.3821539438291045,-0.0512900727025444,0.020935511930066708,-0.07542823241629795,-6.449371505172368e-05,-5.119789039167909e-06,8.386606368210185e-05,0.00027437489223968635,-0.00018118747232491738,-0.0004788700207780352,0.0001002819435117502,0.00012507161288750397,0.00024685724146776707,0.00011443722563939964,-0.0002588236089818082,-0.000544147785935834,0.03359983872519366
1781506190.9897764,-0.0423757390428285,0.7818090729138685,0.3821803978940481,-0.05126391802619751,0.02085135297006535,-0.07549616427379904,-0.042351057327910835,0.7818094331174618,0.3821638921118228,-0.05127381513403448,0.020908728008244726,-0.07544083358766063,-6.913973758203541e-05,-2.3447231033265108e-05,8.03269012981525e-05,0.0002285971000756318,-7.695190170328238e-05,-0.0004708065848499117,0.00014464653312894378,4.5494275734721095e-05,0.00011510920597368906,0.00011664121546122056,-0.0008599292179272716,-0.00041208802107625144,0.029694404267064732
1781506190.9998083,-0.04237279581177195,0.7818141401681857,0.38218364182139897,-0.05127366295985857,0.020855682865137393,-0.07542866076956559,-0.042351057327910835,0.7818094331174618,0.3821638921118228,-0.05127381513403448,0.020908728008244726,-0.07544083358766063,-4.6576291306279035e-05,5.471098913622626e-06,9.628168579510123e-05,8.188883710458312e-05,-5.9100128460261105e-05,0.0003188241851591557,-1.7662796009012043e-05,0.00013577458763000256,0.0004909066093094034,0.0006612786739727739,-0.000608589696471998,-0.000321336137648391,0.029745067413639532
1781506191.0098002,-0.04237024294726231,0.7818184759820641,0.3821863720347911,-0.05128194040846305,0.020859364432961103,-0.07537217962118713,-0.042351057327910835,0.7818094331174618,0.3821638921118228,-0.05127381513403448,0.020908728008244726,-0.07544083358766063,-2.7872793505149575e-05,2.8616633431693587e-05,0.0001078697717226372,-3.027601211902866e-05,-4.410625130931849e-05,0.000901740675377411,-5.099370459237166e-05,0.00018951078099813747,0.00017652891806247203,0.0002835649529761695,-0.0005131863341174293,-0.0002755224686633189,0.030906444745042706
1781506191.0197895,-0.042368036564386286,0.7818221662329692,0.38218865544907815,-0.05128889179134315,0.02086245934981701,-0.07532550318847896,-0.042351057327910835,0.7818094331174618,0.3821638921118228,-0.05127381513403448,0.020908728008244726,-0.07544083358766063,-1.2504951017598501e-05,4.683464534111744e-05,0.00011580555645873335,-0.0001134884447276191,-3.166422671447368e-05,0.0013138171478628185,3.333611792660664e-05,8.162929493285093e-05,7.371355335853902e-05,-8.243282839458235e-05,-0.000822985251199674,-0.00019280091130898685,0.03261364091661712
1781506191.0297449,-0.04236613688118388,0.7818252890147191,0.382190551390458,-0.05129465935764664,0.02086502990761807,-0.07528745075394298,-0.042351057327910835,0.7818094331174618,0.3821638921118228,-0.05127381513403448,0.020908728008244726,-0.07544083358766063,-9.609230152418183e-09,6.086613368301472e-05,0.00012070881740307431,-0.000172730099492575,-2.1474869225849967e-05,0.0015866093291960867,0.0001575881124861075,1.2510293809223126e-05,4.267844498503419e-05,0.00015803176724912685,-0.00017269531889339127,-0.000584588348448736,0.034489412028929994
1781506191.0397725,-0.04236450793791204,0.7818279150065706,0.38219211235082595,-0.05129938208559272,0.020867137151998616,-0.07525690158444463,-0.04234965705274102,0.7818136405799851,0.382170635355041,-0.05126527868491432,0.02087906991708488,-0.07545805539801667,1.0021437446855804e-05,7.135900009824572e-05,0.00012311552036833984,-0.00021238968566147178,-1.3252328029197268e-05,0.0017475734469298888,-0.00027063176588913924,0.00010606212815635994,0.0002024328179387768,-1.3129922923045455e-05,0.00035828952091948075,0.00023146013794283772,0.029758517984824744
1781506191.0497437,-0.04236311732082701,0.7818301078858884,0.3821933846787871,-0.051303192699688104,0.020868839520858717,-0.07523281056854786,-0.04234965705274102,0.7818136405799851,0.382170635355041,-0.05126527868491432,0.02087906991708488,-0.07545805539801667,1.7947110622749265e-05,7.887820056224517e-05,0.0001234875582440823,-0.0002362915218672926,-6.7285729486152966e-06,0.0018203425608462483,-0.00015780730781046428,4.1066605302369293e-07,1.2505560917086616e-05,4.268589802472121e-05,-0.0001627383348971839,0.00034678638456700576,0.03114293999549347
1781506191.059718,-0.042359962340350416,0.7818301430448344,0.3821931352150755,-0.05128442819551396,0.020845004211814677,-0.07521318005855032,-0.04234965705274102,0.7818136405799851,0.382170635355041,-0.05126527868491432,0.02087906991708488,-0.07545805539801667,4.921707528084384e-05,8.168298682035771e-05,0.00011327203055186628,-1.0114541044884789e-05,-0.00027685029354701876,0.001822251993879343,-3.9988413320921905e-05,-2.5309278608296967e-05,0.00023797446075130919,0.0003441634947374549,7.784633159570955e-05,0.00015931473482766231,0.029745150871809636
1781506191.0697582,-0.042357232732232526,0.7818301461147501,0.3821928565934808,-0.051268671959382686,0.020825124290137387,-0.0751983538652805,-0.04234965705274102,0.7818136405799851,0.382170635355041,-0.05126527868491432,0.02087906991708488,-0.07545805539801667,7.369613307074872e-05,8.28995875453858e-05,0.00010363600754182824,0.00015962721834124032,-0.00047166673236882393,0.0017738024197468877,-0.00028215971584057473,-0.00010360326342815466,-0.00018769556383496807,-0.00023492599520569767,1.9940185298621704e-05,0.0007979058853846932,0.02869855458789109
1781506191.079743,-0.042354873134480484,0.7818301281296378,0.3821925577252876,-0.051255600852118305,0.02080875229560486,-0.07518753313939852,-0.04234965705274102,0.7818136405799851,0.382170635355041,-0.05126527868491432,0.02087906991708488,-0.07545805539801667,9.241345862821558e-05,8.282581999675059e-05,9.458729352800843e-05,0.0002824381481384974,-0.0006047264341846656,0.00168894680816154,9.789497299708409e-05,4.820674751708891e-05,5.117814385441693e-05,0.00020628018434311085,-0.00016332438724572947,0.00035852781604417,0.027921982728519534
1781506191.0897894,-0.04235283658540185,0.7818300967880387,0.3821922461415725,-0.051244899300295986,0.020795456906684606,-0.07518000970663613,-0.04235389028121406,0.7818139321705925,0.38217214075943606,-0.051266538243773294,0.020879187504023733,-0.07544501768330335,0.00010626825271776331,8.171711415103147e-05,8.612471180300161e-05,0.00036672407564799375,-0.0006878714112653411,0.0015791361630694263,-7.911419277602068e-05,0.00020420623059476338,8.362410660599458e-06,-0.00022721064485828378,-0.0006143548008680257,0.0012594810439316298,0.025819208409629153
1781506191.0997877,-0.04235796888253632,0.7818232014161578,0.38218807672307015,-0.051213779029812154,0.020804250434087734,-0.07525347255936772,-0.04235389028121406,0.7818139321705925,0.38217214075943606,-0.051266538243773294,0.020879187504023733,-0.07544501768330335,6.176861498278312e-05,4.7751404423345064e-05,5.314772731711476e-05,0.0006831084841838559,-0.00047584820591589064,0.0006108840285751233,-0.00016262870609698286,0.00018736726358497164,0.0002667965938458553,0.00018442222286680526,-0.00048768451346387466,0.001578085841077499,0.01888144165690408
1781506191.1097786,-0.04236238337132378,0.7818173432631531,0.3821844657651894,-0.05118824414883443,0.02081205563273869,-0.07531584385928734,-0.04235389028121406,0.7818139321705925,0.38217214075943606,-0.051266538243773294,0.020879187504023733,-0.07544501768330335,2.526282944322095e-05,1.9879585768986526e-05,2.60012538515978e-05,0.0009014648080985537,-0.0003039643501616281,-0.00013131711884712153,-0.00024993050559726906,0.00020663830838721784,0.0002927836352278698,0.00030038969348400793,-0.0003920172463766046,0.001896688167871834,0.015351674139601834
1781506191.119797,-0.04236617085077431,0.7818123984387685,0.3821813487063553,-0.051167593077952434,0.020818906360809963,-0.07536819737478312,-0.04235389028121406,0.7818139321705925,0.38217214075943606,-0.051266538243773294,0.020879187504023733,-0.07544501768330335,-4.363140799122363e-06,-2.7470564949592465e-06,3.8793314811871795e-06,0.0010403953165412647,-0.00016685967434451032,-0.0006838295832009187,-0.0004705490756456572,2.6061760381368398e-05,-5.775163910959251e-05,-0.00019658560013097225,0.0007609745987496473,0.002273044322119939,0.015425660715160005
1781506191.1297874,-0.042369411148518686,0.7818082532132133,0.3821786675641796,-0.05115116647765787,0.020824854176803687,-0.07541161185835903,-0.04235389028121406,0.7818139321705925,0.38217214075943606,-0.051266538243773294,0.020879187504023733,-0.07544501768330335,-2.809078890240239e-05,-2.0876309440738165e-05,-1.3928708948410939e-05,0.001116012082088496,-5.9566185408356466e-05,-0.001079090771874556,-0.00014287386188745495,0.00027728951935303774,0.00013853454570585136,0.00028918113235366943,-0.0011628157119070444,0.0018203875528406788,0.017769272887835783
1781506191.1397872,-0.04237217441222614,0.781804804028769,0.382176370348383,-0.05113835470553118,0.020829962483968956,-0.07544714026699496,-0.04236302882130927,0.7818181402419799,0.38217696285078345,-0.05126118730309624,0.020864031349758116,-0.07536397685528114,-4.678276895381731e-05,-3.5165462942857646e-05,-2.8048034818812465e-05,0.0011421203455478702,2.2454327984351835e-05,-0.0013457093823166877,-0.00026900084036773144,7.117738564252413e-05,0.00010229360355513441,0.00041231815298370454,-0.00032664698482386904,0.0013115561813887193,0.016181701861116476
1781506191.1497948,-0.04237127670021288,0.7818005274944584,0.38216989930448286,-0.05110315132149418,0.020836220216523538,-0.07542063308458022,-0.04236302882130927,0.7818181402419799,0.38217696285078345,-0.05126118730309624,0.020864031349758116,-0.07536397685528114,-3.908531729160129e-05,-4.4135100279102584e-05,-6.859691180860725e-05,0.0013957227470812648,7.345019864062058e-05,-0.0009063679212434402,0.00015095800072513393,0.00025395131933379544,0.0004293494064189918,0.0008707438796325505,-0.000511261209565575,0.0002637752858379714,0.020691304163993982
1781506191.1597896,-0.04237048574061021,0.7817970184193417,0.3821643789315203,-0.05107480626183195,0.02084145827995454,-0.07539750329457116,-0.04236302882130927,0.7818181402419799,0.38217696285078345,-0.05126118730309624,0.020864031349758116,-0.07536397685528114,-3.24107590983459e-05,-5.077644778635822e-05,-0.0001002792690963487,0.0015475333945289477,0.00010965230084408219,-0.0005523747055102652,5.423460057388748e-05,5.0430248377977545e-05,0.00026741502301671035,0.0007194210843552344,-0.0004846653489216026,4.5757874529659575e-05,0.025692256830503094
1781506191.1697574,-0.04236979130625969,0.7817941733340874,0.3821596915543137,-0.05105237580828268,0.020845789035323747,-0.07537753722938279,-0.04236302882130927,0.7818181402419799,0.38217696285078345,-0.05126118730309624,0.020864031349758116,-0.07536397685528114,-2.6641925749308633e-05,-5.5464554111210484e-05,-0.00012444237477502804,0.0016189195362959865,0.0001337781920882877,-0.0002720197443968893,-8.396740430168092e-05,5.9396460562301714e-05,0.0001471067555146997,0.0005896540549579067,-0.0004631961366994662,-7.500639510320637e-05,0.0303058007381498
1781506191.1797335,-0.04236918375159735,0.7817918981527575,0.3821557322682836,-0.05103499096409261,0.020849321495062245,-0.07536048818698962,-0.04236302882130927,0.7818181402419799,0.38217696285078345,-0.05126118730309624,0.020864031349758116,-0.07536397685528114,-2.167328096478274e-05,-5.8525247787133856e-05,-0.00014226305605148534,0.001628092346238626,0.00014819480338725495,-5.451347170605143e-05,0.00020964529685728482,0.00010215933577771334,2.118930530305944e-05,0.000525056873452703,-0.0002444020777013978,-0.0007785176340183469,0.03431133991688506
1781506191.189762,-0.042368654057199834,0.781790108146325,0.38215240772127784,-0.0510218625051783,0.02085215917675609,-0.07534609146803788,-0.04236159671476669,0.7818225341318741,0.3821841966477074,-0.051233049440822936,0.02083944580048036,-0.07534551754175534,-1.740996385122245e-05,-6.02407161838996e-05,-0.0001547664031697715,0.0015903997737478491,0.00015494151408406023,0.00010994869912562188,-8.355586535477768e-06,8.834011988821937e-05,0.0002100733988562715,0.0008676847381206437,-0.0005426784399514311,-0.0003503973804837859,0.04595417787963817
1781506191.1997857,-0.04236719727843795,0.7817876363763995,0.38215325906728914,-0.051036887454267627,0.020837020763445624,-0.0753084117720863,-0.04236159671476669,0.7818225341318741,0.3821841966477074,-0.051233049440822936,0.02083944580048036,-0.07534551754175534,4.349072975071063e-07,-8.018210212098417e-05,-0.00013914363653703155,0.0012441729653703023,-4.7999073412907764e-05,0.0005002431782494714,0.00016953044691442147,0.00014568817293141267,0.0002945340390294276,0.0012548052955392685,0.0001374597403560198,-0.0007902446920377676,0.046971837655541616
1781506191.2097836,-0.042365919194998464,0.7817856215402479,0.38215406234693405,-0.05105067725368338,0.02082430932130941,-0.07527718065057216,-0.04236159671476669,0.7818225341318741,0.3821841966477074,-0.051233049440822936,0.02083944580048036,-0.07534551754175534,1.4754780048526602e-05,-9.517452272662897e-05,-0.00012483900775931952,0.0009507002485058126,-0.00019873923771744352,0.000778985580620035,0.00020011973451317767,0.00018618196503029355,0.00037445626163927037,0.0015910420370499982,0.00010706840963181825,-0.0009035317381809521,0.047846623068047184
1781506191.219799,-0.042364796962745394,0.7817839886790611,0.38215481728579265,-0.051063164032845734,0.020813764163093884,-0.07525163614454293,-0.04236159671476669,0.7818225341318741,0.3821841966477074,-0.051233049440822936,0.02083944580048036,-0.07534551754175534,2.6063431395536966e-05,-0.00010600407763954813,-0.00011177379883399075,0.0007047876086331796,-0.0003062418454308326,0.0009665156040505345,-7.947356753077565e-05,0.00018989804281780158,0.000399614078951606,0.00168121549178531,-0.00015193736464074598,-0.0002691244967351726,0.04857098337695397
1781506191.2297935,-0.042363811591232745,0.7817826745944095,0.38215552421833077,-0.0510743326283227,0.020805130684513395,-0.07523105168100847,-0.04236159671476669,0.7818225341318741,0.3821841966477074,-0.051233049440822936,0.02083944580048036,-0.07534551754175534,3.4811462948132204e-05,-0.00011335457428014689,-9.986911235397344e-05,0.0005012414784147149,-0.00037840584308238164,0.0010805698889744851,-0.00013254062815978027,-1.5866976197811843e-05,2.1407139367567888e-05,0.001016633247645288,0.00019600266471642638,-0.00017433408211221804,0.04915075392104114
1781506191.23975,-0.042362947160542765,0.7817816261082082,0.38215618396791917,-0.0510842077800859,0.02079816580779581,-0.07521474708856407,-0.04235983874825544,0.7818267431881644,0.38219217369411174,-0.05118359310833953,0.020844798367115613,-0.07536868081891837,4.139305123374316e-05,-0.00011781903808777529,-8.904690660124576e-05,0.00033501079257156313,-0.00042211684117021166,0.0011364491771055922,-9.273500643604948e-06,0.00019094864555854206,0.0003587092252553176,0.001519385894557427,2.742593011686913e-05,2.4680391791773928e-05,0.05779682968928439
1781506191.2497861,-0.042365202123896425,0.7817780479752728,0.3821579431460376,-0.05099356723875455,0.020777341198051413,-0.07521445770059514,-0.04235983874825544,0.7818267431881644,0.38219217369411174,-0.05118359310833953,0.020844798367115613,-0.07536868081891837,3.703448968486179e-05,-9.192078171760456e-05,-7.437876968434424e-05,0.0012878970448125585,-0.0006032480194453971,0.0010039370100837252,0.00015926705511593668,9.972547293042185e-05,0.0004556070164443589,0.0012064813949909312,-0.0004999269318945901,0.00030994043910920253,0.059763868501555656
1781506191.2598033,-0.042367077270705385,0.7817752194062351,0.3821594814814408,-0.05091853298620195,0.020760331650453656,-0.07521516491594883,-0.04235983874825544,0.7818267431881644,0.38219217369411174,-0.05118359310833953,0.020844798367115613,-0.07536868081891837,3.306628890187978e-05,-6.996562716900378e-05,-6.166112863638863e-05,0.001966608158421601,-0.0007224551483507985,0.0008771683672827756,-1.565328245393564e-05,0.00016772964346809113,0.00026300326570249895,0.0011106785313126728,-3.268859873120731e-05,0.0007695663385130412,0.06144816580564363
1781506191.2698007,-0.042368619217970395,0.7817730476348744,0.3821608221206097,-0.05085724583940044,0.02074664637908552,-0.07521659911715198,-0.04235983874825544,0.7818267431881644,0.38219217369411174,-0.05118359310833953,0.020844798367115613,-0.07536868081891837,2.9461740394662133e-05,-5.145408300107555e-05,-5.067043873123396e-05,0.002421311213111759,-0.0007920006044991428,0.0007581734764623687,-0.00039934205372582556,1.8117984513937964e-05,-0.0002973517259791072,0.00033076661580594505,-0.00023374006647572257,0.0018360340836383615,0.06279514513544004
1781506191.2797866,-0.042369871779724025,0.7817714425725297,0.382161986527487,-0.05080793649598815,0.020735826599029172,-0.07521853848311184,-0.04235983874825544,0.7818267431881644,0.38219217369411174,-0.05118359310833953,0.020844798367115613,-0.07536868081891837,2.6194795460814954e-05,-3.594153685506602e-05,-4.1205362039902055e-05,0.002695726350280059,-0.0008224318117590941,0.0006482606491622033,-0.00043569345576389523,-1.5059461154352185e-05,-6.408017157210796e-05,0.0006521465102044476,0.00015196964598731535,0.0018176180488093613,0.06379721654467657
1781506191.2897983,-0.042370875485706706,0.7817703189244307,0.38216299446367963,-0.050768951424067135,0.02072745007899779,-0.07522080305947336,-0.04236858525697962,0.7818299050805642,0.38219777666461824,-0.05113296850516596,0.02085166805907246,-0.07532776360415513,2.3240265121333417e-05,-2.303306551621784e-05,-3.308493880998856e-05,0.002827546514625548,-0.0008227224596484036,0.0005481614977058641,-0.0002714340352501246,-6.305220531783403e-05,0.00016498200713788738,0.0008444793138885302,-0.001235785700728327,0.001891534838323829,0.06903301132440116
1781506191.2997859,-0.04237129927091439,0.781779257269469,0.3821665652119078,-0.05085981176565129,0.020745436503314618,-0.07524002171480917,-0.04236858525697962,0.7818299050805642,0.38219777666461824,-0.05113296850516596,0.02085166805907246,-0.07532776360415513,7.111287245822018e-06,-5.4306961731857805e-06,-5.6961502422557475e-06,0.0015312862065822634,-0.0005261460212446865,0.0002887981876480833,3.163369468394528e-05,-1.2933833025618784e-05,0.00024406023755769895,0.0011549034552952532,-0.0016208172062050813,0.0014995804500785377,0.059554356857166965
1781506191.3097875,-0.04237165536037837,0.7817869192053767,0.38216963133493753,-0.050937645688205045,0.02076103230174242,-0.0752564769673784,-0.04236858525697962,0.7818299050805642,0.38219777666461824,-0.05113296850516596,0.02085166805907246,-0.07532776360415513,-5.926730399943974e-06,8.768825790553556e-06,1.6363009906761357e-05,0.0005181266589798707,-0.0002895293906643863,8.656171708624133e-05,-0.00024115102613458231,6.878148225417001e-06,2.963472565575886e-07,0.0008528717089337492,-0.0009902531089093832,0.0016006006831878557,0.05147203690692371
1781506191.319726,-0.04237196267026591,0.7817934278234016,0.38217225541484634,-0.051003588783850626,0.020774410199311477,-0.0752704111083365,-0.04236858525697962,0.7818299050805642,0.38219777666461824,-0.05113296850516596,0.02085166805907246,-0.07532776360415513,-1.6318203235832245e-05,2.0056710875072694e-05,3.3864175491095654e-05,-0.00025518210398968184,-0.00010431543125947126,-6.733600069901385e-05,-0.00017375553781398935,-1.063116469829149e-05,-1.588999869677198e-05,0.0012890725969597837,-0.001068111585507378,0.0013873752277025952,0.044646740088530174
1781506191.329761,-0.04237223461509874,0.7817989046150796,0.38217449281831084,-0.051058817404346354,0.02078576028965662,-0.07528207470730879,-0.04236858525697962,0.7818299050805642,0.38219777666461824,-0.05113296850516596,0.02085166805907246,-0.07532776360415513,-2.445343043944299e-05,2.88641830777706e-05,4.74845478715898e-05,-0.0008276112050776496,3.731445530180338e-05,-0.00018080269099010718,-5.5198463771616904e-05,0.0003537320295842431,0.0006673283648828486,0.0027731079470148115,-0.0005381560717861068,0.0005198168753341632,0.03894206175597874
1781506191.3397164,-0.04237248041112777,0.7818034668696707,0.382176392495914,-0.051104506241580444,0.02079528047625434,-0.07529171768164328,-0.04237773691684393,0.7818360170573939,0.3822094069265333,-0.051047100435656446,0.020804722343406024,-0.07524737761350347,-3.067432263507202e-05,3.556884679608162e-05,5.781693970984044e-05,-0.0012338590181074287,0.000142411490516555,-0.00026087001144289715,3.257694621024139e-05,0.00036505713319219107,0.0006919578515481527,0.002883567227446554,-0.0006990272381548255,0.0002330304963082194,0.04665938493247244
1781506191.3497686,-0.0423727061333942,0.7818072258009209,0.38217799769729466,-0.051141796588855815,0.02080316909951141,-0.07529958261927883,-0.04237773691684393,0.7818360170573939,0.3822094069265333,-0.051047100435656446,0.020804722343406024,-0.07524737761350347,-3.527961306077263e-05,4.050047742120635e-05,6.537890714706761e-05,-0.0015044726993798058,0.00021725891623054555,-0.00031372074633009676,7.475861478320226e-05,0.00012790469772503863,0.00015033205933446771,0.001770182271592165,-0.0007158524508675036,0.00010590864832416187,0.042904369390324104
1781506191.359734,-0.04237235500934218,0.7818043061289497,0.38217498010635037,-0.05110456864580351,0.020762528849224582,-0.07523474336827535,-0.04237773691684393,0.7818360170573939,0.3822094069265333,-0.051047100435656446,0.020804722343406024,-0.07524737761350347,-9.134372470063226e-06,3.4248293773888857e-05,4.0513025008657054e-05,-0.0009485199528395932,-0.00028571958800012627,0.00040462836330708047,7.459871803126039e-05,0.00017778790342970385,0.00034396753124100744,0.0014313348371920226,-0.00037992129750912814,-0.00011405243176146294,0.047114263859916294
1781506191.3697538,-0.04237197782773386,0.7818017575191188,0.3821723683293118,-0.05107239575993347,0.020728587607114823,-0.07518059384077386,-0.04237773691684393,0.7818360170573939,0.3822094069265333,-0.051047100435656446,0.020804722343406024,-0.07524737761350347,1.19700665158535e-05,2.879524794041336e-05,2.003802125210009e-05,-0.000505999836192569,-0.0006547667914975753,0.0009317848209055595,0.00010292170694233791,0.00010064539851637608,1.5504765367320512e-05,0.00047908644171559096,0.00010217594223788055,-0.0003849510711866464,0.05078130319653409
1781506191.3797922,-0.042371572500791314,0.7817995525979746,0.3821701145038634,-0.05104489068251594,0.020700595176433412,-0.07513593571612373,-0.04237773691684393,0.7818360170573939,0.3822094069265333,-0.051047100435656446,0.020804722343406024,-0.07524737761350347,2.8760470635590276e-05,2.4052824116657864e-05,3.347335863625818e-06,-0.00016058392498143244,-0.0009133611349153884,0.0013012579975653072,-1.1492413846134917e-06,6.371992703486424e-05,0.00030796574690032956,0.00026410095557931215,0.0003459690193596692,-0.0001935059024120209,0.05395879265961232
1781506191.3897367,-0.042371141646537866,0.7817976619550738,0.3821681759118472,-0.05102163558583017,0.020677826546856348,-0.07509961137868357,-0.04237607577143998,0.7818416257306833,0.38222221309439147,-0.05098320628867751,0.02079639563782698,-0.075247888110989,4.187493191712635e-05,1.9940959889056412e-05,-1.0093912407277613e-05,0.00010262012285935392,-0.0010821178270939069,0.0015424714003285608,-7.871685794864574e-05,3.991084498446877e-05,-0.0001490649001946034,-0.0007595398096747083,0.0005333625421156777,-0.00020194614693770782,0.06983678294215379
1781506191.3997302,-0.04237088301962265,0.7818004637845781,0.3821679801147651,-0.05106812348210901,0.020725690257902718,-0.07516142159939776,-0.04237607577143998,0.7818416257306833,0.38222221309439147,-0.05098320628867751,0.02079639563782698,-0.075247888110989,1.5628224810918118e-05,1.746929172144114e-05,-9.137871661529296e-06,-0.0004021242008479151,-0.0004077076451591005,0.000726981061373967,0.00013722597395890982,-8.456170348898731e-05,-0.00017700189924449737,-0.0007414662045805711,0.00011705359983982624,-0.00018976607197473662,0.06828240298754647
1781506191.4097402,-0.042370710477923214,0.7818027787282721,0.38216782182179626,-0.05110687115597401,0.020766285701555587,-0.07521409694991235,-0.04237607577143998,0.7818416257306833,0.38222221309439147,-0.05098320628867751,0.02079639563782698,-0.075247888110989,-5.639952472332801e-06,1.5263749210597668e-05,-8.254601705926606e-06,-0.0007693041755054719,0.00010876770055765752,9.60641462565419e-05,-1.727563885274889e-05,-0.00010948593999104109,-1.6181673869833062e-05,-0.0005205425586938327,-0.00016391017757191975,0.000180837173904443,0.06705435485770253
1781506191.4197392,-0.042370626141243706,0.7818046639488495,0.3821676965952349,-0.05113875832515836,0.020800324435362505,-0.07525848567534484,-0.04237607577143998,0.7818416257306833,0.38222221309439147,-0.05098320628867751,0.02079639563782698,-0.075247888110989,-2.264201027354161e-05,1.329979169542121e-05,-7.44094211406478e-06,-0.0010233612806623106,0.0004927698395019104,-0.00037928869497138825,1.2897800096886018e-05,-0.00023180636501744553,-0.0003279820022200253,-0.0007249016357285475,-0.0006470748311159007,0.0003535274862904789,0.06609024486177695
1781506191.4297588,-0.04243475634920964,0.7817163328262288,0.37972579781959165,-0.05116170856655633,0.02083570410458324,-0.0751551074563945,-0.04237607577143998,0.7818416257306833,0.38222221309439147,-0.05098320628867751,0.02079639563782698,-0.075247888110989,-3.600390855347369e-05,1.155465746462729e-05,-6.693473746537597e-06,-0.001185705132470972,0.0007670026238998733,-0.0007250712852313541,-2.0731444213118534e-05,-0.00010072816797236277,8.982088965643307e-05,-0.00030769736748092026,3.187299021291276e-05,0.0003438600862612278,2.500246177152943
1781506191.439776,-0.04122539020522439,0.7816019512822666,0.3792406062307477,-0.051182364799121395,0.020858751217093463,-0.07518549739353508,-0.04237653595737473,0.7818370072688815,0.3822198310909507,-0.05100904796034781,0.02078713220168682,-0.07524198943765231,-4.627427568043045e-05,1.0007301314378973e-05,-6.008613100013261e-06,-0.001274887644170783,0.0009514820893929046,-0.0009643065213629188,-3.525191802868935e-05,-5.022083084486398e-05,9.276372520397721e-05,-8.319987449012368e-05,-0.00056357315955267,0.0004688383515386918,3.2025253515294754
1781506191.4497356,-0.040016101384047036,0.7814872303610905,0.3787553906504915,-0.05119854913465657,0.020877308100870406,-0.07521012911997724,-0.04237653595737473,0.7818370072688815,0.3822198310909507,-0.05100904796034781,0.02078713220168682,-0.07524198943765231,-5.393270861792711e-05,8.638322670879912e-06,-5.382690130827268e-06,-0.0013068117395412472,0.001063662457458083,-0.001117161107534273,-7.4233416137866e-05,-3.086318987514488e-05,-6.694855830439846e-05,-0.0002783281100314451,7.817614257089879e-05,0.0002725746714363387,4.206702131797966
1781506191.4597275,-0.03880543278502986,0.7813748030708578,0.3782699988422573,-0.05116283728863572,0.020882457426613765,-0.07520998929846312,-0.04237653595737473,0.7818370072688815,0.3822198310909507,-0.05100904796034781,0.02078713220168682,-0.07524198943765231,-4.399782803303411e-05,4.407157834618091e-05,-7.26426586894412e-06,-0.0007743189715318212,0.0010036626264091147,-0.0009907977394725813,6.070198871736548e-05,-9.759373045314406e-05,-0.00029046449296887193,-8.191069610766665e-05,-0.0010285664399408792,0.00032975239461415775,5.344865328614046
1781506191.4697611,-0.038804468132868794,0.7813774679564984,0.37826979665888716,-0.051132069675259774,0.02088591466897416,-0.07520891546358788,-0.04237653595737473,0.7818370072688815,0.3822198310909507,-0.05100904796034781,0.02078713220168682,-0.07524198943765231,-3.546487547091496e-05,7.195801306158751e-05,-8.68269873148778e-06,-0.00035414523660378056,0.0009312354173564662,-0.0008689952922992016,0.00010324679071552068,-0.0002571964206343131,-0.002041865145468884,0.000567024289487595,6.245148256214732e-05,0.0019747268823218393,5.3454295371825475
1781506191.47978,-0.03759419221025956,0.7812642210854764,0.37778447121133096,-0.051105848794812676,0.0208880093839805,-0.07520717129343939,-0.04237653595737473,0.7818370072688815,0.3822198310909507,-0.05100904796034781,0.02078713220168682,-0.07524198943765231,-2.8165474260284696e-05,9.343271308075203e-05,-9.711359943044189e-06,-2.9629579854810906e-05,0.0008514789219341719,-0.000753944711703243,0.0035790115278502995,-0.00046841132085667935,-0.007077654234057018,0.0009217358826171522,-0.001197579208456702,0.0028295943562527052,6.547618879349325
1781506191.4897606,-0.036384064915785684,0.7811506611643456,0.37729917354138437,-0.05108375236140421,0.020889025815495676,-0.07520497267596173,-0.04232933891732965,0.7818279574130205,0.3821117697923805,-0.050990987173580166,0.020783801589145723,-0.07517922923525877,-2.194882578179383e-05,0.00010948813837080031,-1.0414088755564329e-05,0.00021432989351067783,0.0007684136910277279,-0.000647102667046886,0.00880463345225797,-0.0001387094228478889,-0.010663093907489029,0.0031233621181046027,-0.0012841915389014765,0.0020079069463221897,7.678938457690979
1781506191.4997337,-0.035160119112428036,0.7810338991694328,0.37679427835670004,-0.05114548289904139,0.02090277222588588,-0.07517152584962097,-0.04232933891732965,0.7818279574130205,0.3821117697923805,-0.050990987173580166,0.020783801589145723,-0.07517922923525877,6.50545288219531e-05,6.629034109046505e-05,-0.00013437479972302875,-0.0004906330568122135,0.0008156504034088045,-0.00020420966377179107,0.013981929440084159,-0.0002814795858135571,-0.014511119844612902,0.0028111887701270776,0.000266542531894144,0.00031968999184518786,8.961247473077506
1781506191.5097487,-0.03514782536193438,0.7810326830273454,0.3767774372455017,-0.051196948408052924,0.020913597170843845,-0.07514316935386962,-0.04232933891732965,0.7818279574130205,0.3821117697923805,-0.050990987173580166,0.020783801589145723,-0.07517922923525877,0.00013407417914096327,3.077234325572613e-05,-0.0002321844653003259,-0.0010054093074823522,0.0008287153421658336,0.0001332227473328394,0.017643403361459836,-0.0017729457612889854,-0.019889000687416006,-0.0003610842784928134,0.0036114366997310357,-0.0015632526127777242,8.98118600272408
1781506191.5198076,-0.033927944180316694,0.7809160348289715,0.37627793322797215,-0.05123931398206166,0.020921936571886235,-0.07511940284372706,-0.04232933891732965,0.7818279574130205,0.3821117697923805,-0.050990987173580166,0.020783801589145723,-0.07517922923525877,0.00018778244542763046,1.8695313289946113e-06,-0.0003077614259526814,-0.0013635939379558126,0.0008158192464144417,0.0003824011876083747,0.022683489901577713,-0.0019171985206932498,-0.021115866903578678,0.001458684892144465,0.0018284780613318334,-0.0028465836358820694,10.268821031970278
1781506191.529788,-0.03270971695912991,0.7807994368517308,0.37578063292126795,-0.051273701662777046,0.020928185142360833,-0.0750997258455801,-0.04232933891732965,0.7818279574130205,0.3821117697923805,-0.050990987173580166,0.020783801589145723,-0.07517922923525877,0.00022851860541786806,-2.135655897788225e-05,-0.00036453293115368865,-0.0015946450288010783,0.0007838246836983425,0.0005586336166910932,0.028215868203981306,-0.003420279348659962,-0.024982162817096313,-0.0007311336565714587,-0.0012994190373701558,-0.0001209639151033264,11.561932158788808
1781506191.5397947,-0.031492925997993984,0.7806828872190194,0.37528525816192043,-0.05130117052303694,0.02093269591048874,-0.07508365147635028,-0.041358437869543185,0.7817411575876645,0.38115766382903704,-0.0509453357313872,0.02082731374632929,-0.0752007811069322,0.00025832493823257745,-3.973123142686894e-05,-0.000405488568982839,-0.0017241145775723772,0.0007383962564443296,0.0006753864032961725,0.03254437043324476,-0.0034502054522833315,-0.02647041321252387,-0.00012387550050609042,0.0006149470673403323,1.8285372338881778e-05,11.529675146334949
1781506191.5497854,-0.03027737790363107,0.7805663869488204,0.37479156065530805,-0.05132270346770933,0.02093578100071314,-0.07507071635244546,-0.041358437869543185,0.7817411575876645,0.38115766382903704,-0.0509453357313872,0.02082731374632929,-0.0752007811069322,0.00027897942272806035,-5.397849011092816e-05,-0.0004332287035858838,-0.0017739284419818475,0.0006841459328113686,0.0007443774876699633,0.03626432421766253,-0.003646760085995218,-0.027553601452662634,-1.5944492495572476e-05,0.003088050643722806,0.001044498038612526,12.833442470381538
1781506191.559792,-0.028958398194137192,0.7804643563579285,0.3742353546709821,-0.05139377080403207,0.02094653437001348,-0.0750630711773583,-0.041358437869543185,0.7817411575876645,0.38115766382903704,-0.0509453357313872,0.02082731374632929,-0.0752007811069322,0.0009580455179075725,5.726274570809955e-06,-0.0008589374960521856,-0.002357876390450406,0.0007223068021549187,0.0007524727466532429,0.0408480926639334,-0.004290126618144825,-0.02688623072035355,-0.002337386724146377,-0.005162266245936464,0.0020759084532751583,14.258666466804986
1781506191.5697994,-0.028865054524887093,0.7804756387607403,0.3741749482453018,-0.05145139342212045,0.020954881291581184,-0.07505729768886564,-0.041358437869543185,0.7817411575876645,0.38115766382903704,-0.0509453357313872,0.02082731374632929,-0.0752007811069322,0.0014910421384103918,5.3583099020777145e-05,-0.001189801475214501,-0.0027308671912464584,0.0007311295162392293,0.0007379397769966849,0.04281541945092263,-0.0049586726428650875,-0.024893676393809554,-0.0027322551921255857,0.0007441458618284019,0.00020663612228841985,14.368176022765343
1781506191.5798087,-0.027576408187390992,0.7803695525139716,0.3736385661118778,-0.051497365101527,0.020961196491867673,-0.07505308441640327,-0.041358437869543185,0.7817411575876645,0.38115766382903704,-0.0509453357313872,0.02082731374632929,-0.0752007811069322,0.0019000244978721326,9.132232058198207e-05,-0.0014403342020369136,-0.00293558520413562,0.0007177282492580136,0.00070685036189153,0.04423823866931645,-0.005849997461802668,-0.02522654407326014,-0.004909526983890387,0.00035590301942503566,0.000445985992591727,15.759520078926698
1781506191.589736,-0.02630013513566062,0.7802618218371787,0.37311025959664856,-0.051533348771228366,0.02096581640658335,-0.07505015533995707,-0.039340719502150345,0.7815151225875382,0.37984336402333607,-0.05105108337116773,0.020857107875271952,-0.07515471662858622,0.0022042693162798916,0.00012046120791989651,-0.001623204652141755,-0.0030086184516102082,0.00068804184055546,0.0006642069994149818,0.04826489418766331,-0.005707690692349561,-0.02542799779091458,-0.0026611932212567526,0.002708567358128779,0.0022361809964914787,14.729640138546044
1781506191.5997202,-0.02624409266084182,0.7802682031667076,0.37307423171808674,-0.05156086380144298,0.020969039559136204,-0.07504826854195151,-0.039340719502150345,0.7815151225875382,0.37984336402333607,-0.05105108337116773,0.020857107875271952,-0.07515471662858622,0.002420578557900125,0.0001423267585515318,-0.0017494404887765406,-0.0029809856646928674,0.0006469659038751302,0.000614074096147998,0.0534122201924577,-0.0058724295393738435,-0.026913296479177735,-0.0013138134353767234,0.001558560454221984,0.0012405165041417126,14.795188232276654
1781506191.6097167,-0.024970903854932128,0.7801353292478853,0.37261402510729497,-0.05160357619545666,0.021011713374442298,-0.07512699050716284,-0.039340719502150345,0.7815151225875382,0.37984336402333607,-0.05105108337116773,0.020857107875271952,-0.07515471662858622,0.002655021181426475,1.5093704482286484e-05,-0.0014701979253101288,-0.00310387248206374,0.0010858402475031556,-0.00028701720470724235,0.05518971391431295,-0.004792204938442214,-0.027276847445566,0.00011761190510799847,0.0017339635000770087,0.0021218809476975845,16.14493024321178
1781506191.6197712,-0.023708419531501438,0.7800045172446634,0.372151020818127,-0.051636646824547425,0.021046621873815674,-0.07519288887540766,-0.039340719502150345,0.7815151225875382,0.37984336402333607,-0.05105108337116773,0.020857107875271952,-0.07515471662858622,0.0028095836111989084,-8.72368279969375e-05,-0.0012274005918149918,-0.0031109827650282495,0.0013849618456970927,-0.0009543133040432789,0.056144570758028166,-0.004909226597303543,-0.028644666436634124,-0.0012353465328580914,-2.4490868479381263e-05,0.00236298668571229,17.487792166565736
1781506191.6297386,-0.022455203661788537,0.7798755726677015,0.37168549640728527,-0.05166158744474793,0.021074757035488112,-0.07524737479489045,-0.039340719502150345,0.7815151225875382,0.37984336402333607,-0.05105108337116773,0.020857107875271952,-0.07515471662858622,0.0028980619030857246,-0.0001682796529642034,-0.00101693699922209,-0.0030311517906075735,0.0015711810843757532,-0.001428170029939032,0.059714031747439174,-0.005169405132268217,-0.029587692797171918,-0.001686451206637257,0.0016072566134862386,-0.002647172217712779,18.824440846297577
1781506191.6397407,-0.021209982851056314,0.7797483158665621,0.3712177052944012,-0.0516797534285493,0.021097047380558287,-0.07529181808522842,-0.03661525503533214,0.7812544419640433,0.378471742721948,-0.051119343453073035,0.020885553767347576,-0.07509357094465141,0.0029323685134752743,-0.00023120638298177137,-0.0008350968531619843,-0.002888364472494138,0.001667707143102022,-0.0017441193097491828,0.05996586406776161,-0.005255831415679834,-0.03011933634316459,-0.002425520754574286,0.001174465267931356,0.0005104173958905139,17.09420620834399
1781506191.649773,-0.019932522992561277,0.7796234852648949,0.3707123507518784,-0.05170153866911185,0.021064223923509928,-0.07527384696198247,-0.03661525503533214,0.7812544419640433,0.378471742721948,-0.051119343453073035,0.020885553767347576,-0.07509357094465141,0.0031938902571880313,-0.0002862023834531801,-0.0009141135350148747,-0.0028149530048952854,0.0011176133053187828,-0.0013763488371790877,0.06361858629010016,-0.00616819734675103,-0.03271801191953772,-0.003834093612368299,0.0015634691448007756,0.0005065943775361635,18.47110532454869
1781506191.6597152,-0.018674749112416834,0.7795078941251194,0.370206116370146,-0.05171709414943697,0.021043670475483056,-0.0752479003201066,-0.03661525503533214,0.7812544419640433,0.378471742721948,-0.051119343453073035,0.020885553767347576,-0.07509357094465141,0.003307391582943117,-0.00027690314509133944,-0.000992417512457062,-0.0026833928928338383,0.0007568529285505407,-0.0009548748853046444,0.06806519969866634,-0.006374534029797772,-0.03428775864766258,-0.0042091839136679295,-0.003551304752104717,0.0008726367409088698,19.83009735506642
1781506191.6697173,-0.017425684055480672,0.7793923082168986,0.3697034590005418,-0.05172769506697861,0.02102573405427477,-0.07522516524757636,-0.03661525503533214,0.7812544419640433,0.378471742721948,-0.051119343453073035,0.020885553767347576,-0.07509357094465141,0.0033565993904515192,-0.00026592932218833513,-0.001042702905728285,-0.0025113674927625747,0.00046582652300636214,-0.0006129444770360121,0.06919883301617416,-0.006676933973300464,-0.035353960171975576,-0.005490972391830714,0.0019114177127147198,-0.0014480921479639005,21.179942773815263
1781506191.6797237,-0.01618410424830097,0.7792767296672851,0.369203889457598,-0.051734293479762744,0.02101024942725882,-0.07520545883593557,-0.03661525503533214,0.7812544419640433,0.378471742721948,-0.051119343453073035,0.020885553767347576,-0.07509357094465141,0.003353570574746275,-0.0002537502372527974,-0.0010698585648649221,-0.002313731652970912,0.0002350165467096683,-0.0003399720989431532,0.07108297678653056,-0.007376325501838821,-0.03547710285518146,-0.006851384846652582,-0.0009103217505867605,-0.0021867259872970202,22.521908723300413
1781506191.6897597,-0.014948934517321403,0.779161160507138,0.3687069761457159,-0.05173771229425162,0.02099702568661721,-0.07518856112838604,-0.03316366421253214,0.7809223432228147,0.3767385656169527,-0.051343430410616606,0.021005621488052073,-0.07514431726457584,0.003308645978518052,-0.00024075792168816053,-0.0010781022046394068,-0.0021023166289165247,5.564330372454974e-05,-0.0001261390201957304,0.07333780605941274,-0.007363273224777876,-0.034173220510744,-0.004828976490501718,0.0010033892606932777,-0.0018867692782872875,19.984608373998014
1781506191.6997383,-0.014928657065530098,0.7791613633145408,0.36869760319756834,-0.051738655125130664,0.020985857912703354,-0.07517423043027337,-0.03316366421253214,0.7809223432228147,0.3767385656169527,-0.051343430410616606,0.021005621488052073,-0.07514431726457584,0.003230657814732106,-0.00022727739223794502,-0.0010710593277241183,-0.001886364348295861,-8.027967527885158e-05,3.7530251685204526e-05,0.07818001423358088,-0.007988224361844027,-0.035159954796040706,-0.004031463869174789,0.0008327882305447633,-0.0014893184881015552,20.00683914361565
1781506191.709757,-0.013662908305844846,0.7790272735555206,0.36820384701508574,-0.051642456263768705,0.020947483645071818,-0.07520547355414342,-0.03316366421253214,0.7809223432228147,0.3767385656169527,-0.051343430410616606,0.021005621488052073,-0.07514431726457584,0.0034019536497134377,-0.00028898552127481857,-0.001065961414919083,-0.0006230153655836937,-0.00047211861206833373,-0.00032876842846539555,0.08275061654394981,-0.008293170789944529,-0.036139524587243184,-0.002752484743587443,0.0013610343382205977,-0.0006450796091008805,21.37082571144951
1781506191.719753,-0.012406937663563598,0.7788960378474084,0.36771193018889997,-0.05156096574811107,0.02091565849589161,-0.07523147577068375,-0.03316366421253214,0.7809223432228147,0.3767385656169527,-0.051343430410616606,0.021005621488052073,-0.07514431726457584,0.0034963591401893116,-0.00033486141057507474,-0.001048362133913401,0.00034062263928636067,-0.0007527846531995027,-0.0005942274667139933,0.08603169907110586,-0.008048581839795163,-0.03618758456863424,-0.0013615205743190517,0.0008788274215911199,-0.00016341870680444107,22.72504692303258
1781506191.7298055,-0.011159399217105315,0.7787673175672876,0.3672215656783676,-0.051492726501959324,0.0208896110048733,-0.07525283875077468,-0.03316366421253214,0.7809223432228147,0.3767385656169527,-0.051343430410616606,0.021005621488052073,-0.07514431726457584,0.003527842912988697,-0.00036744630877236803,-0.0010209500909067481,0.001053320015316296,-0.0009424706237952352,-0.0007768636540632182,0.08648101087176581,-0.008295719474979915,-0.036550644936415355,-0.0015723051706249566,-0.001305395662155467,-0.0012060773080655553,24.070835078907727
1781506191.7397382,-0.00991910869689194,0.7786408009308788,0.36673250509450894,-0.05143628402086377,0.02086860510195776,-0.07527014043504877,-0.0290472096019887,0.7805258596030205,0.3749600856079055,-0.051457772991088835,0.02101824196595725,-0.0752038131809118,0.0035084158887589843,-0.0003889486723962027,-0.0009860079644320912,0.0015584876509154451,-0.0010587965443172728,-0.0008924436465735819,0.0848200838924514,-0.008218722490528515,-0.03599613169200745,-0.0008904644550560242,-0.0019595148887256255,-0.0010888603601635692,20.907672551898326
1781506191.7497556,-0.008685025911587615,0.7785162031392945,0.36624453409897384,-0.05139022554764608,0.020851951367908628,-0.07528392514472915,-0.0290472096019887,0.7805258596030205,0.3749600856079055,-0.051457772991088835,0.02101824196595725,-0.0752038131809118,0.0034483652036243827,-0.0004012818180228643,-0.0009454636413348649,0.0018943324998769674,-0.0011169724496459337,-0.0009546165242260907,0.08620122750752242,-0.008702624653787818,-0.03749993866405719,-0.0018130107450275578,-0.0013648187389564258,-0.0010100065188690464,22.24001083292615
1781506191.7597454,-0.0073979680872065185,0.7783806895071673,0.3658093884092776,-0.05120143063275806,0.020827453109852234,-0.07523555393678538,-0.0290472096019887,0.7805258596030205,0.3749600856079055,-0.051457772991088835,0.02101824196595725,-0.0752038131809118,0.003739231313980815,-0.0004452155817158741,-0.0005728689000048025,0.00373765079598857,-0.001288896183695181,-0.0003368609422464032,0.08806015793188555,-0.008876881573802288,-0.038237066571639805,-0.0005943822859413517,0.0014611073329142386,-0.0004897007331061532,23.601412502782264
1781506191.7697196,-0.006123832413237908,0.77824884413329,0.3653674251406435,-0.051046064791351375,0.020808040243442294,-0.07519462532489465,-0.0290472096019887,0.7805258596030205,0.3749600856079055,-0.051457772991088835,0.02101824196595725,-0.0752038131809118,0.003925350960897407,-0.00047484309421831633,-0.00026650101426437797,0.0050164802003080855,-0.001382421231374474,0.00013521667414689945,0.0895579289054968,-0.00856359565330421,-0.03799030861984773,0.00012695794820431598,-0.004299354401793425,0.00015501896567191335,24.953660172954645
1781506191.779769,-0.006070437496903964,0.7782355330840841,0.36540448530239805,-0.050919998828423595,0.020792970326022342,-0.07516039237320535,-0.0290472096019887,0.7805258596030205,0.3749600856079055,-0.051457772991088835,0.02101824196595725,-0.0752038131809118,0.0040250246342381606,-0.0004926105216856505,-1.7180262355096518e-05,0.00583735136368342,-0.0014146475176581995,0.0004852223057239675,0.08984690461453068,-0.008171900240748394,-0.038117375072308585,5.331755231336823e-06,-0.003633677512537238,-0.00025017758192078464,24.989740877627305
1781506191.7897286,-0.004817172228707379,0.7781094656465586,0.3649511717639841,-0.05081933690519726,0.02078156792331942,-0.07513211246218916,-0.024555909741945825,0.7800985191223707,0.3730353340726219,-0.05144564834355877,0.021069258369728727,-0.07521969309226882,0.004054038834203395,-0.0005006318599539623,0.00018318543500788775,0.006292619864507257,-0.0014000646615970253,0.0007341841502293677,0.0875297219269566,-0.00782424905504646,-0.03767296106940754,-0.00040560941692155135,-0.0055699767020407475,9.156218249061534e-05,21.4225995756483
1781506191.7997398,-0.00357222165865237,0.7779857042441045,0.3644931904271561,-0.05074046466191104,0.020773226326141758,-0.07510906646575624,-0.024555909741945825,0.7800985191223707,0.3730353340726219,-0.05144564834355877,0.021069258369728727,-0.07521969309226882,0.004025961866599062,-0.0005007276609708751,0.0003417124920709351,0.006461492300835998,-0.001350810020481689,0.0009006234620479478,0.0869729091189226,-0.007755810611866277,-0.03664229373549645,0.0013828144229397657,0.0017567763986904002,-0.002217572496430955,22.754062721776666
1781506191.8097293,-0.0023614748576535924,0.7778980658044545,0.3639924946130018,-0.05087708128149207,0.02074289010888042,-0.0751143463953243,-0.024555909741945825,0.7800985191223707,0.3730353340726219,-0.05144564834355877,0.021069258369728727,-0.07521969309226882,0.003781872846999028,-0.0003390680656383076,0.00021372413434554195,0.004265879850604428,-0.00153137415227623,0.0007279485759258447,0.08810735669311724,-0.008756832340909465,-0.03837907721799343,0.0010570492819880495,0.0011510592962459083,-0.0007977924513911356,24.066738045067062
1781506191.819759,-0.0011528546996161736,0.7778066175066918,0.3634938983605356,-0.05099591995520038,0.02071874535683005,-0.07511952177430638,-0.024555909741945825,0.7800985191223707,0.3730353340726219,-0.05144564834355877,0.021069258369728727,-0.07521969309226882,0.0035380045662725566,-0.00020499574598982566,0.00010827041513947376,0.0025040116583356703,-0.001624743623699411,0.0005786586856281359,0.09007797094903854,-0.008280878910075104,-0.03728009044726133,0.0038619339813107637,0.00022577860097494368,-3.659813326062361e-05,25.37705250375109
1781506191.829801,5.406544399654514e-05,0.7777117652126831,0.3629971545131978,-0.05109818527810148,0.0206999004624826,-0.07512447820976098,-0.024555909741945825,0.7800985191223707,0.3730353340726219,-0.05144564834355877,0.021069258369728727,-0.07521969309226882,0.003297403547520773,-9.476858303404538e-05,2.2243104434940984e-05,0.0011153608427263725,-0.0016502261239306477,0.0004509729693407661,0.09087159632059497,-0.008830553603028361,-0.03788085545915888,0.0026340567767612756,-0.0025166927667182723,0.0010421675428094403,26.6854365103018
1781506191.8397536,0.0012596490430410322,0.7776138888854817,0.3625020424211674,-0.05118523347616649,0.020685542349053065,-0.07512913574568592,-0.020117607854338637,0.7796813584061206,0.3711668543835854,-0.0513337979741957,0.02106421676673942,-0.07524111711763391,0.0030624740581710426,-5.0803617643954436e-06,-4.709915369887503e-05,4.436058944517194e-05,-0.0016241462993481105,0.00034296672564657776,0.08966387650092891,-0.008348576976603826,-0.036047503445390205,0.003904212176084271,-0.002161844359018288,0.0006867799473815417,23.159026512774652
1781506191.8497212,0.002464204568168779,0.7775133408271893,0.3620083653998303,-0.05125849725997588,0.020674939020430827,-0.07513344245670134,-0.020117607854338637,0.7796813584061206,0.3711668543835854,-0.0513337979741957,0.02106421676673942,-0.07524111711763391,0.0028350743155292836,6.698330770863683e-05,-0.00010216846276223196,-0.0007593184652130284,-0.0015601469037089337,0.0002526598893730218,0.09001110623184888,-0.008264915977309942,-0.035001385554097625,0.004509317917394156,-0.00308140141821062,-0.000352680719681151,24.464596317401792
1781506191.8597202,0.003672337990923671,0.7773747484312159,0.3615721890263443,-0.05117107637583419,0.02073584821741492,-0.07515715666277449,-0.020117607854338637,0.7796813584061206,0.3711668543835854,-0.0513337979741957,0.02106421676673942,-0.07524111711763391,0.0026255598850135294,-4.739489239945777e-05,0.00023404071626297797,0.00028321795659077046,-0.0007123639292547986,6.182017030794502e-07,0.08995520516205925,-0.007808467081687517,-0.03359944239209548,0.006200229900392921,-0.004371440239414858,-0.0001062767189869682,25.75537955873074
1781506191.869733,0.004879165728418797,0.7772395981940173,0.36112883077729263,-0.05109780950573564,0.02078773302597714,-0.07517713268899531,-0.020117607854338637,0.7796813584061206,0.3711668543835854,-0.0513337979741957,0.02106421676673942,-0.07524111711763391,0.002424098815476307,-0.00013861409926777527,0.0005009748852965999,0.0010566020185835113,-5.76498300866188e-05,-0.00018824868969510587,0.09013291119046904,-0.008088236742374489,-0.03389819563089494,0.004638683223826352,-0.007052506866098953,0.0005802462222127798,27.047417629073962
1781506191.879763,0.004875446760576034,0.7772229499266657,0.36116428874326195,-0.05103715306879652,0.020831435630989104,-0.07519376170509329,-0.020117607854338637,0.7796813584061206,0.3711668543835854,-0.0513337979741957,0.02106421676673942,-0.07524111711763391,0.0022316554842285777,-0.00021008604815195801,0.0007089146092109791,0.001607149883579807,0.00043448306666371214,-0.0003246101239512227,0.090286940124661,-0.008009640962022195,-0.034287630969834594,0.004616142192004691,-0.004487308817571747,0.00040806302746004337,27.032348596171627
1781506191.8897758,0.006080482785505449,0.7770934854467292,0.3607092243910007,-0.05098760536933725,0.02086781108528779,-0.07520742829156724,-0.015525301402371072,0.7792641947170175,0.3693966009878073,-0.05108897429621727,0.020965100600608855,-0.07522381428189871,0.002048889803584004,-0.00026479980632827316,0.0008668603689992183,0.001975664274700385,0.0007913284148475862,-0.00041789772424840005,0.09007284273717057,-0.008073859555028463,-0.03451262274260202,0.002859287429689858,-0.002534922180797091,-0.0006172082729489592,23.387868676815195
1781506191.8997366,0.007284938817631727,0.7769663431244678,0.3602493892573699,-0.0509477371968835,0.02089770067137975,-0.07521850157186535,-0.015525301402371072,0.7792641947170175,0.3693966009878073,-0.05108897429621727,0.020965100600608855,-0.07522381428189871,0.001876208907771452,-0.0003053672600488859,0.0009826709834499096,0.0021977000097490357,0.0010370396002175593,-0.00047635750773935626,0.09068764535541037,-0.008142299289155474,-0.0352657790471395,0.001761777036172504,-0.0022099614986688682,-0.0007212122043001958,24.683165584605806
1781506191.9097579,0.008476401066610979,0.7768425844412039,0.3598043161067351,-0.051026069731400656,0.020925000724073994,-0.07525651019043945,-0.015525301402371072,0.7792641947170175,0.3693966009878073,-0.05108897429621727,0.020965100600608855,-0.07522381428189871,0.0016294986725415971,-0.0003515600311888469,0.0011874859770391777,0.001111249607218596,0.0012424915097059325,-0.0008234837189476014,0.0900783262094866,-0.008138476131064781,-0.035276654923162225,0.0008893348538272064,0.00029542372933884285,-0.00045260917716199496,25.96069812191328
1781506191.9197416,0.009685634740444793,0.7767275506767315,0.3593292624669498,-0.05105249868569618,0.020939847959822844,-0.07526822463976114,-0.015525301402371072,0.7792641947170175,0.3693966009878073,-0.05108897429621727,0.020965100600608855,-0.07522381428189871,0.0015180478929536344,-0.0003300165846154035,0.0011818732170867947,0.0007040612427164562,0.0012752060102742535,-0.000853009722492395,0.09137485971836617,-0.008921849487995792,-0.0364010321897708,-0.00041719353436383926,0.001159554406766209,-0.001752321873368705,27.26494395882374
1781506191.9297316,0.010893982390566655,0.7766126497542044,0.35885215568687684,-0.051075356906531845,0.0209512060733259,-0.07527723585963943,-0.015525301402371072,0.7792641947170175,0.3693966009878073,-0.05108897429621727,0.020965100600608855,-0.07522381428189871,0.0014093429910912467,-0.00030854043887788824,0.0011623919103867226,0.00037969677631811814,0.0012648106332132417,-0.0008517853863352116,0.09084173266060508,-0.008580381308055112,-0.03571370099152293,0.0007412711691740724,0.002026769811570609,-0.00038445753313203596,28.569119229089228
1781506191.939718,0.012101635577517752,0.7764978426857313,0.3583733020703116,-0.05109491395572044,0.020959639099666028,-0.07528397485310845,-0.015525301402371072,0.7792641947170175,0.3693966009878073,-0.05108897429621727,0.020965100600608855,-0.07522381428189871,0.0013042198076292787,-0.00028739044501744515,0.0011320241546300687,0.00012626817731839425,0.001222399382860589,-0.0008275538678249411,0.09065377705166237,-0.009051580217711888,-0.03674049457566117,-0.00024498502497584466,0.0024869625473576437,-0.0011354878534476478,29.87329023519525
1781506191.9497452,0.013308757387159897,0.7763830978992939,0.3578929683336596,-0.051111462185906356,0.02096564969527681,-0.07528882678442915,-0.010920109623580532,0.7788270710516818,0.3675686257661587,-0.05105499363816521,0.0209529421396053,-0.07523313527296654,0.0012033039490123498,-0.0002667702690247165,0.001093301840144576,-6.707355814283248e-05,0.0011571608953317627,-0.0007867467490968131,0.09066547101407353,-0.008642509807075429,-0.03597327608221455,0.00044069064695870095,-0.002094151209678321,0.0006132244258321975,26.20361326505972
1781506191.959739,0.014511500989616927,0.7762720067911283,0.35742124296065486,-0.05110499186935252,0.02091853507042063,-0.07530069625544072,-0.010920109623580532,0.7788270710516818,0.3675686257661587,-0.05105499363816521,0.0209529421396053,-0.07523313527296654,0.001097622395644146,-0.00021526863267983318,0.0010925235578330438,1.3673202299209735e-05,0.000523781388126459,-0.0008565151471448242,0.09074049369692802,-0.009215996416970903,-0.03637601289210716,-0.00010540235408506966,-0.0003357634533318176,-5.7873446847197624e-05,27.5002645361511
1781506191.9697282,0.014505167647699763,0.7762760661956711,0.3574322269974002,-0.05109954480211114,0.020878467467951856,-0.07530986954831072,-0.010920109623580532,0.7788270710516818,0.3675686257661587,-0.05105499363816521,0.0209529421396053,-0.07523313527296654,0.0009988760916399453,-0.00017119682955899157,0.001078055390895147,7.380190720442334e-05,3.4874541184354985e-05,-0.00088534489663994,0.09149354917407576,-0.009791373946409035,-0.036531361192978055,-7.310066165971404e-05,-0.003773031837081605,-0.0005593575592903695,27.489978721275158
1781506191.9797242,0.015708717068981113,0.7761640597008833,0.3569559080400351,-0.05109501368784944,0.020844776697137135,-0.07531677155160646,-0.010920109623580532,0.7788270710516818,0.3675686257661587,-0.05105499363816521,0.0209529421396053,-0.07523313527296654,0.0009069484355668164,-0.00013364793157259156,0.0010527806784839605,0.00011683577207260248,-0.0003324011935325009,-0.0008827116045383706,0.0918096039126446,-0.009045460672404788,-0.03542155008878245,0.001855693837495682,-0.002915774894367519,-0.0008716137699181223,28.789161467665974
1781506191.9897528,0.016912683786868065,0.7760516563196855,0.3564777748340882,-0.05109129301845945,0.02081678606149162,-0.0753217827978654,-0.010920109623580532,0.7788270710516818,0.3675686257661587,-0.05105499363816521,0.0209529421396053,-0.07523313527296654,0.0008216594237321396,-0.00010181122936791062,0.001019151017764974,0.0001458826915172534,-0.0005984895722094254,-0.0008565762389265978,0.09177778503561407,-0.009763803737158077,-0.03643534565281754,-0.00106854978657896,-0.00015337909156598053,-0.0016056676548199889,30.089438186192528
1781506191.999778,0.018117059308515728,0.7759388948226886,0.35599808662629445,-0.051088281522536735,0.020793832511739163,-0.0753252401686937,-0.00634312873189774,0.7783608741479371,0.365739758075473,-0.05105054287772219,0.020974753656171963,-0.07525928149163273,0.0007427804356409317,-7.496352792153732e-05,0.000979240350801779,0.00016365426854863887,-0.0007814781695621,-0.000813546989955122,0.0918869741725656,-0.008971176866650851,-0.034925856160751105,0.0008344491324385367,-0.005856599966165686,9.64654961004074e-05,26.439874157190257
1781506192.0097456,0.01813443965978996,0.7759338162004524,0.3560077963897661,-0.05106061222671305,0.020796573108691208,-0.07528564173549554,-0.00634312873189774,0.7783608741479371,0.365739758075473,-0.05105054287772219,0.020974753656171963,-0.07525928149163273,0.0008059822048469231,-0.0001098188564299682,0.0009793535101557801,0.0004388663878416466,-0.0006883059583869369,-0.0002915647964767742,0.09113522281695267,-0.00881385214579594,-0.03476969658537974,0.0016801843863337692,0.002010292720904258,-0.001118337807397351,26.452845648479187
1781506192.0197487,0.01813935354268901,0.7759133623547225,0.3560612141915979,-0.0510307603980307,0.02080291046695093,-0.07527970503529377,-0.00634312873189774,0.7783608741479371,0.365739758075473,-0.05105054287772219,0.020974753656171963,-0.07525928149163273,0.0007844875482235235,-0.0002272825279226407,0.0012616409544547694,0.0007154917326591337,-0.0005473281939701377,-0.00019149295905118133,0.09204141086216157,-0.008272515536959207,-0.03413254629529561,0.002856999024324005,-0.00010750552673234305,-0.0007061961858682699,26.43967594384383
1781506192.0297356,0.01814315953749859,0.7758959968121198,0.3561063178911658,-0.05100630612812995,0.0208087516226656,-0.07527456169978056,-0.00634312873189774,0.7783608741479371,0.365739758075473,-0.05105054287772219,0.020974753656171963,-0.07525928149163273,0.0007572919611830648,-0.00031869930938684197,0.001472267464101703,0.000903172864910487,-0.0004267160067916789,-0.00011127178709541823,0.09106771629851475,-0.008858739188039682,-0.036225184389930436,0.00011573498858660345,0.001227228425948781,-8.08709055795597e-05,26.428339018508638
1781506192.0397503,0.01814602536626452,0.775881332044929,0.35614417919877817,-0.05098656544997795,0.0208140611192007,-0.07527015358930475,-0.00634312873189774,0.7783608741479371,0.365739758075473,-0.05105054287772219,0.020974753656171963,-0.07525928149163273,0.000725864415960883,-0.0003880480033869409,0.0016226976475856357,0.0010190737458721304,-0.0003246646570194746,-4.811968048657725e-05,0.09141198981814384,-0.00842136542805481,-0.03599375030115543,0.00031913457436820447,-0.0004311031358106539,-0.00024059104636636294,26.41859064111859
1781506192.0497468,0.018148097934166097,0.7758690216229737,0.35617574970730825,-0.05097089686626845,0.020818826940314894,-0.07526641702117275,-0.0016498811042730543,0.7779198980377797,0.363949002746042,-0.05098470039204421,0.020886016647437167,-0.0752853609907483,0.0006914377872364387,-0.0004388023108762365,0.0017228977333795924,0.0010780195771154853,-0.00023931382427406004,5.146868090715584e-07,0.0921154498079014,-0.00891596710634537,-0.03676795314154231,-0.0007203340602867472,-0.0030684154664428506,-0.0006665877588837041,21.3679557019259
1781506192.0597913,0.01815333108704548,0.7758988085052403,0.3561856333602901,-0.05112070766319372,0.020817955992463277,-0.07515047202650038,-0.0016498811042730543,0.7779198980377797,0.363949002746042,-0.05098470039204421,0.020886016647437167,-0.0752853609907483,0.0006758931294078696,-0.0003102215254456476,0.0016776899222705158,-0.000701496441995367,-0.00028748080491974095,0.001263829322272346,0.09189087284602851,-0.00898273215520882,-0.03663184363728744,-0.0014526735798686915,-0.002537035401530517,-0.0003870624389564729,21.36637358590732
1781506192.0697606,0.018157439039520936,0.7759241938957657,0.35619318032894215,-0.051246091921068514,0.020817441561297834,-0.07505412453294139,-0.0016498811042730543,0.7779198980377797,0.363949002746042,-0.05098470039204421,0.020886016647437167,-0.0752853609907483,0.0006548500432072049,-0.00020306950125730607,0.0016201402704379576,-0.0020156244526174953,-0.00031569645207376695,0.002175795479859375,0.09102464627467498,-0.009173459392101384,-0.03690340183523733,-0.00168270295815633,-0.0037524634472616766,0.001420286262273036,21.365054356747795
1781506192.079715,0.01816058885192175,0.7759456764460108,0.3561987582469172,-0.05134974208069576,0.020817205353962365,-0.07497509816089537,-0.0016498811042730543,0.7779198980377797,0.363949002746042,-0.05098470039204421,0.020886016647437167,-0.0752853609907483,0.0006296596035971378,-0.00011447763623103542,0.0015534121327430454,-0.0029450820196134098,-0.00032819218220107204,0.002799544682537617,0.09131588360997389,-0.009276178404237577,-0.035601341303118095,0.0011755567112897466,-0.002128231716469814,-0.00016600361544262185,21.363954703540216
1781506192.089728,0.01816292758729571,0.7759637223185324,0.3562026866684718,-0.05143427042551704,0.02081718176015479,-0.07491121314364571,-0.0016498811042730543,0.7779198980377797,0.363949002746042,-0.05098470039204421,0.020886016647437167,-0.0752853609907483,0.0006014589684635273,-4.19079175696619e-05,0.0014801612662754962,-0.0035608774917236757,-0.0003285684284818754,0.0031902686412614164,0.08733966257630799,-0.008795187005153719,-0.033068261803398794,0.0008991693380375368,-0.004645146104407242,0.001519770567049464,21.36303874608896
1781506192.0997536,0.018164584242681785,0.775978762433217,0.35620524258013675,-0.05150215767198321,0.020817316371058547,-0.07486042177661667,0.0028902618765895838,0.7774706150919333,0.3621510231663426,-0.05098705055832225,0.020934429509884778,-0.07530126546709176,0.0005711991598610533,1.688012012407351e-05,0.001402602291123046,-0.003924800753035843,-0.0003198543763358555,0.003395699256197696,0.08310322406496934,-0.009025860047368446,-0.03236682658108548,-0.0014519236015181818,-0.0023570341302657683,0.0023961947621621597,16.458519218870393
1781506192.1097262,0.018221460161024352,0.7759648513010374,0.3562404298926053,-0.051515696028902054,0.020876008694731496,-0.07488490155373702,0.0028902618765895838,0.7774706150919333,0.3621510231663426,-0.05098705055832225,0.020934429509884778,-0.07530126546709176,0.0008825741244540876,-6.679839199640871e-05,0.0015617592208102878,-0.003638637758034068,0.00036870446965335735,0.0027911577175603374,0.08263552041199017,-0.008783047808089221,-0.03173186348222423,-0.0012970471391991244,0.00044934597341707695,0.001266221032697488,16.499941765902616
1781506192.1197226,0.01826968287155762,0.7759526625921609,0.35626985316096166,-0.05152379536868775,0.020924903919403492,-0.07490803337179468,0.0028902618765895838,0.7774706150919333,0.3621510231663426,-0.05098705055832225,0.020934429509884778,-0.07530126546709176,0.0011213544760950332,-0.0001331268515165077,0.0016697370559072924,-0.003324618067971451,0.0008745310585250299,0.0022618034389849054,0.08050873565140564,-0.008255876991848207,-0.030005790722755266,-0.0006574107535200562,0.00020364078486736375,0.002760894058403772,16.535384197659926
1781506192.1297565,0.018310340234682934,0.7759420362138193,0.3562942878755212,-0.05152759782966297,0.02096512009618623,-0.07492952193887227,0.0028902618765895838,0.7774706150919333,0.3621510231663426,-0.05098705055832225,0.020934429509884778,-0.07530126546709176,0.001298832231936063,-0.00018468670568433436,0.0017352614990897007,-0.0029983238904429397,0.0012295953969750652,0.0018032718407471988,0.07603458462463106,-0.008179191666539399,-0.0287096418977529,-0.003318684840812533,-0.004436804772175691,0.002507272342089049,16.565528009185467
1781506192.1397705,0.018344404451943512,0.7759328212725233,0.35631441563990557,-0.051528076737751886,0.020997732524838497,-0.07494919103384903,0.0028902618765895838,0.7774706150919333,0.3621510231663426,-0.05098705055832225,0.020934429509884778,-0.07530126546709176,0.0014248490863181275,-0.00022373740427098914,0.0017658752377836839,-0.002671765926141041,0.001461978630579535,0.0014103546963232377,0.06786157973613523,-0.00740849763913725,-0.025511462022919394,-0.003658803141010748,-0.0017776829900113624,0.002445020634655341,16.591001174975673
1781506192.1497197,0.018372741926061097,0.77592487620002,0.356330834891715,-0.051526052315745155,0.021023755030184388,-0.07496695845990788,0.006880880868239236,0.7770469622274059,0.36064237757671364,-0.05106536150819921,0.02092422929352944,-0.07523742928298838,0.0015079577491066126,-0.0002522512765946001,0.0017680756930259103,-0.002353950227764907,0.0015960793727607852,0.001077354072489634,0.06101840627740974,-0.00651927881735762,-0.022670800471510922,-0.003466179070342363,0.0003946422993054177,0.003755257418711942,12.325232166158257
1781506192.1597471,0.018272098140046666,0.7759140136397474,0.35639188322691073,-0.051483451354238194,0.02098940048083975,-0.07494883920452948,0.006880880868239236,0.7770469622274059,0.36064237757671364,-0.05106536150819921,0.02092422929352944,-0.07523742928298838,0.000775353238340227,-0.00030074810386201056,0.0020325679084451116,-0.0016359965028646878,0.0010371609064215642,0.0011379324780801192,0.05749192978131545,-0.006670710861426762,-0.022491076856321696,-0.005236920271045435,0.000579580673948416,0.002930889271264306,12.211064886139436
1781506192.1697485,0.01818530437549062,0.7759047464763118,0.3564431635537612,-0.051446139773229135,0.020959499275867488,-0.07493459523409025,0.006880880868239236,0.7770469622274059,0.36064237757671364,-0.05106536150819921,0.02092422929352944,-0.07523742928298838,0.0001774134928943914,-0.00033586927092737616,0.002219140458821706,-0.0010532790670201302,0.0005899889070021726,0.0011521728739237902,0.05689026767085994,-0.00571742813594544,-0.021388955607311355,-0.0035961108133797503,0.001580483351240994,0.004821733512299686,12.113135269776581
1781506192.1797817,0.018110739006621048,0.7758968892327022,0.3564859396956536,-0.05141381249032658,0.020933753502882846,-0.07492364463753622,0.006880880868239236,0.7770469622274059,0.36064237757671364,-0.05106536150819921,0.02092422929352944,-0.07523742928298838,-0.00030484449065927013,-0.00035980779623779496,0.0023407971303966713,-0.0005878395031631125,0.00023878592159568517,0.001131304131817183,0.05715763316421859,-0.0052512542217979605,-0.020613241224216265,-0.0037072623038507317,0.001064570927826433,0.0006960671879669221,12.029478690302321
1781506192.1897647,0.0180469430465204,0.7758902736616415,0.3565213368656828,-0.05138610452382912,0.02091182615213394,-0.07491546127260541,0.006880880868239236,0.7770469622274059,0.36064237757671364,-0.05106536150819921,0.02092422929352944,-0.07523742928298838,-0.0006881255632098539,-0.00037446587155124425,0.0024087995637432046,-0.00022301212796966327,-3.0896709461415055e-05,0.0010847006573987056,0.050218619091166074,-0.004114261074458019,-0.017541869872363842,-0.002824523894116516,0.0007700071157781736,-3.682727293691614e-05,11.958338076396085
1781506192.1997411,0.01799260690163769,0.7758847475704334,0.35655035429512233,-0.05136261599519933,0.020893360152623774,-0.0749095751894768,0.00983708989345533,0.7767463688442584,0.3595512854723238,-0.05126514928749578,0.020899376601657416,-0.0751206887280268,-0.0009870940685282584,-0.00038148811806636585,0.002432868155243882,5.6443996335005426e-05,-0.00023211647275010673,0.001020090774656872,0.04443360609689868,-0.004242872536304066,-0.015934142480968656,-0.0029035244851175306,-0.0023565032377063314,0.0025886749104172646,8.732722188444985
1781506192.2097228,0.017894015618517608,0.7759043894419618,0.35658541690166323,-0.051353976318504746,0.020874880971677667,-0.07493693732137349,0.00983708989345533,0.7767463688442584,0.3595512854723238,-0.05126514928749578,0.020899376601657416,-0.0751206887280268,-0.0015510486583813362,-0.00021785134961353232,0.0024944550407275433,0.00015086444498194708,-0.00039290333595661485,0.0006001160275785273,0.04160560052280104,-0.004984323431192981,-0.016089525839775427,-0.003288981010666198,0.0038253708222882005,0.0008448392168979239,8.626665510583686
1781506192.219753,0.01781032043670026,0.7759213651733896,0.3566140819680523,-0.05134685965334546,0.02085967052092097,-0.07496052035323236,0.00983708989345533,0.7767463688442584,0.3595512854723238,-0.05126514928749578,0.020899376601657416,-0.0751206887280268,-0.001984122900956632,-8.372774733790474e-05,0.0025122880607798747,0.0002174799334385792,-0.0005026210927650579,0.000269016337586839,0.04358782244356051,-0.0050379965369557215,-0.015462790682592374,-0.0013459580165238098,0.00014970727720447604,0.000469398697812648,8.536990147480882
1781506192.2297294,0.017739646597265457,0.7759359952323687,0.3566372450244092,-0.05134107898414525,0.020847325545430895,-0.0749806262733487,0.00983708989345533,0.7767463688442584,0.3595512854723238,-0.05126514928749578,0.020899376601657416,-0.0751206887280268,-0.0023066424241631367,2.5003995259278275e-05,0.002494770689874523,0.0002614389066373725,-0.0005710711138338814,1.3570825805710835e-05,0.0418452326906475,-0.004422721192715984,-0.013932818687875307,0.0005562106956866344,0.0019517168097349462,0.0003987281856667593,8.461603842054053
1781506192.239757,0.01768032304246993,0.775948564088111,0.35665569596942054,-0.051336457607508504,0.020837465468421357,-0.07499757653641793,0.00983708989345533,0.7767463688442584,0.3595512854723238,-0.05126514928749578,0.020899376601657416,-0.0751206887280268,-0.002536324936942286,0.00011197409303289913,0.0024490969370538494,0.00028721902870173,-0.0006067268723807159,-0.00017819732789934762,0.03696387954536107,-0.003823146785391058,-0.011626654809435408,0.001600066533494773,-0.0035295356337392333,0.0017834250897490276,8.398644963805559
1781506192.2497404,0.017630863635986493,0.7759593241399657,0.35667012962293904,-0.05133283138335448,0.02082973712253189,-0.07501169838226396,0.011957161238535186,0.7765224731217235,0.35881262296805605,-0.051326416795363,0.020936117234759077,-0.07508397132666218,-0.002688570079542122,0.0001803725271422961,0.0023813987295839764,0.0002986728200149912,-0.0006168349439607609,-0.00031700497366310583,0.03214314233239687,-0.0030900224685945776,-0.009587663295421028,0.0015938975252702198,-0.0004913257593509197,-0.0002812314521377623,6.090838481224917
1781506192.2597296,0.017616877265880144,0.7759569688743323,0.3567023868144734,-0.05140073417152352,0.020821217913350454,-0.07506854929525292,0.011957161238535186,0.7765224731217235,0.35881262296805605,-0.051326416795363,0.020936117234759077,-0.07508397132666218,-0.0026039218783156285,0.00015509975924876527,0.0024333655903014282,-0.0004622999087368992,-0.0006106215801275264,-0.0009068610361518652,0.027565591245137498,-0.0031662110570108938,-0.009189463812119814,0.0005521801567289658,0.002209045859812962,-0.0005407764445243513,6.0667352989800145
1781506192.2697465,0.01756680014513489,0.7759624835995294,0.3567684683897114,-0.05128521449691683,0.020789840946054072,-0.07498075385738895,0.011957161238535186,0.7765224731217235,0.35881262296805605,-0.051326416795363,0.020936117234759077,-0.07508397132666218,-0.002747682661175188,0.00018057960629317012,0.0026874849061343424,0.0008294222104280779,-0.0009350524248090306,0.00013155336779649754,0.027700864378133648,-0.003467166890573512,-0.009910727398260061,5.766444322258206e-05,-0.0010675510099720524,0.0009646908815863415,5.9966828219918265
1781506192.27976,0.017525423328004736,0.7759671379919951,0.3568235871291958,-0.05118881898606683,0.02076429395690127,-0.0749070780327834,0.011957161238535186,0.7765224731217235,0.35881262296805605,-0.051326416795363,0.020936117234759077,-0.07508397132666218,-0.0028282740288066975,0.00019874601646354138,0.0028574319078658434,0.0017745657175542709,-0.0011525399313363157,0.0009059975717987872,0.026739365612329088,-0.0033521095084396513,-0.009964474764291499,-0.0006921276907672736,-0.00517644975529453,0.0024340111828618657,5.938872230617921
1781506192.2897375,0.017491558768127146,0.7759710412847246,0.3568692020049589,-0.05110939074219424,0.020743816026061346,-0.0748459975062113,0.011957161238535186,0.7765224731217235,0.35881262296805605,-0.051326416795363,0.020936117234759077,-0.07508397132666218,-0.0028571335113758874,0.00021081120899634994,0.0029576542345816467,0.0024341575956939128,-0.0012839458441391365,0.0014614600880518496,0.023674649727944686,-0.0023270089112758688,-0.00853037258408363,-0.0001409610642871855,-0.005007602901810456,0.0016917053240135078,5.891563300705082
1781506192.2997324,0.01746415574380305,0.7759742907548159,0.3569066070361019,-0.05104484933614935,0.02072769793295315,-0.07479602557718774,0.0133873826130394,0.7763690207296592,0.35833215319419276,-0.051292446067994504,0.02090105575550516,-0.07505443204135058,-0.00284409834654147,0.00021782562957214276,0.00300063354548565,0.002861739841614287,-0.0013472572867481603,0.001837643189866941,0.02065592456816271,-0.002150484754512088,-0.008021101327626175,-0.0012113313585960365,-0.0028747069672897226,0.001081198495088583,4.336827499636553
1781506192.3097215,0.01744228749018874,0.7759769728699111,0.3569369468970138,-0.05099322856560917,0.020715288648183394,-0.074755744390268,0.0133873826130394,0.7763690207296592,0.35833215319419276,-0.051292446067994504,0.02090105575550516,-0.07505443204135058,-0.0027975964523118155,0.00022069654619060784,0.0029971151086186153,0.0031037805587232686,-0.0013578152104014645,0.0020692016457024183,0.019410489250925332,-0.001870934295369107,-0.007281675263649528,-0.00041925309574177504,-0.0014095145810856476,0.0008256141093003788,4.306106791377855
1781506192.3197296,0.01735746528077925,0.7759854784908162,0.3569445318367429,-0.051026199097091635,0.020634733327614896,-0.07470156564566349,0.0133873826130394,0.7763690207296592,0.35833215319419276,-0.051292446067994504,0.02090105575550516,-0.07505443204135058,-0.0031404593238646278,0.00022813190653361907,0.0028222509970467625,0.0023928930575078692,-0.00211805504465332,0.0023890588673182427,0.020330838488729474,-0.001925052801267721,-0.007633281385877239,-0.0006959891572231049,0.0007776527052441092,-0.0005511743178116074,4.223050327585026
1781506192.3297513,0.017286573388838274,0.7759925235435587,0.35694928473290954,-0.05105617803598815,0.02056881235627439,-0.07465828380714477,0.0133873826130394,0.7763690207296592,0.35833215319419276,-0.051292446067994504,0.02090105575550516,-0.07505443204135058,-0.0033759076237765235,0.00023121015130210456,0.002646113997179713,0.001794744897402632,-0.002629690796959602,0.002563334439044532,0.020221949002735665,-0.0015660496294310118,-0.006462703847949434,0.0007630526736107274,0.0014422129078729353,-0.0007683132967632612,4.154246504292731
1781506192.3397274,0.01722777028905761,0.7759982896698532,0.35695169335468363,-0.051083093863446206,0.02051566037824437,-0.07462435194585237,0.0133873826130394,0.7763690207296592,0.35833215319419276,-0.051292446067994504,0.02090105575550516,-0.07505443204135058,-0.003522143020360516,0.0002307516161783052,0.002471186991395657,0.0012974425169971888,-0.0029410533917396007,0.002623757097621582,0.017384280469760233,-0.0013639497547052678,-0.0053387255212012244,0.0016153457894355747,0.0001389257211080984,0.0017282174502554091,4.097766268263114
1781506192.3497486,0.0171794206725107,0.7760029448326515,0.3569521841914657,-0.05110697711373992,0.02047353031181487,-0.07459835497239646,0.014394083988465367,0.7762765895176903,0.35797337815122077,-0.051289950628101634,0.020919202195278208,-0.07503779781123515,-0.003594907742338302,0.00022745965921621786,0.002299447839154973,0.0008893137816083053,-0.0030938369941038222,0.0025972173573887746,0.014598672764226215,-0.0012492950350200763,-0.0043523954878467745,0.0018411816123544214,-0.0020733299211380986,0.0031506271138324006,2.979231270072683
1781506192.359766,0.01717587981596416,0.77600196826652,0.3569842252339948,-0.05104468117041842,0.020501577598462717,-0.07483474809659324,0.014394083988465367,0.7762765895176903,0.35797337815122077,-0.051289950628101634,0.020919202195278208,-0.07503779781123515,-0.0033903513698158878,0.00031872453134027684,0.002367585691639755,0.001525087783038605,-0.0023184782842558807,-0.0002475099644021514,0.013589054446544908,-0.0011556695172884,-0.0033318156623067855,0.003097568980192492,-0.0037110506974945244,0.00353882643659086,2.965169194353104
1781506192.369777,0.01717480155009476,0.7760013140960365,0.3570102996991459,-0.05099369038983704,0.02052731532288754,-0.07503345681499789,0.014394083988465367,0.7762765895176903,0.35797337815122077,-0.051289950628101634,0.020919202195278208,-0.07503779781123515,-0.003183179811465681,0.000387950957012732,0.0023922852155957904,0.0019596804600696587,-0.0016740808844405812,-0.00237220265490214,0.013888582185125311,-0.001411761703251378,-0.0037702240325583124,0.002117976753213025,-0.003797643500490688,0.003720996948441665,2.955619532377565
1781506192.3797388,0.017175705468819944,0.7760009899230144,0.3570312693320529,-0.050952564830749975,0.02055061587744178,-0.07519849064560374,0.014394083988465367,0.7762765895176903,0.35797337815122077,-0.051289950628101634,0.020919202195278208,-0.07503779781123515,-0.002976533926144155,0.00043860834044721247,0.0023818006475716043,0.0022316451728648444,-0.0011454433458424201,-0.003899236652566115,0.013659653705935904,-0.0012568401409918167,-0.003473058343215922,0.0025755612454727906,-0.0024932873630904412,0.0019050393444019183,2.9497359583036165
1781506192.3897352,0.017178181719384227,0.7760009772076027,0.3570478881236679,-0.05091995570666833,0.020571450861193386,-0.07533377559855955,0.014394083988465367,0.7762765895176903,0.35797337815122077,-0.051289950628101634,0.020919202195278208,-0.07503779781123515,-0.002772928450206048,0.00047371711482129843,0.0023432040852331354,0.0023743186250267372,-0.0007180080563479558,-0.004936664293003292,0.01207068362153453,-0.0010247271882019692,-0.003091657209864034,0.0024014059592576014,-0.0023061708160127896,0.0010315561147776525,2.9468108374782327
1781506192.3997421,0.01718188224987872,0.7760012406265413,0.35706081427707786,-0.05089461945489982,0.020589866914223487,-0.07544306762694492,0.015093093073483832,0.7762159612021032,0.3577894971650485,-0.051153855660211515,0.02073424698638915,-0.0748910108837347,-0.0025743436214085503,0.0004958990194631843,0.0022825290262304585,0.0024162167373830835,-0.0003780980451310106,-0.005578847867099315,0.009579361825929798,-0.0006481412319390879,-0.0022218231242043976,0.002754151586144809,-0.0027023088187076347,0.0009393095323170402,2.2226389495856704
1781506192.4097564,0.017186512987905595,0.7760017352552674,0.35707062102193055,-0.05087542538604738,0.020605965548585292,-0.0755298924421249,0.015093093073483832,0.7762159612021032,0.3577894971650485,-0.051153855660211515,0.02073424698638915,-0.0748910108837347,-0.002382305504761613,0.0005074225128836864,0.002204898757463244,0.0023814631218018354,-0.00011307036804421154,-0.005907309102709805,0.008382200095435553,-0.0005907351129609484,-0.002414581440606337,0.0017328623449646187,-0.0022942390905499274,0.00012166725456919107,2.223754168863875
1781506192.4197936,0.017153963173651688,0.7760052494944644,0.3570744689204953,-0.050951804505734055,0.020617597881618543,-0.07542145984688609,0.015093093073483832,0.7762159612021032,0.3577894971650485,-0.051153855660211515,0.02073424698638915,-0.0748910108837347,-0.0024450736639118724,0.00043197054344226276,0.0020937021491283766,0.0012632354695427017,-3.42629342279066e-05,-0.0040739652881997546,0.00887670555370835,-0.0009092797569879845,-0.0031832366553921063,0.0009993123460164397,-0.0013609787034501394,-0.0015356971659988051,2.191540641651606
1781506192.429797,0.017127390419952506,0.7760081333803467,0.35707661431447596,-0.05101712809438757,0.020627609517500867,-0.07532652402856027,0.015093093073483832,0.7762159612021032,0.3577894971650485,-0.051153855660211515,0.02073424698638915,-0.0748910108837347,-0.0024644806909341205,0.0003659262226758714,0.001977907165196441,0.0003908062452595263,2.571428287173218e-05,-0.0025887876386136,0.009317083963476143,-0.0008423394557351122,-0.0033160347537629213,0.0004898766701430138,-0.0015496369506012317,-0.0032991217518388736,2.165585384136578
1781506192.4397345,0.01710594722525187,0.7760104163726804,0.3570773704648402,-0.05107238016376488,0.02063613210504589,-0.07524429944143433,0.015093093073483832,0.7762159612021032,0.3577894971650485,-0.051153855660211515,0.02073424698638915,-0.0748910108837347,-0.0024488326584841866,0.00030827095829756644,0.0018598879688112076,-0.00027357354056588344,6.994302077100332e-05,-0.0014051323969506506,0.008379496523864114,-0.0009377361124167111,-0.0033705299997723293,-0.0002317905400229548,-0.00016324600090745594,-0.0044427587131596865,2.14498367134619
1781506192.4497364,0.017088889554036528,0.7760121430310847,0.35707700530515946,-0.05111857367876117,0.02064330509517398,-0.0751738495758963,0.015529642158923773,0.7761757750768414,0.3576402957737684,-0.051092980258513956,0.020675792496196,-0.0749753408361941,-0.0024052416418902716,0.0002580807539035439,0.001741578657434331,-0.0007638828691849324,0.00010116287238851903,-0.00047979749876043585,0.0076084217498863255,-0.0008158896354380772,-0.003198186187362879,-0.00024857238878027205,0.0007828376704353026,-0.0056694749472513415,1.6659303819758235
1781506192.4597547,0.017075565635854283,0.7760133673711528,0.3570757471748907,-0.05115671556520115,0.02064926999891159,-0.07511415044591659,0.015529642158923773,0.7761757750768414,0.3576402957737684,-0.051092980258513956,0.020675792496196,-0.0749753408361941,-0.002339771090265991,0.00021451926009809897,0.0016245355486338786,-0.00111034586872314,0.00012178221533689244,0.0002266578207427148,0.007440661165430945,-0.0006351301868477752,-0.0024050901414723073,0.0011094204889290872,0.0016386340638494066,-0.006570216905273619,1.653774706508328
1781506192.4697855,0.017091786697197055,0.7760202188166551,0.3570612515768003,-0.051176399953299076,0.020668119239404037,-0.07510159076294494,0.015529642158923773,0.7761757750768414,0.3576402957737684,-0.051092980258513956,0.020675792496196,-0.0749753408361941,-0.0020914325704346664,0.00023427163977481974,0.0014347266735015942,-0.0012068843833676196,0.00030695353684584203,0.00034934472564415286,0.0070991475382836695,-0.0005054956872465601,-0.0022401189393881056,0.0009209705739238511,0.0014432473550124961,-0.005008581454113448,1.6732559548923247
1781506192.4797952,0.017106820784277606,0.7760258703068481,0.3570480661132289,-0.05119185424925129,0.020683675206282226,-0.07509133315476005,0.015529642158923773,0.7761757750768414,0.3576402957737684,-0.051092980258513956,0.020675792496196,-0.0749753408361941,-0.001865572499736961,0.00024715986032904704,0.0012641737607072842,-0.0012461816017889898,0.00043729354314525854,0.00043170807054285557,0.007453438534393968,-0.00034800586712266943,-0.001654144910132496,0.0009516122749504937,0.0004953750302641238,-0.0035170573040011993,1.6913603481110815
1781506192.4897516,0.01712070903516222,0.7760304853516187,0.3570361026777093,-0.05120371610018231,0.020696337779186003,-0.07508308112910356,0.015529642158923773,0.7761757750768414,0.3576402957737684,-0.051092980258513956,0.020675792496196,-0.0749753408361941,-0.0016606194009408607,0.0002543744113845114,0.0011112400960828631,-0.001241514212235408,0.0005229826512984741,0.00048160364858111974,0.006442459623240278,-0.00045744580779334346,-0.001164526318748073,0.0008517956609030169,-0.0005173619556026896,-0.001191103815329832,1.7081136397335914
1781506192.4997315,0.017133500058687405,0.7760342099868095,0.35702527371861514,-0.051212561597023046,0.020706485788124063,-0.07507655765405973,0.015887449446806645,0.7761512313960588,0.3575454049693126,-0.051048236335659525,0.020722606876377725,-0.07518863993150587,-0.0014750468217524233,0.0002569428772028897,0.0009743885156714873,-0.001204033411584124,0.0005728708922925655,0.000505806315981393,0.005696531005550258,-0.0006038138642821053,-0.0014680404706288372,-0.00043487311441597724,-0.0004143447864470512,-0.0001359129058973626,1.3553127519296766
1781506192.5097415,0.01714524761645894,0.7760371739558714,0.35701549352335155,-0.051218904941691325,0.020714471918662047,-0.07507150785805244,0.015887449446806645,0.7761512313960588,0.3575454049693126,-0.051048236335659525,0.020722606876377725,-0.07518863993150587,-0.0013073837963896771,0.00025574904545874646,0.0008521812491814467,-0.0011429926010733736,0.0005945692412371647,0.0005100955618701351,0.005292388563929555,-0.0006156872750768507,-0.0011335390594252805,-0.00043548014605506526,0.00039381068782584774,0.00047467623060190394,1.3696245747661258
1781506192.5197198,0.01712798721017706,0.7760282299402081,0.35704020672958914,-0.05113103577519423,0.020714720901968686,-0.07505166273999063,0.015887449446806645,0.7761512313960588,0.3575454049693126,-0.051048236335659525,0.020722606876377725,-0.07518863993150587,-0.0013326495174663163,0.00020079414013922866,0.0009549352309694515,-6.342734264841898e-05,0.000521425108562018,0.0006708699715731135,0.0052820316628177455,-0.000689736458057509,-0.0013811261540253058,-0.00041735436875802763,-0.0002366926319259965,0.001530445101353995,1.3450979748364509
1781506192.5297458,0.017113893583337935,0.7760204593825168,0.35706090927590783,-0.05105708418615265,0.020714419070611667,-0.07503556187900962,0.015887449446806645,0.7761512313960588,0.3575454049693126,-0.051048236335659525,0.020722606876377725,-0.07518863993150587,-0.0013360461375069514,0.000154133551914499,0.0010253233698728974,0.0007471899674110199,0.000452345113596266,0.0007729713356354092,0.004533853926262022,-0.0006393587356480013,-0.001903394069696458,-0.0015737655214393643,-0.000440118395372997,0.002794389059318453,1.3251424891254326
1781506192.5397892,0.017102523413801717,0.7760137431737854,0.35707812700485575,-0.05099558482282491,0.020713713167750614,-0.07502270728478282,0.015887449446806645,0.7761512313960588,0.3575454049693126,-0.051048236335659525,0.020722606876377725,-0.07518863993150587,-0.001321843791741773,0.00011472265580237806,0.0010688371898606185,0.0013341050214720975,0.00038820183679007567,0.0008283156596022126,0.004280465204678452,-0.0005649154685265985,-0.0017681093482779882,-0.0010050048462414342,-0.0002245661241827654,0.002831274756338089,1.3090670160843465
1781506192.5497332,0.01709348589934638,0.776007968678601,0.35709232656406675,-0.050945098893079944,0.020712724114036574,-0.07501263693932805,0.016142863659222906,0.7761207162579974,0.3574675864005097,-0.05108236507232846,0.020712690223695818,-0.07510828813099374,-0.001293693426857345,8.163099395258077e-05,0.0010902256638491126,0.001737342192099728,0.00032951376865444313,0.0008471112015353204,0.0040375319176737005,-0.0003930426582429642,-0.0017608165000821121,-0.0011711305332784273,1.404036302543821e-05,0.0023320779439191396,1.028209416862292
1781506192.5597715,0.01707857138168957,0.7760061252777456,0.3570943096217947,-0.05095941503819066,0.020673899888114855,-0.0750367181260632,0.016142863659222906,0.7761207162579974,0.3574675864005097,-0.05108236507232846,0.020712690223695818,-0.07510828813099374,-0.0012948979335680201,6.876267111709873e-05,0.001017937737967651,0.0013968820033737543,-0.00011639155696433433,0.0004705505819384309,0.003809095908586617,-0.00046318588070037273,-0.00213976979327016,-0.0016166891996077092,-0.0008122135187614502,0.002234970914167798,1.0139110356272065
1781506192.5697212,0.017074378094676664,0.7760125609848108,0.35709030677656284,-0.05104972662103755,0.020647619795260086,-0.07494707182232135,0.016142863659222906,0.7761207162579974,0.3574675864005097,-0.05108236507232846,0.020712690223695818,-0.07510828813099374,-0.0012341477542420216,4.2539070815260984e-05,0.0009179290460559141,0.0002382769492514853,-0.000440229533038551,0.0013817474534831673,0.004333616613572809,-0.00043996092561557354,-0.0021637223198466217,-0.0010209452925951951,8.716932643467826e-05,0.000621381543058731,1.010819776825861
1781506192.57973,0.017071485714627337,0.7760178254656459,0.3570863215854804,-0.05112593370939349,0.020625861853088123,-0.07487295740801665,0.016142863659222906,0.7761207162579974,0.3574675864005097,-0.05108236507232846,0.020712690223695818,-0.07510828813099374,-0.0011697412361068177,2.0948455310964455e-05,0.0008260136601212614,-0.0006363489842081432,-0.0006708132523008735,0.002026656371857437,0.004766966395794578,-0.000160055260516516,-0.00152446803538963,0.0005990812002493026,0.001171096337598671,-0.0011074339292677256,1.009102718316407
1781506192.5897288,0.017069676285082235,0.776022049673094,0.357082397370662,-0.05118948637004772,0.0206080863041056,-0.07481250964231947,0.016142863659222906,0.7761207162579974,0.3574675864005097,-0.05108236507232846,0.020712690223695818,-0.07510828813099374,-0.001103215603320331,3.3506506388553066e-06,0.0007417600242079467,-0.0012742580529191245,-0.0008252147219885867,0.0024543912901740105,0.004316882378742399,-0.00017131698492699754,-0.0015299948300874968,0.0008243275463402974,0.0003784947749609152,-0.0008196807177962839,1.008507475006394
1781506192.5997303,0.01706876029230645,0.7760253633132085,0.35707856964602147,-0.05124181757357242,0.02059378004521184,-0.07476395677799592,0.016357191086742717,0.7761000729538083,0.3573670355012479,-0.051109404756038146,0.020734222997192076,-0.07508471456728566,-0.0010358317495002382,-1.0818850640639149e-05,0.0006647246146285455,-0.0017173418609386071,-0.0009183103063743193,0.002707696412174918,0.0038616679407521256,-0.0004718153713406593,-0.0014837501784758765,0.000793265103527779,0.00047383010396043977,-0.0005636941651385467,0.7714433319023899
1781506192.6097565,0.017068573631498326,0.7760278911900287,0.35707486688805956,-0.05128430824015332,0.020582463941158258,-0.07472564563033936,0.016357191086742717,0.7761000729538083,0.3573670355012479,-0.051109404756038146,0.020734222997192076,-0.07508471456728566,-0.0009686127607228766,-2.2056660029489017e-05,0.0005944599202174889,-0.002002321273790189,-0.0009629241492621134,0.0028233732432934333,0.003504065510855283,-0.0002335143912990456,-0.0008286260408223926,0.0013847190887671655,-0.0004644093929085982,0.0003490695867131998,0.7724233492960261
1781506192.619729,0.017074729293816936,0.7760214721517877,0.35707131923764407,-0.051267621919146564,0.02063725448832643,-0.07483848144555451,0.016357191086742717,0.7761000729538083,0.3573670355012479,-0.051109404756038146,0.020734222997192076,-0.07508471456728566,-0.0008811273424003351,-1.1390051176343575e-05,0.0005546761311859291,-0.001576264929377909,-0.00019727626205143245,0.0013158544468492442,0.0030268079185874,-0.00016118088883583607,-0.00048609854454010097,0.0012260393825211432,-0.0010806052426985896,0.0020170341814828734,0.780055942384495
1781506192.629764,0.017080455528186357,0.7760159616530434,0.3570680214133834,-0.051252169493884725,0.020683459200350418,-0.07493460144477537,0.016357191086742717,0.7761000729538083,0.3573670355012479,-0.051109404756038146,0.020734222997192076,-0.07508471456728566,-0.0007997316192372397,-2.6828604471648135e-06,0.0005157104636630775,-0.001213886034562342,0.00038180452385116895,0.00015030742503251452,0.0029097484114130358,-0.000310401931864175,-0.0006804395152187239,0.0001140208174848859,-0.0021264809564493755,0.0028422592424365042,0.7871439435799353
1781506192.6397376,0.01708575620699687,0.7760112903966333,0.35706497899067924,-0.051238063764042614,0.020721965817849464,-0.07501556591640866,0.016357191086742717,0.7761000729538083,0.3573670355012479,-0.051109404756038146,0.020734222997192076,-0.07508471456728566,-0.0007242559063143087,4.341033069944369e-06,0.00047789529669499923,-0.0009091384586974674,0.0008052441815344599,-0.0007271085968207864,0.0025453601764898167,-0.00038096520878196994,-0.0007996885589030249,-0.0003914853133197602,-0.0014127011698233493,0.002601803485003207,0.7936797921620474
1781506192.649748,0.017090642433704638,0.7760073821614099,0.3570621892602946,-0.051225352527889845,0.020753650241130517,-0.07508295876429982,0.016510580873150604,0.7760846554930346,0.3573250435054913,-0.051075677786224426,0.0206854982039959,-0.07499506633723874,-0.0006544889725932121,9.92462091480837e-06,0.000441482877246041,-0.000655914347173929,0.0011004752447432,-0.001364621354136426,0.002299026617508659,-0.00046927105264589296,-0.0010747602719397883,-0.0012841150578574918,-0.0012130440088540236,0.0024508231745647576,0.6415098877107942
1781506192.659765,0.01709513047562702,0.7760041578058932,0.3570596436365628,-0.051214033565139344,0.020779355527785537,-0.07513833822926563,0.016510580873150604,0.7760846554930346,0.3573250435054913,-0.051075677786224426,0.0206854982039959,-0.07499506633723874,-0.000590188911438401,1.4281220307193086e-05,0.0004066579281716954,-0.0004482268284601461,0.0012915617203946412,-0.0018049328627792976,0.002233397945172971,-0.0006472002744976702,-0.0010783835476288425,-0.0010683708259048756,-0.0008056881890630207,0.001817407381448241,0.6470047958228345
1781506192.6697283,0.017083005646101275,0.77600472780904,0.3570703407929948,-0.05119718370929923,0.020746741686775705,-0.07513531616317624,0.016510580873150604,0.7760846554930346,0.3573250435054913,-0.051075677786224426,0.0206854982039959,-0.07499506633723874,-0.000620181354490885,2.023663150066317e-05,0.00043621895928356924,-0.0002159748009687026,0.0007933205400618554,-0.0015931691656987101,0.0021735241794637304,-0.0004986390927602615,-0.0010055470393703658,-0.001190313032960549,0.00020725986728538845,0.0015488257463803896,0.631610661016306
1781506192.679715,0.01707294415364067,0.7760052968128919,0.3570792835396918,-0.051182782065478674,0.020718657999332146,-0.07513127618846753,0.016510580873150604,0.7760846554930346,0.3573250435054913,-0.051075677786224426,0.0206854982039959,-0.07499506633723874,-0.000636400155076602,2.4761057050067045e-05,0.0004544224242828298,-3.604207228876814e-05,0.00039829119552491006,-0.001390892142698818,0.0024179647536606936,-0.0005076799810552862,-0.0009887975531578175,-0.0011484895089845966,-7.635338786882018e-05,0.0006649986635410677,0.618828102260492
1781506192.6897848,0.01706467444063381,0.7760058540941348,0.35708669400264026,-0.05117060908443905,0.020694737283383224,-0.07512658405504818,0.016510580873150604,0.7760846554930346,0.3573250435054913,-0.051075677786224426,0.0206854982039959,-0.07499506633723874,-0.000641356336606325,2.8079396677254456e-05,0.00046327768374431307,9.976374364749528e-05,9.140770340149563e-05,-0.0012012601080990167,0.0023110755357817463,-0.0003211232117191642,-0.00094635723756574,-0.0010476066386023593,0.0005598323293211589,-0.00026957068268236437,0.6083089901556471
1781506192.699736,0.017057953836444744,0.7760063909513167,0.3570927724962614,-0.051160439231212905,0.02067459048548459,-0.07512153166645061,0.016624030153554237,0.7760632038334125,0.3572827361379359,-0.051120719838824866,0.02067764803389771,-0.0749482623842896,-0.0006372083900786819,3.038747617400318e-05,0.00046451624964725236,0.00019878894508592348,-0.0001410310824559026,-0.0010262933338373705,0.0020561121606397473,-0.0002505036084381784,-0.0006700598327401806,-0.0007888665867428545,0.001442366493304769,-0.001321534735798553,0.4770782444248661
1781506192.7097905,0.017052566265937767,0.7760069005849614,0.3570976988584039,-0.051152048668011006,0.020657822809618143,-0.07511634760621393,0.016624030153554237,0.7760632038334125,0.3572827361379359,-0.051120719838824866,0.02067764803389771,-0.0749482623842896,-0.0006258044526638436,3.1855300250231205e-05,0.00045962464456295233,0.0002675447601928624,-0.00031132866336106967,-0.0008671040994741506,0.002297398663153155,-0.00023658061152169587,-0.001159970654523627,-0.0010018386184596601,0.0014202656627819406,-0.002418681493859374,0.4701617277273117
1781506192.7197778,0.017064381153022914,0.7760153715531236,0.3570920789394861,-0.051220400397726414,0.02068941127825319,-0.07520883675671458,0.016624030153554237,0.7760632038334125,0.3572827361379359,-0.051120719838824866,0.02067764803389771,-0.0749482623842896,-0.0005192973023890557,0.00010039378414145039,0.0004074262569688686,-0.0004870479065678673,0.00011860330176525141,-0.0017629673059335197,0.0024292257637674895,-0.0004524071677200944,-0.001223523460018032,-0.0010694426846986223,0.0012532861573610935,-0.002927439039903042,0.48223137298544355
1781506192.7297864,0.01707477849489443,0.7760227017328529,0.3570870711038581,-0.05127741197195905,0.020715948844902465,-0.07528500732527722,0.016624030153554237,0.7760632038334125,0.3572827361379359,-0.051120719838824866,0.02067764803389771,-0.0749482623842896,-0.00042721619749881245,0.00015414254774067217,0.00036036028844024185,-0.0010391092097497123,0.0004374868955069602,-0.0023859495516520097,0.0020957194904417933,-6.974463864619528e-05,-0.0005789823814228791,0.00013958937298299634,0.0010366842679837395,-0.0026302003099392453,0.49305100439135524
1781506192.7397316,0.017083900384658825,0.7760290278051937,0.3570826259431917,-0.05132436563341752,0.020737976715899276,-0.0753468655984194,0.016624030153554237,0.7760632038334125,0.3572827361379359,-0.051120719838824866,0.02067764803389771,-0.0749482623842896,-0.0003478826956353986,0.0001953374695469188,0.0003180108617554146,-0.001424308596136055,0.0006644378373180968,-0.0027874187385852904,0.0019217818626456496,-0.0002373271790102011,-0.0008688442884551778,-0.0005015342350632225,0.0005776380145469728,-0.0023308540496965787,0.502685508445951
1781506192.7497215,0.017091878811997346,0.7760344695391365,0.3570786941987772,-0.05136249756334398,0.020756023563799575,-0.07539630665777963,0.016731986111914843,0.7760476336588995,0.3572344179154394,-0.05115704634178386,0.020727035541149075,-0.07506982670519971,-0.0002797878632621424,0.00022593252271352858,0.000279984358471914,-0.0016739395923235172,0.0008162951246731115,-0.003011926482636052,0.0014918450754761265,-0.00027568451898125196,-0.0009560539736648056,-0.0008791357688688466,0.0004397684907037272,-0.0017961800318488834,0.39235943413266794
1781506192.7597532,0.017098835651449967,0.7760391322290228,0.35707522782643714,-0.051392975572694226,0.020770594244778673,-0.0754350903805055,0.016731986111914843,0.7760476336588995,0.3572344179154394,-0.05115704634178386,0.020727035541149075,-0.07506982670519971,-0.00022157796369302792,0.0002476306155272712,0.00024591001644290884,-0.0018151603681004318,0.0009077310076802663,-0.0030976976948164097,0.001483817458690015,-0.00010638599174654274,-0.00011532702220315938,0.00040684476188021214,-0.000190721307919841,-0.0014439047670647166,0.39999042914004296
1781506192.769798,0.017088333267499926,0.7760290879436315,0.35708144904616484,-0.05138212125038905,0.020775580089909207,-0.07536561911734072,0.016731986111914843,0.7760476336588995,0.3572344179154394,-0.05115704634178386,0.020727035541149075,-0.07506982670519971,-0.000277013233546071,0.00014338340417931916,0.0002718636420059235,-0.0015142609476106737,0.0008240537735448065,-0.001999468284461104,0.0013602955956209326,-1.1403129744889853e-05,-0.0002437752289352576,-2.9493415377333424e-05,-0.000497846367121482,-0.001148442537019787,0.388235384548503
1781506192.7798104,0.017079438658413437,0.7760203787107864,0.35708668485521367,-0.051371562616970165,0.02077911101823715,-0.07530531475402814,0.016731986111914843,0.7760476336588995,0.3572344179154394,-0.05115704634178386,0.020727035541149075,-0.07506982670519971,-0.00031800514094596123,5.7879728367672876e-05,0.0002892537274317138,-0.0012473605339977224,0.000738796687044948,-0.0011218708903122055,0.0015419860117439526,-0.00016970410064238146,-0.00032427519883630875,-0.00027230404319571633,-0.00034412575063018955,-0.0013612366151731776,0.3785381900795077
1781506192.7897677,0.017071948303480602,0.7760128339158379,0.35709106133445323,-0.051361514579105254,0.020781455260436843,-0.07525352956014053,0.016731986111914843,0.7760476336588995,0.3572344179154394,-0.05115704634178386,0.020727035541149075,-0.07506982670519971,-0.000346882895647897,-1.1493721941929544e-05,0.0002995488827052159,-0.001013239521799648,0.0006546905865030381,-0.0004336079289390903,0.0017855425724679769,-6.267807144442823e-05,-0.0003207817549592687,-0.0003977645244460016,-0.00044158166891503667,-0.0018900066674038135,0.37058929170093313
1781506192.7997558,0.017065681292454934,0.7760063064569337,0.3570946904445692,-0.05135212417434742,0.020782846274485678,-0.07520954501525895,0.016731986111914843,0.7760476336588995,0.3572344179154394,-0.05115704634178386,0.020727035541149075,-0.07506982670519971,-0.0003656698233249149,-6.703922821958016e-05,0.00030401796846288927,-0.0008100870141441581,0.0005737498408682227,9.3953445850146e-05,0.0013596097161230351,-0.0001951938675600335,-0.0003830459012555358,-0.0007511562914239226,0.0007472954118731725,-0.0018605479171516942,0.3641211024560276
1781506192.8097377,0.017048201918222792,0.7759758605294172,0.3565984382204612,-0.05134348356406983,0.020783485069573837,-0.07517260922669354,0.01680540371512057,0.776041104451112,0.3572150404514401,-0.051172649799003975,0.02072280254721881,-0.07514491090264645,-0.000376118056530441,-0.00011078021431027617,0.0003037534141743534,-0.0006356986051967395,0.0004973969167799618,0.0004866657165556474,0.001125406071698853,-0.00026028400987638254,-0.0006904626880410993,-0.0013479413525225876,6.710261158490355e-05,-0.0014045551410112648,0.6658874139041012
1781506192.8197408,0.017042624648103664,0.7759557812957777,0.35609509416532187,-0.051273548462075456,0.020799836236423674,-0.07520166653384944,0.01680540371512057,0.776041104451112,0.3572150404514401,-0.051172649799003975,0.02072280254721881,-0.07514491090264645,-0.0003116983067862931,-4.073407335525562e-05,0.0002631639060813527,0.0002037541898864964,0.0006377400520812889,0.0001259597554295563,0.0013293898567778197,-4.277797814226048e-05,-0.00031563740475562665,-0.0006320892138888839,0.0003929978643089427,-0.0017597275339485733,1.147969292129178
1781506192.8297405,0.017036222525927337,0.7759352088928014,0.3555922354990603,-0.051214916082638534,0.0208129998039166,-0.07522619074280479,0.01680540371512057,0.776041104451112,0.3572150404514401,-0.051172649799003975,0.02072280254721881,-0.07514491090264645,-0.00025603432716472097,1.6013230109436243e-05,0.0002272451848122637,0.000827151314325731,0.000725437048289117,-0.00014775094876851328,0.0012017214170580845,-0.00022494968899373444,-0.0009128349953962244,-0.0015348631203555144,0.0014649496256178333,-0.001777226181586948,1.6425550542251046
1781506192.8397875,0.01704137538301606,0.7759389217811088,0.3555890507640285,-0.05116635731748455,0.02082341439441615,-0.07524664741831867,0.01680540371512057,0.776041104451112,0.3572150404514401,-0.051172649799003975,0.02072280254721881,-0.07514491090264645,-0.00020810456386836327,6.136553792303277e-05,0.00019553117247575485,0.0012716009422189148,0.0007712877407502348,-0.00034878732583892575,0.0013722069148792465,-5.515183785537781e-05,-0.0009278869308528507,-0.0007922580774106392,0.0015040010426567402,-0.001851683054936352,1.6461975548721726
1781506192.849727,0.01703358705967343,0.7759175115588528,0.3550870205283056,-0.0511266755094469,0.02083148395927159,-0.07526349666782185,0.01680540371512057,0.776041104451112,0.3572150404514401,-0.051172649799003975,0.02072280254721881,-0.07514491090264645,-0.00016699094056093667,9.699558936575927e-05,0.00016759443632217654,0.0015698053091967555,0.000784529485036977,-0.0004898687379496752,0.0010327659667675097,-0.00021174095437957743,-0.002262627106062889,-0.0020388752566873774,0.0017850247031022464,-0.000976217769414463,2.143784418966994
1781506192.8597198,0.017025217969055144,0.7758957591007772,0.354585338874122,-0.051094731069741994,0.02083757540887521,-0.07527718192753477,0.01687409942305479,0.7760333281110943,0.3571716450314507,-0.051232831632771425,0.020760423069819067,-0.0752347586336517,-0.00013187008279315354,0.0001243694054827337,0.00014304398289097464,0.001750270266399324,0.000772976082533455,-0.0005821664131656827,0.0007395702792491113,-0.0004060437352492202,-0.004195960016953783,-0.0025904990879432924,0.001696671904994421,-0.0001627590050130292,2.594367280664238
1781506192.869733,0.017017161780382782,0.7758929186184472,0.3545783431419439,-0.05100685753258919,0.02085621833815554,-0.07527653643984339,0.01687409942305479,0.7760333281110943,0.3571716450314507,-0.051232831632771425,0.020760423069819067,-0.0752347586336517,-0.00017850097953687064,0.00012357319628316448,9.491498291001424e-05,0.0025183354753856883,0.0008916286250803576,-0.0005011873999611113,0.0003440042990627386,-0.0005181428745000723,-0.005360229503590652,-0.00038919669382832695,0.0006964024345367528,0.0008922724934642962,2.6010375533292764
1781506192.879761,0.01699800814584047,0.7758660158296388,0.35407310500899497,-0.05093525020635055,0.0208711049969752,-0.0752754907328312,0.01687409942305479,0.7760333281110943,0.3571716450314507,-0.051232831632771425,0.020760423069819067,-0.0752347586336517,-0.00021367322286463183,0.0001213682230445184,5.50756446611516e-05,0.0030248864844487624,0.0009561268513108602,-0.00042679226139625734,0.000811960843628886,-0.00043784207622182543,-0.007546080524527839,0.0008939671908871975,0.00017773258993303997,0.0005210798752877376,3.1055268541534553
1781506192.8897538,0.01697990408456476,0.7758396385407772,0.35356874401226884,-0.05087779067884263,0.020882769639776644,-0.07527417416050333,0.01687409942305479,0.7760333281110943,0.3571716450314507,-0.051232831632771425,0.020760423069819067,-0.0752347586336517,-0.0002392010988304412,0.00011806027110694018,2.2395829161503385e-05,0.0033216282161329506,0.0009782830398744793,-0.0003593669570902846,0.00046834775260971184,-0.00040646578216190843,-0.009284806087296383,0.0027186708501500683,-0.00014242471401704288,0.0007964435708570447,3.609654558274047
1781506192.899788,0.0169627175246181,0.7758137011614636,0.3530651521071223,-0.05083250443603523,0.02089170079022007,-0.07527269095254922,0.01687409942305479,0.7760333281110943,0.3571716450314507,-0.051232831632771425,0.020760423069819067,-0.0752347586336517,-0.0002566632714964798,0.00011390879259200072,-4.122427245912381e-06,0.0034530444362993497,0.0009681068862468155,-0.00029900979918644937,0.0007044511706721157,-0.000307449446128764,-0.011286228258659515,0.002466672947100702,-0.00035386155134697233,0.00031036065931383235,4.11331658184585
1781506192.9097536,0.016946331055657772,0.7757881268038804,0.35256223207840065,-0.05079757882809943,0.020898339325705395,-0.07527112368393915,0.016904764647944936,0.776012737648565,0.3568078283840745,-0.05121968892887013,0.02078082514236823,-0.07521023748810904,-0.00026742925063916395,0.00010913275703534218,-2.535833620201257e-05,0.0034569907084947664,0.0009339834439673928,-0.00024560090706769413,0.0005067573957071402,2.0617490539671995e-05,-0.012782587974659537,0.003224617830560594,-4.2030119019884066e-05,-0.00011156587578323964,4.251736796716305
1781506192.919729,0.016934197139134924,0.7757660161890777,0.35203064981535603,-0.05079219432414281,0.02085281610012757,-0.0753089999659583,0.016904764647944936,0.776012737648565,0.3568078283840745,-0.05121968892887013,0.02078082514236823,-0.07521023748810904,-0.0002363750999030267,0.00013304161410180318,-0.00024935411325163195,0.003147073243059649,0.00035667407997985116,-0.000656886776618756,0.0006588545511119451,-0.0004081828882967185,-0.014556033711525768,0.004063879501405632,0.0011768791819236402,-0.001390939797327877,4.783635942202554
1781506192.929747,0.01692223973504305,0.7757436900928203,0.35150376431988467,-0.050790540779846,0.0208142305758785,-0.07534023754388848,0.016904764647944936,0.776012737648565,0.3568078283840745,-0.05121968892887013,0.02078082514236823,-0.07521023748810904,-0.0002084505488943743,0.00015054923032472217,-0.0004260123395395513,0.002828720599610897,-8.565299587211646e-05,-0.000947062153470387,0.0004585010994398324,-0.00016271495162082514,-0.016180802316932787,0.004173739752121969,0.001565015114655109,-0.001424085680141906,5.310912121561711
1781506192.9397452,0.016910426219940593,0.7757211574208719,0.3509809881650286,-0.05079172830195461,0.02078189941465225,-0.07536564590522696,0.016904764647944936,0.776012737648565,0.3568078283840745,-0.05121968892887013,0.02078082514236823,-0.07521023748810904,-0.00018339218894005706,0.0001626962629814161,-0.0005624308118702989,0.0025127614487920327,-0.0004147333173682213,-0.0011385522582137042,0.00011001493279782083,-0.00015581660316223766,-0.017296812793529032,0.004430435654766205,0.0015388363475215565,-0.001079989931811461,5.834133870667507
1781506192.9497309,0.01689872610851043,0.7756984264129356,0.3504618010349514,-0.05079501228492994,0.020755139437766523,-0.07538599115176181,0.016904764647944936,0.776012737648565,0.3568078283840745,-0.05121968892887013,0.02078082514236823,-0.07521023748810904,-0.00016095224507822905,0.00017038604783196708,-0.0006648173295013063,0.0022072439536448447,-0.0006499528079474931,-0.0012508604310787715,0.0003807948665878589,-0.0005903525581474063,-0.01946052881180979,0.004156800506857309,0.0009838960085772413,-0.0014831935822075992,6.353809182893337
1781506192.9597373,0.01689934725934561,0.7757000422101716,0.3504449901258146,-0.05079977737469488,0.020733286277878182,-0.075401985901063,0.016925769166377502,0.7759968518982774,0.3560100133468807,-0.0510474315281174,0.020841153761828712,-0.07525245027180834,-0.000140898632231093,0.0001744002364275899,-0.0007385865664336136,0.0019179126059472858,-0.000808406173593907,-0.0013007669875362672,0.00017724399604974434,-0.0007575563372829941,-0.021222841382298917,0.0021155550509184733,0.0004345073269270632,-0.000997191497436792,5.572995384811446
1781506192.969757,0.01688778522744041,0.775676942733775,0.3499316530384525,-0.050805521915622015,0.02071570784114818,-0.07541428318489898,0.016925769166377502,0.7759968518982774,0.3560100133468807,-0.0510474315281174,0.020841153761828712,-0.07525245027180834,-0.00012301480149214892,0.00017541289118501327,-0.0007884478875883497,0.001648628569075395,-0.0009050033937428139,-0.0013025527254509818,-4.829721529967242e-05,-0.0011187957325094965,-0.022783527397844942,0.0006072685872732725,0.0008031930027455551,-0.0006699083587859739,6.086891545955584
1781506192.9797275,0.016874509028063762,0.775649533544079,0.3494026064039426,-0.05084404171659536,0.020695872866723697,-0.07537036621307368,0.016925769166377502,0.7759968518982774,0.3560100133468807,-0.0510474315281174,0.020841153761828712,-0.07525245027180834,-0.00011838946107976098,0.00011832879584324955,-0.0009364882477992454,0.0010382358205560229,-0.0010468747287225978,-0.0006926277699840439,0.0002109976062632693,-0.0012167013642598663,-0.024691146279811196,0.0016443427171926323,-0.0003388084633838416,-0.0010448253507982957,6.616727601354739
1781506192.9897237,0.01686151562006448,0.7756224273786504,0.3488782307743779,-0.05087738167492837,0.0206801838148869,-0.07533284087965678,0.016925769166377502,0.7759968518982774,0.3560100133468807,-0.0510474315281174,0.020841153761828712,-0.07525245027180834,-0.00011317624729455341,7.100387067717368e-05,-0.0010434648174819762,0.0005524726565544481,-0.001124517505098534,-0.00021666963555778084,0.0004097622258620729,-0.0013670656528054488,-0.02692440877274213,0.00042829816094100875,-0.0009359492319793007,-0.0012604010889044881,7.141893649485852
1781506192.9997225,0.016848756244897813,0.7755955757206588,0.34835792326893533,-0.05090592785117744,0.020668030398734327,-0.07530113195460957,0.016925769166377502,0.7759968518982774,0.3560100133468807,-0.0510474315281174,0.020841153761828712,-0.07525245027180834,-0.00010755716126056378,3.2113000173030795e-05,-0.0011161209768300866,0.0001733861823303555,-0.0011519109044382872,0.00014588269417947764,0.0003303294700176256,-0.0013540281632629398,-0.0274471829609066,0.001978746641472698,-0.0017090005425143882,-0.0011958642563806327,7.662991329878234
1781506193.0097427,0.016836188521069894,0.7755689420258066,0.34784114941521055,-0.05093010074863778,0.020658858603814334,-0.07527464918012712,0.016938155023442147,0.7759473249928561,0.3548098305764565,-0.05092309756136177,0.020840457987814753,-0.07530794880408771,-0.00010168345140740994,4.85549136150451e-07,-0.001160305004866846,-0.00011539495556266144,-0.0011409044662377748,0.000413539302678032,0.000334641643174559,-0.002520993958424176,-0.029462749011591217,-0.001983846344260419,-0.0019369312331405978,-0.0011042924263598374,6.979691108098069
1781506193.019746,0.016827569591198598,0.775545302431465,0.3473242942436119,-0.05087030980084483,0.02065715818739,-0.0752765673921261,0.016938155023442147,0.7759473249928561,0.3548098305764565,-0.05092309756136177,0.020840457987814753,-0.07530794880408771,-7.062808304343879e-05,2.192107980730287e-05,-0.001200300719303902,0.0005503778412202019,-0.001033735278330366,0.0003465352183499346,0.0004218689278583377,-0.0016835154291895086,-0.028995565018436715,0.0007825393323243797,-0.0014411097327927244,-0.0017279707571976036,7.497139819159607
1781506193.0297306,0.01681852421346953,0.7755216023838846,0.3468105390136893,-0.05082053316659685,0.0206566598263338,-0.07527854724508318,0.016938155023442147,0.7759473249928561,0.3548098305764565,-0.05092309756136177,0.020840457987814753,-0.07530794880408771,-4.480273755397327e-05,3.885118600063431e-05,-0.0012171991762064973,0.0010341533513256234,-0.0009251418923950295,0.00028684291840914153,0.00030795801145469385,-0.002219603663875487,-0.03165654938164076,-0.0015165812366996264,-0.0013323895179740552,-0.0013079147127285384,8.011505275330132
1781506193.0397243,0.016809093597035297,0.7754978496180548,0.34629945945629953,-0.05077962243685255,0.020657075794443314,-0.07528051895842022,0.016938155023442147,0.7759473249928561,0.3548098305764565,-0.05092309756136177,0.020840457987814753,-0.07530794880408771,-2.3503147364764666e-05,5.1949936746639953e-05,-0.0012153416542568772,0.0013683222442152703,-0.0008184536487436773,0.00023426373329094984,2.116216991529603e-05,-0.0019259235716772639,-0.03226977435268576,-0.0006097268784954873,-0.0012510369372202232,-0.0008132981108813054,8.523209581322083
1781506193.049712,0.016811509148434718,0.7754985628592235,0.3462899308654496,-0.05074647446502316,0.020658165468972145,-0.0752824305127562,0.016938155023442147,0.7759473249928561,0.3548098305764565,-0.05092309756136177,0.020840457987814753,-0.07530794880408771,-6.106599460059339e-06,6.180700372988602e-05,-0.0011984508727249182,0.0015812488832420161,-0.0007161130232177487,0.0001884539252950328,0.00011932856834562084,-0.0016804186571707904,-0.031854653588014294,0.0012590727602335451,-0.0009018130448209073,-0.001116651478416666,8.53265009922789
1781506193.059728,0.01680141903781874,0.7754747011241532,0.3457831244339188,-0.05072005021371237,0.02065973011076605,-0.0752842446086483,0.016950943817261144,0.77585016591858,0.35324625101292506,-0.05091712240208531,0.02077802888652469,-0.07537457580244052,7.936258959688504e-06,6.893683497223856e-05,-0.001169705817358091,0.0016975044489959759,-0.0006198311211671393,0.00014897051525571725,-7.658545811036239e-05,-0.0009744428939397796,-0.030736485759546673,0.003682014511235441,-0.0009405699750996313,-0.0005575727534140503,7.474061132061417
1781506193.0697215,0.01679104944839023,0.7754507955249805,0.34527799918602514,-0.050699387121303105,0.02066160780551085,-0.07528593598774418,0.016950943817261144,0.77585016591858,0.35324625101292506,-0.05091712240208531,0.02077802888652469,-0.07537457580244052,1.91089282242081e-05,7.378697237997233e-05,-0.001131808698252581,0.001738145440067362,-0.0005307242073859914,0.00011530832435626589,-7.8694563338602e-05,-0.0015704967867574313,-0.032348238155606036,0.0010288353551085345,-0.0008344417532136845,-0.00015208582431926543,7.979855894524308
1781506193.0797815,0.016792740909060792,0.7754387005328672,0.34475868473658716,-0.050793379202764846,0.020670898203725807,-0.07517922279521964,0.016950943817261144,0.77585016591858,0.35324625101292506,-0.05091712240208531,0.02077802888652469,-0.07537457580244052,0.00010155954382000428,8.588545178925089e-05,-0.0011832881521956476,0.0004981988896083772,-0.0004307096803898483,0.0012711112790395641,-0.0001674687836197118,-0.0014419501288458526,-0.035027575511559245,0.0017205248631851446,-8.19584920984769e-05,-0.0001469230516217701,8.499006601893614
1781506193.0897436,0.016792387068692394,0.7754244884336052,0.3442428685839309,-0.0508729157211998,0.02067905660385705,-0.07509065412996084,0.016950943817261144,0.77585016591858,0.35324625101292506,-0.05091712240208531,0.02077802888652469,-0.07537457580244052,0.00016646182188697007,9.450953036556634e-05,-0.0012096210133633453,-0.0004444857273858677,-0.0003439744281388947,0.0021023232693559287,-0.000632795872430711,-0.001412896199144044,-0.03570195283639563,0.0010272273127948598,-0.000928544924262712,0.001108698324905139,9.014834259510945
1781506193.0997434,0.016790237307633973,0.7754084147150416,0.3437300750599677,-0.050939444224514116,0.020686141753996967,-0.07501810484731271,0.016950943817261144,0.77585016591858,0.35324625101292506,-0.05091712240208531,0.02077802888652469,-0.07537457580244052,0.00021645438795180906,0.00010023517739977122,-0.0012154332008854224,-0.0011386387960570187,-0.000269565087868139,0.002667577262892966,-0.0006930290433545619,-0.0012985856832745289,-0.0355275934036847,-1.409571348337752e-05,-0.0005008225597555019,0.0011407872903880468,9.527779147089195
1781506193.1097395,0.016786515695414377,0.7753907197042859,0.34321988298592937,-0.050994405342815526,0.02069222743103105,-0.07495954415808179,0.016932921774638454,0.7757780601356001,0.3515052879562888,-0.050851381450512635,0.020740147629534134,-0.07535429422783277,0.000253844380936806,0.00010356149164604598,-0.0012046982962161511,-0.001627575182587395,-0.00020642943643805356,0.0030180850658678682,-0.00034683475819160885,-0.0014181972134859255,-0.03452704930464569,0.0020343963535628096,-0.00017253326659098098,0.00017466340496351474,8.295746070886072
1781506193.119741,0.01678672260276291,0.7753840770372872,0.34321580489049786,-0.05084193239085882,0.02066916430837007,-0.07495977840495004,0.016932921774638454,0.7757780601356001,0.3515052879562888,-0.050851381450512635,0.020740147629534134,-0.07535429422783277,0.0002461585458710025,8.713205474570208e-05,-0.0011641803932080615,0.00021474568709625263,-0.00043500917673422506,0.0026732276110690368,-0.0004900756126930597,-0.001568234859160107,-0.034480642011122095,0.0023768580240658647,0.00044522320030016265,-0.0002281002531533977,8.300128094050637
1781506193.1297383,0.01677727057786096,0.7753497262280262,0.34271394366686436,-0.050868409904166995,0.0206542951826576,-0.07497506494649378,0.016932921774638454,0.7757780601356001,0.3515052879562888,-0.050851381450512635,0.020740147629534134,-0.07535429422783277,0.0002508912790310137,1.871799525364991e-05,-0.0011116885833656453,-9.428726644653831e-05,-0.0005411910970533395,0.0022065069745222372,-0.0006368239049213901,-0.0022356807845783726,-0.03633962495429786,-0.00042690797966454103,0.00039896790405652166,0.0004120395945462364,8.80314896196991
1781506193.1397295,0.01676731576737116,0.775316604252842,0.3422130293813175,-0.05089063549159843,0.020642182145323762,-0.0749899710627764,0.016932921774638454,0.7757780601356001,0.3515052879562888,-0.050851381450512635,0.020740147629534134,-0.07535429422783277,0.0002515115428970941,-3.6440150965798697e-05,-0.0010554633445716253,-0.0003232560996968395,-0.0006059330134391207,0.0017964115148194227,-0.00042669126517379886,-0.0021300593143691693,-0.03702147501648648,-0.0005314750905882633,-1.8983437167938908e-05,0.0011029271054317801,9.305183303165158
1781506193.1497345,0.016756929266293713,0.7752845867612521,0.34171289469490584,-0.05090906685314508,0.020632465665846533,-0.07500418419904173,0.016932921774638454,0.7757780601356001,0.3515052879562888,-0.050851381450512635,0.020740147629534134,-0.07535429422783277,0.00024882256745052336,-8.025789617960577e-05,-0.0009969534401133894,-0.00048596764531867964,-0.000637853859791504,0.0014399686618212866,-0.0005259335259247879,-0.0020008004694480053,-0.03658991117321,-0.0007234823330774033,-2.4597936736978392e-05,0.0019076159940397605,9.806398682480879
1781506193.1597247,0.016758350019590872,0.7752781670664497,0.34171264192391865,-0.050924150799820156,0.020624810784633407,-0.07501748911820066,0.01690672102528107,0.775685956547759,0.3496789452137347,-0.05081929283604796,0.020737726474354456,-0.07530960957767208,0.0002435110955777706,-0.00011441665660439108,-0.0009373508472961947,-0.0005945806518994281,-0.0006443097420943174,0.001133482588511881,-0.00026870788572923965,-0.0018841073850750204,-0.03554768548779741,0.0001447168232853363,-0.0015961346583012925,0.002629407156727911,7.978113456308472
1781506193.1697206,0.016761662760688658,0.7752543937497097,0.3412009214876924,-0.05103943175696903,0.020721620225942594,-0.07504449661513413,0.01690672102528107,0.775685956547759,0.3496789452137347,-0.05081929283604796,0.020737726474354456,-0.07530960957767208,0.000307091475803678,-0.00011336408817816881,-0.0009183536426033013,-0.001782247164177991,0.0004963829519039414,0.0007692090280618249,-0.0007067102126319726,-0.002079234832757213,-0.03567373485401525,-0.0009587131825975803,-0.0005518743910475873,0.0032493470387294655,8.490239964107225
1781506193.179735,0.016759046540453203,0.7752324383556953,0.3406836596537355,-0.05111224363192982,0.020783925173587514,-0.07510420423040218,0.01690672102528107,0.775685956547759,0.3496789452137347,-0.05081929283604796,0.020737726474354456,-0.07530960957767208,0.0003371132795059103,-7.922501618807699e-05,-0.0009501039107992306,-0.0023691382456280715,0.0011546611200152124,6.912426555774837e-05,-0.0006518316949723118,-0.002375873846061567,-0.03654072280838935,0.00022324582502542017,-0.000841321327251745,0.0031634880554497545,9.007921447810952
1781506193.189742,0.016754745388106927,0.775210040152907,0.34016962016757046,-0.05117131236861169,0.02083526408189873,-0.07515443597484281,0.01690672102528107,0.775685956547759,0.3496789452137347,-0.05081929283604796,0.020737726474354456,-0.07530960957767208,0.0003569424099618039,-5.0815224345240844e-05,-0.0009635533924350708,-0.002744022857587357,0.0016162867670512842,-0.0004573143155278959,-0.0005182191606949289,-0.001372353169499862,-0.037247043141140565,-0.0001798690084342085,-0.0021349161713174712,0.003301255398729899,9.522439595124254
1781506193.1997817,0.016748990134754543,0.7751872727664276,0.33965836512149805,-0.05121846639876536,0.020876981854265342,-0.07519619196191248,0.01690672102528107,0.775685956547759,0.3496789452137347,-0.05081929283604796,0.020737726474354456,-0.07530960957767208,0.000368337880766528,-2.7364725696820305e-05,-0.0009621410753622841,-0.002949797400848367,0.0019179298014697986,-0.0008392364718014454,-0.0005651716507471611,-0.0022407162647229456,-0.03704152486416037,-0.0032157155475409658,-0.000596896417556199,0.0026766644356983416,10.03422094297903
1781506193.209758,0.016741986412954747,0.775164197573097,0.33914950336213406,-0.05125540196861731,0.020910349389407612,-0.07523045376102122,0.016876716744508746,0.775589615905221,0.3478265967362874,-0.05084444865584527,0.02069860108729027,-0.0751650726908719,0.00037281864384023554,-8.192556109192911e-06,-0.0009488160007796321,-0.0030232314967689107,0.002091445303032647,-0.0011024237433216628,-0.00042513517495993206,-0.001793654927891783,-0.03579601654347796,-0.0010732774624112834,-0.00015167387918735813,0.0018512945154639214,8.688560435614392
1781506193.2197258,0.01673391642737597,0.7751408655149628,0.3386426871606114,-0.05128366983490961,0.020936547370034475,-0.07525816213888195,0.016876716744508746,0.775589615905221,0.3478265967362874,-0.05084444865584527,0.02069860108729027,-0.0751650726908719,0.0003716916893723092,7.30215491538604e-06,-0.0009260965265206211,-0.0029954977437616475,0.0021642087024310408,-0.0012694433056425903,-0.00021040167715610263,-0.0019161154800373778,-0.0358210959579292,0.000882989088220395,0.0009365922654920525,0.00013542952789221758,9.195975420667644
1781506193.2297165,0.016730444346423404,0.7751162394438373,0.3381559768063464,-0.05122268883302617,0.020872173352910917,-0.07519684053684314,0.016876716744508746,0.775589615905221,0.3478265967362874,-0.05084444865584527,0.02069860108729027,-0.0751650726908719,0.00041590845382412313,-5.622022002571563e-06,-0.0008117826488395436,-0.0020166381072616434,0.001191887518391668,-0.0004984399855715149,-0.0001858534220728906,-0.0021280768196896846,-0.03910745302892604,-0.0035613128724523877,0.0006474608941011558,-0.00026251937915277874,9.683303708859178
1781506193.2397647,0.0167255443764814,0.7750915908873712,0.33766793061705064,-0.05116953950733668,0.02081695595181121,-0.07514475390474595,0.016876716744508746,0.775589615905221,0.3478265967362874,-0.05084444865584527,0.02069860108729027,-0.0751650726908719,0.00044613450280576853,-1.592596752333345e-05,-0.0007097284264583049,-0.0012280125289104117,0.00043073102713790906,9.288733782937065e-05,-0.00030838589460064806,-0.0018797048293038327,-0.03940552839209476,-0.001100233171099428,0.0010254112138152137,-0.0013011942843181926,10.171989939308254
1781506193.2497506,0.01673167081045972,0.7750916174997275,0.33767788927999387,-0.051123712482592946,0.020770111264538205,-0.0751010119875126,0.016876716744508746,0.775589615905221,0.3478265967362874,-0.05084444865584527,0.02069860108729027,-0.0751650726908719,0.00046474618629243925,-2.3995900173018712e-05,-0.0006188090568310896,-0.0006035093029915371,-0.0001513709904791443,0.0005334040351377899,-0.00024010029969555015,-0.002132689397336696,-0.039408487448738025,-0.001084515414940732,0.0012676093913066848,-0.001987821096617871,10.16195373775566
1781506193.2597451,0.016724454701102752,0.7750669004481662,0.33718747845443336,-0.051084625764116195,0.020730822672932803,-0.07506471939700594,0.016863049543674957,0.7754882296002712,0.34586060455613765,-0.05093833257219959,0.020732032601826322,-0.07518990874726598,0.0004737983400488685,-3.0170173026725357e-05,-0.0005379804887818498,-0.00011907143915753006,-0.0005833790940548963,0.0008488658613978288,-0.00028415595764991403,-0.002550847103423971,-0.04034484157885494,-0.0038813088537725184,0.0023213684077238103,-0.002311021604038612,8.684459865810041
1781506193.2697887,0.01672357873471795,0.775041254033596,0.3366776497094971,-0.05108857883784063,0.020712172832222153,-0.07507760226321389,0.016863049543674957,0.7754882296002712,0.34586060455613765,-0.05093833257219959,0.020732032601826322,-0.07518990874726598,0.0005196880872457516,-3.0345779732665467e-05,-0.0005786632520192912,-0.00014628782156809732,-0.0007158519044001991,0.0006053689301664656,-0.0006108736342780892,-0.0030123667073344114,-0.041390536169742656,-0.00308324605768964,0.002856743283912132,-0.001888206890636802,9.194884391834135
1781506193.2797167,0.0167208408024868,0.7750157271924653,0.33616958770020855,-0.05109178140891396,0.020697114702102892,-0.0750890266571553,0.016863049543674957,0.7754882296002712,0.34586060455613765,-0.05093833257219959,0.020732032601826322,-0.07518990874726598,0.0005499421685295846,-3.010224024017181e-05,-0.0006039900311556837,-0.00016267679075605046,-0.0007955142746731239,0.0004063543431389459,-0.0006700775621980571,-0.0030925091641289455,-0.04369369676160165,-0.004869751533520267,0.0019100586086565556,-0.0002520717532469879,9.703570969151238
1781506193.2897122,0.016728702622940846,0.7750150017636964,0.3361622946741575,-0.0510943340036515,0.020685159903626404,-0.07509904556652779,0.016863049543674957,0.7754882296002712,0.34586060455613765,-0.05093833257219959,0.020732032601826322,-0.07518990874726598,0.000567261007067973,-2.952530732521687e-05,-0.0006166685225177748,-0.0001705042967137467,-0.0008334270465100541,0.00024611643908619915,-0.00048615594239251797,-0.002658125214808924,-0.04349240655403957,-0.0035167160873383584,-0.0003560541068247932,0.0008541066848939935,9.710777942437684
1781506193.299721,0.01672294747001773,0.7749896924172025,0.3356570797761533,-0.0510963297341137,0.020675857564286915,-0.07510773716082524,0.016863049543674957,0.7754882296002712,0.34586060455613765,-0.05093833257219959,0.020732032601826322,-0.07518990874726598,0.0005739763327399026,-2.8688045447377345e-05,-0.0006190326586706398,-0.00017170254942261838,-0.0008390205213411075,0.0001193187361415446,-0.0003674015142162857,-0.0018509029075728745,-0.04121568503815632,-0.0036298284071878523,-0.0008166403028436866,0.0012731651461524195,10.21665727377112
1781506193.3097603,0.016715988297928225,0.7749644779771889,0.3351529995452374,-0.0510978536071291,0.02066879725522308,-0.07511519633859683,0.016835854942734874,0.7753524244460118,0.34370823806541617,-0.05114916463705659,0.02077185062611453,-0.07520172184341176,0.0005720943529656205,-2.7652407425373463e-05,-0.0006130867513706286,-0.00016790079391260584,-0.000820245162155342,2.104744005994747e-05,-0.0004033474169389781,-0.0015993739668429328,-0.04003521511755833,-0.002420888455562946,-0.002099610488563962,0.002121467194601722,8.564868744607807
1781506193.3197885,0.016707994464363968,0.774939349484322,0.3346498925053672,-0.05109898222922352,0.020663610085076334,-0.07512152793607726,0.016835854942734874,0.7753524244460118,0.34370823806541617,-0.05114916463705659,0.02077185062611453,-0.07520172184341176,0.000563334533789895,-2.6470640946057248e-05,-0.0006005451049732649,-0.00016045666571525485,-0.0007837250156642064,-5.316003397040326e-05,-0.000381012541484615,-0.0015966219674654278,-0.03808023783245723,-0.000854370856113306,-0.00219760278717253,0.0025311229302367954,9.068660513612983
1781506193.3297427,0.016704694758042014,0.7749099657298751,0.33414746555999475,-0.05114140938226029,0.020678070722123465,-0.07517225513704996,0.016835854942734874,0.7753524244460118,0.34370823806541617,-0.05114916463705659,0.02077185062611453,-0.07520172184341176,0.0005827229827404843,-4.184059510809344e-05,-0.0005764656568711761,-0.0005947003072527475,-0.0005122759247112568,-0.0005922372423994259,-0.0005845062845535744,-0.001537132439971157,-0.03841170082344814,-1.4514112235300416e-05,-0.0008600311569671461,0.002242791453817657,9.571903865478186
1781506193.3397484,0.016699797731397785,0.774881286093398,0.333645797661199,-0.05117653823622154,0.02069072926606541,-0.07521440236080647,0.016835854942734874,0.7753524244460118,0.34370823806541617,-0.05114916463705659,0.02077185062611453,-0.07520172184341176,0.0005909038171560759,-5.364901884086204e-05,-0.000549830917209419,-0.0009037874061402298,-0.0002948657035827015,-0.0009799369225371342,-0.00023385882800187768,-0.00041886355331956644,-0.03714004483951756,0.005601821517524988,-0.001786675300064048,0.0012641214791755768,10.074382849608337
1781506193.3497198,0.01669352400860776,0.7748532308627458,0.3331447753411489,-0.05120523701627516,0.020701691429829028,-0.07524896716384386,0.016835854942734874,0.7753524244460118,0.34370823806541617,-0.05114916463705659,0.02077185062611453,-0.07520172184341176,0.0005899838200407563,-6.244871684463688e-05,-0.0005214823472823845,-0.0011106379863900983,-0.00012389614438601459,-0.0012436025193524342,9.124881446433592e-05,-0.0006758292857085805,-0.03654846530849455,0.0035958331385345854,-0.001784219412810593,0.0005282410905233637,10.576209011520515
1781506193.35973,0.016686068623015932,0.7748257257269603,0.3326442981045709,-0.05122833228771436,0.020711082769839573,-0.07527690453860814,0.016822148066510778,0.7752926939816891,0.34178988200216165,-0.05104695676601274,0.02068971238196382,-0.07511964481161426,0.0005817695770045526,-6.872158950126968e-05,-0.0004921171655956642,-0.0012352238397418775,7.597054812532472e-06,-0.0014071166093310846,9.720382868582318e-05,-0.0007957328064484136,-0.03557401180195001,0.003916501777519245,-0.000999241340380069,-0.0003321060479134166,9.158508710141477
1781506193.3697298,0.016677603481407226,0.774798702033512,0.3321442773379012,-0.051246596773819354,0.020719040287037638,-0.07529911144687582,0.016822148066510778,0.7752926939816891,0.34178988200216165,-0.05104695676601274,0.02068971238196382,-0.07511964481161426,0.0005678037919750726,-7.288651094233246e-05,-0.0004623079619501734,-0.0012947610392035525,0.0001059125959952642,-0.001491114948912728,9.335800810330501e-05,-0.0020004055758105904,-0.0379589733979598,-0.0006832815888550426,-0.0005282361960471443,-0.0008228354674148281,9.659327643327439
1781506193.3797336,0.016685306684889097,0.7747763860578507,0.3316655938750575,-0.05114842453714838,0.020730543566953363,-0.0752853561705841,0.016822148066510778,0.7752926939816891,0.34178988200216165,-0.05104695676601274,0.02068971238196382,-0.07511964481161426,0.0006586544634620567,-4.3576941277600146e-05,-0.00029681536413087256,-8.47905943948794e-05,0.00021224123096215362,-0.0011719633825399258,-5.539893692593286e-05,-0.002284725861835423,-0.040067118787694006,-0.001811457424171832,-0.000358525552236238,-0.0012143853812462719,10.138368188054937
1781506193.389749,0.016702053426387198,0.7747785946977345,0.3316834078362462,-0.05106575265619872,0.020740078665045125,-0.07527270091667397,0.016822148066510778,0.7752926939816891,0.34178988200216165,-0.05104695676601274,0.02068971238196382,-0.07511964481161426,0.0007232411225887932,-1.949584154667278e-05,-0.00016020139762266977,0.0008241194475783044,0.0002861052608549606,-0.0009007531124446419,-9.452633905159779e-05,-0.002453614693048267,-0.04074342851555513,-0.0012712664137965609,0.0006682954099670801,-0.002023639691738771,10.120253992003606
1781506193.3997774,0.01671601930591925,0.7747805863960149,0.33169879900028554,-0.05099695762274299,0.02074787805050682,-0.07526121648113489,0.016822148066510778,0.7752926939816891,0.34178988200216165,-0.05104695676601274,0.02068971238196382,-0.07511964481161426,0.000765925359165232,8.285090781227282e-08,-4.850145868135333e-05,0.0014825759757097193,0.0003336214967861006,-0.0006728876436818631,-0.00019125139790093283,-0.0032017395243487553,-0.0421642348824349,-0.002711623992173802,0.0005741864479613615,-0.002250857993579056,10.104626348553555
1781506193.409768,0.016727575442130636,0.7747823783443011,0.33171205123031594,-0.050940443152592704,0.020754163447247675,-0.07525092381629069,0.016817463513511433,0.7751680014822364,0.339787104039927,-0.051115898349661064,0.020677954857960312,-0.07518902104876998,0.000790486066325815,1.5799049766287847e-05,4.1782816165359445e-05,0.00193535256664239,0.00036009459652297586,-0.00048373645034524706,-0.0006958061039166035,-0.0031146571281963917,-0.042023232183986924,-0.004420659608124955,0.0009452751018820665,-0.0016299654196889734,8.084754971419686
1781506193.419716,0.01673705041893569,0.7747839858534818,0.33172341897749835,-0.050894677052465406,0.020759142442355438,-0.0752418059611326,0.016817463513511433,0.7751680014822364,0.339787104039927,-0.051115898349661064,0.020677954857960312,-0.07518902104876998,0.0008001864815448211,2.8215402266837428e-05,0.0001137311773996093,0.0022216265297478666,0.0003700754137129459,-0.0003287702741846304,-0.00044240433740620196,-0.003323101407986355,-0.04195448023943149,-0.0030951424377868905,0.00024652743732466354,-0.0016927154934485943,8.07322432829301
1781506193.4297302,0.01674394874734287,0.7747761636503357,0.3316857321996873,-0.051005323515724024,0.02076407867026675,-0.0751903626779228,0.016817463513511433,0.7751680014822364,0.339787104039927,-0.051115898349661064,0.020677954857960312,-0.07518902104876998,0.0007901154836463814,-5.968293275581418e-05,-0.00013297208439583266,0.0007594950168511433,0.00035473070064338704,0.0002706223990177055,-0.0004686553864754096,-0.0021454539090164826,-0.04174248738912717,0.00018590328648635082,-0.0001966806575163303,-0.001074589704917221,8.111175438935025
1781506193.4397197,0.01674941647318345,0.7747693945261922,0.33165350066933513,-0.05109908907375542,0.02076789733226314,-0.07514732658235469,0.016817463513511433,0.7751680014822364,0.339787104039927,-0.051115898349661064,0.020677954857960312,-0.07518902104876998,0.000772019191477437,-0.0001294891129035017,-0.0003293339482750028,-0.00035682079556924513,0.0003335266697065094,0.0007123174281067169,-0.00033601439000390497,-0.0009613139096577404,-0.039613203231922675,0.0020721532988434684,0.00024150439169419446,-0.0007581974480444449,8.14364916331787
1781506193.4497426,0.016753665199376072,0.7747635348678745,0.3316260572997532,-0.051177639756687904,0.020770773189475955,-0.07511176756124505,0.016817463513511433,0.7751680014822364,0.339787104039927,-0.051115898349661064,0.020677954857960312,-0.07518902104876998,0.0007477097069234003,-0.0001838868816651496,-0.00048279498525231814,-0.001183471819818714,0.00030851206339238877,0.0010237650392292336,-8.880574627861302e-05,-0.0011823622609914621,-0.0369800030445788,0.0006619336561701608,0.00011194928549122907,-0.00038098384226114976,8.171312462653814
1781506193.4597497,0.016756880749977436,0.774758464500747,0.3316028054529642,-0.05124264032746061,0.020772863181466983,-0.07508278408591858,0.016796922787147728,0.7750731766386347,0.33776898838151115,-0.051125033489379815,0.0207157695261857,-0.07524334868655179,0.0007187204641836923,-0.00022522591647913294,-0.0005998718830143975,-0.0017704589982044372,0.0002813264412522831,0.0012290978643170252,-9.689001416305621e-05,-0.0006869656730631778,-0.033593394234664134,0.001899431920844153,0.0004299127859002634,-7.844182144284e-05,6.174338750245092
1781506193.4697502,0.016759225792738267,0.7747540823364442,0.331583212717261,-0.051295709032205525,0.020774306576852863,-0.07505952071376858,0.016796922787147728,0.7750731766386347,0.33776898838151115,-0.051125033489379815,0.0207157695261857,-0.07524334868655179,0.0006863417603526327,-0.00025555794272871725,-0.0006862570874665259,-0.002161806632955279,0.0002532578464405688,0.0013493022279043772,-0.0003701140105195848,-0.00029222295806854005,-0.031516536662714784,0.0034216559050872838,0.0015551391550163692,6.326792878855922e-05,6.194115175350511
1781506193.4797661,0.016774148359784434,0.7747563794704038,0.33162893675248645,-0.051186880393245274,0.020759468315724394,-0.07503846844921512,0.016796922787147728,0.7750731766386347,0.33776898838151115,-0.051125033489379815,0.0207157695261857,-0.07524334868655179,0.000740838374437062,-0.00021702979320563725,-0.00035497245533226435,-0.0007424641751376411,5.221916321193062e-05,0.001423178316763054,-0.00024740712859033266,-0.0007235695802858005,-0.030398610392642925,0.0033456713249106207,0.0008739415839044584,0.0005997120990029347,6.14826098400432
1781506193.4897175,0.01678654110334204,0.7747583957684344,0.33166834901469805,-0.05109469161047735,0.02074687067063885,-0.07502206579567368,0.016796922787147728,0.7750731766386347,0.33776898838151115,-0.051125033489379815,0.0207157695261857,-0.07524334868655179,0.0007751996186973595,-0.0001833504413075572,-8.45281853807542e-05,0.00034132316864005584,-9.984945711695792e-05,0.0014395746149266978,-0.00036529175173436265,-0.0005549940562001496,-0.028164787497091556,0.0029861750288456544,0.0003038514532828668,0.0016244602456879863,6.1087638241719935
1781506193.4997783,0.01679674812540648,0.77476017186509,0.3317021904942139,-0.05101749387268242,0.020736297324470243,-0.07500959570150603,0.016796922787147728,0.7750731766386347,0.33776898838151115,-0.051125033489379815,0.0207157695261857,-0.07524334868655179,0.0007929613367929841,-0.00015399032555016078,0.0001336482717207367,0.001144024503604718,-0.00021106198841492152,0.001412454514355785,-0.00044029881084759744,-0.0014486081178111212,-0.026117801696482118,-0.0006571174572154878,0.0004301323593329863,0.0024936316718611596,6.074866963488405
1781506193.5097368,0.016805072818528596,0.7747617416619786,0.3317311278756704,-0.05095364145901236,0.020727530621447388,-0.07500041330012942,0.016796922787147728,0.7750731766386347,0.33776898838151115,-0.051125033489379815,0.0207157695261857,-0.07524334868655179,0.0007971723419363563,-0.0001284695990839967,0.00030710101468488357,0.0017141457065621367,-0.000288616787545045,0.00135347145611265,-0.0003309084084094636,-0.00207128881667209,-0.024630753835317227,-0.0029588860612758225,0.00035967444801704077,0.002536789249343286,6.045892626873883
1781506193.519794,0.016811782140752445,0.7747631334205113,0.3317557595192051,-0.050901536007425204,0.020720357894824293,-0.07499394546006521,0.016778378427260987,0.7750215696621425,0.3362819502215199,-0.05105526828935389,0.020767104461654418,-0.07517705652876089,0.0007904518408134916,-0.00010635440478014472,0.0004424529382873812,0.0020943968875829556,-0.00033882900928211833,0.0012722291311733878,-0.00022550535518713305,-0.0023764283594901515,-0.023662974614113524,-0.003000721185663548,0.0004560174046182121,0.0020351529802056915,4.533685848488454
1781506193.5297806,0.016818290456748694,0.774754885319647,0.33181082078982055,-0.050844140807745575,0.02069263133856869,-0.07501126147338472,0.016778378427260987,0.7750215696621425,0.3362819502215199,-0.05105526828935389,0.020767104461654418,-0.07517705652876089,0.0007862420817082644,-0.00013781630142840914,0.000756586024125258,0.0024962894412185292,-0.0005944460393925534,0.0009291946112191315,-0.0004086004865175464,-0.002141677944560533,-0.024301866605783724,-0.0015540601161193406,0.0008744112734990611,0.0019111839368286944,4.479253498479223
1781506193.5397172,0.016823464361884425,0.774747921557217,0.3318575779341199,-0.05079817648051868,0.020669813258652026,-0.07502670681966103,0.016778378427260987,0.7750215696621425,0.3362819502215199,-0.05105526828935389,0.020767104461654418,-0.07517705652876089,0.0007729001146184115,-0.00016132679491093004,0.0009991769186085755,0.002729082000132496,-0.0007697042078032114,0.000646737389265998,-4.87384108038908e-05,-0.001476494942033159,-0.024247225715234175,0.0020972024015101474,0.0001479418929171773,0.0014547801240101293,4.433056075028079
1781506193.5497425,0.016827503581394274,0.7747420860650915,0.3318970718394682,-0.050762035102031415,0.020651297485245523,-0.07504032747151779,0.016778378427260987,0.7750215696621425,0.3362819502215199,-0.05105526828935389,0.020767104461654418,-0.07517705652876089,0.0007523961124054796,-0.00017815621358284995,0.0011812617896486948,0.002828801917123191,-0.0008799537582395023,0.000417399930779123,-7.281323754984272e-06,-0.0013396492355542404,-0.0236231425237595,0.0003973141981460597,-0.0005206679688548138,0.0016394765834152499,4.394050840303689
1781506193.5597103,0.016830581989813402,0.7747372365254828,0.33193023205708894,-0.05073424303168515,0.02063651206848749,-0.07505220789900761,0.016778378427260987,0.7750215696621425,0.3362819502215199,-0.05105526828935389,0.020767104461654418,-0.07517705652876089,0.000726402427205641,-0.00018940899894436547,0.001312466849304297,0.002826085722586114,-0.0009384758603757879,0.0002341406193407565,1.3488255188628018e-05,-0.0014349114708266163,-0.02153716990486974,-0.0011856447154392391,-0.00026308425190732455,0.0018557108856902245,4.3613096114796095
1781506193.5697393,0.01683285068148773,0.7747332439765583,0.3319578865693758,-0.05071346757674421,0.02062492636058466,-0.07506245908930095,0.016768232481858825,0.77493089250563,0.33507146256229803,-0.05109163746748927,0.020773391470199964,-0.07507874502185802,0.0006963311382728473,-0.000196042428586651,0.0014011644610485243,0.0027466922071490547,-0.0009566377823865932,9.04221965829261e-05,0.000223814422023002,-0.0011789303776844043,-0.01856384187773713,0.0011099411449274938,-0.0013506414757841728,0.0017803709960956839,3.1205121240701965
1781506193.5797129,0.01683935255981991,0.7747478681836251,0.3319595851836989,-0.05075793147402838,0.020656011614458514,-0.07512572383758725,0.016768232481858825,0.77493089250563,0.33507146256229803,-0.05109163746748927,0.020773391470199964,-0.07507874502185802,0.000690048404698049,-7.104097195445409e-05,0.0013344544512201586,0.0019756195451886356,-0.00047833533782893435,-0.0005918700671654222,0.00040777724373711026,-0.0010244928414985181,-0.017615194960925635,0.0018104044226143388,-0.0016282423158377405,0.001566993847088982,3.1180661935519556
1781506193.5897532,0.016844555889866837,0.7747605725364624,0.33196030920799513,-0.050797134552164745,0.02068262060669457,-0.0751784157988095,0.016768232481858825,0.77493089250563,0.33507146256229803,-0.05109163746748927,0.020773391470199964,-0.07507874502185802,0.0006762611809180689,3.0207002701044375e-05,0.0012639925534651225,0.001343800581383125,-0.00010687295832568518,-0.00108688957878831,0.00038350381911604213,-0.00014714780446470948,-0.016439173716723578,0.004392825069728407,-0.00048401977733844077,0.0006547433176822256,3.11674659677321
1781506193.599747,0.016848647912676262,0.7747715809687423,0.331960251166405,-0.05083132243983889,0.02070514782643018,-0.07522174342472326,0.016768232481858825,0.77493089250563,0.33507146256229803,-0.05109163746748927,0.020773391470199964,-0.07507874502185802,0.0006566242520025653,0.00011110340510434422,0.0011914115646007484,0.0008336148699878627,0.00017437154127182542,-0.0014280413946058162,0.0005020280857814041,0.0003386190264029313,-0.014450248577946561,0.005055194830017555,-0.0005458133720618861,0.00019249891265722024,3.116325264993016
1781506193.6097157,0.016851793684361818,0.7747810916232301,0.33195957310579344,-0.050860816526830784,0.020724000490903727,-0.07525686851928198,0.016768232481858825,0.77493089250563,0.33507146256229803,-0.05109163746748927,0.020773391470199964,-0.07507874502185802,0.0006325401566823155,0.00017463707213408305,0.0011180491011115697,0.0004285304311156727,0.00038032168509625065,-0.0016445667046878394,0.0003067328991785708,0.0002808297236514546,-0.011612090262366476,0.0046708798506794255,0.0002112871010763821,-5.196514569304857e-05,3.116613349203904
1781506193.6197634,0.01685413825623789,0.7747892801220251,0.33195841096576695,-0.050885986162861566,0.020739584214423568,-0.07528488613461586,0.01678478766915309,0.7749064727884483,0.3342540671044095,-0.05093434787936619,0.020744615703889968,-0.0750236537518787,0.0006051911655095871,0.00022342736528051108,0.001044988867676665,0.00011328339696735086,0.0005242198570453697,-0.0017617864099346268,0.0006065869944169969,-0.0005290027948301981,-0.009909694608866225,0.002811804648967481,-0.0006146068938920187,-0.00023646681000323295,2.299691442754816
1781506193.6297107,0.016870633172593456,0.7748002512204925,0.3319575169535423,-0.050821809491783186,0.020711799895268168,-0.07525988962751942,0.01678478766915309,0.7749064727884483,0.3342540671044095,-0.05093434787936619,0.020744615703889968,-0.0750236537518787,0.0006761996410209161,0.000278818135575943,0.0009608499676318162,0.000795926776887765,0.00015029560003085052,-0.0013123913788961209,0.0008060801476019181,-0.000820658177041794,-0.008805533125716733,0.0033932688558317584,-0.001422575970220041,-0.0006437387489104797,2.3006075431085926
1781506193.6397374,0.01688442518223693,0.7748095965346087,0.33195619475363713,-0.050768537458626674,0.02068835355492027,-0.07523765584990966,0.01678478766915309,0.7749064727884483,0.3342540671044095,-0.05093434787936619,0.020744615703889968,-0.0750236537518787,0.0007246352027171775,0.00031975144998433995,0.000881130572886839,0.0012856232057799318,-0.00013398246535885805,-0.0009397496989922793,0.0005539636321935176,-0.0009428827034042912,-0.009209850249424788,0.0027494109688119463,-0.0008991733925490964,-0.0005326964130539371,2.302070803215173
1781506193.6497288,0.01689587472171926,0.7748175118052802,0.33195453855605134,-0.050724894061467136,0.020668799383586567,-0.07521810043406545,0.01678478766915309,0.7749064727884483,0.3342540671044095,-0.05093434787936619,0.020744615703889968,-0.0750236537518787,0.0007543361074822401,0.00034856004029713454,0.0008059691640199799,0.0016173463055616465,-0.00034331139224729867,-0.0006348172959301851,0.0005070322249677385,-9.008004579828047e-05,-0.008223636325020727,0.003789377723290516,-0.0009943678240401713,-0.0009646818846301675,2.3039283700862687
1781506193.6597164,0.016905300111452384,0.7748241727995954,0.33195263030050504,-0.05068965967272298,0.020652696814368987,-0.07520108690603827,0.01678478766915309,0.7749064727884483,0.3342540671044095,-0.05093434787936619,0.020744615703889968,-0.0750236537518787,0.0007686209920208135,0.0003672701935338291,0.0007354191552125207,0.0018216248854222104,-0.0004907544511273023,-0.00038896426976382824,0.0005745109904440003,0.0002586166378718542,-0.008007490271682972,0.0027691290502176442,-0.00040155399888523366,-0.0015561231035206638,2.306058953990603
1781506193.6697302,0.016912981968183485,0.7748297370583832,0.33195054066424623,-0.05066169029296844,0.02063962125839125,-0.07518644348023931,0.016809353582931064,0.7748825687639398,0.33378301256040926,-0.05078228541556004,0.02072354814675914,-0.07505375920436555,0.0007703493054115724,0.0003776365159643754,0.0006694649948141036,0.001924821725191023,-0.000587793271185721,-0.00019410729493639297,0.0004437997486757927,0.00010190709836304426,-0.007829067491219675,0.0013187858168881071,-0.0003844969853634078,-0.0015168822521839937,1.8361599281025034
1781506193.6797233,0.0169191672056712,0.7748343455063746,0.33194833004879526,-0.05063992990478006,0.020629171716157302,-0.07517397660800518,0.016809353582931064,0.7748825687639398,0.33378301256040926,-0.05078228541556004,0.02072354814675914,-0.07505375920436555,0.0007619756411118325,0.0003811732832037911,0.0006080359643115861,0.0019494565002259293,-0.000644410183353304,-4.2793855951510606e-05,0.000386900599672907,-0.00028685195299089206,-0.00830697349722355,-0.0002848334150919758,0.00010147123358249715,-0.0016940270653111526,1.8385984968806492
1781506193.6897266,0.0169140477706771,0.7748217684971477,0.33200891786847275,-0.05063976748027663,0.020614068276369357,-0.07516780866143426,0.016809353582931064,0.7748825687639398,0.33378301256040926,-0.05078228541556004,0.02072354814675914,-0.07505375920436555,0.0006820522373747584,0.00027335897583636925,0.0009523571129688667,0.0017370420991587952,-0.0007421402193356357,2.0768534406934356e-05,0.00041949195697643096,-0.0005157489986407808,-0.009319408111693172,-0.000657229665532002,0.0001925324686033783,-0.0016133009434172205,1.7782208865456233
1781506193.6997468,0.016909301822607133,0.7748108530119967,0.3320603123432201,-0.05064122691063754,0.020602044840687395,-0.07516267430749926,0.016809353582931064,0.7748825687639398,0.33378301256040926,-0.05078228541556004,0.02072354814675914,-0.07505375920436555,0.000609249580215228,0.000183344808641916,0.0012167015553339847,0.0015303397878189723,-0.0007950511895774236,6.78264123773805e-05,0.00042314472493466837,-0.0004705231590544786,-0.009746152374673094,-0.0006084512592939469,0.00014644894256281006,-0.0011965614902228914,1.727086806734029
1781506193.70971,0.016904915844036947,0.7748014060012639,0.33210367482783215,-0.05064386157848079,0.020592658259825702,-0.07515845493710448,0.016809353582931064,0.7748825687639398,0.33378301256040926,-0.05078228541556004,0.02072354814675914,-0.07505375920436555,0.0005430857508217446,0.00010876068698497827,0.0014134933325700182,0.0013335753146638835,-0.0008129325447151108,0.00010122960921938234,0.0005819786415038136,-0.00013256329208725291,-0.008749225861086635,-0.00036677496599487447,-0.0003281006938810246,-0.0009349298288560933,1.6840115082297067
1781506193.719753,0.016900874137722094,0.7747932544837156,0.3321400403024018,-0.05064730468312818,0.02058550431793682,-0.07515503663889024,0.01682954291619171,0.7748696318918075,0.3333376718572937,-0.05079093288167511,0.020732448341657328,-0.07512471298604413,0.000483089757022108,4.750844817926221e-05,0.0015535620922264366,0.0011496428745759952,-0.0008040780169976291,0.00012348724976275643,0.0005215002486310808,2.7354041526793923e-06,-0.007810554877030073,-0.00017629221590511305,-0.0005123517831151784,-0.0005797153377775339,1.202182595492301
1781506193.7297199,0.01690643637592036,0.7748027462688767,0.3321399746557261,-0.0507003133818429,0.020602783820146797,-0.07520332126581371,0.01682954291619171,0.7748696318918075,0.3333376718572937,-0.05079093288167511,0.020732448341657328,-0.07512471298604413,0.0004859296453166057,0.00011670773303254458,0.0014604263106543828,0.00045626052779133147,-0.000501285656640884,-0.0004067747589592118,0.0006707443297705968,0.00010253903584120263,-0.006574234811695927,0.000705840742155256,-0.00021325909829861132,-0.0004883573616946835,1.2020253230887963
1781506193.739758,0.0169109474018813,0.7748108838458502,0.33213910264249497,-0.050745310854986785,0.020617793909102122,-0.07524358375892297,0.01682954291619171,0.7748696318918075,0.3333376718572937,-0.05079093288167511,0.020732448341657328,-0.07512471298604413,0.0004820522093911096,0.00017078025560612602,0.0013671543214422112,-7.575789514706495e-05,-0.0002606940209232332,-0.000792946776632753,0.0005514804673561605,-2.367208437291025e-05,-0.006313310166614605,0.001230012290385278,-0.0007359184252836564,8.565190346411446e-05,1.2027660561627935
1781506193.7497172,0.0169145554702023,0.7748178359577255,0.3321376005989344,-0.050783073939188766,0.02063069316739008,-0.07527673335565052,0.01682954291619171,0.7748696318918075,0.3333376718572937,-0.05079093288167511,0.020732448341657328,-0.07512471298604413,0.0004728314169753476,0.0002120242657727697,0.0012749548392022904,-0.0004723086437637027,-7.329243492697072e-05,-0.0010605866675965588,0.0004772763567550278,-0.00019626091438336207,-0.005829100919343868,0.001168025769670926,-0.0016578027082924476,0.0008854275402146733,1.2041930818049538
1781506193.7597475,0.01691739142688137,0.7748237511271546,0.33213561663277413,-0.05081438274427461,0.020641658105098104,-0.07530364602710138,0.01682954291619171,0.7748696318918075,0.3333376718572937,-0.05079093288167511,0.020732448341657328,-0.07512471298604413,0.0004594379582273743,0.00024244728710570335,0.0011847845978221194,-0.0007565031108040307,6.912632775711572e-05,-0.0012320885709863347,0.0006514446566182119,-6.534955171482542e-05,-0.004374657217651744,0.0019459064828199946,-0.0016587868325527585,0.0008267592934752729,1.206133976053351
1781506193.769749,0.016919570428725623,0.7748287601769709,0.3321332745415375,-0.05083999847625315,0.020650873844207274,-0.07532514884341479,0.0168561654885947,0.7748685857638855,0.3330290376503304,-0.05073579428783916,0.020691507263260744,-0.07511952625589817,0.0004428645036952027,0.0002637980185486072,0.001097385925038554,-0.0009487334453160803,0.00017394287353980224,-0.0013268631775181425,0.0005004711435971043,-5.003722078047291e-06,-0.0030525323862506722,0.002183478356831344,-0.0013513895945319147,0.0006258522635838489,0.8988869844871182
1781506193.779758,0.016914603545319682,0.7748152910017674,0.3321804414205419,-0.05073171980986361,0.020622092852927487,-0.07531822716048228,0.0168561654885947,0.7748685857638855,0.3330290376503304,-0.05073579428783916,0.020691507263260744,-0.07511952625589817,0.00038742433014335773,0.00017292546903262013,0.0013179449429818,0.0003354101990412059,-0.00016250640907440042,-0.0011225088852261159,0.00047503397434387964,0.0001668777128389166,-0.0025944049052248085,0.0014572255039360538,-0.0005526141645654811,-0.0003625387674924599,0.8522739579232631
1781506193.7897453,0.016910150052732827,0.7748037412482873,0.3322201349678661,-0.050640934865262,0.020598086794876957,-0.07531138585508268,0.0168561654885947,0.7748685857638855,0.3330290376503304,-0.05073579428783916,0.020691507263260744,-0.07511952625589817,0.00033800938760396125,9.778428470576843e-05,0.001478304100500071,0.0012883959237732353,-0.0004101425445170154,-0.0009386673778898065,0.0004758865826955118,-0.00012525210833466867,-0.0030696664911927813,0.000273953831187174,-0.0008003437047000332,-0.0009140407318868634,0.8132912725870168
1781506193.799767,0.016906167535283224,0.7747938817027591,0.332253319891519,-0.05056574242523733,0.020578315425242577,-0.07530479152348053,0.0168561654885947,0.7748685857638855,0.3330290376503304,-0.05073579428783916,0.020691507263260744,-0.07511952625589817,0.0002940574762554111,3.6223933106528794e-05,0.0015883045129351206,0.001967170047251422,-0.0005844569431309863,-0.0007752275577748644,0.0002383038625740869,-9.516364624774709e-05,-0.003119681495747716,-0.0002815596947171132,-0.0003426935621123503,-0.0008271169316556445,0.7809090489660973
1781506193.8097477,0.016902615096318345,0.7747855048877365,0.33228085524818074,-0.05050429115101153,0.02056225809469936,-0.07529856234255618,0.0168561654885947,0.7748685857638855,0.3330290376503304,-0.05073579428783916,0.020691507263260744,-0.07511952625589817,0.0002550480550223745,-1.3654058429092702e-05,0.001656484459906985,0.0024219065317024483,-0.0006990634538438235,-0.0006315477557943621,0.00021522112284414518,-0.0003523061365653586,-0.0035040581760737086,-0.0014976208227113616,0.00020514044310196978,-0.001036223944964012,0.754212771653842
1781506193.8197234,0.016899453755335206,0.7747784238930452,0.33230350397119307,-0.05045481775720864,0.02054942306828411,-0.0752927769602676,0.016879695910545056,0.7748666223945861,0.3328686002167297,-0.05069957956426075,0.02065880976635759,-0.07514283126525081,0.0002205006211365976,-5.352176015047282e-05,0.001690228150823824,0.0026963316192442684,-0.0007657965732502342,-0.0005066063223495905,0.00021956019703693355,-0.00044066612012800074,-0.003512238942625237,-0.0022379263632903135,0.0007581328534377557,-0.0013329045358822567,0.5722788785412422
1781506193.8297524,0.016896646716951878,0.7747724710971432,0.3323219417967871,-0.05041567320309913,0.020539353722259124,-0.07528748223741626,0.016879695910545056,0.7748666223945861,0.3328686002167297,-0.05069957956426075,0.02065880976635759,-0.07514283126525081,0.00018997290196576564,-8.484830569897335e-05,0.0016958997730807486,0.0028281435688772218,-0.0007948337138375849,-0.00039912486245779815,0.00032219653100159606,-0.00041268051915397427,-0.003613808197708733,-0.0019084863647905027,0.0004006635025994972,-0.00157773277960326,0.5549659671927522
1781506193.8397152,0.01689270380846653,0.7747781761170461,0.3323208402071993,-0.05045115291812129,0.020536589007873918,-0.07528074881778067,0.016879695910545056,0.7748666223945861,0.3328686002167297,-0.05069957956426075,0.02065880976635759,-0.07514283126525081,0.0001522843410766496,-5.0492519885245467e-05,0.0015790507869309365,0.002130555972551914,-0.0007419648633121833,-0.00028367170657144544,0.0002727006064885595,-0.00012618502777194152,-0.003672990801667038,-0.0017371420019337475,0.0001492257520910282,-0.0012308744389283967,0.5550071868541409
1781506193.8497353,0.016889255612189714,0.7747831342282742,0.33231897854619213,-0.05048294604592256,0.020534957689806843,-0.07527485937946905,0.016879695910545056,0.7748666223945861,0.3328686002167297,-0.05069957956426075,0.02065880976635759,-0.07514283126525081,0.00012009937901203695,-2.2272825905238615e-05,0.0014652393811618446,0.0015495583929293218,-0.000682042246805804,-0.00018940018870946277,0.0002774667750666061,2.9749628113956818e-05,-0.003110513867601891,-1.0337388166436966e-05,0.0003787817406609076,-0.0013881343087385645,0.5560086712760708
1781506193.8597836,0.016886246882446228,0.774787421416926,0.33231653283374035,-0.05051110667491509,0.02053422021986462,-0.07526976358849423,0.016879695910545056,0.7748666223945861,0.3328686002167297,-0.05069957956426075,0.02065880976635759,-0.07514283126525081,9.274037447487599e-05,6.634061131506634e-07,0.0013553085694427284,0.0010718211785217446,-0.0006184747731948969,-0.00011358020242134265,9.251881701639826e-05,5.892893227155497e-05,-0.002246273304347351,0.0015525077526594832,-0.0006040933398716136,-0.0007501461254309413,0.557758106580156
1781506193.8697624,0.016883627808939886,0.7747911088590468,0.332313651737179,-0.05053577476325204,0.020534172646520688,-0.0752654019890139,0.016894781396046166,0.7748564576724211,0.3327017137413224,-0.05075030575471409,0.020659444872206834,-0.07521009155781799,6.960218544286843e-05,1.9067591368095422e-05,0.0012498859294475752,0.0006845303726116914,-0.0005539163806206331,-5.366100746425325e-05,0.0004714963338392011,-0.0002798494910569968,-0.001992929858755625,0.0014335725774126606,-0.0004951391668375582,-0.0010754851643414677,0.39368386933494753
1781506193.8797398,0.016885620453615132,0.774791979301499,0.3323105190990296,-0.050575303970702035,0.02053313748661756,-0.07525658156529413,0.016894781396046166,0.7748564576724211,0.3327017137413224,-0.05075030575471409,0.020659444872206834,-0.07521009155781799,7.745625754608607e-05,1.431242533392139e-05,0.0011493445184685416,0.0001762833738519203,-0.0005096572855598206,4.7776987365627875e-05,0.0004682554289991884,-9.448407739789358e-05,-0.0011650305358347224,0.002714730775292468,-0.0008168469688135117,-0.0009026609524639942,0.39657865719373825
1781506193.889751,0.016887295867195017,0.7747926931465594,0.3323071695215056,-0.0506087146814115,0.020532732300192036,-0.07524923018007282,0.016894781396046166,0.7748564576724211,0.3327017137413224,-0.05075030575471409,0.020659444872206834,-0.07521009155781799,8.277984633852269e-05,1.0313752744670274e-05,0.001054069210961122,-0.00020935401552713841,-0.0004625445803881808,0.00012247419061831578,0.00023299504825810322,-0.00015619292525781276,-0.0010192554377570426,0.0026526836944825243,-0.0007755523060688653,-0.0005822172613974237,0.3997337730182583
1781506193.8997347,0.016888694428593688,0.7747932668261489,0.332303690106252,-0.05063662646814092,0.020532810163871762,-0.0752431807680332,0.016894781396046166,0.7748564576724211,0.3327017137413224,-0.05075030575471409,0.020659444872206834,-0.07521009155781799,8.60045757907933e-05,6.973040024831402e-06,0.0009642286248248288,-0.0004925682881437988,-0.00041458340469524476,0.00017509052386269487,0.0001592482468689151,-6.570235724470093e-05,-0.0001212176068105889,0.0035729222967822325,-0.000991759197031918,-0.00015620641551955837,0.40305452273857645
1781506193.9097195,0.01688985219066149,0.7747937169915147,0.3323001523193634,-0.05065965407682015,0.020533247783020236,-0.07523827250044281,0.016894781396046166,0.7748564576724211,0.3327017137413224,-0.05075030575471409,0.020659444872206834,-0.07521009155781799,8.750353671744526e-05,4.2028500458412485e-06,0.0008798892585443985,-0.0006912880853556488,-0.0003672993565765329,0.00020972198102429487,0.0004204668287908367,0.00013175712665279606,-5.535975215092933e-05,0.0036032560524907734,-0.0013385640843870286,-0.0004222722942929313,0.4064631172838079
1781506193.9197764,0.016890801266716708,0.7747940599385832,0.3322966141466018,-0.05067839180930806,0.02053394294052313,-0.07523435362744352,0.016904970429235333,0.7748558025825759,0.332663110180517,-0.05059949626743041,0.02063068284072722,-0.07523007603707901,8.759810364736139e-05,1.925761525788682e-06,0.0008010347892766556,-0.0008212595645217904,-0.00032181697266336413,0.00022992989081300818,0.0001466583520760279,7.182243353468193e-05,0.00014419122405102735,0.0033268965390626784,-0.0005412763239787462,-0.00033897286973556893,0.37193045335016783
1781506193.9297507,0.016889851437952852,0.7747937758474542,0.3323191367794846,-0.05059656684659114,0.02052106138632004,-0.07522710044420702,0.016904970429235333,0.7748558025825759,0.332663110180517,-0.05059949626743041,0.02063068284072722,-0.07523007603707901,7.833698370787063e-05,8.812596058313675e-06,0.0008886734783880789,0.00016007905656767333,-0.00043101540717963634,0.00027677343508491825,0.00017718561816992826,-0.00017476090756076454,-0.0006553428653019845,0.0011165474851796537,-0.0009243582674729593,-0.0002646237482331943,0.3498479675302277
1781506193.9397593,0.01688900727777902,0.774793536589908,0.3323379308877604,-0.050527897497714365,0.02051060873435162,-0.0752212747215315,0.016904970429235333,0.7748558025825759,0.332663110180517,-0.05059949626743041,0.02063068284072722,-0.07523007603707901,6.990979613374721e-05,1.4229497386704833e-05,0.0009477670698239367,0.0008909809596355902,-0.000501037013347671,0.00030429415164815626,0.00011186319100034912,-0.0003363172400938528,-0.0013606004522764726,-0.0002534278282110951,-0.0005113214723544433,-0.0002070706978563553,0.33147164054408335
1781506193.9497159,0.01688825962342796,0.7747933426227184,0.3323534919414698,-0.050470964845928445,0.020502262230671198,-0.07521667778725913,0.016904970429235333,0.7748558025825759,0.332663110180517,-0.05059949626743041,0.02063068284072722,-0.07523007603707901,6.22588480968261e-05,1.8397738162802798e-05,0.0009831966474049367,0.001414232356650872,-0.0005397878205631641,0.00031658399268116665,4.6074504730803166e-05,-0.0005101809534180514,-0.0015095959152014423,-0.0009035642975527832,-9.579980180620103e-05,-0.00015051237346484122,0.316297251911577
1781506193.9597278,0.0168875994703657,0.7747931920401677,0.3323662595885787,-0.05042438448646192,0.020495722361676183,-0.0752131272023481,0.016904970429235333,0.7748558025825759,0.332663110180517,-0.05059949626743041,0.02063068284072722,-0.07523007603707901,5.532798960045166e-05,2.1510771927972242e-05,0.0009991804612607793,0.00176757546349743,-0.0005540475777756236,0.0003171257342720224,3.349649807584082e-05,-0.000578844946714177,-0.0019116535761661592,-0.0019062309490019687,0.0002391410666358176,-0.0002738588017538168,0.30387843649527435
1781506193.9697092,0.016887018146847593,0.7747930813650278,0.3323766228824679,-0.050386835766701984,0.020490715231999745,-0.07521045767466338,0.01690693231105389,0.7748416075431316,0.3326139473608276,-0.050580511065949754,0.020612288825485825,-0.07523589051124123,4.9063020669162306e-05,2.3737268535748762e-05,0.000999351206917076,0.0019839400937649125,-0.000549566554329093,0.0003088504083656723,5.269586088780112e-05,-0.0004836996779600143,-0.0017522719208584027,-0.0015704883091255,-0.0003967457052110957,-1.7276457538523536e-05,0.24305199428540472
1781506193.9797533,0.016886507435999842,0.7747930061663183,0.3323849251529263,-0.05035708194996519,0.020486993644339035,-0.07520852127491728,0.01690693231105389,0.7748416075431316,0.3326139473608276,-0.050580511065949754,0.020612288825485825,-0.07523589051124123,4.3411993520874804e-05,2.5223864942115e-05,0.0009868254824432175,0.0020917489127285803,-0.000531166253156591,0.0002941954313285148,2.7236260734327336e-05,-0.0003793705493762033,-0.0019985360028928543,-0.0015341851351487125,-7.48515501575302e-05,-7.855408619323433e-05,0.23501157644065226
1781506193.9897394,0.016892636335975625,0.7747914437687426,0.33235674169069734,-0.05047842751478211,0.020451978260321857,-0.07513926718987286,0.01690693231105389,0.7748416075431316,0.3326139473608276,-0.050580511065949754,0.020612288825485825,-0.07523589051124123,8.194469961707945e-05,-3.1120526292177414e-05,0.0007296378591589627,0.0005232428093305264,-0.0008932300724182991,0.0009977519770127776,8.52003792727045e-05,-0.00012373623759466673,-0.0011117772531381736,0.0005659476860811206,-0.0005040447380654339,-9.637295561678434e-05,0.2624414904536668
1781506193.999707,0.016897867711982983,0.7747899561307687,0.3323320799913864,-0.05058099137308382,0.020423307463695695,-0.07508197119029052,0.01690693231105389,0.7748416075431316,0.3326139473608276,-0.050580511065949754,0.020612288825485825,-0.07523589051124123,0.00011183939901608628,-7.595796220231108e-05,0.0005139292875025465,-0.0006663071991482483,-0.0011400548304835903,0.0014975978047433315,-3.077733710092459e-05,-3.33396598679917e-05,-0.0009440038378167419,0.0012720420719680055,-0.0005592502638451986,1.0062239953704028e-05,0.28670411456951667
1781506194.0097342,0.016902312631034658,0.7747885236922094,0.33231055372905627,-0.05066667487470306,0.020400173725205528,-0.07503520416326612,0.01690693231105389,0.7748416075431316,0.3326139473608276,-0.050580511065949754,0.020612288825485825,-0.07523589051124123,0.00013442094235188202,-0.00011098978747160156,0.00033425223151104335,-0.0015393572788862447,-0.0012937804165621028,0.0018311264615016925,9.775985444949876e-05,-7.714558061381593e-05,-0.00048582076860225094,0.001851823139398186,-0.0008527649042606187,3.341204579780779e-05,0.3080372257887232
1781506194.0197508,0.016906069890128432,0.7747871381306806,0.3322918151508802,-0.05073736479924376,0.020381820761681935,-0.07499760692411425,0.016909869227608287,0.7748321925829867,0.3325550954371087,-0.05056544970793134,0.02059263745657658,-0.07523900173310324,0.0001508455492573839,-0.00013770604297800679,0.00018577699967743671,-0.002151367123260411,-0.0013735434226236716,0.002030908594593873,8.703900106369967e-05,0.00011364367245610962,-0.00018666325696665848,0.0022204128282462226,-0.0011465558556750268,0.0002367181991003545,0.2671345124735215
1781506194.029756,0.016909227266801337,0.7747857986514272,0.33227555140457116,-0.0507948853452725,0.02036755133994772,-0.07496790991887305,0.016909869227608287,0.7748321925829867,0.3325550954371087,-0.05056544970793134,0.02059263745657658,-0.07523900173310324,0.00016211941644844245,-0.0001574082602468892,6.423108653146983e-05,-0.002551036136766447,-0.001395706464723644,0.0021250095737722938,0.00023588486646179777,5.121489222564042e-05,-3.314352557323718e-05,0.002180112617686636,-0.0013484109009916068,0.0003745788116975327,0.283368444126348
1781506194.0397422,0.0168933127404308,0.7747619723790913,0.3317950107620275,-0.05066871086106296,0.02032567920806927,-0.07500229376627622,0.016909869227608287,0.7748321925829867,0.3325550954371087,-0.05056544970793134,0.02059263745657658,-0.07523900173310324,0.00013446721592969135,-0.0001119480319227199,0.0001631593935270308,-0.0008873954673776004,-0.0016806522296265425,0.0014950162758495004,-0.0001122547302385915,2.887442119340542e-06,-0.00041953889064343304,0.001233710918909387,-0.0011733214926371248,0.0011059415007147898,0.7635009545482466
1781506194.0497344,0.016877962898147487,0.7747381914606815,0.3313115811123793,-0.05056180099280813,0.020291935292799268,-0.07503266819066787,0.016909869227608287,0.7748321925829867,0.3325550954371087,-0.05056544970793134,0.02059263745657658,-0.07523900173310324,0.00011056493558583678,-7.403528588429933e-05,0.0002405089872224944,0.0003833989344446602,-0.0018481556210442076,0.0009820495730307657,6.058171135816059e-05,-0.00010118850506658825,-0.00033664243410753644,0.0008378313590985629,-0.0017049037899703595,0.0013044180937443867,1.2474702804722677
1781506194.0597198,0.01686310792754648,0.7747144607172143,0.3308256277714035,-0.05047225192396482,0.02026520496226869,-0.07505920586155801,0.016909869227608287,0.7748321925829867,0.3325550954371087,-0.05056544970793134,0.02059263745657658,-0.07523900173310324,8.99758566440316e-05,-4.266184898168509e-05,0.0002995556713245804,0.0013250632352700001,-0.0019230765882389238,0.0005708110909457969,-1.160115398668857e-05,-0.00016843120978093983,-0.0007471980517077953,-0.00016211400947224402,-0.0015825531289878792,0.0015616564641477866,1.7341008673435123
1781506194.069756,0.016848684427672612,0.7746907768190543,0.33033747877014896,-0.05039816197624441,0.02024446108616762,-0.07508214146333611,0.016908570124740563,0.7748298840366947,0.332540985515858,-0.05049829916787721,0.020522613731190686,-0.07518360820610279,7.230741137234421e-05,-1.6935527190300214e-05,0.00034316108955063457,0.001994346639515302,-0.0019265765365641993,0.0002470529787589604,-3.625952134945152e-05,-0.00047077092542703873,-0.0014868688659271734,-0.0012516034327493871,-0.0019588686323284738,0.0018625781877767912,2.208705297928657
1781506194.0797145,0.01684659538468386,0.7746914607014406,0.33034669187059007,-0.05033768312018124,0.020228770233817306,-0.07510174967037651,0.016908570124740563,0.7748298840366947,0.332540985515858,-0.05049829916787721,0.020522613731190686,-0.07518360820610279,5.7207449540915855e-05,3.931463581884855e-06,0.0003738181491662188,0.00244122494857758,-0.0018764663180061193,-2.2953096640434623e-06,3.146177840992715e-05,-0.00043052385545809047,-0.002873367768419382,-0.0010230012389900042,-0.002324553512796985,0.0017701442655757456,2.199528697201086
1781506194.089733,0.016834741244825237,0.7746718384632566,0.32982652708268945,-0.05040235740656472,0.020309640909174087,-0.07512076288853452,0.016908570124740563,0.7748298840366947,0.332540985515858,-0.05049829916787721,0.020522613731190686,-0.07518360820610279,4.431329845538384e-05,3.374023674446233e-05,0.0002473184824442672,0.0014727436654836598,-0.0007795149661506788,-0.00016485997019008038,7.099611417393454e-05,-0.0005045657009957389,-0.005250507453830887,-0.0010116372610525497,-0.0026105439429508818,0.001517793330529284,2.720057663394785
1781506194.0997787,0.016822757537171062,0.7746515068198101,0.32930923874644236,-0.050458105437097805,0.02037838180722029,-0.07513664400383535,0.016908570124740563,0.7748298840366947,0.332540985515858,-0.05049829916787721,0.020522613731190686,-0.07518360820610279,3.340072565378774e-05,5.724239648997529e-05,0.0001426341699070346,0.000706779329583567,6.372942939463215e-05,-0.0002821547140414011,0.00010393824080037373,-0.0004161143626067319,-0.007586203017199047,0.000196588796037227,-0.0021198062547625423,0.0009288224292497932,3.237803177050327
1781506194.1097412,0.016822735208474056,0.7746549573789178,0.3292937682707476,-0.05050563908172354,0.02043615285575706,-0.07514974291266328,0.016908570124740563,0.7748298840366947,0.332540985515858,-0.05049829916787721,0.020522613731190686,-0.07518360820610279,2.421718407580625e-05,7.538398007377235e-05,5.678909455474683e-05,0.0001135208949365915,0.0006937982836727487,-0.00036231875929148107,0.00019067770212438662,-0.000278998124119262,-0.009422779315190621,0.0011458770065974652,-0.0025645142105145077,0.0005453230950884168,3.2530580697850877
1781506194.1197484,0.016810578365348376,0.7746334769413091,0.32878130501641145,-0.050545716625268945,0.020484123384046926,-0.07516039805692572,0.01691069242993304,0.7748073425901716,0.33225163041887007,-0.05050025795880819,0.020407251500132118,-0.0751212863872954,1.6538027140464047e-05,8.899236474870112e-05,-1.2844602702619747e-05,-0.00033409554878159977,0.0011468955141753661,-0.0004124671173344069,0.00027507770524718886,-0.0003622523960715653,-0.01102499401981219,0.0022170472357034574,-0.0015021745530642773,-0.0006332129680551948,3.4761200337059126
1781506194.1297104,0.016798346163609344,0.7746115192455671,0.3282708400967283,-0.05057911036718335,0.0205234377617749,-0.07516893002864877,0.01691069242993304,0.7748073425901716,0.33225163041887007,-0.05050025795880819,0.020407251500132118,-0.0751212863872954,1.0163852522830729e-05,9.87891869931656e-05,-6.858191121206179e-05,-0.0006603347446703397,0.0014549916142235692,-0.00043875258802731655,0.00040171869954456026,-0.0006925198897599001,-0.013635356649314298,0.0013498300645920277,-0.0014655063501044392,-0.0012009796119500046,3.987186985169685
1781506194.1397464,0.016786169515973212,0.7745889420687889,0.32773102052847575,-0.05061271122678393,0.020518755249861353,-0.07515476493367129,0.01691069242993304,0.7748073425901716,0.33225163041887007,-0.05050025795880819,0.020407251500132118,-0.0751212863872954,9.013963714816264e-06,9.500473929228618e-05,-0.00032640492198437445,-0.0009582335673566362,0.0012372233190615519,-0.0002390314836077561,0.0003180195091826125,-0.000757304580927677,-0.01529904472046454,0.001935635493473766,-0.0008515368207648638,-0.0015866153175700403,4.52759522538977
1781506194.1497607,0.016773980315636202,0.774565994715325,0.32719721126129186,-0.05064008725523908,0.02051369349298482,-0.07514257418466647,0.01691069242993304,0.7748073425901716,0.33225163041887007,-0.05050025795880819,0.020407251500132118,-0.0751212863872954,7.976647778599273e-06,9.076287976913743e-05,-0.0005292424313466677,-0.0011552103161344958,0.0010401897656260003,-8.284645483118484e-05,0.00023724703168061877,-0.0006654674581463684,-0.01614551533555478,0.0019813698532563364,-8.755788604805359e-05,-0.0016625118751998264,5.06202449810173
1781506194.159722,0.016761784683608023,0.7745427275315403,0.32666865895480507,-0.05066204986153611,0.02050848608413669,-0.07513219638601121,0.01691069242993304,0.7748073425901716,0.33225163041887007,-0.05050025795880819,0.020407251500132118,-0.0751212863872954,7.042846167744949e-06,8.620757098269015e-05,-0.0006853688992013604,-0.0012711776049258998,0.0008640856427267236,3.64438017127513e-05,-0.0002221314014212555,-0.0009311699855226918,-0.01732961007021682,0.0007505218605314026,0.0005615227539179272,-0.0014047047254512905,5.591222139634065
1781506194.1697106,0.016749587288189656,0.7745191866175631,0.3261446928387611,-0.05067935518717134,0.020503312043026467,-0.0751234610056476,0.01691828504260484,0.77477015023892,0.33148911406101084,-0.05042749783129081,0.020392042238565056,-0.07518682363549928,6.203975292746337e-06,8.145835393065557e-05,-0.0008020187161344883,-0.001323272775501265,0.0007084838666771827,0.00012482516390047708,-0.00027918053086782726,-0.0008920034270088345,-0.018243925671642593,-0.000623380752723821,0.0010092140726826548,-0.0011624853623511387,5.352969257563781
1781506194.1797714,0.016737391595167815,0.7744954136865246,0.3256247169201054,-0.05069269726637733,0.020498304598997708,-0.0751161953262265,0.01691828504260484,0.77477015023892,0.33148911406101084,-0.05042749783129081,0.020392042238565056,-0.07518682363549928,5.4519416095932914e-06,7.661364993120553e-05,-0.0008854996659338174,-0.0013260846450586848,0.0005725031867080078,0.00018762860577517282,-0.00029361195734697,-0.001402479533023164,-0.020723181950440345,-0.004218723003511027,0.0012437744547869074,-0.0007847162072188368,5.873615278413069
1781506194.1897283,0.016738085088571247,0.7744943094483837,0.32559164075890656,-0.050722414208656696,0.020536196678019758,-0.07516625365704527,0.01691828504260484,0.77477015023892,0.33148911406101084,-0.05042749783129081,0.020392042238565056,-0.07518682363549928,6.950462751122777e-06,8.118651756444595e-05,-0.0010262743164851345,-0.0014945848705116512,0.0009507936181449535,-0.0003575572259400033,-0.0008264083461792367,-0.0013260355280317719,-0.022030939105467207,-0.003107899021028133,0.0012082472858996895,0.00014865964158726003,5.9066700867908715
1781506194.1997738,0.016726510145266382,0.7744688432819966,0.3250646715141751,-0.0507460302061726,0.02056721097009584,-0.07520798560123754,0.01691828504260484,0.77477015023892,0.33148911406101084,-0.05042749783129081,0.020392042238565056,-0.07518682363549928,8.06536587165018e-06,8.382877731843757e-05,-0.0011262804888629845,-0.0015799240777039636,0.0012082108204723467,-0.0007562576418692409,-0.0006313040401250401,-0.001108549551171319,-0.02286090601132004,-0.0024099840472999482,0.0008559371116044507,0.00017313049039522705,6.4343628690906645
1781506194.209713,0.016714801279893582,0.774443509341705,0.32454236123441504,-0.050764428226382705,0.020592223257672293,-0.07524233633213066,0.01691828504260484,0.77477015023892,0.33148911406101084,-0.05042749783129081,0.020392042238565056,-0.07518682363549928,8.858183789529239e-06,8.488771678508757e-05,-0.0011922916417475252,-0.0016006179480345078,0.0013680148932478666,-0.00103428836836789,-0.0006750575977966006,-0.0017243114169378676,-0.024525174476046425,-0.003740983502916107,0.0006617419705663534,0.0004538840473497811,6.957404311324533
1781506194.219754,0.016702981971862003,0.7744183012072797,0.3240240858421759,-0.05077841275191762,0.02061205396419341,-0.07527021614084463,0.01688971802957684,0.7747050476196891,0.3303730983519797,-0.05056436051403392,0.02044299700947616,-0.07519846020046571,9.382394545880073e-06,8.466219139494493e-05,-0.001230176077331177,-0.001572309082413249,0.001450305955313274,-0.0012142952165229025,-0.0006155875101118857,-0.0016974222544063413,-0.025610247630532112,-0.0025985001802287305,0.001189448454188146,-7.895787148865146e-05,6.35822724585443
1781506194.2297323,0.016691072562769495,0.7743932093707294,0.3235092912733541,-0.05078870742656522,0.0206274595885112,-0.0752924842524351,0.01688971802957684,0.7747050476196891,0.3303730983519797,-0.05056436051403392,0.02044299700947616,-0.07519846020046571,9.684332401830266e-06,8.340838973811132e-05,-0.001245001105132095,-0.0015080592219184478,0.0014722662194363687,-0.0013159290336528333,-0.0007817544266243678,-0.0016493608323333035,-0.026415509579155314,-0.0012840953699281106,0.001104288616299031,-9.543334758557165e-06,6.873758122569363
1781506194.2397263,0.01667804555930047,0.7743660990358547,0.32298673913102127,-0.05075434061814559,0.020658393184506352,-0.07532484878071136,0.01688971802957684,0.7747050476196891,0.3303730983519797,-0.05056436051403392,0.02044299700947616,-0.07519846020046571,2.2172708209352272e-06,7.717341383527436e-05,-0.0013029002748206745,-0.000960996560085721,0.0016667925794749347,-0.0015079190851344311,-0.0007507513751892898,-0.0016797101725694714,-0.02952801551671702,-0.003236377829880559,0.0015915816897275465,-0.00039535546620824737,7.397161206719357
1781506194.2497141,0.016677300779496824,0.7743639666162242,0.32296758509507223,-0.0507245234444377,0.020682953932630088,-0.07535060821524728,0.01688971802957684,0.7747050476196891,0.3303730983519797,-0.05056436051403392,0.02044299700947616,-0.07519846020046571,-3.8051808169443844e-06,7.119027706110407e-05,-0.0013328711043914259,-0.0005247958712345284,0.001766923708947441,-0.001610490747064481,-0.0005794579814777454,-0.001283724318632678,-0.030703313335610324,-0.001931203160844839,0.0012407928085268602,-0.0009409134125803183,7.416406403190728
1781506194.2597406,0.01666443203678581,0.7743377312043556,0.3224527550868559,-0.05069893110837477,0.020702067144609204,-0.07537071384137227,0.01688971802957684,0.7747050476196891,0.3303730983519797,-0.05056436051403392,0.02044299700947616,-0.07519846020046571,-8.591627799466331e-06,6.548512239616924e-05,-0.001340042051479398,-0.00018360032473363258,0.0017935858841498847,-0.0016432576091546223,-0.0007982211121273579,-0.0012404407202747719,-0.029588832873777154,-0.0007404161685454495,0.0018431252350691895,-0.001014352477783094,7.932056011206258
1781506194.2697484,0.01665163184940255,0.7743118519309359,0.32194099053687086,-0.05067720467340276,0.020716575303417528,-0.07538603312357105,0.01685812132730008,0.7746296748670287,0.32891920266772134,-0.05063986079490771,0.020496092064788085,-0.0752346750670159,-1.2325194285018334e-05,6.0075414407962695e-05,-0.0013288190018492252,7.707162077407338e-05,0.001764469737370173,-0.0016228259577381228,-0.0005797672449322414,-0.0015614558549601543,-0.030006065024482276,-0.0008506398941649764,0.0012397843933286846,-0.001621950495189053,6.988497253797691
1781506194.2797709,0.01663889731919013,0.7742862748509591,0.32143184334013325,-0.05065896943200053,0.02072723575932023,-0.07539734698775326,0.01685812132730008,0.7746296748670287,0.32891920266772134,-0.05063986079490771,0.020496092064788085,-0.0752346750670159,-1.5166228496477651e-05,5.4971429572856005e-05,-0.0013029719529208548,0.00027027464814066596,0.0016943572421049225,-0.00156309431424934,-0.000677184712465769,-0.0008626939589319245,-0.02966930062943669,0.0010855412396549434,0.0016137224092606236,-0.0018615774411439156,7.498435332600318
1781506194.2897232,0.016638876567026308,0.774262623255997,0.32091249762487123,-0.05076652501480905,0.020722320544310557,-0.07532665149130349,0.01685812132730008,0.7746296748670287,0.32891920266772134,-0.05063986079490771,0.020496092064788085,-0.0752346750670159,6.216420439912963e-05,2.1444557132018918e-05,-0.00134986466798954,-0.0009494067243609181,0.0014165032791311999,-0.000624552808621553,-0.0006638883347531219,-0.0013797862853844605,-0.03168158114280776,0.000815178936807959,0.0015834766350060331,-0.002114026857902235,8.018112046689664
1781506194.2997584,0.01663707098261745,0.774238680888622,0.3203968290737165,-0.05085610466581067,0.02071692162320593,-0.07526655175081584,0.01685812132730008,0.7746296748670287,0.32891920266772134,-0.05063986079490771,0.020496092064788085,-0.0752346750670159,0.0001234553162097638,-5.7416402639125885e-06,-0.0013704047247394642,-0.0018372890912922105,0.0011695369826424163,9.575276068698264e-05,-0.0006404917336059967,-0.0011633623604677431,-0.031647651761066306,0.0009154055471083927,0.001671473039544702,-0.002256267519974412,8.534201264431559
1781506194.3097444,0.016633701932019577,0.7742144793936735,0.3198843141926478,-0.050929763455072115,0.0207113070644509,-0.07521603593871748,0.01685812132730008,0.7746296748670287,0.32891920266772134,-0.05063986079490771,0.020496092064788085,-0.0752346750670159,0.00017109387104922668,-2.7493237240006658e-05,-0.0013695293115192522,-0.0024522608680293567,0.0009524754605154262,0.0006328266869496075,-0.0009417537015845084,-0.0014199036842752614,-0.03178564059202882,-0.001865996346081081,0.0021825654921682133,-0.001453684121769352,9.047207364877279
1781506194.3197503,0.01662896694970069,0.7741900541151474,0.3193744933592292,-0.05098947697563399,0.02070568382003457,-0.07517408366652192,0.01682347102591386,0.774563211665958,0.32734735133118065,-0.050669087874194975,0.020573395519884352,-0.07532561114247711,0.00020716889082864835,-4.460646808478827e-05,-0.0013514732263331625,-0.0028459157282474633,0.0007637633003374162,0.0010179115819086088,-0.0007728131566409838,-0.0017086231294263625,-0.032343064415768986,-0.0013823006451658681,0.001774196663652736,-0.0013127393190011738,7.98395532516938
1781506194.329725,0.016625154213034617,0.7741635939271339,0.31885774875193984,-0.05094610021223393,0.020660083953453867,-0.07512038077196213,0.01682347102591386,0.774563211665958,0.32734735133118065,-0.050669087874194975,0.020573395519884352,-0.07532561114247711,0.0002491030998409807,-7.17277554571915e-05,-0.00139485033882287,-0.0020737358531651975,0.0001534064049791711,0.00146680858383238,-0.0010485660221941956,-0.0016910833098697428,-0.03378615557669272,-0.002041836790168305,0.0014609271888223368,-0.0002089002660732943,8.501316124513055
1781506194.3397322,0.016629468741712485,0.7741466988843755,0.31885981051970697,-0.05095079035316563,0.02061352241040293,-0.07506457486795615,0.01682347102591386,0.774563211665958,0.32734735133118065,-0.050669087874194975,0.020573395519884352,-0.07532561114247711,0.00026180868134619744,-0.0001976628673077351,-0.0013099796719077332,-0.0019110482151244684,-0.0004020298063037508,0.0018890994779050638,-0.001031035983245299,-0.001963662425182022,-0.03695401312562739,-0.0010644718617953456,0.0012952602127464384,0.00026341320877907654,8.49996875346776
1781506194.3497427,0.01662086923284834,0.7741075107080987,0.3183629928145452,-0.05095301877994073,0.020574639849824994,-0.07501938902547926,0.01682347102591386,0.774563211665958,0.32734735133118065,-0.050669087874194975,0.020573395519884352,-0.07532561114247711,0.0002686909992402533,-0.00029625560482916466,-0.00122524900651639,-0.001736844584590122,-0.0008071988409357183,0.0021537936976209165,-0.0012765571848781644,-0.002149013298487191,-0.03795946159169296,-0.003306973439255763,0.000840155304990127,0.0015445900576177088,8.998189195887512
1781506194.3597267,0.01661164848544579,0.7740703696196548,0.31786642774658863,-0.05095334116936189,0.02054257518111191,-0.0749833973018003,0.01682347102591386,0.774563211665958,0.32734735133118065,-0.050669087874194975,0.020573395519884352,-0.07532561114247711,0.00027081135149150716,-0.00037164934822102216,-0.001141704354153179,-0.0015587800135126676,-0.00108868614987644,0.0022931617314237225,-0.0008986304056376695,-0.0021135177038602605,-0.037911422471400294,-0.004362930939996441,0.0003862030188903084,0.001542452945542676,9.496087304154683
1781506194.3697133,0.01660189042814769,0.7740350314590095,0.31737002500907674,-0.05095222618313737,0.020516496621378444,-0.07495527960416117,0.01677464144160279,0.7744649054388624,0.32554790945213374,-0.05078233456006181,0.020611621371790623,-0.07529711906192649,0.0002690820585556059,-0.00042746424667924426,-0.0010601703967816425,-0.0013826960642419931,-0.0012697970783134404,0.0023348130157299133,-0.0006718449083147692,-0.0018200005605273643,-0.03504931592816582,-0.00035063485037925947,-5.927437123437866e-05,0.0014928815195495567,8.190996796190197
1781506194.3797355,0.016591669139096488,0.7740012797267667,0.31687371268158665,-0.05095006443102298,0.02049561710491732,-0.07493383128925604,0.01677464144160279,0.7744649054388624,0.32554790945213374,-0.05078233456006181,0.020611621371790623,-0.07529711906192649,0.00026428428571416624,-0.0004668545426315175,-0.0009812836893942553,-0.0012129155614521018,-0.0013707413026571348,0.002302108939628713,-0.0005957312813093707,-0.002930854514887983,-0.0382797950778322,-0.004526286950044617,-0.0006540380612349091,0.0021538991969005,8.688504893166046
1781506194.38976,0.01659542397445372,0.7739890147564252,0.3163488237103841,-0.05091836362141419,0.02046189554337774,-0.07493163771269157,0.01677464144160279,0.7744649054388624,0.32554790945213374,-0.05078233456006181,0.020611621371790623,-0.07529711906192649,0.00035053044906801475,-0.00035696268752233084,-0.0010960819456681847,-0.0007348648042393338,-0.0015899335617800966,0.002055950655424108,-0.0007871614446727416,-0.0021298210692704297,-0.03731430382033678,0.00023069527531966588,-0.001479276944047593,0.0027396953547988564,9.21313026751623
1781506194.3997917,0.016608844923981375,0.7739996948463606,0.31632731333819264,-0.050891065960561026,0.02043489422639766,-0.0749317539555169,0.01677464144160279,0.7744649054388624,0.32554790945213374,-0.05078233456006181,0.020611621371790623,-0.07529711906192649,0.00041532497680716305,-0.0002642213768619252,-0.0011743504325789646,-0.00035656549126649573,-0.0017106490761376802,0.0018152321808676557,-0.0007388465636897583,-0.0017457502881371252,-0.03795278781277448,0.0007541991040796699,-0.0025339490109002848,0.0032930146002108323,9.233812976070993
1781506194.409751,0.01660806607244756,0.7739843100127238,0.31581014130858165,-0.05086781449257134,0.02041366740451167,-0.07493359742397603,0.01677464144160279,0.7744649054388624,0.32554790945213374,-0.05078233456006181,0.020611621371790623,-0.07529711906192649,0.00046207769494069454,-0.00018642318940847747,-0.0012223020601772766,-6.336084384129072e-05,-0.0017542742402926563,0.001585179557044891,-0.0004444278517687798,-0.0023020328305831794,-0.03745197879255853,-0.003769394779752553,-0.002988722356950855,0.003427090640844554,9.751043417748303
1781506194.4197574,0.016605450617008476,0.7739676497546496,0.3152960748126071,-0.05084823105915199,0.020397348352581002,-0.0749366843820596,0.01674238343418466,0.7743530255188638,0.3236375996419701,-0.05085477578791238,0.02053478584724644,-0.07516115824780774,0.0004937545282902244,-0.0001216067221092032,-0.0012453085312410612,0.00015806003977513673,-0.0017389435161306785,0.001369416308897649,-0.0005912480124931308,-0.0022785694991093825,-0.03610914657884521,-0.0022999237131426323,-0.0021723697242178627,0.0029591957265895424,8.351544860380208
1781506194.4297206,0.016601238505199678,0.7739498719714851,0.3147846905336377,-0.05083193195090191,0.020385153291681446,-0.0749406183951791,0.01674238343418466,0.7743530255188638,0.3236375996419701,-0.05085477578791238,0.02053478584724644,-0.07516115824780774,0.0005129274684426805,-6.803292167622295e-05,-0.0012479981850054703,0.00031963533539594135,-0.0016798583656429614,0.0011702661190257366,-0.000554012744793788,-0.002214472940488804,-0.035206345882982916,-0.001333149533179708,-0.0012907105183757222,0.0023201629014526905,8.863207904259962
1781506194.4397223,0.016598054654904784,0.7739269898427199,0.31429924443818286,-0.05065293341197818,0.020346870354853275,-0.07493743270810124,0.01674238343418466,0.7743530255188638,0.3236375996419701,-0.05085477578791238,0.02053478584724644,-0.07516115824780774,0.0005382117239748268,-4.837655306363699e-05,-0.0010941933094018217,0.0022382232706736134,-0.0019153665610941305,0.0010560202500163726,-0.00040144805239512204,-0.0024396526970277875,-0.03763872900379521,-0.0007741433131773963,-0.00124985569367041,0.0016488641607196467,9.3491825902576
1781506194.4497375,0.016593366195265812,0.7739040124051755,0.31381228812610307,-0.05050445672363196,0.020316377400920738,-0.07493581727436704,0.01674238343418466,0.7743530255188638,0.3236375996419701,-0.05085477578791238,0.02053478584724644,-0.07516115824780774,0.0005516895564703906,-3.198396801838737e-05,-0.0009568583443022491,0.003614488127272739,-0.0020394046132273464,0.0009415017515506425,-0.000310470819442647,-0.0012591888548358025,-0.037368877718462944,0.0020039333492087516,-0.001276760854455806,0.0012909201610042363,9.83669483605078
1781506194.4597948,0.01658737319514848,0.7738809371901643,0.3133239621490324,-0.05038291310306116,0.020292556370352877,-0.07493542093904453,0.01674238343418466,0.7743530255188638,0.3236375996419701,-0.05085477578791238,0.02053478584724644,-0.07516115824780774,0.0005555187317023903,-1.841917149363347e-05,-0.0008344851546330352,0.004546737003442407,-0.002076524462864918,0.0008299166213813834,-0.00018127791573256744,-0.0012709767966383252,-0.03713774591997689,0.002469308408523693,-0.0014498689978160529,0.0008352259023865961,10.325599929303387
1781506194.4697127,0.016580252890673695,0.7738577624939798,0.3128343990141778,-0.050284876408042876,0.02027438675898896,-0.07493594765908802,0.016725506451441052,0.7742585644037168,0.32176655302266866,-0.05085418200120434,0.020479237726217514,-0.07508613597347596,0.0005515537043872747,-7.296327419272483e-06,-0.0007256734691602685,0.005120781898649773,-0.002047501773549302,0.0007235859692162742,2.5321050709947103e-05,-0.000969368782443701,-0.0358067316880469,0.0031713737276993907,-0.0013725272862531086,0.000403807811616006,8.942321622440309
1781506194.4797432,0.01657216207356838,0.77383448777798,0.3123437224759521,-0.050207136128309626,0.02026094913358567,-0.07493715069760812,0.016725506451441052,0.7742585644037168,0.32176655302266866,-0.05085418200120434,0.020479237726217514,-0.07508613597347596,0.000541381941444219,1.725245059964049e-06,-0.0006291273497030022,0.0054107237736648744,-0.0019697139501124216,0.000624104538898067,-6.641458423144467e-05,-0.0008504741097908028,-0.03762878918527949,0.0050486840862634845,-0.0008323548861404234,3.316885968523623e-05,9.433614948409543
1781506194.4897265,0.01657988870515443,0.7738375646134275,0.3123341629876697,-0.05018702942566525,0.020272341623318146,-0.0750300312329166,0.016725506451441052,0.7742585644037168,0.32176655302266866,-0.05085418200120434,0.020479237726217514,-0.07508613597347596,0.0005587392514566422,5.751531848721302e-05,-0.0006457475745197949,0.005060053156181663,-0.0015795910570813216,-0.00045029121805378154,-0.00025490089133618576,-0.001224795258123296,-0.041388299344013335,0.0007900037215284853,-0.0003057997949268305,0.0005438979493053699,9.442903532484324
1781506194.4997096,0.016574239200597623,0.773816054886361,0.31182697245332414,-0.050174758659190875,0.020283392770887643,-0.07510781200730973,0.016725506451441052,0.7742585644037168,0.32176655302266866,-0.05085418200120434,0.020479237726217514,-0.07508613597347596,0.0005655934402913952,0.00010157331412630012,-0.0006509075673495993,0.004658793099392052,-0.0012440684536975748,-0.0012429791379775256,-0.0004088172178403233,-0.0011644528656222174,-0.0419282569620739,0.003568370603922316,-0.0007680124836188108,0.0007594415768352625,9.950575779753617
1781506194.509729,0.016567377940294874,0.7737942649848586,0.31132120505038796,-0.0501686947811799,0.020293885453633642,-0.07517214994538753,0.016725506451441052,0.7742585644037168,0.32176655302266866,-0.05085418200120434,0.020479237726217514,-0.07508613597347596,0.000563929155895148,0.0001356548531540644,-0.0006468022112702734,0.004230613431974165,-0.0009586349086459558,-0.0018028935670689667,-0.00039256453622280767,-0.0007028903562182145,-0.040327106263814534,0.006821059855855814,-0.0011450062182592092,0.0006190903131393842,10.456857694279757
1781506194.5198095,0.016559478464719717,0.7737722259566673,0.3108166702838061,-0.05016744732202509,0.0203036723878256,-0.07522465450622413,0.016708801624007064,0.774203074055931,0.319776657099824,-0.050625325173721855,0.0204677660139716,-0.07505728724491871,0.0005554475580619078,0.00016129571295222546,-0.0006353109008681772,0.0037939855758843954,-0.0007185405526563445,-0.002173071331557501,-0.0004084220948475385,-0.0018444837415861213,-0.040406671805672326,0.003980373105369321,-0.0013158599102398097,0.0006597764542605078,8.971582426403563
1781506194.5297081,0.016550693199671927,0.7737499615175496,0.31031319845765487,-0.05016984263482416,0.02031266261724629,-0.07526685552096019,0.016708801624007064,0.774203074055931,0.319776657099824,-0.050625325173721855,0.0204677660139716,-0.07505728724491871,0.0005416006744857594,0.00017983572634737807,-0.0006180359512007706,0.0033629804605056516,-0.000518986399736772,-0.0023909523262660264,-0.0002369947460905901,-0.002401219433092116,-0.041197120502206384,0.0013852230153564293,-0.0015563426316923005,0.0001824511729700282,9.475619173348505
1781506194.539754,0.016558200369264527,0.7737252759719448,0.30977399855361304,-0.05023760912543435,0.020585382810390573,-0.07529254186891499,0.016708801624007064,0.774203074055931,0.319776657099824,-0.050625325173721855,0.0204677660139716,-0.07505728724491871,0.0006341243783731107,0.00017498454562017745,-0.000729746563720027,0.002261311064799193,0.0025251729116157456,-0.002260577812227251,-0.000175384870878968,-0.0023323699959523158,-0.04136946880704206,0.005425857293690839,-0.0018379988259078367,-0.00035710962498650215,10.015195941122576
1781506194.5497353,0.016562344486526038,0.7737006694643477,0.309241291693342,-0.0502966466426544,0.02081255095358925,-0.07531197464104669,0.016708801624007064,0.774203074055931,0.319776657099824,-0.050625325173721855,0.0204677660139716,-0.07505728724491871,0.0007003649240793138,0.00016887291610747445,-0.0008101782143752252,0.0013739422690513684,0.004736929232649328,-0.0021010506494531364,-0.00019077157136302873,-0.0019634173236459545,-0.04289478889399467,0.004114193550070987,-0.0009196656526595462,-0.0014463923900861924,10.548354578552066
1781506194.5597253,0.01656359643238137,0.7736761263241447,0.308714274971654,-0.05034752546313293,0.020999370870276923,-0.07532618661270263,0.016708801624007064,0.774203074055931,0.319776657099824,-0.050625325173721855,0.0204677660139716,-0.07505728724491871,0.0007446667210619586,0.00016182687270114554,-0.0008644808035261059,0.0006714381355645248,0.006264454433706832,-0.0019240380085058255,-0.00031674761740628244,-0.0006872972838356112,-0.03904614077401159,0.00568984430135316,-0.0007835824168284726,-0.001645520091050989,11.07587724784656
1781506194.5697193,0.016574797084202106,0.7736759509565004,0.30869146643396167,-0.05039089684990076,0.021150845907148774,-0.07533609513644354,0.016708801624007064,0.774203074055931,0.319776657099824,-0.050625325173721855,0.0204677660139716,-0.07505728724491871,0.0007707953308193402,0.00015411998743189637,-0.0008971196146595322,0.0001266813583898674,0.007237497457522854,-0.0017387626074344944,-0.00020985276591659326,-0.0012878566850391586,-0.03767800852592876,0.0038212411461642747,-0.0005675657946989305,-0.0022170503213258,11.098525491125523
1781506194.579781,0.016571517256289785,0.7736515076784435,0.3081736882011092,-0.05042745477095548,0.021271692272125442,-0.07534250591206099,0.016696354373475275,0.7741118079638847,0.31770854606094984,-0.050396089898245684,0.02042623865697779,-0.0750959131450019,0.0007820039177610432,0.00014598025011886042,-0.0009119537595412111,-0.0002849653920955209,0.007768452102924995,-0.0015523625962836555,-0.0003521606071868706,-0.002252486798029011,-0.038270930659562,0.0010732201974158263,0.00041796348024653556,-0.002146058870165202,9.546778255829002
1781506194.5897422,0.016566425208667687,0.7736270887466706,0.30765959376481206,-0.05045790607162954,0.0213662819587237,-0.07534611885051862,0.016696354373475275,0.7741118079638847,0.31770854606094984,-0.050396089898245684,0.02042623865697779,-0.0750959131450019,0.0007810930867741743,0.00013759616954250173,-0.0009123068326888709,-0.0005856065712002982,0.007953632111655538,-0.0013702184103476104,-0.00024274273740595198,-0.0017068260658089458,-0.040812253023700895,0.0036631723409300933,0.001732910171883832,-0.0026258212590254282,10.061474869891441
1781506194.5997303,0.016570147720566638,0.7735923961793746,0.3071644211995713,-0.050567052471532196,0.021532520011637413,-0.07533805809373026,0.016696354373475275,0.7741118079638847,0.31770854606094984,-0.050396089898245684,0.02042623865697779,-0.0750959131450019,0.0008387314752908463,6.0305890706148255e-05,-0.000763557742445337,-0.00171539230203516,0.008893225118343237,-0.0010411736678786053,-0.0006106550796781179,-0.001037453315982474,-0.043376117658618686,0.004944101302806878,0.0041012818452857685,-0.002316590168789982,10.55766478978504
1781506194.6097329,0.016570982662870742,0.7735591296823163,0.3066697514294886,-0.050657251554903054,0.021664233356028406,-0.07532992716730158,0.016696354373475275,0.7741118079638847,0.31770854606094984,-0.050396089898245684,0.02042623865697779,-0.0750959131450019,0.0008743744467310604,-2.504806961089152e-06,-0.0006344709144484028,-0.0025149620972360655,0.009353791967364624,-0.0007661634457157502,-0.0006815915457544674,-0.0015691760880817893,-0.047923121251152216,-0.0007687205121606976,0.005118451514540326,-0.0018604917880352587,11.053332450637438
1781506194.6197314,0.01658209174304476,0.7735515832897978,0.30667467040404933,-0.0507307847052985,0.021766473330301794,-0.07532196170072829,0.016696354373475275,0.7741118079638847,0.31770854606094984,-0.050396089898245684,0.02042623865697779,-0.0750959131450019,0.0008919084552252379,-5.289581029082743e-05,-0.0005228040838820615,-0.0030452222152454415,0.009442835424559417,-0.0005391593135055158,-0.0009332482599543061,-0.002128615253952127,-0.04630835505793585,-0.0005723489903808006,0.007030471210058348,-0.0018335899551209646,11.048679543099718
1781506194.6297147,0.01659117374981659,0.7735451930275858,0.3066797984149774,-0.05078981762077071,0.021843831422660998,-0.0753143349300908,0.016665355884919242,0.774024328235607,0.315523356511257,-0.050308479424579236,0.02061845331846257,-0.07520662188534309,0.0008946829007555507,-9.267811126645003e-05,-0.0004265364916960996,-0.003359180313333356,0.009251072868832835,-0.00035433230120848145,-0.0009380538334043855,-0.002425524922270752,-0.0447174466919603,0.0007315148593835585,0.007967296618111967,-0.001640116720327404,8.856838789263737
1781506194.6397583,0.016605124738530583,0.7735497196343415,0.3066517503060652,-0.05091439424460912,0.021837724525517688,-0.07527385984406332,0.016665355884919242,0.774024328235607,0.315523356511257,-0.050308479424579236,0.02061845331846257,-0.07520662188534309,0.0009256241698857087,-7.11760739778401e-05,-0.0005817906350139243,-0.004362122866811221,0.008151889302303364,0.00012208835908149627,-0.0011539797697896292,-0.003837319213478887,-0.048414162991577706,-0.004711101625317758,0.00907637937294003,-0.0006493079260546122,8.884496484066434
1781506194.6497567,0.016616610105040286,0.7735536304827313,0.30662845007613293,-0.05101516589538731,0.02182510914039426,-0.07523955166370892,0.016665355884919242,0.774024328235607,0.315523356511257,-0.050308479424579236,0.02061845331846257,-0.07520662188534309,0.0009387343919645308,-5.3012942591087445e-05,-0.0006990526150060811,-0.004994205570524614,0.007105161591108856,0.00047566371760279866,-0.0013119298551029714,-0.003007189441789207,-0.04923608521017476,-0.0028590561247199635,0.010210982055463547,-0.00018541593027280364,8.907485223969223
1781506194.6597428,0.016625967819297226,0.7735569878184431,0.30660922456955353,-0.05109534276432966,0.021807961819334087,-0.0752108014665326,0.016665355884919242,0.774024328235607,0.315523356511257,-0.050308479424579236,0.02061845331846257,-0.07520662188534309,0.0009373642083640648,-3.776034053807766e-05,-0.000784329677924152,-0.005331109963399851,0.006126390901389779,0.0007275291194094549,-0.0013836926662522187,-0.0028367581774149248,-0.050493777454171884,-0.003975449117206984,0.00907101721265758,0.0007308238522862775,8.926461043399378
1781506194.6697414,0.016633496500237675,0.7735598511834465,0.3065934841210797,-0.051157893863332166,0.021787887727771516,-0.07518700151410515,0.016665355884919242,0.774024328235607,0.315523356511257,-0.050308479424579236,0.02061845331846257,-0.07520662188534309,0.000924386905464366,-2.503749924875563e-05,-0.0008428495611551475,-0.005437622439583683,0.005225331100975673,0.0008963015864997749,-0.0014545790558892625,-0.0026249115645122735,-0.04767333764968058,-0.004110321013863391,0.009345970989369035,0.0011693315237534558,8.942000607091655
1781506194.6797192,0.016639459375142645,0.773562276752637,0.3065807137804407,-0.05120552623602112,0.021766169807875935,-0.07516756138366201,0.01660235498103224,0.7738746729483443,0.3131091272838765,-0.050502081987241654,0.021060884214395337,-0.07522171452584864,0.0009022561544178417,-1.4506693300277337e-05,-0.0008791479925568105,-0.005368592411691131,0.004407162927704186,0.0009982024136230632,-0.0012598720838981942,-0.002795188080184388,-0.04415439725210581,-0.0071173516899032,0.007864841725467735,0.0014185661358208992,6.535988906890651
1781506194.6897268,0.016644678309033756,0.7735555354547295,0.3065534205863369,-0.05137576556317061,0.021742771540361527,-0.07511316373454299,0.01660235498103224,0.7738746729483443,0.3131091272838765,-0.050502081987241654,0.021060884214395337,-0.07522171452584864,0.0008758314400412887,-7.50014424084537e-05,-0.0010071724249174055,-0.006653902865453405,0.0036402191052427937,0.001469023460213003,-0.0007984407424916958,-0.0034761840242327423,-0.0387863271733717,-0.007730394002239337,0.007605224309215871,0.0006612974506746574,6.563606501618591
1781506194.6997252,0.01665386787317902,0.7735589196062326,0.3065574307003724,-0.05129327844525906,0.02178097615303698,-0.07504666807611403,0.01660235498103224,0.7738746729483443,0.3131091272838765,-0.050502081987241654,0.021060884214395337,-0.07522171452584864,0.0008774560681101774,-7.535704493595058e-05,-0.0009019198511424204,-0.005042838901261239,0.0036221993717867997,0.0020548874270673806,-0.001099603455089929,-0.002917599216735096,-0.035626974838366125,-0.006173801183390778,0.007505346352283947,0.001333625839613426,6.559503172757199
1781506194.7097533,0.0166612705229315,0.773561702302696,0.30656161138308763,-0.051219305771571154,0.021809683998846197,-0.07499244881658529,0.01660235498103224,0.7738746729483443,0.3131091272838765,-0.050502081987241654,0.021060884214395337,-0.07522171452584864,0.0008676420165813785,-7.468766282329824e-05,-0.0008059976703878978,-0.0036976951626177903,0.003509524861326886,0.00243762908238262,-0.0008222102063375715,-0.002003263659239796,-0.033634345532384174,-0.0033583621735691852,0.006718336141757753,0.001243861315060689,6.555256374635408
1781506194.7197282,0.016667143886132753,0.7735639569074634,0.30656587087138676,-0.05115373800488934,0.02183049163298678,-0.07494891312710616,0.01660235498103224,0.7738746729483443,0.3131091272838765,-0.050502081987241654,0.021060884214395337,-0.07522171452584864,0.0008487696541692367,-7.320393231099587e-05,-0.0007187811100791452,-0.0025886146543536294,0.0033290188290160004,0.0026576959982845434,-0.00037275381297336997,-0.000259069666344935,-0.030452205687290703,-0.0005739900771447416,0.0044621739341088465,0.0012344700485566289,6.55095004864739
1781506194.7297466,0.016671714366277436,0.7735657536167725,0.3065701326587438,-0.05109626284676912,0.021844811325555158,-0.07491457485657606,0.01655285195735423,0.7737392911835439,0.31118191236859105,-0.050833327030748485,0.02141339520392216,-0.07516626380739837,0.0008228646549670987,-7.108526513868113e-05,-0.0006396583105162936,-0.001686765355443986,0.003102634289081866,0.002749848374247956,-0.00017863106459612034,0.00016534031153374334,-0.025721219381099183,0.0006533344295726589,0.0029073866373071798,0.001917119417061413,4.61657401668109
1781506194.7397127,0.01668734642713536,0.7735641164419923,0.3066825915002978,-0.05102052940200275,0.021853938400981043,-0.07486486976716789,0.01655285195735423,0.7737392911835439,0.31118191236859105,-0.050833327030748485,0.02141339520392216,-0.07516626380739837,0.0008690864837670205,-9.734571096742012e-05,0.00012751939019890908,-0.0006877082107124379,0.0028358406185312506,0.0029965408189938716,0.00017921479085674562,-0.00113014157657264,-0.025113552940513692,-0.0033053095489556004,0.002561495257855226,0.002146227967229689,4.504737864553102
1781506194.7497416,0.01670027281444828,0.7735625569187605,0.3067791722244581,-0.05095625722536279,0.021858870123186103,-0.07482567760068876,0.01655285195735423,0.7737392911835439,0.31118191236859105,-0.050833327030748485,0.02141339520392216,-0.07516626380739837,0.0008951799187937278,-0.00011719342285159354,0.000741773251378898,7.967025062365009e-05,0.0025583046353772807,0.003099365539429491,0.00035358763018382314,-0.002055888659641436,-0.02445537439656071,-0.006041885851886701,0.0029026709635189313,0.0023635577851363328,4.408751374960334
1781506194.7597544,0.016710862712601526,0.7735610778582875,0.3068617735208887,-0.05090233198008037,0.021860524409812454,-0.07479543575444558,0.01655285195735423,0.7737392911835439,0.31118191236859105,-0.050833327030748485,0.02141339520392216,-0.07516626380739837,0.0009047841893800144,-0.00013164167342864292,0.0012254807396863809,0.0006524559005717114,0.0022803196894451917,0.0030915779718466993,0.00010321180254440715,-0.002469608815512247,-0.023963590612548522,-0.007278670328269603,0.0036076256956134394,0.0030311596699695857,4.326699325293998
1781506194.7697606,0.016719442325093762,0.7735596836048538,0.3069320967989718,-0.05085763545120156,0.021859678489760892,-0.07477272826526193,0.01655285195735423,0.7737392911835439,0.31118191236859105,-0.050833327030748485,0.02141339520392216,-0.07516626380739837,0.0009010297055861126,-0.0001415723074252865,0.0015982600396764,0.0010637621083680673,0.0020096097829047643,0.0030011236709185413,0.00019527732446711848,-0.0018559133201406573,-0.022946768016609862,-0.003642837263910994,0.00308332210209876,0.0029218103944171595,4.256870165828943
1781506194.7797575,0.016726299174464575,0.7735583788581307,0.306991663771085,-0.050821077147483004,0.021856982952538795,-0.07475628784295092,0.016556959311089803,0.7736675288324657,0.30994464056836735,-0.051028994654555515,0.0215690504426298,-0.07504997607730166,0.0008865987455467724,-0.0001477504889018231,0.0018772656759896808,0.0013428194665920544,0.0017517625526502,0.002851204574360393,0.000167941177824138,-0.0010450706226358874,-0.020967020202915264,-0.0018251836713861311,0.002247490655250346,0.0034711665453148774,2.9598414943224616
1781506194.7897418,0.01672976885179692,0.7735589664171211,0.30700955448355943,-0.05095953705341424,0.02177553703359969,-0.07478488676848695,0.016556959311089803,0.7736675288324657,0.30994464056836735,-0.051028994654555515,0.0215690504426298,-0.07504997607730166,0.0008509551161813657,-0.00012114106080728955,0.0018401195312696232,-0.00030842506457251766,0.0006882103733053709,0.002182963340925755,0.0003347860362879428,-0.00013579323892803363,-0.017358712371678117,9.576920661008857e-05,0.0036440102065766083,0.0027117417966928,2.942172540932621
1781506194.79974,0.01673226730137777,0.7735594553113445,0.3070238502807139,-0.0510757524635424,0.021706298860285633,-0.07481090292454129,0.016556959311089803,0.7736675288324657,0.30994464056836735,-0.051028994654555515,0.0215690504426298,-0.07504997607730166,0.0008115589021129399,-9.824474608616891e-05,0.0017869834207064176,-0.0015372111380165154,-0.00012749712545686047,0.001622513706002678,0.00026729759370126567,-0.0003197945201128512,-0.015906241931681456,0.0014773231948830843,0.0028634727265859647,0.0034221182930589547,2.9280417828093124
1781506194.809749,0.016733954329737878,0.7735598747028593,0.3070350570894248,-0.051172119744068434,0.02164810280201057,-0.07483427325819406,0.016556959311089803,0.7736675288324657,0.30994464056836735,-0.051028994654555515,0.0215690504426298,-0.07504997607730166,0.0007696494038264137,-7.86193386492223e-05,0.0017216842833286394,-0.0024158264360381754,-0.0007351784480603465,0.0011581710718130411,0.00039811185184960316,-0.0004405414657474571,-0.016803457583122988,0.0005508348028955758,0.0033546457259528957,0.003283583048825761,2.9169492057941224
1781506194.819726,0.016734968648091157,0.7735602459390122,0.3070436262075615,-0.051250977741125,0.021599773302342973,-0.07485502266845323,0.016556959311089803,0.7736675288324657,0.30994464056836735,-0.051028994654555515,0.0215690504426298,-0.07504997607730166,0.0007262533443419113,-6.18684016034947e-05,0.0016474484009442035,-0.003008019239837255,-0.0011703615985238771,0.0007785495087377194,0.0005540948814989478,-0.0006457540417892509,-0.015868500449193593,-1.3905117301842322e-05,0.002445716151863587,0.003103739723058616,2.9084499763429457
1781506194.8297787,0.016735430237364683,0.7735605842081267,0.30704995829009873,-0.051314558159038265,0.021560159505447762,-0.07487324129005937,0.016569905541424623,0.7736405864692015,0.30905350297641054,-0.05105064958017967,0.021713953000024322,-0.07488510679061729,0.0006822137855748296,-4.763726359629916e-05,0.0015669789836043775,-0.003369394469986789,-0.0014643875795468115,0.00047279862005832133,0.0006942078073511492,-0.0010464859730150349,-0.013614441550340617,-0.0008524330634298723,0.001031590239672319,0.0025810124529507704,2.01196175331228
1781506194.839728,0.016737122729034454,0.7735636854916839,0.30700667594801107,-0.05125793996630442,0.0215564815265874,-0.0748649507226436,0.016569905541424623,0.7736405864692015,0.30905350297641054,-0.05105064958017967,0.021713953000024322,-0.07488510679061729,0.0006488557514066832,-2.8733863157228537e-05,0.001186869234113699,-0.00238539741199925,-0.0013491747433553372,0.000509487816058062,0.0009331870941159583,-0.0006566413675379277,-0.010507979095651498,-0.001043093921185294,-0.0006021400807718758,0.0021375993945773226,2.0550854562187806
1781506194.8497305,0.016749154531698153,0.7735677414523656,0.3070442641045487,-0.051163442515621486,0.021572645218839837,-0.0748540665370928,0.016569905541424623,0.7736405864692015,0.30905350297641054,-0.05105064958017967,0.021713953000024322,-0.07488510679061729,0.000684426736607817,-6.5491802828738154e-06,0.0013584126848263346,-0.0010959348584592087,-0.0010315969360311567,0.0005815343185509414,0.0011038744716241025,-0.0006052142545250319,-0.008582363634443738,-0.0008232539326644019,-0.0007259267649969379,0.0010978908474771865,2.018533487756024
1781506194.8597226,0.01675909315581123,0.7735711776902053,0.3070757232613218,-0.05108296769846571,0.021587157734187734,-0.07484549295921247,0.016569905541424623,0.7736405864692015,0.30905350297641054,-0.05105064958017967,0.021713953000024322,-0.07488510679061729,0.0007043097868363361,1.13430722894692e-05,0.0014789106935382196,-9.978461057319585e-05,-0.0007654121430623562,0.0006195944609140797,0.0013090810253239085,-0.0003570883473419128,-0.00833411121634292,-0.0006871169688642238,-0.0008086086653561085,0.0005850263108897391,1.9880196511743715
1781506194.8697448,0.01676722588513354,0.7735740716300755,0.3071018711325987,-0.05101520243089364,0.021600036106197207,-0.07483888537478309,0.016569905541424623,0.7736405864692015,0.30905350297641054,-0.05105064958017967,0.021713953000024322,-0.07488510679061729,0.000711347045615582,2.5562764048944268e-05,0.0015569039597338854,0.0006493290835320887,-0.0005450198174994598,0.0006311488889706761,0.0011807614184406697,-0.00016241964251888057,-0.008233706703009882,-0.0012395074935790042,-0.00107726294268203,0.0003051765672323803,1.9627089431818097
1781506194.87974,0.016773806207563205,0.7735764932194328,0.30712343006053106,-0.050958814958546164,0.02161133776066304,-0.0748339317743766,0.016620493494730604,0.7736155647590468,0.30854639582550625,-0.05108654728521383,0.02169215590308271,-0.07481009507255254,0.0007079828786825487,3.665404465418525e-05,0.0015997873059088047,0.0011928412011595962,-0.00036497038983672914,0.0006225278993813889,0.0010235195909161668,-0.0002043381150322645,-0.0076245749733989026,-0.0015252298069666887,-0.0015423393237411114,0.0002791968686945078,1.4317342425936934
1781506194.8897514,0.01677937017442748,0.7735739229209029,0.3071608823546715,-0.05092216152088154,0.02156971489515347,-0.07486431981524268,0.016620493494730604,0.7736155647590468,0.30854639582550625,-0.05108654728521383,0.02169215590308271,-0.07481009507255254,0.0006980912677454223,2.894146751968219e-05,0.0017216286674154682,0.0014699867385869723,-0.0007619935260790055,0.0002001909357527291,0.0007857958680469076,-0.0005859374630823857,-0.00747799612780817,-0.002114526684515101,-0.0016836750341177908,0.0002661048411286353,1.395214470932733
1781506194.8997219,0.01678375428991926,0.7735717147793999,0.30719198037423795,-0.05089268635654808,0.0215353966009193,-0.0748900990569275,0.016620493494730604,0.7736155647590468,0.30854639582550625,-0.05108654728521383,0.02169215590308271,-0.07481009507255254,0.0006813050228670334,2.2383299879656283e-05,0.0017976248579918638,0.0016374034421290677,-0.0010386141883416426,-0.00012173020029615067,0.0009308430735490234,-0.0007991745622097177,-0.007539355706053011,-0.0021363862712075075,-0.0009740170919646679,-6.253878058102669e-05,1.364924218627164
1781506194.9097257,0.01678713590885485,0.7735698331830367,0.3072175765084475,-0.050869396607315175,0.021507490615032543,-0.07491171916636157,0.016620493494730604,0.7736155647590468,0.30854639582550625,-0.05108654728521383,0.02169215590308271,-0.07481009507255254,0.0006591966497310855,1.683495983180132e-05,0.0018358548272744135,0.0017180217781584287,-0.0012174488644413348,-0.0003596016540443739,0.0007213697909099823,-0.000920276952334467,-0.00842083223665221,-0.0016663055753484066,-0.0008610433298164179,0.0003120784965565496,1.3400081524446044
1781506194.9197376,0.01678967011274321,0.7735682432667778,0.3072384275291023,-0.05085137901296919,0.02148515290603492,-0.07492963098162259,0.016620493494730604,0.7736155647590468,0.30854639582550625,-0.05108654728521383,0.02169215590308271,-0.07481009507255254,0.0006330959504515902,1.2167585365632052e-05,0.0018432826755023942,0.001731398580754012,-0.001318120149865576,-0.000527986604250519,0.0007853134827619137,-0.00018246124537666013,-0.007436804130675458,0.0007783719601355532,-0.0007952967381854272,0.0004728649900836226,1.319712512674864
1781506194.9297247,0.016791492131040475,0.7735669115874672,0.30725520327218236,-0.05083780495489623,0.02146759868008674,-0.07494427386377311,0.01666440656362017,0.7735881318510349,0.3081519089610123,-0.05115356599355805,0.021626518853345322,-0.07480077620102696,0.0006041210412897541,8.266566790315858e-06,0.0018258892895286379,0.001694027635512526,-0.001357470254179542,-0.0006396987160360212,0.0008412728909541787,0.0002448473732578262,-0.0058768433285845325,0.002004567331577469,-0.0008180778379534406,0.0002526741961886487,0.9059150806849363
1781506194.9397619,0.016798926517277716,0.7735777488985863,0.30725643310652134,-0.0508465640566791,0.021482640750984716,-0.0750268509358447,0.01666440656362017,0.7735881318510349,0.3081519089610123,-0.05115356599355805,0.021626518853345322,-0.07480077620102696,0.0006159003051754029,0.00010917436397970393,0.0017222687872897114,0.0014327885475425546,-0.0009994866964652992,-0.0014616431272021116,0.0009050834030731066,0.0002981521926824035,-0.004725781438366776,0.003119682990649702,-0.0009056572684137982,2.781504516751776e-05,0.9055829225476192
1781506194.9497125,0.016804974047189933,0.7735871435448335,0.30725649526777854,-0.05085522042957785,0.02149627621100736,-0.07509501170297997,0.01666440656362017,0.7735881318510349,0.3081519089610123,-0.05115356599355805,0.021626518853345322,-0.07480077620102696,0.0006175522997459332,0.00018879708439757618,0.0016172621357688427,0.0011978265960066996,-0.0007039089281858772,-0.002037489981118619,0.0010047210219987675,0.0001938876234763742,-0.004034375100195355,0.003076519076758205,-0.0009503630749288783,-0.0003715323667922884,0.906380646426657
1781506194.959734,0.01680983327490358,0.7735952750641957,0.30725562674235696,-0.05086356263448226,0.021508484663617544,-0.0751505050678292,0.01666440656362017,0.7735881318510349,0.3081519089610123,-0.05115356599355805,0.021626518853345322,-0.07480077620102696,0.0006110534619535214,0.00025032381592010643,0.0015124732617144041,0.00098898602367097,-0.0004631790053816212,-0.0024131815484062067,0.0010484677140776381,0.0004104664111904665,-0.0032791330142042355,0.0032762304642877135,-0.001138046278368759,-0.00045390532965623265,0.9080318107460278
1781506194.9697385,0.01681367811274215,0.7736022980222415,0.30725402824969994,-0.05087144088840215,0.02151928987083296,-0.07519498816334952,0.01666440656362017,0.7735881318510349,0.3081519089610123,-0.05115356599355805,0.021626518853345322,-0.07480077620102696,0.0005980937016431479,0.00029654396722868004,0.0014091869949969327,0.000805434796777786,-0.00027013304912969053,-0.0026286196696707963,0.0010926597134290545,-8.029784042629402e-05,-0.0037751635134180513,0.0021474514697526538,-0.0008660186095851668,-0.0008043773622493716,0.910314477271848
1781506194.9797246,0.016816660592178307,0.7736083461428235,0.3072518690143511,-0.05087875570265406,0.021528748028208478,-0.07523000400341377,0.016709284690649695,0.7736003582148653,0.30792736851671565,-0.05100875652779313,0.02159175172252148,-0.07480679319333605,0.0005801114995170299,0.00032989075063723895,0.0013084157229813899,0.0006458570249851743,-0.00011809844295994685,-0.002718088058802933,0.0008549875000479736,0.00015400439567020722,-0.0027236906128079038,0.00292182404933041,-0.0008303603135992108,-0.0011530706614295682,0.6840270235282516
1781506194.9897184,0.01681891334353309,0.7736135357168372,0.3072492909867437,-0.050885447991520026,0.021536938093912106,-0.07525696786067969,0.016709284690649695,0.7736003582148653,0.30792736851671565,-0.05100875652779313,0.02159175172252148,-0.07480679319333605,0.0005583252687007403,0.0003524806023083278,0.0012109402955277821,0.0005086103596573306,-9.53235443231564e-07,-0.002710722507889128,0.0007545802264001382,-3.376489899264778e-05,-0.0026016921825912196,0.0016963500272974827,-0.0004609731867477539,-0.0016002319159527394,0.6870088971360667
1781506194.9997635,0.016816788756466614,0.7736058035818809,0.30727854085253314,-0.05084304992564117,0.021544380647578576,-0.0752799335005632,0.016709284690649695,0.7736003582148653,0.30792736851671565,-0.05100875652779313,0.02159175172252148,-0.07480679319333605,0.0005096207264574757,0.00028828380549591174,0.0013239633249765585,0.0009213322951460381,9.311198656912336e-05,-0.0026609955794012694,0.0007562461925008856,-0.00012261285069005813,-0.0026202800119893093,0.0011173238627391643,-0.0004160637845983184,-0.0019065874417410224,0.6576960650616889
1781506195.0097477,0.016814698380341875,0.7735991767771927,0.3073029095783854,-0.050808182962552344,0.02155068053999276,-0.07529680429936216,0.016709284690649695,0.7736003582148653,0.30792736851671565,-0.05100875652779313,0.02159175172252148,-0.07480679319333605,0.0004640646154819438,0.00023309549200797728,0.001397919218992792,0.0012053505096895553,0.00016104742362047533,-0.0025508983593409713,0.000694615792358399,4.705449866098243e-05,-0.0027482782264849057,0.0013201005215475398,-0.0005306926577013754,-0.001982880592724411,0.6332948818915447
1781506195.0197394,0.016812661703146593,0.7735935163187577,0.3073230530013684,-0.05077991313952632,0.02155595147292444,-0.07530864668259196,0.016709284690649695,0.7736003582148653,0.30792736851671565,-0.05100875652779313,0.02159175172252148,-0.07480679319333605,0.0004216132227830098,0.00018583823904614377,0.001439575969268869,0.0013851612790982887,0.0002075440464972678,-0.0023985813434029674,0.0009410560475800582,0.00015040621939557122,-0.0028192213974203534,0.001334398773508428,-0.0009742714078307719,-0.0023688041850589312,0.6131320089055211
1781506195.029725,0.016810693580357618,0.7735886975022425,0.3073395505943494,-0.05075736010567076,0.021560306910055616,-0.07531639731928416,0.01674813144577325,0.7736041514401135,0.3077961520737559,-0.05092367915180748,0.021559484147675834,-0.0748895151460548,0.00038219211681197606,0.0001455466259241082,0.0014547760007784512,0.0014819712136370598,0.00023670374871585337,-0.002218799764529814,0.0007323564030703511,0.0002132029827900812,-0.0026406357591873854,0.001299480492685597,-0.00028938601605170883,-0.0026296536489007526,0.4611266158829294
1781506195.0397058,0.016808841473856646,0.7736030777803932,0.3073368389988777,-0.050711193855021104,0.021531169085190704,-0.0753527575803813,0.01674813144577325,0.7736041514401135,0.3077961520737559,-0.05092367915180748,0.021559484147675834,-0.0748895151460548,0.00034606197051113857,0.0002418563132714853,0.0013327125784988894,0.0018327800888535094,-8.662669584926587e-05,-0.0023890449577517203,0.0005933143432512104,0.0003615059220890333,-0.002320030640074588,0.0015082702555101277,0.0005313526225824704,-0.002788040151434959,0.4633091419442602
1781506195.0497262,0.016807071722849513,0.773615442507435,0.307333737681607,-0.050673998701341365,0.02150685392948093,-0.07538115324462717,0.01674813144577325,0.7736041514401135,0.3077961520737559,-0.05092367915180748,0.021559484147675834,-0.0748895151460548,0.00031267270251758914,0.0003161065795371792,0.0012178365186246143,0.0020454639316700054,-0.00032651404985757735,-0.002451207128944646,0.0007664490766023814,8.279579699165274e-05,-0.0024250458706220886,0.0006121758791952147,0.00010512935590295125,-0.0028834621397039596,0.46629230588710385
1781506195.0597768,0.016805390116077786,0.7736260318838182,0.30733035687776034,-0.05064454370646406,0.021486817362194488,-0.07540280383401511,0.01674813144577325,0.7736041514401135,0.3077961520737559,-0.05092367915180748,0.021559484147675834,-0.0748895151460548,0.0002819068139713411,0.00037170730853372313,0.0011101858766468487,0.00214883292513671,-0.0004973144502261368,-0.0024306853382662624,0.0005869013878359283,0.0001733479914082957,-0.002150433753992383,0.0009032999057456634,0.0009940736277539988,-0.003438070843153119,0.4698111043326707
1781506195.0697553,0.016803800151987694,0.7736350593122594,0.3073267906339362,-0.05062169462422585,0.02147053473703231,-0.07541880777780731,0.01674813144577325,0.7736041514401135,0.3077961520737559,-0.05092367915180748,0.021559484147675834,-0.0748895151460548,0.0002536367390608471,0.00041163217201230137,0.0010096996491110873,0.002167465986014408,-0.0006116754377444185,-0.002348773392926509,0.0005589622842022357,0.00013530137542493994,-0.0019729484751598416,0.0009600103526689144,0.0006952041480296689,-0.002990267640560299,0.4736607040928993
1781506195.079732,0.016802303466260254,0.7736427145303956,0.3073231184126757,-0.05060442072060817,0.02145751029834897,-0.07543014269889026,0.016779655671668836,0.7736151355687603,0.3076812616866553,-0.05087529140020837,0.02158553924609863,-0.07503446641505075,0.0002277284468844774,0.0004384669829519818,0.0009162380836763361,0.0021220988499768717,-0.000680618193419657,-0.0022231063369445585,0.000637778765884653,6.005464045147559e-05,-0.00175968719494256,0.0009176831506318372,0.00042073364618352516,-0.0029211473992896554,0.35991683264554164
1781506195.0897057,0.016800900193889908,0.7736491663247096,0.30731940662056584,-0.05059179704803383,0.021447283481111468,-0.07543766893502521,0.016779655671668836,0.7736151355687603,0.3076812616866553,-0.05087529140020837,0.02158553924609863,-0.07503446641505075,0.00020404441484747786,0.0004544534268467128,0.0008295999813138245,0.0020300200603160143,-0.0007136436655296449,-0.00206809513282946,0.0005788771043448072,0.00016283474974367024,-0.0013263043021311414,0.0015961019948886072,-0.0001423419915727042,-0.0026842916915826814,0.3640721232524025
1781506195.099705,0.01679923098982441,0.7736409236776571,0.3073256773881854,-0.05054384667979149,0.02137874269582163,-0.0753668447760454,0.016779655671668836,0.7736151355687603,0.3076812616866553,-0.05087529140020837,0.02158553924609863,-0.07503446641505075,0.00017637895179021883,0.0003444712384304774,0.0007902390177284063,0.0023154442319710342,-0.0014220299632205862,-0.0011081111949167591,0.0004931328340523566,0.000290877594739647,-0.0007419834196032273,0.002582900913242481,-0.0002111281365347155,-0.002649360535271036,0.3570551959567657
1781506195.109731,0.016797690219016535,0.7736336416290198,0.3073304716977582,-0.050505624745826885,0.021322448052271348,-0.07530632711585845,0.016779655671668836,0.7736151355687603,0.3076812616866553,-0.05087529140020837,0.02158553924609863,-0.07503446641505075,0.00015193496038725299,0.0002518156899596956,0.0007486279621659471,0.002465930919908928,-0.0019138654411076912,-0.0003584911455871122,0.0007829189221552459,0.00032522454455600987,-0.0006630278814167517,0.0029185411877204093,-0.00030466016882647813,-0.0031677051245790084,0.3517404376451878
1781506195.1197386,0.016796269969631582,0.7736272027500185,0.3073340096429454,-0.05047573764057929,0.021276870359330013,-0.07525518768700622,0.016779655671668836,0.7736151355687603,0.3076812616866553,-0.05087529140020837,0.02158553924609863,-0.07503446641505075,0.00013038681013066543,0.0001742435427391503,0.0007057378474982546,0.0025111922772173925,-0.0022299862414621036,0.0002129900731072281,0.0006857504800932946,0.00031427688063298786,-0.0011602224573548183,0.0024089310675609703,-0.0006760994271955937,-0.0029876976034673946,0.3478586402851701
1781506195.1297157,0.01679496303890853,0.7736215074501885,0.3073364883679433,-0.05045291315436864,0.021240570405091974,-0.07521247443046677,0.01681119463326075,0.773629662419717,0.30762775607309406,-0.050756750908940704,0.021578242854611407,-0.07517291773880085,0.00011143640034339733,0.00010976286296037826,0.0006623643998225617,0.0024763714234808352,-0.0024057986931792412,0.0006353540410655525,0.0007013097402408398,0.00033815772533477603,-0.0012400134196411583,0.002510328385437531,-0.0011314362398594053,-0.002723958891844728,0.2918335899909606
1781506195.139739,0.016797326712509945,0.7736209621343912,0.3073464914554123,-0.050499155871776356,0.02122180661658235,-0.07515252166746889,0.01681119463326075,0.773629662419717,0.30762775607309406,-0.050756750908940704,0.021578242854611407,-0.07517291773880085,0.00011727881080691692,7.696578687634649e-05,0.0006768110114244153,0.0016873367627673048,-0.0023808195148255808,0.0012091918227811502,0.0005076366348518154,0.0006198694249403551,-0.0009723404553967008,0.0027298986954735222,-0.0014663744156943584,-0.00204021511320761,0.28174065973933643
1781506195.1497073,0.016799270022603337,0.773620317635069,0.30735455349812363,-0.05053962522619174,0.02120815505474294,-0.07510331434790773,0.01681119463326075,0.773629662419717,0.30762775607309406,-0.050756750908940704,0.021578242854611407,-0.07517291773880085,0.00012048289945864643,4.966194004704059e-05,0.00067983248063484,0.0010499580831990422,-0.00229692674470191,0.0016060570120505692,0.0005432625725872125,0.00032905206612575004,-0.0012859948007615796,0.0024397918513632847,-0.0019338611779770869,-0.0015341039120268037,0.27362230959832723
1781506195.1597264,0.016800850948035108,0.7736195934722396,0.30736095952732334,-0.05057466085912343,0.02119870703011184,-0.0750635055109686,0.01681119463326075,0.773629662419717,0.30762775607309406,-0.050756750908940704,0.021578242854611407,-0.07517291773880085,0.00012152841513566526,2.711387764680298e-05,0.0006736438671870987,0.0005436555661843954,-0.0021711901979863954,0.0018594576336229197,0.0005136130660564176,0.0004986799100481138,-0.0011314372533924302,0.0028023299031466223,-0.0023886498206051178,-0.0009145381914021265,0.26718677430317667
1781506195.1697385,0.01680212095251165,0.7736188101251983,0.3073659601334893,-0.05060466605382183,0.02119266674238851,-0.07503182857596996,0.01681119463326075,0.773629662419717,0.30762775607309406,-0.050756750908940704,0.021578242854611407,-0.07517291773880085,0.00012082783863565078,8.669338150614275e-06,0.0006601400626651476,0.000149421868431261,-0.002017544633762373,0.001998427562997067,0.0001623091548642458,0.000232900336964655,-0.0015570768717021208,0.0018123649515114236,-0.002204866330589617,-0.00016233944612161085,0.26217783653883464
1781506195.1797712,0.016803125535227115,0.7736179877514534,0.30736977474406724,-0.05063008072211181,0.02118934474491896,-0.0750071118755413,0.016834620228105335,0.7736508464313705,0.30757136517157063,-0.05061392784030655,0.021497180685468242,-0.07523921246995419,0.00011873442322971403,-6.247292284145434e-06,0.0006409349260580505,-0.00015005195041577267,-0.0018471945010005923,0.0020478535023823546,0.0002590189952458037,0.00028225697286850834,-0.0007982590842764544,0.0022407733762798247,-0.0017102106380959808,-0.00018913548744489515,0.20666472603322744
1781506195.1897151,0.016796574179549908,0.773623763110899,0.3073584180373134,-0.05058006017664771,0.021132542428952794,-0.07506848763311916,0.016834620228105335,0.7736508464313705,0.30757136517157063,-0.05061392784030655,0.021497180685468242,-0.07523921246995419,6.941170581524625e-05,5.4123575605503904e-05,0.0005049669284429652,0.00042665306064098955,-0.002230895927563849,0.0011238813312211837,8.385339801718288e-05,-9.827846748434957e-05,-0.001038450811141778,0.0009823981276179277,-0.0017374067787033474,0.00056224283134409,0.21800800454757172
1781506195.199771,0.016791706029616795,0.7736229387446584,0.307351862110757,-0.05068823042462682,0.02113829347538232,-0.07506196658796278,0.016834620228105335,0.7736508464313705,0.30757136517157063,-0.05061392784030655,0.021497180685468242,-0.07523921246995419,3.374928267193769e-05,4.4566392047394514e-05,0.0004325264187096145,-0.0008023355097524412,-0.0019284058119170022,0.0010754608837818297,-3.035896294539256e-05,-0.00022797523920054324,-0.0011922452694607829,0.0001066268257086034,-0.0009470977983299526,0.0006261354285152056,0.22539312570726994
1781506195.2097483,0.01678749998433235,0.7736221428994472,0.307345901887088,-0.050778496772299786,0.021144849969494173,-0.07505755758420796,0.016834620228105335,0.7736508464313705,0.30757136517157063,-0.05061392784030655,0.021497180685468242,-0.07523921246995419,4.692809139831653e-06,3.632944023484051e-05,0.0003688925734427425,-0.0017012119813296425,-0.0016489694100676887,0.0010097525782775147,-0.00010631367981184535,-0.0005132314924146348,-0.0008844469181913056,5.266121710767117e-05,-0.0029368956706772613,0.001996866226395752,0.2321161406877986
1781506195.2197099,0.01678387956699782,0.7736213837753775,0.3073405037247356,-0.05085287753009031,0.021151830140695216,-0.07505485204253155,0.016834620228105335,0.7736508464313705,0.30757136517157063,-0.05061392784030655,0.021497180685468242,-0.07523921246995419,-1.8692410374894873e-05,2.9256705565668427e-05,0.0003131347874040679,-0.00232814217167422,-0.0013944565880917503,0.0009328872282626444,-0.0001216564514374911,-0.000433559109099095,-0.0006917796950328114,0.00016430120159210293,-0.002431964092403046,0.0017953078784709708,0.23820090348812442
1781506195.22974,0.016780775902294567,0.7736206673782202,0.30733563265650704,-0.05091331977693595,0.021158936447110532,-0.07505349709051702,0.01683554727807335,0.7736425093925797,0.3075286905526815,-0.05056972903251982,0.021406048394030153,-0.07518799495258317,-3.722858494754432e-05,2.32081918925306e-05,0.0002644061980251634,-0.0027341516128333854,-0.0011655858263346062,0.0008497644585211714,0.0001458930144888222,-0.0002451126256722483,-0.0002892041894212997,0.00033409553857835235,-0.002054866680966587,0.0011279149399243266,0.20186215215163972
1781506195.239747,0.016778127084684326,0.7736199978037703,0.3073312531000461,-0.05096166392335198,0.02116594257486004,-0.07505319128971553,0.01683554727807335,0.7736425093925797,0.3075286905526815,-0.05056972903251982,0.021406048394030153,-0.07518799495258317,-5.1637204272510217e-05,1.805853614704863e-05,0.0002219378997134183,-0.0029635191679788287,-0.0009621933244756929,0.0007642271354108008,7.390957177648351e-05,-0.0002077814999498108,-0.00040821062030361614,-5.922492454414228e-05,-0.0016372791432326817,0.0009688620071153406,0.20684631479122423
1781506195.249773,0.01679087088341358,0.7736119370326261,0.3073326272050613,-0.0510461219572786,0.02126473391289707,-0.07502356971340181,0.01683554727807335,0.7736425093925797,0.3075286905526815,-0.05056972903251982,0.021406048394030153,-0.07518799495258317,3.515825083393458e-05,-4.508898885914103e-05,0.0002544730984947962,-0.003569025612496205,0.00020334093729566056,0.001058687398565408,-3.789506852756172e-05,-0.0003987306803836245,-0.0007210481006385269,-0.0010624134833072587,-0.0010636105888702264,0.0006297554215897273,0.20339981738674365
1781506195.2597332,0.016801784998068503,0.7736049702940168,0.30733377873166395,-0.051113899344913845,0.021347591377984143,-0.07499962157856328,0.01683554727807335,0.7736425093925797,0.3075286905526815,-0.05056972903251982,0.021406048394030153,-0.07518799495258317,0.00010438982121596847,-9.52108033103715e-05,0.00027736705004561104,-0.003925012699949984,0.0010710686952546374,0.0012503524503003193,4.052520060540215e-05,-0.00048726940202934626,-0.0007400547205165144,-0.0014791501208534378,-0.000927618662754587,0.0003150941361099829,0.2013447129785725
1781506195.2697124,0.016811093306273877,0.7735989674144107,0.3073347589021528,-0.05116732385313373,0.02141624157455113,-0.0749805786593284,0.01683554727807335,0.7736425093925797,0.3075286905526815,-0.05056972903251982,0.021406048394030153,-0.07518799495258317,0.00015864434219521576,-0.0001342408327544726,0.00029223117755114794,-0.004084300160925595,0.001691908450201205,0.0013597463494569308,0.00016301708783813529,-0.00016866932026651292,-0.0004983953813736592,-0.0009912890110685742,-0.0015166094710097233,0.0001134675233860142,0.2002582973972261
1781506195.279714,0.01662129640458618,0.7720383914813022,0.3074176101031163,-0.05120853232544678,0.02147236722789514,-0.07496573138673213,0.0168364709387665,0.7736279257618806,0.3074978032062892,-0.050604732606063074,0.021339849704871794,-0.07515832687718949,0.00020018823014098755,-0.00016387212487852264,0.0003004608343057345,-0.004091847957892437,0.002110769610700524,0.001404500014240628,0.0001112750683908233,-0.0001846317219517771,-0.0005382840383365401,-0.0011529596382269089,-0.0008489812000379172,-2.1377931485358433e-05,1.606035567193362
1781506195.2897098,0.016425814561987412,0.7704794765611933,0.30749860069751545,-0.051238184132859854,0.021530500312563206,-0.07500240478079806,0.0168364709387665,0.7736279257618806,0.3074978032062892,-0.050604732606063074,0.021339849704871794,-0.07515832687718949,0.00020476376730054358,-0.00016145663391358624,0.0002963344088244501,-0.003960324933754868,0.0025346046586743956,0.000883927084949492,6.35023894487485e-05,-0.0003401097664963605,-0.0008014865215682716,-0.0019299705332039905,-0.0008172310014853722,0.00016285858541515585,3.175117582876218
1781506195.2997823,0.01622469338729848,0.7689277212180431,0.3075712233553266,-0.05125008374086988,0.021485860624410602,-0.07501162276075836,0.0168364709387665,0.7736279257618806,0.3074978032062892,-0.050604732606063074,0.021339849704871794,-0.07515832687718949,0.00016949470241054372,-0.00012383475279890133,0.0001991949987285188,-0.0036556517643041896,0.0017763457611445293,0.0006619774866572487,-7.781397533653884e-05,-0.00035624154106265267,-0.0008882216169288526,-0.002616440151945019,9.473456959928388e-06,0.0003235508091989954,4.7404203447242095
1781506195.3097286,0.016023924409395245,0.7673755057206585,0.30764513648782726,-0.05125674686380084,0.02144665429287218,-0.07501989998511142,0.0168364709387665,0.7736279257618806,0.3074978032062892,-0.050604732606063074,0.021339849704871794,-0.07515832687718949,0.00013903397402362683,-9.206380463739911e-05,0.00011869008536302275,-0.003327305747181625,0.001159586951344738,0.0004775496970393293,-0.00019168582461442032,-0.0005888274331800081,-0.0007874475042524403,-0.0031588257744863107,0.00018765677858551346,0.0007079371545074778,6.306718269442305
1781506195.3197367,0.0156617997746014,0.7658522638058406,0.3077227757613203,-0.051259304092947267,0.021412592176857093,-0.07502724578590123,0.0168364709387665,0.7736279257618806,0.3074978032062892,-0.050604732606063074,0.021339849704871794,-0.07515832687718949,0.00011281921744715268,-6.539239854023293e-05,5.2558978372745525e-05,-0.0029902100923201204,0.0006657311542105438,0.00032628611248371306,-0.00043793853624140585,-0.0038393980793156052,-0.0024747872457746107,-0.005823331474527729,0.0006258817880311924,0.0007935846966634337,7.867107718154452
1781506195.3297317,0.015299963871316715,0.7643286648170128,0.3078013586220069,-0.05125871493538228,0.021383316820742904,-0.07503369263701973,0.01682637420673,0.7735357673064773,0.3074293700317013,-0.05078633085346295,0.02132433456272853,-0.07513767291450565,9.034518062987541e-05,-4.31527216989803e-05,-1.1952744871406834e-06,-0.002655785781562431,0.00027748016526495903,0.00020401340831838134,-0.0011714631922759477,-0.011575362105181864,-0.0019876409691141103,-0.005826440001526326,0.0008978792498862849,0.0013066195137811003,9.340184167074991
1781506195.3397257,0.01493838917378641,0.7628047503399005,0.30788075616534233,-0.05125578444297735,0.021358429366890253,-0.0750392894636388,0.01682637420673,0.7735357673064773,0.3074293700317013,-0.05078633085346295,0.02132433456272853,-0.07513767291450565,7.115886207226116e-05,-2.4752517410615156e-05,-4.4332600174566006e-05,-0.0023325170662393895,-2.1017557218532023e-05,0.00010681070085258476,-0.002289204199053137,-0.019565986134285163,-0.0003450655950045238,-0.004287497513239764,0.0010245647360764484,0.0020760040028808906,10.905180514930635
1781506195.3497133,0.014579606712310391,0.7612613351399439,0.3079601141404562,-0.0512870472367971,0.02149091816433546,-0.07508299847596715,0.01682637420673,0.7735357673064773,0.3074293700317013,-0.05078633085346295,0.02132433456272853,-0.07513767291450565,7.854469423781052e-05,-0.00011858330050450327,-2.8299106357668723e-05,-0.0024091555613974585,0.0014501692227883744,-0.0003071436080330355,-0.0035750588553978926,-0.028673544550543176,0.00043399337104303904,-0.003910851375524925,0.0008261546647722359,0.001405466182161741,12.489649254234076
1781506195.3597798,0.014580203084574766,0.7612465447316582,0.30795573697572115,-0.0513111269523369,0.021601036657267203,-0.0751194134502771,0.01682637420673,0.7735357673064773,0.3074293700317013,-0.05078633085346295,0.02132433456272853,-0.07513767291450565,8.347860098131176e-05,-0.00019240556322742578,-1.5069269569033932e-05,-0.0024006324790911094,0.002512788144453157,-0.0006088853124838263,-0.004548675710330992,-0.03566404044875205,0.0018306249606884076,-0.002385174093278514,-0.00013745225207642021,0.0010071246811782807,12.503892928332558
1781506195.3697484,0.014063340408668707,0.7597541813435864,0.308038807058766,-0.05132916452737814,0.021691379805054645,-0.07514936580290545,0.01682637420673,0.7735357673064773,0.3074293700317013,-0.05078633085346295,0.02132433456272853,-0.07513767291450565,8.638165021587455e-05,-0.0002492301199495592,-4.257768836787178e-06,-0.00232853415403642,0.003240193332897791,-0.000818293649387654,-0.006256648520782786,-0.043433150383440616,0.001967249778189382,-0.002669516813673646,0.00022521799267939788,0.0004861346217798354,14.069039800630977
1781506195.3797286,0.0135463379265117,0.7582638429563892,0.30812271085591236,-0.05134218043998577,0.021764433166733488,-0.07517365558216328,0.016622967819878987,0.7720049731105267,0.30746513047827895,-0.05096798812001502,0.021342957405691143,-0.07508698450648968,8.761759698422047e-05,-0.000291689349808481,4.475363943687718e-06,-0.0022107746880200437,0.003696522492231544,-0.0009527900649339092,-0.008672204635890928,-0.05264451198461823,0.0024292701616066017,-0.0024381910701984392,0.001057123556300672,-0.00025352524470981025,14.096691858970274
1781506195.3897371,0.013029225394176088,0.7567752631373561,0.3082073116980595,-0.05135107694586327,0.021822532307248732,-0.07519303739312228,0.016622967819878987,0.7720049731105267,0.30746513047827895,-0.05096798812001502,0.021342957405691143,-0.07508698450648968,8.749957794972803e-05,-0.00032207847938062434,1.1429381071758887e-05,-0.002062026353766016,0.0039372520916880205,-0.0010274777958505857,-0.010507338547742408,-0.06009550028425405,0.002126870817083339,-0.002459429372435648,0.0019483730502174554,-0.0014759250477543802,15.665563617443995
1781506195.3997254,0.012488755794726096,0.7551417310362469,0.3083676305989446,-0.05118058158658744,0.021815286027855985,-0.07516843413855952,0.016622967819878987,0.7720049731105267,0.30746513047827895,-0.05096798812001502,0.021342957405691143,-0.07508698450648968,-6.967047559342627e-05,-0.0012993007366850348,0.0005014760847338739,1.853902516580231e-05,0.003414923743691682,-0.0006511478015198051,-0.011875362415625895,-0.06474625139180973,0.004443235534338302,0.0005333165752550699,0.0018164245778386633,-0.0012506802210550969,17.386061911556652
1781506195.4097404,0.011799611351999082,0.7535930569941981,0.3085177683249493,-0.05103718142293065,0.021806087678776453,-0.07514698140033838,0.016622967819878987,0.7720049731105267,0.30746513047827895,-0.05096798812001502,0.021342957405691143,-0.07508698450648968,-0.00019495957928826135,-0.0020673250692728714,0.0008885182107291833,0.0015769251093783261,0.002930090161270474,-0.0003513261550181816,-0.013223974099490811,-0.06727010571515825,0.002344895131194408,-0.00207516233859973,0.003819749118380199,-0.0011998461881012877,19.06230492692854
1781506195.419777,0.011113429432859421,0.7520641139613505,0.3086583026942161,-0.050918008019866144,0.021795678857767342,-0.0751284773800033,0.016622967819878987,0.7720049731105267,0.30746513047827895,-0.05096798812001502,0.021342957405691143,-0.07508698450648968,-0.00029306797220999495,-0.002657679276216258,0.0011879668104614342,0.002701403559398203,0.002486620073509544,-0.00011704323914464015,-0.014567489077205705,-0.06843414892924156,0.0003638348213216332,-0.004939371224330577,0.0021047199721968076,0.00010257685604601984,20.722368030276147
1781506195.429789,0.011099217076385967,0.7519700046907222,0.3087037638303986,-0.0508202489917132,0.021784648311885535,-0.0751126898369101,0.016008955070982767,0.7688111989566951,0.3075647206695151,-0.051121265308501786,0.021432292633747352,-0.07512919162968908,-0.00036811328730251695,-0.003097924289060698,0.001413303361166948,0.0034699903563366243,0.0020862802765950345,6.171575867628521e-05,-0.01571053142053938,-0.0678989135592924,0.0024408029923811175,-0.0025375080879082215,0.002873934579143204,-0.0002711482282430261,17.579214169074326
1781506195.4397209,0.010404997038907808,0.75043999963038,0.308834984050915,-0.05068293836954364,0.021816721898006763,-0.07515994753904466,0.016008955070982767,0.7688111989566951,0.3075647206695151,-0.051121265308501786,0.021432292633747352,-0.07512919162968908,-0.0004949209446073668,-0.0036061440702699885,0.001640257599126264,0.004601394641675953,0.0022345871126672853,-0.0004423771188327747,-0.017615646506013237,-0.07089599153083433,0.004487600198686445,0.00045769411745017624,0.005454525021474307,-0.0028340149002382795,19.248866963293835
1781506195.4497278,0.009683969571783359,0.7489222428052233,0.3089318096546243,-0.050668115512648645,0.02157510831585796,-0.07516132590004353,0.016008955070982767,0.7688111989566951,0.3075647206695151,-0.051121265308501786,0.021432292633747352,-0.07512919162968908,-0.0007979722755291093,-0.004017513545768445,0.0015184275357421092,0.004261584178811256,-0.0006429011416834479,-0.0005426548985375569,-0.019879571783787884,-0.07706918367817452,0.005628434740754766,0.001742708794970006,0.0027131498023355845,-0.00263159236036755,20.91518469087608
1781506195.459738,0.008825946353622072,0.7474988297542094,0.30902571875849505,-0.05065955023937008,0.021372505396062946,-0.07516201495802224,0.016008955070982767,0.7688111989566951,0.3075647206695151,-0.051121265308501786,0.021432292633747352,-0.07512919162968908,-0.0010311426288555153,-0.004296843940571131,0.0014013856130463246,0.0038903301632633265,-0.002781309888222881,-0.0006028889391455449,-0.022443396079895605,-0.08091437793568028,0.007043570031589066,0.003242363723951375,0.0017999935171817635,-0.0017647844074238838,22.537684234915158
1781506195.4697566,0.00797468495565524,0.7460897033184498,0.3091172537228852,-0.050655908296100054,0.021204677627099322,-0.07516216831926424,0.016008955070982767,0.7688111989566951,0.3075647206695151,-0.051121265308501786,0.021432292633747352,-0.07512919162968908,-0.001205259904366958,-0.004466637506584297,0.0012896705211469187,0.003505677387503542,-0.00430741673890458,-0.0006314825163341918,-0.02465324821050405,-0.08487574857766494,0.004204900216506782,-0.0007197271824822552,0.0035059970857930288,-0.0003223503661262655,24.150077002085375
1781506195.4797783,0.007129323051434416,0.744692924085619,0.30920680400866346,-0.05065605512297659,0.021067499599420447,-0.07516191596200224,0.014937261995658924,0.7648409984185822,0.307809444796625,-0.05110503831303644,0.021581056216245065,-0.07519673729591125,-0.0013297647117617255,-0.004546346390350332,0.0011836472096452633,0.0031215133167780294,-0.0053329723959841605,-0.0006355950668894393,-0.02691432676993139,-0.08589375409892329,0.006153278366179,0.0027817724951845675,0.0037982563046221104,0.0004984673190607585,21.653208137613603
1781506195.4897518,0.007103347553709989,0.7446464738872295,0.30920895776297486,-0.05065903686227877,0.02095704132025822,-0.07516136653730779,0.014937261995658924,0.7648409984185822,0.307809444796625,-0.05110503831303644,0.021581056216245065,-0.07519673729591125,-0.0014128643593949064,-0.004552727717265254,0.001083536529646481,0.0027482302448527994,-0.005955409439647467,-0.0006212588244029843,-0.03018076616397232,-0.08931332102675157,0.003367546217997206,-0.000574938838225276,0.0022494652396117675,0.0006642685201557665,21.70593635561859
1781506195.499747,0.006259576070205231,0.7432805969207087,0.30922695982347315,-0.05059478299763226,0.020864925530053924,-0.07515914164591395,0.014937261995658924,0.7648409984185822,0.307809444796625,-0.05110503831303644,0.021581056216245065,-0.07519673729591125,-0.001513206763503335,-0.0044294794509864175,0.0005602992914823377,0.0031493026196581053,-0.006310726911773463,-0.0005800802861207848,-0.03150157749821382,-0.09580379728951363,0.004180560181104389,0.00019854658848468556,-0.0034721258346500734,-0.001529337414969919,23.284383062938655
1781506195.5097213,0.005285011020850835,0.7420134234436746,0.30925254888234593,-0.05054362587809488,0.020793262601175977,-0.07515703625563941,0.014937261995658924,0.7648409984185822,0.307809444796625,-0.05110503831303644,0.021581056216245065,-0.07519673729591125,-0.001574585085421219,-0.004274413049521833,0.00013315892336032383,0.003363609295486041,-0.006404211090452923,-0.0005333535162273947,-0.03557638988577788,-0.09870053081202426,0.009804322937932998,0.006962627883937028,-0.007341870106817258,0.00046615740327281914,24.826330327254098
1781506195.519769,0.004314780790052316,0.7407514464460419,0.30928595851041696,-0.050503681996091586,0.020738885907044757,-0.07515507644442589,0.014937261995658924,0.7648409984185822,0.307809444796625,-0.05110503831303644,0.021581056216245065,-0.07519673729591125,-0.0016039063625842228,-0.004095768752123641,-0.00021142515528278858,0.0034321121729910115,-0.0062989538880040856,-0.0004837473572976277,-0.036131464399154226,-0.09934393031633255,0.009014402904457174,0.00599387196681251,-0.004219109759328154,-0.0016581755503394682,26.36899152315471
1781506195.529751,0.003348288017165364,0.7394938280678478,0.30932633001041565,-0.05047323316820489,0.020698949636342112,-0.07515327825323588,0.01325464191494713,0.7599960994872524,0.3081424340925806,-0.05093433731893575,0.021503070430764604,-0.07523868077153036,-0.0016071215745158223,-0.0039004603575155724,-0.0004853690310053332,0.003389493772257641,-0.006047667942362426,-0.00043334063180446464,-0.03671021387633507,-0.09416260972956247,0.011359299204490102,0.009564811156120933,-0.007712131788511118,0.0009387671415510693,22.800890124012675
1781506195.5397887,0.0033350820213789542,0.7394870116203783,0.3092888210163043,-0.05045073211559831,0.020670926248650634,-0.07515164964082374,0.01325464191494713,0.7599960994872524,0.3081424340925806,-0.05093433731893575,0.021503070430764604,-0.07523868077153036,-0.0015893387981623613,-0.0036942492287265006,-0.0006991337012760944,0.0032647823035471626,-0.005693846185642693,-0.00038371309375263103,-0.03719048059282984,-0.09249715711639134,0.009362551932215961,0.007330091400318759,-0.006602718849241294,-0.0014006497892655894,22.81084296101601
1781506195.5497532,0.0023145700652403445,0.7381644260654618,0.30945530023714596,-0.050219439343499254,0.020685789224880846,-0.07517151330336216,0.01325464191494713,0.7599960994872524,0.3081424340925806,-0.05093433731893575,0.021503070430764604,-0.07523868077153036,-0.0019336189404779698,-0.003936746195899201,-6.756864305214349e-05,0.005437850575584232,-0.0048989272812685,-0.0005502653734330322,-0.04001198058962136,-0.09414128662568703,0.0042155557132807905,0.0022557079440504563,-0.0014425147013591383,-0.0037957473852688285,24.45466732519604
1781506195.5597131,0.001179709584299624,0.7369609732109202,0.309607606197761,-0.050029889307021916,0.02070281228922588,-0.07518794425816504,0.01325464191494713,0.7599960994872524,0.3081424340925806,-0.05093433731893575,0.021503070430764604,-0.07523868077153036,-0.0021854968803548024,-0.004081533679153764,0.00044029099306365277,0.00691720347204465,-0.004169223430571059,-0.000660051163627215,-0.044356522025120894,-0.0975553151212832,0.009088505246761854,0.008749745498117781,-0.00394738609180754,-0.0019271491904421971,26.049333247783625
1781506195.5697668,0.0011300172641061329,0.7369096315171291,0.3096681380730252,-0.049876804081589635,0.020720987058904905,-0.07520135180361372,0.01325464191494713,0.7599960994872524,0.3081424340925806,-0.05093433731893575,0.021503070430764604,-0.07523868077153036,-0.0023600052636341554,-0.004146048007548293,0.0008424081402370696,0.00783628620052519,-0.0035083572672768536,-0.0007242845502480021,-0.0467111456450874,-0.10148267631865206,0.011103428446397409,0.010318817409664232,-0.010993268989690611,1.4482631530494635e-05,26.121242292342412
1781506195.579729,1.3163193415631394e-05,0.7357269589273796,0.3098009799070497,-0.04975523096848322,0.020739526659984797,-0.07521212599863195,0.01325464191494713,0.7599960994872524,0.3081424340925806,-0.05093433731893575,0.021503070430764604,-0.07523868077153036,-0.002470192245649314,-0.004145303740307775,0.0011545428236564015,0.008310420570638606,-0.002917158762552659,-0.0007526182875854174,-0.048668303957180636,-0.09950439260252425,0.008438359330141544,0.006746525401514217,-0.0017244492446314374,0.0005180726703147784,27.69618595522368
1781506195.5897398,-0.0010964502549487196,0.7345525354170848,0.3099258856001159,-0.04966059651898953,0.0207578316923811,-0.07522063159808508,0.011083385623393838,0.7550654543181354,0.30856774614661797,-0.05057195259158924,0.021221280685759236,-0.07528715439078786,-0.002527347552655538,-0.00409218105514303,0.0013904869376068902,0.008438192537558318,-0.0023943427393700025,-0.0007532701702493486,-0.04942377188803475,-0.09947442792253235,0.0010331240235834868,-0.0021976913319211003,-0.0046336106872207836,0.00048615660524472414,23.895036862068032
1781506195.5997705,-0.0022128910516332236,0.7333982490286824,0.3100313730849029,-0.04963138012761001,0.020744996691260065,-0.07521292307821036,0.011083385623393838,0.7550654543181354,0.30856774614661797,-0.05057195259158924,0.021221280685759236,-0.07528715439078786,-0.002629698264098159,-0.0039171998796844465,0.0014619486603051541,0.007834223664602591,-0.002277025241635653,-0.0005939541838836239,-0.051800955723600335,-0.09593499231047482,0.0016791533522765856,7.01263156396868e-05,-0.0006133409128625699,-6.10473511688079e-05,25.46371854793878
1781506195.6097527,-0.003412616143021403,0.7324086770898741,0.30996174464815124,-0.049770788243839584,0.02074312216664831,-0.07519157608427533,0.011083385623393838,0.7550654543181354,0.30856774614661797,-0.05057195259158924,0.021221280685759236,-0.07528715439078786,-0.0025354677860037972,-0.0034608163323297785,0.0003814414488616973,0.0054522074327082335,-0.002060665798918742,-0.0002974018432104522,-0.05383420395616325,-0.09837073937343414,0.0005164073616423974,-0.0010748234984854655,-0.006034000960552134,0.0005005210945090103,26.933378054103265
1781506195.619727,-0.004609403651414712,0.7314163316967863,0.3099132127358668,-0.049893044863135345,0.020743452395191486,-0.07517344126566557,0.011083385623393838,0.7550654543181354,0.30856774614661797,-0.05057195259158924,0.021221280685759236,-0.07528715439078786,-0.0024276951367561504,-0.003050591816330513,-0.000490793982032157,0.0035182037162097553,-0.001842145565790846,-6.705056109197613e-05,-0.05550035090540974,-0.09631466542923676,0.005600729939135371,0.005936044932059252,-0.002186543268086329,0.0009097219818359569,28.41399155919381
1781506195.6297657,-0.00461464528838961,0.731443648675466,0.3098047014475331,-0.049999103964449496,0.020745425114116367,-0.07515821024215243,0.011083385623393838,0.7550654543181354,0.30856774614661797,-0.05057195259158924,0.021221280685759236,-0.07528715439078786,-0.0023104167849750923,-0.0026826204925960847,-0.0011847823105258907,0.001972819032940455,-0.0016279886730629406,0.00010738966634776966,-0.055753095428991206,-0.0941126463712535,0.008216914571242748,0.009381120547567854,6.753348625623194e-05,-0.0009233428568167523,28.389222158132863
1781506195.6397662,-0.005806970261567248,0.7304462660101034,0.3097908081436373,-0.050090123703959,0.02074857414344855,-0.07514557228997072,0.008474384180610084,0.7502215982372324,0.30874439914079577,-0.05043461741520696,0.02098140335208809,-0.07528038022044456,-0.002186993546202493,-0.0023532314675181708,-0.0017268851139245964,0.0007609144221205168,-0.0014229637805177264,0.0002351601071125567,-0.056908455839247876,-0.09102125775580093,0.008250072474763826,0.00880046976478602,-0.0018172894266060334,-0.0011209831122032292,24.41548322678979
1781506195.6497293,-0.007015680842916689,0.7294415866944044,0.309890091162898,-0.049865221560274293,0.02084581769211291,-0.07517916182158216,0.008474384180610084,0.7502215982372324,0.30874439914079577,-0.05043461741520696,0.02098140335208809,-0.07528038022044456,-0.0021603461055060297,-0.002081598325161586,-0.0013934995226279365,0.003140584203014268,-0.00018867493248459085,-0.00010366046391461361,-0.05977151659389138,-0.09083937544286333,0.007970561222026966,0.00802124870558743,-0.0024174204602159513,-0.0031474643129167906,25.943469397184778
1781506195.6597211,-0.00832100904399687,0.7285655473668741,0.3099835389053891,-0.04967894326554155,0.02092779165469061,-0.07520731201170303,0.008474384180610084,0.7502215982372324,0.30874439914079577,-0.05043461741520696,0.02098140335208809,-0.07528038022044456,-0.0021115804768251354,-0.001837162566775816,-0.0011082094666347005,0.00483762303611989,0.0007412973422233889,-0.00035470596655489,-0.06459268242861906,-0.09434420502730541,0.008081275758590769,0.00813054087029515,-0.0006358530906317875,-0.003112973653410869,27.43365160209117
1781506195.6697729,-0.009622945555521081,0.7276882826936991,0.3100752024519868,-0.04952670300872908,0.020996079615807295,-0.07523061930423947,0.008474384180610084,0.7502215982372324,0.30874439914079577,-0.05043461741520696,0.02098140335208809,-0.07528038022044456,-0.00204567687067885,-0.0016176573873116166,-0.0008651441298226417,0.005976737224256593,0.001417800407905886,-0.0005331087208893679,-0.06844137420408693,-0.09715610140035817,0.007401302011592352,0.0073842088885716145,0.001493334885704886,-0.0016158704091716776,28.931551814857336
1781506195.6797376,-0.010921996881665109,0.726809843493749,0.3101652621735399,-0.04940413317508667,0.021052242985144076,-0.07524966247928179,0.008474384180610084,0.7502215982372324,0.30874439914079577,-0.05043461741520696,0.02098140335208809,-0.07528038022044456,-0.001966850421941553,-0.001420947160784799,-0.0006590555485597425,0.00666663686251306,0.0018858704291566486,-0.0006521963123056615,-0.07145240583095123,-0.09725182796041053,0.007168908002468749,0.0069039411219599355,0.0011084941191042176,0.0020743093764210687,30.435977234842095
1781506195.6897504,-0.012218608154166475,0.7259302845300352,0.3102538689784164,-0.049307149180119886,0.021097783782097146,-0.07526499131816639,0.005278003412301502,0.7454444055138121,0.30914359294112054,-0.050032845959569555,0.02087328827126722,-0.07534567686628593,-0.001878648673261663,-0.0012450286287924443,-0.0004852622654991531,0.007001070939572426,0.0021849567170234884,-0.0007235790306455777,-0.07126406753125904,-0.09308372651404448,0.008766669861240096,0.007555700252820111,-0.000323632296419494,0.0007528162940462439,26.232900086653345
1781506195.6997058,-0.013641715122943186,0.7252161026175773,0.31026820499937496,-0.04926611427933111,0.021025218423968095,-0.0751818828216271,0.005278003412301502,0.7454444055138121,0.30914359294112054,-0.050032845959569555,0.02087328827126722,-0.07534567686628593,-0.0020870962902752753,-0.0009346300028207114,-0.0008139080620764318,0.006665744182371646,0.001110589592666191,0.00022241542456226924,-0.07514846217049038,-0.09353323061150072,0.0031648121116454883,0.00031555359742912873,0.0029396470709683077,0.001696611252694061,27.720114353953758
1781506195.7097163,-0.015056975192218238,0.7244967234307417,0.3102909815663335,-0.0492377294988574,0.02096315700599316,-0.07511213483806174,0.005278003412301502,0.7454444055138121,0.30914359294112054,-0.050032845959569555,0.02087328827126722,-0.07534567686628593,-0.002227986811744793,-0.0006736076081859178,-0.0010674230426875129,0.006232030806691449,0.0002752267864840573,0.0009251543016786003,-0.07925119507994377,-0.09537721004320165,0.003615000992727749,0.0019990032447228727,0.00010395578504184693,0.0014696380446012382,29.217002586797513
1781506195.7197227,-0.016465461038218943,0.723772750098996,0.31032112410657114,-0.049219599032871805,0.0209106650518307,-0.07505430631602523,0.005278003412301502,0.7454444055138121,0.30914359294112054,-0.050032845959569555,0.02087328827126722,-0.07534567686628593,-0.0023128590846874337,-0.000455530545214637,-0.0012574127290994486,0.005736472802635452,-0.00035819802527624215,0.001426387767461244,-0.08170119843576301,-0.09403947686691284,0.006348991044448735,0.007116300567712652,0.003354722023522419,0.0025521061494234573,30.721742697561623
1781506195.729705,-0.016492090468939923,0.7237976366295015,0.3102881547035108,-0.04920964728392864,0.020866780279860997,-0.07500699136701627,0.005278003412301502,0.7454444055138121,0.30914359294112054,-0.050032845959569555,0.02087328827126722,-0.07534567686628593,-0.0023516859937875393,-0.000274692099344744,-0.0013939986525868442,0.0052081423968377855,-0.0008229834738788036,0.0017629151585945584,-0.08252350115619195,-0.08879146454962121,0.004095320051221617,0.0036516358453634904,0.007544623824896982,0.0031227023252669325,30.721810043627784
1781506195.73972,-0.017889763793755883,0.7230661098209328,0.3103303216926468,-0.04920609537262856,0.02083054595588396,-0.07496884891185451,0.0013625126853085145,0.7407234757809078,0.309402657418142,-0.049845008393482396,0.02088943008934807,-0.07523365039128137,-0.002353056944635664,-0.00012603922224732107,-0.001485982786619982,0.004669719265133944,-0.0011486940880866088,0.0019668186228134713,-0.0810347255786535,-0.08328680629023791,0.003534706125683016,0.0025523920555114367,-0.0004712609588044522,0.0012825629408473485,26.13987917487404
1781506195.7497106,-0.019354552891565707,0.7224793809298818,0.31037199684149464,-0.04920743540929461,0.02080103572761738,-0.0749386231175189,0.0013625126853085145,0.7407234757809078,0.309402657418142,-0.049845008393482396,0.02088943008934807,-0.07523365039128137,-0.002324341886458545,-5.1076385488416955e-06,-0.0015409962691495483,0.0041384726142124914,-0.0013612875804462675,0.0020657674015031853,-0.08445466866722202,-0.08145180279544029,0.0038805519496704806,0.004371940892503847,0.001996225599983222,0.00019987279368270143,27.622154549698045
1781506195.7597256,-0.02083589221436663,0.7219311368951646,0.3103994747047231,-0.049129747774035296,0.02083002156567959,-0.07507995498659192,0.0013625126853085145,0.7407234757809078,0.309402657418142,-0.049845008393482396,0.02088943008934807,-0.07523365039128137,-0.0023422877203971,0.0003813450056524978,-0.0016458189490625532,0.004566846055917895,-0.0008207185962405437,0.0003150579778203387,-0.08894563426385639,-0.08189492692483084,0.002029839880074711,0.0030756477275474072,0.00019144538596330444,-0.00022848390840078173,29.101801071228618
1781506195.769733,-0.022311152521206745,0.7213750270325457,0.31043333449343435,-0.04906860937965756,0.020855145356137417,-0.07519915286231352,0.0013625126853085145,0.7407234757809078,0.309402657418142,-0.049845008393482396,0.02088943008934807,-0.07523365039128137,-0.002327014990376709,0.0006867467847033584,-0.0017091135850707288,0.0047627999862737145,-0.0003932537433942891,-0.0010053237820868092,-0.09204739287392424,-0.08147395130518963,0.006938445794599567,0.00937056803932685,0.0017400827782862698,0.0010063450037054223,30.59194646490637
1781506195.7797408,-0.023781143195521465,0.7208119852407875,0.3104727179169075,-0.04902154367864313,0.02087668624242478,-0.07529850390721035,0.0013625126853085145,0.7407234757809078,0.309402657418142,-0.049845008393482396,0.02088943008934807,-0.07523365039128137,-0.002285268810042194,0.0009232133545879411,-0.001738268615050459,0.0047792472526718465,-6.222722320389085e-05,-0.0019671305147899343,-0.09314232607406052,-0.08014358733410813,0.005296217595364653,0.005772498354194591,0.000409606850410186,0.004743361248170178,32.09074502179585
1781506195.7897274,-0.025302068474999575,0.7203974254719036,0.31051090494592937,-0.04898630997770953,0.02089495183893786,-0.07538026503832068,-0.0030540069987409213,0.7365280123219862,0.30957490359855055,-0.049654964223213506,0.02088706562262055,-0.07524362211939614,-0.0022227994210340316,0.001101344317750156,-0.0017396478620405626,0.004660746948121356,0.00018748594860205247,-0.0026339398825104966,-0.09277516973676733,-0.07603400328891556,0.006681598049493989,0.007979636100294842,0.0019875778432862016,0.0022949052901177712,27.496330120613145
1781506195.7997255,-0.025425413872236236,0.7203706116193512,0.3104985576756489,-0.049036588181408255,0.02076621651373589,-0.07530197767402283,-0.0030540069987409213,0.7365280123219862,0.30957490359855055,-0.049654964223213506,0.02088706562262055,-0.07524362211939614,-0.0029017007308952793,0.0008488925391631081,-0.0017440760693415178,0.0035854615906681223,-0.0012786344977823304,-0.0015617571191354417,-0.09568776464465963,-0.07666164154488377,0.0021882260237600613,0.002005934471451396,-0.0010914495323615411,0.0019709522307482163,27.61149361804105
1781506195.809716,-0.027032698853358107,0.719897063419619,0.31054685394147297,-0.04908214636668179,0.020659186328511492,-0.07523474856447901,-0.0030540069987409213,0.7365280123219862,0.30957490359855055,-0.049654964223213506,0.02088706562262055,-0.07524362211939614,-0.003409936981091396,0.0006354746986007884,-0.0017255317005957886,0.002681656599287732,-0.002342141012290975,-0.000715632541775848,-0.09853212150748251,-0.07852096469034912,0.0024516602393728107,0.0028456215426301396,-0.003593065238070108,0.0009440516869096754,29.197787791559467
1781506195.8197284,-0.028623284684408796,0.7194263214083108,0.310597252759943,-0.04912291983613721,0.020571348286841262,-0.07517764645430933,-0.0030540069987409213,0.7365280123219862,0.30957490359855055,-0.049654964223213506,0.02088706562262055,-0.07524362211939614,-0.0037747280339803235,0.0004560964762591684,-0.0016887805405373638,0.0019310722012148701,-0.003074873516165074,-6.205266595374587e-05,-0.09965326420470663,-0.07670639492333152,0.004517869134639345,0.004776430396402802,-0.0020844469662351915,0.0015696477917969374,30.778255169542685
1781506195.82975,-0.030199374042733918,0.7189580935140688,0.31064943042997883,-0.04915899128033911,0.020500294194170543,-0.0751296961936362,-0.0030540069987409213,0.7365280123219862,0.30957490359855055,-0.049654964223213506,0.02088706562262055,-0.07524362211939614,-0.0040197428605776376,0.0003063172497587505,-0.0016378791317338418,0.0013158337628360692,-0.0035397129075239887,0.0004293650636702595,-0.0977442822673538,-0.07370885917689092,0.0033603841190320448,0.0019168978321247065,-0.005185616285717442,0.00197185137977405,32.35316996495658
1781506195.839726,-0.03180196839522668,0.7186516124708034,0.3106964627586692,-0.049190551557320446,0.020443760309771797,-0.07508991644409298,-0.007910193765552243,0.7326835213602018,0.3097737099111662,-0.04944784793645554,0.02082407013531795,-0.07518411786445105,-0.004165499961766289,0.0001821971573419158,-0.0015762632556698272,0.0008188442843872087,-0.0037911062958434854,0.0007858252570682667,-0.0963190731589172,-0.06785719615560526,0.0016396864008650825,0.0006986065775495193,0.0011424316958256382,0.0006593016625138144,27.72296583796736
1781506195.8497472,-0.03339374220142555,0.7183471390489299,0.3107447442366897,-0.04921786732846031,0.020399653094572923,-0.07505734810899482,-0.007910193765552243,0.7326835213602018,0.3097737099111662,-0.04944784793645554,0.02082407013531795,-0.07518411786445105,-0.004229728735348937,8.024825648255565e-05,-0.0015068268286583292,0.0004240572508643485,-0.0038756913672884745,0.0010314064389630195,-0.09556366323228374,-0.06221302632995365,0.0036297803276722387,0.004091239877159625,0.0019840058575300553,-0.0022790150221041077,29.25552949990471
1781506195.859733,-0.03489176910651148,0.7181544438280113,0.31075867935982965,-0.04911090954310735,0.020415856915827924,-0.07518218541354507,-0.007910193765552243,0.7326835213602018,0.3097737099111662,-0.04944784793645554,0.02082407013531795,-0.07518411786445105,-0.0036267370542861213,0.00071353488926562,-0.001606062011043713,0.0015731769307684312,-0.0032087746580543855,-0.00043344648050716366,-0.09827887211933023,-0.06204313459982332,0.004034876732500719,0.0038826159067734596,1.9549071424787226e-05,-0.003289805275470696,30.660555549941716
1781506195.8697436,-0.03639397928072756,0.7179477818639649,0.31077887648461755,-0.04902239122563235,0.02043245776751812,-0.07528693201184071,-0.007910193765552243,0.7326835213602018,0.3097737099111662,-0.04944784793645554,0.02082407013531795,-0.07518411786445105,-0.0030967170805893257,0.0012128791843541281,-0.0016653749148197205,0.002391092508022761,-0.0026212504483608626,-0.0015191642305848357,-0.10187227549234742,-0.06148445532806066,0.005094891417224792,0.004329635562910004,0.0024663539368137396,-9.219851323634246e-05,32.085486058588074
1781506195.87973,-0.03635786517745261,0.7180191964957013,0.31075364589818166,-0.04895011156685157,0.020448899647180108,-0.07537375771909964,-0.007910193765552243,0.7326835213602018,0.3097737099111662,-0.04944784793645554,0.02082407013531795,-0.07518411786445105,-0.0026319927256912706,0.0015983709675200456,-0.001691887730425949,0.002938464186490232,-0.002109292789720779,-0.0022910853470103163,-0.10031597806596232,-0.05637545069121206,0.0036805056628649575,0.0014013475194662223,0.0018636337034470814,-0.0004950426210778314,32.01987987219357
1781506195.8897147,-0.03788949881663283,0.7179520492721067,0.31077686365505514,-0.04889197710489532,0.020464770765317164,-0.07544477901485762,-0.012939675143867013,0.7294886510201142,0.3099447615085282,-0.04931161492133867,0.020758035010199016,-0.0752676979216241,-0.00222557446998452,0.0018875804384601467,-0.0016917335715557606,0.003268146952561393,-0.0016679669906676676,-0.002806756368097729,-0.0984989904738527,-0.0516702041630465,0.005684322749253723,0.005719494743030389,-0.0011988374274921854,0.0001229061090694336,27.50053227078506
1781506195.8997912,-0.039431112004938006,0.7179301554916089,0.3107764067919866,-0.04893049754436634,0.020401184309419618,-0.07544201602908068,-0.012939675143867013,0.7294886510201142,0.3099447615085282,-0.04931161492133867,0.020758035010199016,-0.0752676979216241,-0.0019382667398931365,0.002445014903072114,-0.0018853798897365758,0.0024903238551322333,-0.002180759693065264,-0.0025041449631812997,-0.09876629867759137,-0.04913087483862917,0.0041442358042763534,0.003153993453626786,-0.0011334348308573786,0.0001417181961324873,28.915163491221808
1781506195.9097083,-0.0409747501317555,0.7178918984446815,0.3107831720755292,-0.04896513752278632,0.02034981502734201,-0.07543748992802096,-0.012939675143867013,0.7294886510201142,0.3099447615085282,-0.04931161492133867,0.020758035010199016,-0.0752676979216241,-0.001683064000017325,0.002861527504126297,-0.0020169442774925156,0.001839367726546828,-0.0025052890092250907,-0.0022088520927503307,-0.09949877971389384,-0.04747894037600276,0.0015720979487234543,-0.0014807845672981548,-0.00030496160728984886,0.0002963873578985984,30.350502996675264
1781506195.9197302,-0.04252028412714357,0.717839364054313,0.3107961998164247,-0.04899592208208493,0.02030900594860685,-0.07543176726266647,-0.012939675143867013,0.7294886510201142,0.3099447615085282,-0.04931161492133867,0.020758035010199016,-0.0752676979216241,-0.0014568679621873156,0.003159634178945954,-0.002097003903868428,0.0013012853317491647,-0.0026798745821019817,-0.001927128515452639,-0.10002999288839039,-0.04610935247623008,0.0025337189680253273,-0.00017749668116071016,-0.00019001161826154734,0.0016155355819408494,31.803195780066503
1781506195.9297013,-0.044072549499097884,0.7179384988155547,0.3108069829035727,-0.049022975421590405,0.02027722644912,-0.07542530517048339,-0.012939675143867013,0.7294886510201142,0.3099447615085282,-0.04931161492133867,0.020758035010199016,-0.0752676979216241,-0.001256823859474256,0.003358910440828789,-0.002134702453826076,0.0008625028102120386,-0.002737332670943471,-0.0016632855838875468,-0.09949349280989617,-0.04302091985342933,0.003888830473880064,0.004776777111785601,0.0016593255965865973,-0.00048691747397039837,33.21754517271188
1781506195.9397383,-0.04405721145087094,0.717990373304551,0.31078665524023485,-0.04904649266747175,0.020253082481547224,-0.0754184663090494,-0.017968542833799783,0.727082840815722,0.31008834030082544,-0.0492555194338069,0.020666716734457635,-0.0752511602290708,-0.0010803085900591865,0.0034763232679780945,-0.002137916990018104,0.0005101319634247851,-0.002705457695010246,-0.001420063681586597,-0.09857924576256284,-0.039645515560256125,0.0032547304989375943,0.00429614220459674,0.00037176159193685085,-0.002284470480093945,27.636556214688863
1781506195.949711,-0.044043392693862635,0.7180329600237698,0.31077038373961513,-0.049066716770369424,0.020235320499940146,-0.07541153263318225,-0.017968542833799783,0.727082840815722,0.31008834030082544,-0.0492555194338069,0.020666716734457635,-0.0752511602290708,-0.0009249182640172205,0.0035265305878142243,-0.0021134079543310372,0.00023215103536362256,-0.0026075205172203663,-0.0011989512380437678,-0.09897092284982413,-0.03818990032528956,0.0005131042368720114,-0.00112580497696988,0.0005683683163451312,-0.0018400634786686501,27.60911662523381
1781506195.9597821,-0.045599348704014456,0.7181298014375783,0.3107870259786611,-0.04895183349467399,0.020239655739638485,-0.07545011628814566,-0.017968542833799783,0.727082840815722,0.31008834030082544,-0.0492555194338069,0.020666716734457635,-0.0752511602290708,-0.0007643344363216929,0.0036876832430067182,-0.0020560731833103745,0.0014695008545801604,-0.0022547696199135556,-0.001486386625920294,-0.09913719412081552,-0.036891631983098944,0.0016289388755589495,0.0008632942186439702,-0.0034154006478119086,-0.0010515225997694464,29.05351112723718
1781506195.9697404,-0.047156650594555226,0.718216139823215,0.3108077030710565,-0.04885653066806772,0.02024544075650292,-0.07548130722031714,-0.017968542833799783,0.727082840815722,0.31008834030082544,-0.0492555194338069,0.020666716734457635,-0.0752511602290708,-0.0006257371573312857,0.0037703255769989015,-0.0019839938335230343,0.0023563764702134128,-0.0019287408418693628,-0.0016610781548581244,-0.09840149560068397,-0.036077410715243174,0.0029880942135579016,0.004604464118285231,-0.00283446732077848,-0.0017505034885635887,30.513628167413863
1781506195.9797275,-0.04871518011964421,0.7182934060587718,0.31083184115107393,-0.0487785074380047,0.020252152728918782,-0.07550610481962441,-0.017968542833799783,0.727082840815722,0.31008834030082544,-0.0492555194338069,0.020666716734457635,-0.0752511602290708,-0.0005065462576098493,0.0037888947706527934,-0.0019009912503058458,0.0029563785491259174,-0.0016316596687480321,-0.0017465096429071447,-0.09892276702307527,-0.03413628170554834,0.0031995218450547517,0.003796496025030904,-0.0015224110950961258,-0.002310211811311855,31.986913906288056
1781506195.9897296,-0.050262582464655696,0.7185265552105499,0.3108509245592266,-0.04871556686405563,0.02025937479533879,-0.07552543305352298,-0.022892309349481943,0.7252446762519043,0.31020108534201596,-0.04913130419407173,0.02044828610010163,-0.07532585436207603,-0.0004044445478751305,0.0037557924769084966,-0.0018102715155603026,0.0033250131501975475,-0.0013644008727349782,-0.0017627207887940559,-0.10004075391069722,-0.03184385048995552,0.0027593011368587045,0.0023736338294158823,-0.001058348876180579,-4.606348546902611e-05,28.190198504688055
1781506195.999726,-0.05181100068038728,0.7187530118076998,0.3108725138789906,-0.04866565000416438,0.02026678084954958,-0.0755401340373591,-0.022892309349481943,0.7252446762519043,0.31020108534201596,-0.04913130419407173,0.02044828610010163,-0.07532585436207603,-0.00031735531339310234,0.003681629140003792,-0.0017145061699072618,0.0035102020330156636,-0.001126803321042743,-0.0017266219925105523,-0.09908195335169662,-0.028679155758064317,0.002830983058590994,0.0033053375995480356,0.0014751952581073778,-0.0019665893135877625,29.645964849007555
1781506196.0097945,-0.05337843699154975,0.7190004038044542,0.3108777896281049,-0.048606659480763995,0.020300638546194127,-0.07567700285786198,-0.022892309349481943,0.7252446762519043,0.31020108534201596,-0.04913130419407173,0.02044828610010163,-0.07532585436207603,-0.0003115732998455524,0.0037392324771855006,-0.0017272170144702064,0.003801225488104158,-0.0005618976135938671,-0.003012296027459885,-0.09874197248326753,-0.02674213643806826,0.0031894486095942302,0.003550935636213186,-0.00265047105011242,-0.002102209025128216,31.126401104163108
1781506196.0197072,-0.054943861407702264,0.7192393968117672,0.31088758632658714,-0.04856048246894719,0.020329770467546693,-0.07578938280177425,-0.022892309349481943,0.7252446762519043,0.31020108534201596,-0.04913130419407173,0.02044828610010163,-0.07532585436207603,-0.00030298370453101555,0.0037380950175800666,-0.001715535345893772,0.003915220512628255,-0.00012326728347159828,-0.0038931618824139492,-0.10074846002813272,-0.02528194947048136,0.003414629701742574,0.005388838940700276,-0.001134118442306241,-0.000330176616819333,32.61650891951433
1781506196.0297432,-0.056478183732997775,0.7196326178075451,0.3108929610971576,-0.04852516926336882,0.020354562658135178,-0.07588033810123813,-0.022892309349481943,0.7252446762519043,0.31020108534201596,-0.04913130419407173,0.02044828610010163,-0.07532585436207603,-0.00029224909684474074,0.003689816436125369,-0.0016844200412490177,0.003893456059856284,0.00020874644767554545,-0.004446604824906184,-0.10107287362970566,-0.023761412518036748,0.002058273853298656,0.0025915514585506446,-0.003141795824414369,0.0002703350463314434,34.058550323652376
1781506196.0397286,-0.05648346107371094,0.7196570889763758,0.31088193175587675,-0.048498961838367174,0.02037542358153388,-0.07595275109031527,-0.027918244362902633,0.7238858186936483,0.3103358605625676,-0.04897321130086388,0.020445231884207216,-0.07540498184475074,-0.0002799285491936251,0.0036043059663188972,-0.00163809819781649,0.0037705690939747395,0.0004517906791509307,-0.0047395700162222556,-0.10125898226385771,-0.02067655479727109,0.0019114758667850942,0.003029408939932834,0.0011076127389558603,-0.0007023193697281073,28.881688913658557
1781506196.0497355,-0.057984509110002386,0.7200810712137915,0.31086403788179306,-0.048412429731728476,0.020395825786290844,-0.07588219064116193,-0.027918244362902633,0.7238858186936483,0.3103358605625676,-0.04897321130086388,0.020445231884207216,-0.07540498184475074,-0.00011763145420299914,0.003774193058920942,-0.0017425532774306752,0.0042878747029769584,0.000587802400818106,-0.0034421149283871922,-0.10229256586263966,-0.01764467459018456,0.002614426281123494,0.004694492643218131,0.0032435824423675506,-0.0011756069184769092,30.310647477556703
1781506196.0597315,-0.05948917989484841,0.720494008381479,0.31085284824862164,-0.048343520292385936,0.020412598342011368,-0.0758196583267099,-0.027918244362902633,0.7238858186936483,0.3103358605625676,-0.04897321130086388,0.020445231884207216,-0.07540498184475074,1.4146806348874563e-05,0.003862750997560582,-0.0018043270916265654,0.004558098825614147,0.0006736491302529564,-0.0023757568204983157,-0.10245540095838727,-0.01574504695459249,0.001969694564856546,0.002643250697662923,2.0669137331018588e-05,0.00012369085900722367,31.756820115111424
1781506196.0697412,-0.06099707883913229,0.7208974394002642,0.3108474282941565,-0.048289701244984905,0.02042619253557021,-0.07576485322134624,-0.027918244362902633,0.7238858186936483,0.3103358605625676,-0.04897321130086388,0.020445231884207216,-0.07540498184475074,0.00011975560160278481,0.003884897955881875,-0.0018310547948806545,0.004635797554892256,0.000719552174822238,-0.0015117407083496282,-0.10123207355693147,-0.014480858686483307,0.0008482183947839095,0.0011090537868128612,-0.0016914701481113871,-0.002362430886923904,33.217486398746814
1781506196.0797184,-0.06246176814785822,0.7214502473567117,0.31083850034232996,-0.04824866217261431,0.02043703348341719,-0.07571733824888224,-0.027918244362902633,0.7238858186936483,0.3103358605625676,-0.04897321130086388,0.020445231884207216,-0.07540498184475074,0.00020301808203229086,0.0038534513377228544,-0.0018293097540322777,0.004567117577088419,0.0007342651109139407,-0.0008229828701059973,-0.10233235272049368,-0.01203226094865427,0.0018000209723952755,0.0044381367721655135,0.0010543922120494847,-0.0034045179979769807,34.63292782840196
1781506196.0897126,-0.0639290009042886,0.7219961036058627,0.31083379341713196,-0.04821832212452455,0.020445515026154215,-0.07567658630199074,-0.03298491815787108,0.7230951470475611,0.3104290433179818,-0.0487911172392239,0.020375225424938526,-0.07550368857433738,0.0002672865206941367,0.0037793796958008577,-0.0018047296700798108,0.004390641606500056,0.0007252017507787463,-0.0002843931435934853,-0.10267152226858228,-0.009932418737346252,0.0019614506543157873,0.005161808650420101,-0.0008982005383025217,-0.002211697504870198,30.96623929615343
1781506196.0997057,-0.065398470006594,0.7225360531494293,0.3108326622277078,-0.04819682903971062,0.02045199677980114,-0.07564201726081426,-0.03298491815787108,0.7230951470475611,0.3104290433179818,-0.0487911172392239,0.020375225424938526,-0.07550368857433738,0.0003154927061933077,0.00367202839209038,-0.0017621296812086336,0.0041382288697723955,0.0006985688055634432,0.00012693815256352577,-0.10326359222718941,-0.009026961542846892,0.0009140397896373841,0.004129568124843877,0.004142089276834002,-0.003173577072414829,32.420885824743685
1781506196.1097283,-0.06685418747066528,0.7230993461151518,0.31082542634324706,-0.04816972488460637,0.02043862499608262,-0.07557089285293017,-0.03298491815787108,0.7230951470475611,0.3104290433179818,-0.0487911172392239,0.020375225424938526,-0.07550368857433738,0.0004362537742578387,0.003727552696630183,-0.0017573018750363049,0.003966502812813419,0.0004391594569320251,0.0008814587581397989,-0.10374391062176916,-0.00849533740100283,0.001150652566604187,0.004680781277220977,0.0029217309160500097,-0.002252296240367331,33.87158899309966
1781506196.1197414,-0.06825171822598465,0.7238060692535421,0.3108134644374029,-0.04815058716967782,0.020426936763518144,-0.07551186014430597,-0.03298491815787108,0.7230951470475611,0.3104290433179818,-0.0487911172392239,0.020375225424938526,-0.07550368857433738,0.00052766973928889,0.003724894240115552,-0.0017311594427877656,0.0037292582155400234,0.00023278361991885998,0.0014226710969803664,-0.10453964031113393,-0.0071613960363068946,2.2310910475866834e-05,0.002126119675883842,0.0021026544852422446,-0.0019065290421198414,35.276059545027266
1781506196.1297255,-0.06823342667208492,0.7238344673878073,0.31080191657879314,-0.0481379421157988,0.020416830176363865,-0.07546350319441428,-0.03298491815787108,0.7230951470475611,0.3104290433179818,-0.0487911172392239,0.020375225424938526,-0.07550368857433738,0.0005943699103492781,0.0036755619104312178,-0.001688237452130445,0.003449417355654005,7.179010994218683e-05,0.0017892434345929105,-0.10561525066825794,-0.004263584596139921,0.00022880189585541678,0.00232083173724094,0.0011295680613741268,-9.266759270571659e-05,35.25823281888551
1781506196.1397636,-0.06963762286059581,0.7245279501339105,0.3107959691242199,-0.048130507781448104,0.020408185479824148,-0.07542446886994102,-0.03835677891520367,0.7227074939224422,0.31046204145286627,-0.04863715046731894,0.020469155653234816,-0.07557108650510429,0.0006403837466745589,0.0035893861391506675,-0.0016323891476750171,0.0031453209622556992,-5.079534363315304e-05,0.00201492918843798,-0.10670173109040534,-0.0014204616836332516,-0.0005142342642345045,0.001913397320976288,-0.00021411724600761683,-0.0005587721843740064,31.335551159083604
1781506196.1497416,-0.07106789179729145,0.7252321425610899,0.3107796446786883,-0.048232697528082125,0.020442402658322978,-0.07538167094617285,-0.03835677891520367,0.7227074939224422,0.31046204145286627,-0.04863715046731894,0.020469155653234816,-0.07557108650510429,0.0005139962525785489,0.003578869141385779,-0.0016920335072185236,0.0016767471708401013,0.0003052293793223583,0.0022795317283872316,-0.10916064187028168,0.002124579857838624,9.770130658868295e-05,0.00429124145010988,0.007551402213800172,7.176388524616501e-05,32.80993185824023
1781506196.1597528,-0.07249710787840746,0.7259296201118989,0.31076693142445233,-0.04832022891301564,0.020470806436287514,-0.07534775489762664,-0.03835677891520367,0.7227074939224422,0.31046204145286627,-0.04863715046731894,0.020469155653234816,-0.07557108650510429,0.00040602291108972685,0.003525078472038353,-0.0017184746151822194,0.0005305002378867402,0.0005636458729004748,0.002415388527546475,-0.10783755243941735,0.004559626721081469,0.00044517629557286814,0.005217859883295766,0.001055521514350307,-0.00030021436831731624,34.293397568501845
1781506196.1697073,-0.07384755414881,0.7267658897259534,0.310748649324336,-0.04839438166530048,0.020494075812238943,-0.07532142149593786,-0.03835677891520367,0.7227074939224422,0.31046204145286627,-0.04863715046731894,0.020469155653234816,-0.07557108650510429,0.0003142000888095703,0.0034372304433323946,-0.0017179260085164205,-0.0003428628938688665,0.0007418507050044723,0.00245106271976452,-0.10970965158419223,0.006235131053468447,0.0010105510877315511,0.003346822549547786,0.004526616183703778,0.0012776280409075953,35.72321160327428
1781506196.179755,-0.07519710920795446,0.727597322811554,0.310732937570008,-0.048456480758058085,0.020512860350107687,-0.0753014898418821,-0.03835677891520367,0.7227074939224422,0.31046204145286627,-0.04863715046731894,0.020469155653234816,-0.07557108650510429,0.0002365059581415273,0.0033231552046099934,-0.0016957177349558527,-0.0009878576335531507,0.0008550750392814358,0.0024106977181313385,-0.11054577884709418,0.008689914146593683,0.0005935157538337606,0.0013184851931360192,-0.0038888734265045484,0.004084247757162229,37.16441506804656
1781506196.1897285,-0.07654584074453252,0.728424679551997,0.3107193981203728,-0.04850784881624109,0.02052776972906112,-0.07528690000531793,-0.04381806769758334,0.7229446725056037,0.31049299667576774,-0.04844297541293066,0.020400497356614533,-0.07551534573461031,0.00017113842530351795,0.0031894709149244446,-0.001656403063695607,-0.001444088804704407,0.0009165104327138985,0.00231446457905821,-0.11057874563076413,0.010598345427717579,-0.00015550366166428982,0.0022521961728302464,-0.0010035070547644784,0.0015544743387453297,33.18416585444409
1781506196.1997023,-0.07789381298893705,0.7292486200523577,0.3107076897154454,-0.04854977051900471,0.020539367009532405,-0.07527671168978153,-0.04381806769758334,0.7229446725056037,0.31049299667576774,-0.04844297541293066,0.020400497356614533,-0.07551534573461031,0.00011649462727843189,0.003041738921269104,-0.0016038539924298364,-0.0017463978353988937,0.000937458977377086,0.0021790059160239133,-0.11136261410892587,0.012753403525279707,-0.0009027172336168531,-0.0010972301010497131,-0.000800524438470897,0.002280757205519715,34.65461390543439
1781506196.2097065,-0.07791146617661243,0.72929177361537,0.31067161759864875,-0.04856284743895844,0.02051798424553697,-0.0752742872379362,-0.04381806769758334,0.7229446725056037,0.31049299667576774,-0.04844297541293066,0.020400497356614533,-0.07551534573461031,-5.178784281088664e-06,0.003124088557907157,-0.00173280943364684,-0.0016990171361577957,0.0006006517158087391,0.001956220942539184,-0.11196899323039368,0.014701554895783099,-0.0008861192884392413,-0.0004298774094639046,0.0007596950119738953,0.0017193849263339115,34.67963981620269
1781506196.2197075,-0.07917595666680363,0.7302780770377406,0.310626997134571,-0.04857232278076569,0.020499361278987438,-0.07527401577991921,-0.04381806769758334,0.7229446725056037,0.31049299667576774,-0.04844297541293066,0.020400497356614533,-0.07551534573461031,-0.00010278931199929169,0.0031506112611849385,-0.0018143749447584484,-0.0016170116237567175,0.0003318530570961027,0.0017357465845700402,-0.11290571873742858,0.015862037045438176,0.0007369041412857836,0.0022837371737474904,0.0018040099458203906,0.0023000999412906404,36.11062295938186
1781506196.2297132,-0.08043830316446529,0.7312576752976516,0.3105875134969696,-0.04857884012655888,0.020483315850096995,-0.07527536493652667,-0.04381806769758334,0.7229446725056037,0.31049299667576774,-0.04844297541293066,0.020400497356614533,-0.07551534573461031,-0.0001798459781009224,0.003131981531593536,-0.001856863574437496,-0.0015113071345820158,0.00012136842071656487,0.0015230389871907332,-0.11348686550835853,0.017937409976440177,0.0011780175454886171,0.0008491149910622988,0.0007807487884992461,0.0035942431729017316,37.55205180146573
1781506196.239742,-0.08169875326277719,0.7322315294269152,0.3105524802234053,-0.04858296268518639,0.020469640863528538,-0.07527789144839454,-0.04955908438474249,0.7236991839452758,0.3104896388174775,-0.04842389294121915,0.020374896285578314,-0.07539674876243767,-0.00023942616971599136,0.0030773406987146504,-0.001867443958739185,-0.001390738856443521,-3.966216004574994e-05,0.0013219735293371353,-0.11358183578456092,0.020902829739473123,0.0018251171508344567,0.0044187359311648805,0.0004770684533280112,0.0015898596666416103,33.25301766832693
1781506196.2497535,-0.08295403696510015,0.7332181425569864,0.31050789745215546,-0.048357413397004716,0.02046722932179801,-0.07527795244039481,-0.04955908438474249,0.7236991839452758,0.3104896388174775,-0.04842389294121915,0.020374896285578314,-0.07539674876243767,-0.00026133921531743974,0.0031084373461405805,-0.0018692748416240586,0.00122343659570662,-6.126626345914319e-05,0.0011757119696686772,-0.11443450544514815,0.02275903352787546,-0.0001410329783449237,-5.4564975257799216e-05,0.0010488233008440016,0.0008421515209728018,34.72511719596546
1781506196.2597852,-0.08296167149242806,0.7332437538765363,0.3104787155179992,-0.048173843955928095,0.02044980372734151,-0.07529395899241308,-0.04955908438474249,0.7236991839452758,0.3104896388174775,-0.04842389294121915,0.020374896285578314,-0.07539674876243767,-0.00028766843521045647,0.0030690069198552844,-0.0018754100213178406,0.003097507743269852,-0.00023589394985680718,0.0008636770583733156,-0.1161382633347754,0.024524174379595,-0.0016149454295037976,-0.0019953482724086643,0.003452708600038123,0.002032062838135596,34.73948416395552
1781506196.2697146,-0.0841111091410862,0.7343402176447776,0.31043251994640264,-0.04802230638990837,0.020435327153209393,-0.07530822700596726,-0.04955908438474249,0.7236991839452758,0.3104896388174775,-0.04842389294121915,0.020374896285578314,-0.07539674876243767,-0.00030515977490297994,0.0029984657983903075,-0.001856571829657045,0.004416897633693602,-0.0003602891778967249,0.000606239057702468,-0.11652078863271285,0.02829255812171322,-0.0010449151593731063,-0.002370553341496825,0.0035132392932563867,0.0019160009294452952,36.15352369441125
1781506196.2797167,-0.08525944263869177,0.7354321959934272,0.3103912703049344,-0.04789891722000856,0.02042345631154574,-0.0753208012948825,-0.04955908438474249,0.7236991839452758,0.3104896388174775,-0.04842389294121915,0.020374896285578314,-0.07539674876243767,-0.0003153346686114271,0.002903843673713696,-0.0018179243849614564,0.005284568574319218,-0.0004436394629483489,0.000396755358527569,-0.11732137092219949,0.031914792215884,0.001075312027363153,0.002216849737896332,0.0010359010757296692,0.002659606137888682,37.579100941170104
1781506196.2897143,-0.08640681804302557,0.7365203686260313,0.3103542258304009,-0.04779999619168815,0.020413862654775627,-0.0753317619263401,-0.055518064015783575,0.7250791913075134,0.31050386306799965,-0.048414745989955016,0.0204751225058033,-0.07533578746000075,-0.0003195071896775453,0.002791088924569498,-0.001763864306124126,0.005790031463544034,-0.0004939528201785325,0.0002289362616531015,-0.11820207834193755,0.034540826873723285,-0.002444125968696212,-0.0027089205898653255,-0.0006653881312853934,0.001076398756680281,32.93991583310593
1781506196.2997365,-0.08755336604940345,0.7376053300512053,0.3103207313889237,-0.04772211605623972,0.020406237692035534,-0.07534121316968682,-0.055518064015783575,0.7250791913075134,0.31050386306799965,-0.048414745989955016,0.0204751225058033,-0.07533578746000075,-0.0003188082970565255,0.0026652065084777172,-0.0016981163744782366,0.0060102683668224926,-0.0005181341509943677,9.692865209299576e-05,-0.11925306421225561,0.038252514436946584,-0.001437247737313888,0.0011507430200463418,-0.001391905698761465,0.0017528578306195573,34.39764912640615
1781506196.3097634,-0.08858545058127838,0.7388435272157065,0.31025566851929903,-0.04801750802231096,0.020367204585028498,-0.07531899198986564,-0.055518064015783575,0.7250791913075134,0.31050386306799965,-0.048414745989955016,0.0204751225058033,-0.07533578746000075,-0.00035577956077475494,0.0028135940689897484,-0.0018845770053498407,0.0021244353050496215,-0.0008992585155993629,0.0003082389297304511,-0.12069956216045621,0.04147219451255552,-4.436041378262526e-05,0.0033866172604490813,0.003648889740891597,-0.00039902269139035275,35.81857894723691
1781506196.3197675,-0.08961631960557599,0.7400732292199029,0.31019582932174605,-0.04826791624090335,0.02033519153209573,-0.07530061396797492,-0.055518064015783575,0.7250791913075134,0.31050386306799965,-0.048414745989955016,0.0204751225058033,-0.07533578746000075,-0.0003809510104190356,0.002897064525041885,-0.0020103830896120757,-0.0008452390784186017,-0.0011602007698015195,0.0004581453487101778,-0.12180262038544873,0.044794172179080056,0.001544151209474398,0.006673549694338457,0.000817969386034957,0.0005273416496224162,37.25059854517528
1781506196.329747,-0.08962177370012943,0.7401061278939401,0.3101717768743528,-0.04847776519422961,0.020309313450725508,-0.07528562081787489,-0.055518064015783575,0.7250791913075134,0.31050386306799965,-0.048414745989955016,0.0204751225058033,-0.07533578746000075,-0.0003963309382949012,0.002927363617063769,-0.0020859032414517753,-0.0030471787362725366,-0.0013239534797090111,0.0005579365430594676,-0.1232112713448778,0.04866719711950866,0.0016643208801786053,0.010084115766858602,0.0018606123207888109,-0.000914829667860029,37.269050412462164
1781506196.3397307,-0.09065064577445993,0.7413222388294268,0.31012062479884095,-0.04865148024475655,0.020288739509260356,-0.07527357599586268,-0.06151134440207762,0.7271952958193635,0.31046910227485147,-0.048233926703047686,0.020387681485767972,-0.07532783734164432,-0.00040365561607042975,0.0029145942452993836,-0.0021200982797894186,-0.004613607722463921,-0.0014104041563700901,0.000617443510507584,-0.12360795461658648,0.05186699729977461,-0.0010691389383847027,0.005622907386905094,-0.0029393655230592237,-0.00022157830972771537,32.38504037100133
1781506196.3497093,-0.09167815808047662,0.7425533534834533,0.3100632597105117,-0.04866806344443379,0.020276792922111264,-0.07525255460331738,-0.06151134440207762,0.7271952958193635,0.31046910227485147,-0.048233926703047686,0.020387681485767972,-0.07532783734164432,-0.00040289754173801544,0.0030014393778294126,-0.0021511260449900214,-0.004295611144813954,-0.0013978877164601158,0.0007728638416662739,-0.1264575146991743,0.055477079472272824,-1.870821678039238e-05,0.006520850893182312,-0.003847095680938466,0.003314479847933667,33.853674703165964
1781506196.359755,-0.0926013963271839,0.743884756062738,0.3099874373605267,-0.048679844085509905,0.02028623125286466,-0.07534534209363819,-0.06151134440207762,0.7271952958193635,0.31046910227485147,-0.048233926703047686,0.020387681485767972,-0.07532783734164432,-0.0005407370140026767,0.003047270653516943,-0.0022531229794730046,-0.003934752038889702,-0.0010930808810117694,-0.00031804972291403716,-0.1264412854925501,0.05709653534595219,-0.003213977966936621,0.0005922083869217741,-0.0012631928995436056,-0.0005953531100752664,35.28967856201971
1781506196.3697245,-0.09351996867818652,0.7452086301490096,0.30991793014156505,-0.048686135817879825,0.020295186928886322,-0.07542314147277379,-0.06151134440207762,0.7271952958193635,0.31046910227485147,-0.048233926703047686,0.020387681485767972,-0.07532783734164432,-0.000644539154676497,0.0030454507578972184,-0.002306454024210715,-0.003556672497462253,-0.0008347623452450198,-0.001126725350253196,-0.12836645338087072,0.05997533954347927,0.0004573290184688647,0.005591508096028425,0.0033133259501024826,0.0007317401425601931,36.73330957647605
1781506196.3797321,-0.09443448528944261,0.7465260070233173,0.30985389265351826,-0.048688142518810124,0.020303535930102035,-0.07548758119069005,-0.06151134440207762,0.7271952958193635,0.31046910227485147,-0.048233926703047686,0.020387681485767972,-0.07532783734164432,-0.000719701760846456,0.003005400841192148,-0.0023200416407307277,-0.003176038124010103,-0.0006183509379574972,-0.0017017947636397495,-0.1292997545267007,0.06397334619050637,0.0010482360344596928,0.0033616087008869044,0.005680385351061328,0.0002782144998776443,38.18361015433363
1781506196.3897843,-0.09534549151695901,0.7478378019351942,0.3097945752284924,-0.04868688352354675,0.020311201864749107,-0.07554024707583434,-0.06789413622072549,0.7301465956084034,0.31042299233172893,-0.04810565825223197,0.020452232133799875,-0.07530066015072027,-0.0007709209310785323,0.0029351683630502944,-0.0023015521311913066,-0.0028039075942297483,-0.0004392659924522701,-0.00208609031403492,-0.12979062215063503,0.06522846894926211,-0.005137546056139368,-0.005704021497055373,-0.00014412768613508709,0.0015630545738428685,32.66420972490794
1781506196.3997269,-0.09611372052560622,0.7492309833793885,0.3097319140450197,-0.04868321199621764,0.020318146141268922,-0.07558264961682201,-0.06789413622072549,0.7301465956084034,0.31042299233172893,-0.04810565825223197,0.020452232133799875,-0.07530066015072027,-0.0008022699548677588,0.002841596051723215,-0.002257546246901498,-0.002448334252839427,-0.0002930528657197159,-0.002316926688159235,-0.131518137144716,0.0745550849083894,-0.0018175666867545342,-0.0020390662323618936,-0.000170763228643606,0.00036028740263831385,34.07398397798469
1781506196.4097004,-0.09688941971174882,0.7506519614566305,0.30964087742475455,-0.04874810937498703,0.020284477774429988,-0.07556711080034384,-0.06789413622072549,0.7301465956084034,0.31042299233172893,-0.04810565825223197,0.020452232133799875,-0.07530066015072027,-0.0008913060300874753,0.0029521985227262096,-0.0024000981372697843,-0.0028929222554434637,-0.0006365522127223724,-0.0019124874767437524,-0.13239707411369306,0.07567028986864444,-0.008578709724334629,-0.012244240648422288,-0.0020454798032367625,0.0007146869608608575,35.52193965737453
1781506196.4197578,-0.09766158909993834,0.7520648488492532,0.3095571962902486,-0.04880000240025645,0.02025682873147261,-0.07555231400775675,-0.06789413622072549,0.7301465956084034,0.31042299233172893,-0.04810565825223197,0.020452232133799875,-0.07530066015072027,-0.0009514880484717039,0.0030035798641919365,-0.002484123287309752,-0.0031468463734138597,-0.0008765080209652836,-0.0015571075643595854,-0.1327387954222919,0.07989927365197605,-0.004306342148400818,-0.006421328044679837,0.005571731978371297,-0.0022473277203088043,36.976488189545805
1781506196.429772,-0.09767634623009087,0.7520946018173815,0.3095268894259217,-0.04884073130131951,0.020234446673172313,-0.07553847861800977,-0.06789413622072549,0.7301465956084034,0.31042299233172893,-0.04810565825223197,0.020452232133799875,-0.07530066015072027,-0.0009877442374076843,0.0030067690190367503,-0.002520100057542962,-0.003250962773958826,-0.0010323120257847013,-0.0012482131697537195,-0.13155486852890938,0.08258126782063305,-0.005406906783499594,-0.008221571878106307,-0.0013312048647966535,-0.0020669990405400712,37.00672925305721
1781506196.4397242,-0.09844281995195597,0.7534945974587438,0.3094551952132993,-0.04887198046610755,0.02021662367979915,-0.07552574257814784,-0.07458106503955042,0.7341166957730945,0.31018298889962204,-0.04841522636794498,0.02031002484296751,-0.07533710803663111,-0.0010043340100839779,0.0029712303704719054,-0.002517049016237541,-0.0032399840276659945,-0.0011207977368545032,-0.0009826035778934246,-0.12765717485450562,0.08417954835036842,-0.00758181290903593,-0.00952349006440453,0.00034619821854308324,0.0007000729171723553,30.747619499536114
1781506196.4497757,-0.0990590261358503,0.7549606084367835,0.3093813770297852,-0.048895271420304545,0.020202704512079617,-0.07551417906758082,-0.07458106503955042,0.7341166957730945,0.31018298889962204,-0.04841522636794498,0.02031002484296751,-0.07533710803663111,-0.0010049259025164978,0.002905052391836437,-0.0024827061554191865,-0.003143069392694681,-0.0011564209736775375,-0.000756695903915272,-0.12442314715032309,0.08861974828300902,-0.008098929908421213,-0.009685214840631312,0.0015013213581182572,-0.0018558691373117206,32.16025273770915
1781506196.459766,-0.09964967455273557,0.7564719568299085,0.30926515718044023,-0.0487877356908904,0.020127059286261906,-0.07547233992678379,-0.07458106503955042,0.7341166957730945,0.31018298889962204,-0.04841522636794498,0.02031002484296751,-0.07533710803663111,-0.0008452245440326984,0.0031442570931444606,-0.0026783312536041225,-0.0016350525317900683,-0.0018771451446116451,-0.000258303333097513,-0.12270343258097036,0.09441992962197264,-0.00610115704472754,-0.005604666344748174,-0.0019297731571733285,-0.0019486839672571631,33.601120441253165
1781506196.4697304,-0.10024220344353679,0.7579724596850227,0.30915960891618777,-0.0486957861728973,0.020065164175059547,-0.07543700449932558,-0.07458106503955042,0.7341166957730945,0.31018298889962204,-0.04841522636794498,0.02031002484296751,-0.07533710803663111,-0.0007063107278353171,0.0032964432753532554,-0.002801436653903026,-0.00046038659726051396,-0.0023657783399907324,0.00012218076360272066,-0.11766620980361012,0.09546060793176177,-0.00695441059647851,-0.006321025587982309,0.0022739826673994924,-0.002494173777718369,35.05194434836241
1781506196.4797034,-0.10022989974741588,0.7580163882779278,0.30911702456867923,-0.04861803130842292,0.020015266455786218,-0.0754075076496054,-0.07458106503955042,0.7341166957730945,0.31018298889962204,-0.04841522636794498,0.02031002484296751,-0.07533710803663111,-0.0005858447715921013,0.0033768449732048548,-0.0028647653172921153,0.00043235592842712396,-0.00266713801449095,0.00040390891751742523,-0.1094679117560089,0.09259731312503197,-0.006112887011147538,-0.0038207970449970706,0.0031856691597418494,0.0006191600897883433,35.07412584301759
1781506196.489729,-0.10082559293644686,0.7594994583498315,0.3090286378123991,-0.04855304000946706,0.019975724349561963,-0.07538319156312996,-0.07458106503955042,0.7341166957730945,0.31018298889962204,-0.04841522636794498,0.02031002484296751,-0.07533710803663111,-0.0004817146880243053,0.0033986012430990854,-0.002879304382678636,0.0010894252191264364,-0.0028199306558058077,0.0006039337468893206,-0.10095130470867031,0.09326891142525622,0.0003894779115673718,0.00482623571665891,0.0008120431445889031,-0.00037971319781470353,36.52933625171073
1781506196.4997299,-0.10126798782246638,0.7610308555086799,0.30894087548344124,-0.04849939072913533,0.019945024152771218,-0.07536342186128503,-0.08054439785854622,0.7388244326644506,0.30987138645532986,-0.04867486963863283,0.020196933731553957,-0.07534240113292223,-0.0003920180383523922,0.0033730028638818475,-0.002854492243946298,0.0015519261796166479,-0.002857224482967608,0.0007372679358789973,-0.09740815815564914,0.09313234644526835,-0.003716911971823171,-0.00038191561299303934,0.002386446384320661,-0.0012725697158662696,30.388455821219406
1781506196.5097065,-0.10171158565354363,0.7625563313681875,0.3088589844669883,-0.04845570796532363,0.01992178957253543,-0.0753475990334487,-0.08054439785854622,0.7388244326644506,0.30987138645532986,-0.04867486963863283,0.020196933731553957,-0.07534240113292223,-0.00031504470953712974,0.003309713801168165,-0.002798404410019865,0.0018559833353019575,-0.0028069579648054496,0.0008169849542312319,-0.09555609205859367,0.09660327570134693,-0.0038964725194331144,0.0002610045639402633,-0.0032098996526322625,-0.001721835532515781,31.816313630260662
1781506196.519712,-0.10206653377696746,0.7640727561664802,0.30879382832230723,-0.048365881209653,0.019877095865201477,-0.07539963185444525,-0.08054439785854622,0.7388244326644506,0.30987138645532986,-0.04867486963863283,0.020196933731553957,-0.07534240113292223,0.0003336980924354153,0.003166708489227574,-0.0026253095635843477,0.0026453646903452973,-0.002960259475541363,0.00013690660559194227,-0.09832494551977462,0.10212904659553067,-0.0060124968629113925,-0.002217200696586707,-0.0035401878025837523,-0.002056567366905638,33.19399502446456
1781506196.5297062,-0.10243528604305469,0.7655854605955303,0.3087313512570418,-0.048292761865727396,0.019842216580702843,-0.07544365671874617,-0.08054439785854622,0.7388244326644506,0.30987138645532986,-0.04867486963863283,0.020196933731553957,-0.07534240113292223,0.0008502631030804272,0.0030117822521977316,-0.0024530883301987307,0.003164402902856816,-0.0029940998743369454,-0.0003764077740463825,-0.10121765909876233,0.10386714604530164,-0.00841567960656978,-0.004459744847898539,0.004012643315299127,-0.0006066910941202177,34.59282124499267
1781506196.5397499,-0.10265656878755458,0.7671338119886624,0.308665506313357,-0.04823416257496707,0.019815645015737626,-0.07548047533568462,-0.08054439785854622,0.7388244326644506,0.30987138645532986,-0.04867486963863283,0.020196933731553957,-0.07534240113292223,0.0012541739283011954,0.002849249289283922,-0.00228375062781043,0.0034666765880884943,-0.0029375040184014454,-0.0007507189400261286,-0.09561553577851713,0.10249673185645156,-0.008173948836777795,-0.0032043409449025065,0.0035667280856270596,0.0017919457721180404,35.94194218225545
1781506196.549708,-0.10259641706218567,0.7671382361916103,0.30866641502132175,-0.048188046897312584,0.019796024985926364,-0.07551088596246626,-0.0854209807974598,0.7438079236563718,0.3096819254309889,-0.04862012860263601,0.02014063164766844,-0.07542604911461469,0.001562531037671899,0.0026826693087231754,-0.0021188734273208387,0.003598263342950816,-0.0028146951850725075,-0.0010106324370811502,-0.08788657604151666,0.10110996479800725,-0.004634840833162532,0.005537353682296159,0.00014770084253047877,0.0001770082381566205,28.98845210196133
1781506196.5597649,-0.10283701980951093,0.7686945373498103,0.3085880784613412,-0.0482089964911001,0.01980748381368347,-0.0755082089813153,-0.0854209807974598,0.7438079236563718,0.3096819254309889,-0.04862012860263601,0.02014063164766844,-0.07542604911461469,0.0017926771712314174,0.002607928557114395,-0.0020747791391375497,0.0029761357443054783,-0.0023839030541865313,-0.0008650880935363341,-0.08812765714295759,0.10748235153004594,-0.00015716843334758455,0.010305705650945005,-0.004966685626346348,0.0009626741751847761,30.39504000965838
1781506196.569782,-0.10308593096272754,0.7702472232093434,0.30851288207525096,-0.048229335735223394,0.019819346778365166,-0.07550526949824826,-0.0854209807974598,0.7438079236563718,0.3096819254309889,-0.04862012860263601,0.02014063164766844,-0.07542604911461469,0.0019547172684156824,0.0025148835854944623,-0.0020130918700444252,0.0024285315975572075,-0.0019958715951456265,-0.0007323560827780758,-0.09132025699215349,0.11295973239172713,-0.007640361917507125,-0.00018601110393949393,-0.00711410173281826,0.0008681151486997312,31.81907741529833
1781506196.5797117,-0.10334206254583612,0.7717968655118786,0.3084403132242988,-0.048248660911559854,0.019831187852173526,-0.07550221386234061,-0.0854209807974598,0.7438079236563718,0.3096819254309889,-0.04862012860263601,0.02014063164766844,-0.07542604911461469,0.0020600304555125704,0.002408323451737684,-0.0019380630685391683,0.0019517547872150542,-0.0016505006367418264,-0.0006128573439831369,-0.09084143047988538,0.11620016976807244,-0.009436083115042572,-0.002108720395537695,0.004860514544150778,-0.0005171875676498423,33.25789587593795
1781506196.5897455,-0.10344164191092178,0.7733658502865455,0.3083650936858281,-0.048266697288784105,0.019842688419033916,-0.07549915488545092,-0.0854209807974598,0.7438079236563718,0.3096819254309889,-0.04862012860263601,0.02014063164766844,-0.07542604911461469,0.0021184703771545133,0.002292263933758244,-0.001853274734097203,0.0015410971960374254,-0.0013465474146671795,-0.0005065449945444453,-0.08142908031359807,0.11550982322091502,-0.005409035144623431,0.0023124827877863173,0.004215102573826894,0.0008368121867576876,34.64317103681521
1781506196.599712,-0.10354662152386895,0.7749327209282509,0.30829167653423917,-0.04828327430083692,0.019853619065596906,-0.07549617716781737,-0.08995160075129205,0.7493827189467559,0.30934232174452025,-0.04854415933395424,0.02004259686336063,-0.0753597322255324,0.00213854120657374,0.002170049157095775,-0.0017617260629216043,0.0011912213237196736,-0.0010819470700015445,-0.0004130229240336337,-0.07240388584638748,0.10874489201529926,-0.002420061554546591,0.006179158616335961,-0.001505722106958625,0.0053632349653446555,28.96085368940433
1781506196.6097238,-0.10363440620363354,0.7765393524615962,0.3081489254550507,-0.0482022699209986,0.01979736721653569,-0.07546269454242456,-0.08995160075129205,0.7493827189467559,0.30934232174452025,-0.04854415933395424,0.02004259686336063,-0.0753597322255324,0.002266792908980411,0.00232158743525167,-0.002090575211800769,0.0019383487333077451,-0.0015947166112986579,-3.2514445805916414e-05,-0.06132635020540709,0.10753770625895438,-0.004897026917306382,0.002988723100728192,-0.00518235422432353,-0.0007343486594148335,30.432320049738145
1781506196.6197505,-0.10372942802195546,0.7781385615880043,0.3080180419011603,-0.04813591980589001,0.019751516964717553,-0.07543457701920579,-0.08995160075129205,0.7493827189467559,0.30934232174452025,-0.04854415933395424,0.02004259686336063,-0.0753597322255324,0.0023410273646455476,0.0024138214264574336,-0.0023280767691040774,0.002445090407130136,-0.0019352628417419557,0.0002534769185592233,-0.05939660926711627,0.11123422202201275,-0.005287430439222606,0.0025355045278075026,-0.004938674834225681,-0.005071252407169378,31.913644846867726
1781506196.6297584,-0.10366646842790972,0.7797361391273645,0.3078934065932144,-0.04808236551918395,0.019714715729199028,-0.0754112481191616,-0.08995160075129205,0.7493827189467559,0.30934232174452025,-0.04854415933395424,0.02004259686336063,-0.0753597322255324,0.00237095759892575,0.002457278829951065,-0.0024892375464615644,0.0027578477161342868,-0.00213744702396592,0.00046082163773931154,-0.06383460732581828,0.11511696045968758,-0.01063157356055347,-0.00570280297652095,0.00039692057802949936,-0.003626116119738079,33.33957209028624
1781506196.6397521,-0.10360887317052092,0.7813282078459014,0.3077776802450216,-0.04803986441111935,0.01968570227751476,-0.07539214506629767,-0.08995160075129205,0.7493827189467559,0.30934232174452025,-0.04854415933395424,0.02004259686336063,-0.0753597322255324,0.0023649423472769907,0.0024610290489311937,-0.002587071924550486,0.0029166976620356587,-0.00223042742097875,0.0006035636424292549,-0.061983411400434965,0.11674564161316414,-0.012817282590079929,-0.007432087803441974,0.003969588522260984,-0.0028766533976468563,34.777628641993566
1781506196.6497455,-0.10355586933006226,0.7829155510981441,0.3076696229196038,-0.04800680827760238,0.019663318357926673,-0.07537673071003238,-0.09319254707195679,0.7549899142471324,0.30905627736667074,-0.048461441363730706,0.01997291698718473,-0.07544185273793842,0.0023301472439168774,0.0024328558871401125,-0.002632829908553488,0.0029558815570678394,-0.002239040401157409,0.0006939938911603717,-0.05809160259074145,0.12017414398957463,-0.0031889275378046856,0.006047804738998871,0.0035300023940570925,0.00041598765121872173,29.818827145203127
1781506196.6597104,-0.1033852950714041,0.7828790166525902,0.3077329230469266,-0.04795300975607364,0.019706892758537542,-0.0755138447932403,-0.09319254707195679,0.7549899142471324,0.30905627736667074,-0.048461441363730706,0.01997291698718473,-0.07544185273793842,0.0032741023942516774,0.001988199296374795,-0.002073208345604884,0.003249880326351722,-0.00144760591902299,-0.0008538369797562237,-0.050769777333936165,0.11816580373816424,-0.004935786314032047,0.004837543901043361,-0.0036635869941725346,-0.0001187511658104206,29.72280961514131
1781506196.6697214,-0.10320562248651811,0.7844143530944722,0.30771495521696246,-0.04791073600379936,0.019744911985252855,-0.07562844966003827,-0.09319254707195679,0.7549899142471324,0.30905627736667074,-0.048461441363730706,0.01997291698718473,-0.07544185273793842,0.003990398044347658,0.0016060484193822974,-0.0015976895244961206,0.0033811946295902043,-0.0008150038896024338,-0.0019902135435600145,-0.0518112516050022,0.11786155113329427,-0.00511099562073976,0.003750344118930788,-0.0006805349052697518,-0.00025737889398020524,31.110423106216835
1781506196.6797855,-0.10288456524379909,0.7859407546737269,0.30768685841638294,-0.04787825351180594,0.0197777271049997,-0.07572305225159348,-0.09319254707195679,0.7549899142471324,0.30905627736667074,-0.048461441363730706,0.01997291698718473,-0.07544185273793842,0.004514858566548012,0.001278917690920706,-0.0011957114328791283,0.003387023287224627,-0.00031872118464387213,-0.0027871928050363826,-0.05448960349915486,0.12521906093926385,-0.004883575127620084,0.003894090371356827,0.002606731949432724,0.0011734784162947833,32.46174745168919
1781506196.689771,-0.10258310370059513,0.7874703048721637,0.3076525837096788,-0.04785399559108239,0.01980574391397316,-0.07580007842201673,-0.09319254707195679,0.7549899142471324,0.30905627736667074,-0.048461441363730706,0.01997291698718473,-0.07544185273793842,0.004878673551029148,0.0010001007390347757,-0.0008578633350908242,0.003298672312648971,6.1840826783539e-05,-0.003308055573410127,-0.05097059200953023,0.12823418856862495,-0.004989705155626502,0.0045316803235710195,0.00625205827220567,-0.00029454929275214367,33.83975007048619
1781506196.6997635,-0.10229869165391056,0.7890027022802326,0.3076127871728736,-0.04783656341457915,0.01982939805136663,-0.07586182686350572,-0.09588525757852706,0.7610820683017127,0.3088035128799275,-0.048269974495934995,0.020028631803252095,-0.07544299378364937,0.005108916705499782,0.0007636016837623568,-0.0005757779530580768,0.003142175679067059,0.0003452827484179347,-0.0036077746046257967,-0.043059630340326095,0.12460674433428663,-0.01050380042749851,-0.002789939525197178,0.0001305872278688066,0.001551159211931095,28.67249145280564
1781506196.709721,-0.10210763829409802,0.7905822614010152,0.3074880828552237,-0.048344260799725286,0.019912354688104372,-0.07577729315747515,-0.09588525757852706,0.7610820683017127,0.3088035128799275,-0.048269974495934995,0.020028631803252095,-0.07544299378364937,0.004735113350571883,0.0009102898751198843,-0.0008596365495280856,-0.0027618847935973858,0.0011669608661499286,-0.00224879060240824,-0.03721158223406324,0.125302593155863,-0.005902914343884315,0.003351239373183059,-0.00556326451060685,0.0032815222738687448,30.17796830165241
1781506196.719745,-0.1017566489975145,0.7921283603637265,0.30736671975555957,-0.04876869760012303,0.019981184620198933,-0.07570411184915367,-0.09588525757852706,0.7610820683017127,0.3088035128799275,-0.048269974495934995,0.020028631803252095,-0.07544299378364937,0.004375035358877583,0.0010165129199322589,-0.0010766181419499341,-0.007110010301811334,0.0017506098146684661,-0.00116901163307253,-0.03342378526769016,0.1256627211488582,-0.007131565014367289,0.0025938113389749407,-0.00450075593347114,-0.0013586329917698637,31.629256432566546
1781506196.7297676,-0.10140690441115485,0.7936710743888166,0.3072505691172113,-0.04911913258407838,0.020037541599381425,-0.07564143233477758,-0.09588525757852706,0.7610820683017127,0.3088035128799275,-0.048269974495934995,0.020028631803252095,-0.07544299378364937,0.004030538274062634,0.0010889056776528364,-0.0012371632939095448,-0.01017330283955392,0.0021399514539424884,-0.00032798375405539756,-0.03199659004829062,0.12627043779138228,-0.014693925046085063,-0.008337667172723788,-0.0026102572048735655,-0.0021377608360200603,33.08993103377103
1781506196.7397788,-0.10105800961712295,0.7952108854148332,0.30713912865946247,-0.04940452860784729,0.02008300676485919,-0.07558833148575295,-0.09588525757852706,0.7610820683017127,0.3088035128799275,-0.048269974495934995,0.020028631803252095,-0.07544299378364937,0.003702914250838608,0.001133223099408875,-0.0013503685165552261,-0.012190060342357143,0.0023730598337674204,0.0003111380200297462,-0.027664602460485892,0.1267474977662955,-0.01036135621115606,-0.004917768088763819,-0.002753541034194517,-0.0024501576799729227,34.55869928146836
1781506196.749777,-0.10070963710611916,0.7967482102658257,0.3070319340403759,-0.04963338145241211,0.020119063627371148,-0.07554385685262963,-0.09772245751855851,0.7675702754984388,0.30838426023634347,-0.048255633262915563,0.019901094649679152,-0.07545098393597946,0.0033929867974940744,0.0011544408484727134,-0.001424136089790196,-0.013367478603323957,0.00248273608964896,0.0007814863129561855,-0.02324872984986684,0.1241440401868056,-0.007573991391720624,-0.004672091186676896,0.005623783339486455,-0.005043362132925258,29.361605973081932
1781506196.7596986,-0.10020380350742766,0.7982372314853359,0.30692701789259635,-0.04981360437898426,0.020147081911546127,-0.07550705982884574,-0.09772245751855851,0.7675702754984388,0.30838426023634347,-0.048255633262915563,0.019901094649679152,-0.07545098393597946,0.0031011927708650276,0.0011568459500431818,-0.0014653094668261918,-0.013883777910573717,0.002496933429210226,0.0011125054657453188,-0.02010122685524239,0.12465608668287705,-0.006135507696631143,-0.0048140714197939015,0.005061681386178566,-0.0030167919079216927,30.80166915391385
1781506196.7697277,-0.10011198394844817,0.798246275173211,0.3069293401599912,-0.04972032091586571,0.02007247798148648,-0.07555690936434822,-0.09772245751855851,0.7675702754984388,0.30838426023634347,-0.048255633262915563,0.019901094649679152,-0.07545098393597946,0.0034847449039924947,0.0011205089795990608,-0.0013365941641691947,-0.01133864423625355,0.0014381428544634075,0.0004070691611247054,-0.018571429523270778,0.13037015273177188,-0.005209149754377607,-0.005417126505154366,0.003651331539339571,-0.003051544593429305,30.80330477455849
1781506196.7797384,-0.09951690459619095,0.7997331549376581,0.3068488312760265,-0.04963145335120061,0.020008396923804295,-0.07559915394908512,-0.09772245751855851,0.7675702754984388,0.30838426023634347,-0.048255633262915563,0.019901094649679152,-0.07545098393597946,0.0037484950028143097,0.0010771406487806905,-0.001216328969682523,-0.009121290099512333,0.0006054871677128219,-0.00013266420244331504,-0.017493358369580447,0.13631948000858232,-0.002069189470926943,-0.002111965617710557,0.006177307564131286,-0.0031797445887264,32.24947125501992
1781506196.789703,-0.09893470504294416,0.8012183742753171,0.30676901051976685,-0.049548327526033935,0.01995395363356356,-0.07563454315012626,-0.09772245751855851,0.7675702754984388,0.30838426023634347,-0.048255633262915563,0.019901094649679152,-0.07545098393597946,0.003912729263324354,0.0010286772514148748,-0.0011043711772985318,-0.007210225636601084,-3.494779363169597e-05,-0.0005334601542147858,-0.01372633653296822,0.1361979839228243,-0.0054056574820689676,-0.007057115502086175,0.0037730891737510802,-0.0015797551715399445,33.7086506257049
1781506196.7997043,-0.09836366436278172,0.8027021824826729,0.3066897229044635,-0.049471779589859516,0.019908221188768227,-0.07566382629890597,-0.0986639958860156,0.7739986418991478,0.3081070774628141,-0.0485155979849418,0.02010878386095105,-0.0756189229862318,0.003994993865749717,0.0009767377518673885,-0.0010005009631977467,-0.005580965097693183,-0.0005138327303802342,-0.0008191782614288852,-0.0071186795737194514,0.13214395015287175,-0.006970368984740187,-0.010443915112838221,0.0015397623196764193,-0.0018803636425898473,28.740082376325873
1781506196.8097384,-0.09765023183251492,0.8041223815111952,0.30661023178991786,-0.04940225590039721,0.01987026672288228,-0.0756877320694874,-0.0986639958860156,0.7739986418991478,0.3081070774628141,-0.0485155979849418,0.02010878386095105,-0.0756189229862318,0.00401041305130314,0.000922665857010069,-0.0009044393808907636,-0.00420744829396552,-0.0008585689965259792,-0.001010847157235069,-0.0049549682268062506,0.12936568079228689,-0.002614624619097496,-0.00582969489817726,-4.593339979327727e-05,0.001320776273869866,30.17793817905842
1781506196.8197064,-0.09693167972727025,0.8055246622819265,0.30655173613282666,-0.049459499977240425,0.019918993959539444,-0.07566617321895379,-0.0986639958860156,0.7739986418991478,0.3081070774628141,-0.0485155979849418,0.02010878386095105,-0.0756189229862318,0.004066596586219354,0.0007756952846458874,-0.000695057636046673,-0.004377811950566994,-0.00024525529653464926,-0.0006391696664788905,-0.0048526223295352715,0.13234001121538,-0.002374513492676164,-0.005470861231316301,0.0005608917407608798,0.001997009714872395,31.611864340813526
1781506196.829714,-0.09622227893093976,0.8069286750830421,0.3064899391472123,-0.04950361531243633,0.019960231543442175,-0.07564746612416018,-0.0986639958860156,0.7739986418991478,0.3081070774628141,-0.0485155979849418,0.02010878386095105,-0.0756189229862318,0.004060171311816222,0.0006478824080698178,-0.0005181645066724098,-0.004385628144212515,0.0002209866556080035,-0.00034317830022063077,-0.003188790048727639,0.133411472936327,-0.011495955859562871,-0.015330841676122918,6.996605365938597e-06,0.0015496493795394341,33.060009127537654
1781506196.8397114,-0.096191031074739,0.8069169334211084,0.3065090414422129,-0.049536686263898434,0.019994728493428537,-0.07563140746353104,-0.0986639958860156,0.7739986418991478,0.3081070774628141,-0.0485155979849418,0.02010878386095105,-0.0756189229862318,0.004003566780932059,0.000537068334259972,-0.00036959378112041524,-0.004271438804503722,0.0005642720536433332,-0.00011200063144388566,0.0005983906876469167,0.13049130684899599,-0.015499191348296708,-0.01772615557557301,-0.000600256055864782,5.329792508504557e-06,33.04970787776698
1781506196.8497431,-0.0954961269006531,0.8083239161601248,0.3064418071689352,-0.04956057687427416,0.020023230556442284,-0.07561777249737357,-0.09889108082575215,0.7807188826427152,0.3077529193520543,-0.04903253992560187,0.020148555657006684,-0.07560008126841954,0.003907396927013184,0.00044130456976794176,-0.000245642062918284,-0.004068960319071243,0.0008060348416250489,6.428445052163344e-05,0.006360746695661917,0.12699013788908425,-0.010241858672249683,-0.00923488143883995,-0.0029370873567125767,0.0009155293789709748,27.843897047783685
1781506196.8597689,-0.09463455075748085,0.8096499859969578,0.3062732890418009,-0.04987883420723276,0.01995641740220111,-0.07555731580162448,-0.09889108082575215,0.7807188826427152,0.3077529193520543,-0.04903253992560187,0.020148555657006684,-0.07560008126841954,0.003967715306863007,0.0003553031871672602,-0.000699981270852898,-0.007112266902173741,-4.3757758421018975e-05,0.0006800471305457063,0.01124547483502824,0.1257745877684111,-0.008776038275941036,-0.005311560232947346,-0.003160395688766704,0.0006417808304127356,29.27996064496994
1781506196.8697307,-0.09378188445590953,0.8109779306910685,0.3061168746931532,-0.050140001543822484,0.019900243384374905,-0.0755070781476368,-0.09889108082575215,0.7807188826427152,0.3077529193520543,-0.04903253992560187,0.020148555657006684,-0.07560008126841954,0.003965862301172848,0.0002817615339917746,-0.0010558431156708046,-0.009197833339637125,-0.0006792894375455221,0.0011227803525643652,0.014004556743800732,0.12603369690941135,-0.011954100385639377,-0.007675126870300888,-0.0027041944369892326,-0.001999266004516816,30.73093748104811
1781506196.8797054,-0.09293683514429553,0.8123075373556424,0.30597118045528243,-0.050351243779118725,0.01985357530479903,-0.07546587554623332,-0.09889108082575215,0.7807188826427152,0.3077529193520543,-0.04903253992560187,0.020148555657006684,-0.07560008126841954,0.003914123255780856,0.0002191540645039334,-0.001328140846344049,-0.010508709346775748,-0.0011368842554498218,0.0014237551948803335,0.01503929493313406,0.1290925022785255,-0.014341078381965952,-0.010528978850890238,0.00025689708749947703,-0.004837114447317394,32.19426566492792
1781506196.8897774,-0.09209827070154038,0.8136386089318229,0.3058349438801034,-0.0505192960547778,0.019815304671837897,-0.07543257285198508,-0.09889108082575215,0.7807188826427152,0.3077529193520543,-0.04903253992560187,0.020148555657006684,-0.07560008126841954,0.0038229926232709187,0.0001661175643332491,-0.001529905260938734,-0.011203253428496861,-0.0014486297689635433,0.0016102809449019834,0.016013015159243502,0.13473607225841305,-0.005002925289751483,0.00041797798249642725,0.0014460274936519187,-0.003036017396271187,33.667926551012506
1781506196.899729,-0.09207988408736112,0.8136314758463753,0.3057919304420305,-0.05065038713215024,0.01978437172113723,-0.0754061026838045,-0.09828868443858979,0.787135740443617,0.3072770358491787,-0.04932346523348614,0.0200998183074359,-0.07568197135798935,0.0037013941998333966,0.00012143640768257712,-0.0016724908630301983,-0.01141698904225183,-0.0016425608013806044,0.0017059512695463909,0.01951691685990812,0.13142094327601528,-0.002281880779208951,0.001386351717390601,-0.0007482713469358739,0.0011952191271661055,27.253967314956867
1781506196.9097326,-0.09110134427361334,0.8148631541757648,0.30569087377586485,-0.05069668755219828,0.01974899128874541,-0.07545258361918597,-0.09828868443858979,0.787135740443617,0.3072770358491787,-0.04932346523348614,0.0200998183074359,-0.07568197135798935,0.0036331349010939483,2.4861793046400404e-06,-0.0016564970822025985,-0.010665982423354202,-0.0018233334638025447,0.000993447211799792,0.024749252557262742,0.12840434071392484,-0.0019589789812208933,0.0002086419148608209,-0.0006653694126576664,-0.0010109218958500505,28.6876844838269
1781506196.9197814,-0.09007814236180535,0.8160589262703051,0.3057117616755399,-0.05062753087628968,0.019774746154541223,-0.07548845328259589,-0.09828868443858979,0.787135740443617,0.3072770358491787,-0.04932346523348614,0.0200998183074359,-0.07568197135798935,0.0038584273102701175,-0.0003387687284433953,-0.0009015387308669721,-0.008738892631577684,-0.0013235233234481138,0.0005082278875444461,0.027116191118182902,0.1276910699556036,-0.004676058539264183,-0.0047954583917218145,-0.004449166932698762,0.0006208229943629961,30.106706276151133
1781506196.9297361,-0.08906731114771074,0.8172621157899362,0.3057186948158065,-0.05056135091443765,0.019797600597418974,-0.07551914831320927,-0.09828868443858979,0.787135740443617,0.3072770358491787,-0.04932346523348614,0.0200998183074359,-0.07568197135798935,0.003990395816067946,-0.0006084264627785231,-0.0002840550240415414,-0.007055783759830232,-0.0009127918797113957,0.00013076472872237884,0.02765385284195319,0.12537522933487424,-0.006747782464198277,-0.009918814084545053,-0.0038550840135877992,0.0007596878078506408,31.54458184305731
1781506196.93975,-0.08806718191378105,0.8184718032408183,0.3057132641383799,-0.05049921271351867,0.019817655917330645,-0.07554512607316824,-0.09828868443858979,0.787135740443617,0.3072770358491787,-0.04932346523348614,0.0200998183074359,-0.07568197135798935,0.004045774222781571,-0.0008171910712063812,0.00021524358348140485,-0.00560155243087486,-0.0005800499852880977,-0.0001556299001059228,0.026801467532512602,0.12068694123486992,-0.005606421119382521,-0.00786822133420154,0.0013284099647495448,0.0016559392807292382,32.99808066324928
1781506196.9497037,-0.08695092947184806,0.8195809101480567,0.3056991384208952,-0.05044180365841561,0.01983506465860785,-0.07556685838821892,-0.09699414330870648,0.7936354184413172,0.3069866555137717,-0.04962005656705488,0.020102806772025694,-0.07568669525033456,0.00403896645356023,-0.000974427053421727,0.0006133397459284816,-0.004358617284780596,-0.0003148533631170626,-0.00036595184486834417,0.02949683457038143,0.11483366070092613,-0.007467094539903271,-0.012229236610092044,0.0038166704235734765,0.003092274743824925,27.85125462778649
1781506196.9596996,-0.08585311830177235,0.8206785763468909,0.3055823597699937,-0.05060021851990438,0.019892609951590146,-0.07549643814975307,-0.09699414330870648,0.7936354184413172,0.3069866555137717,-0.04962005656705488,0.020102806772025694,-0.07568669525033456,0.003940426933604348,-0.0011630132819599635,0.0003656944679473511,-0.005627559199602799,0.000307860925702808,0.000473388117492692,0.03483944829748665,0.1109563669721621,-0.011246336322182972,-0.016845884958367714,0.0014906009805156712,0.0016705544036129086,29.281852302183953
1781506196.9697256,-0.08583651127050551,0.8206425642883421,0.3055517878010976,-0.05072829739733839,0.019940712505068348,-0.07543763397315548,-0.09699414330870648,0.7936354184413172,0.3069866555137717,-0.04962005656705488,0.020102806772025694,-0.07568669525033456,0.003811392842284126,-0.001299668683991353,0.00016225776721595162,-0.0064242925760783776,0.000765997185011399,0.0010893308268198855,0.0380489721230401,0.10862165411999901,-0.01482318360220276,-0.018147397498564366,-0.008082163298166054,0.005083014118996714,29.25640997893005
1781506196.9797425,-0.08474848362530912,0.8217531853630623,0.3054439797213242,-0.050830141314423316,0.019980421483080768,-0.07538914154148704,-0.09699414330870648,0.7936354184413172,0.3069866555137717,-0.04962005656705488,0.020102806772025694,-0.07568669525033456,0.0036595135207298764,-0.001392903850016197,-3.111725027238419e-06,-0.006845407374990909,0.0010882841409395072,0.0015210265926474983,0.041662409063239175,0.113642324951427,-0.006973612102706029,-0.007425622369865932,-0.0018723737224891125,-0.00042296863854435825,30.707407027422025
1781506196.9897127,-0.08366420924317726,0.8228690497581503,0.3053398417872756,-0.05090954101406846,0.020012753178231257,-0.0753497016608941,-0.09699414330870648,0.7936354184413172,0.3069866555137717,-0.04962005656705488,0.020102806772025694,-0.07568669525033456,0.003491219126898759,-0.0014501010320779261,-0.00013582648492750066,-0.006973556878844602,0.0012999648502900216,0.0018028534911277766,0.04885333351705834,0.11306580969473824,-0.010537847833034162,-0.010631299326443395,0.0018337077457906655,-0.0007504784253450148,32.171483298251225
1781506196.999717,-0.08246945072853074,0.8238707103580857,0.3052421189684636,-0.05096995101152359,0.020038671363048488,-0.0753181233577553,-0.0950815633976102,0.7992636700039961,0.3065110639816243,-0.05023120198017296,0.02007051325562048,-0.0755768033172547,0.0033118796145982588,-0.0014776431417707924,-0.00024064527163821482,-0.006878689642860391,0.0014229799470614642,0.001964672718657589,0.054502954462925406,0.11563472073127513,-0.008467825586778398,-0.008244415226191362,-0.00029059973689820175,-0.0005756117410316766,27.679993540674324
1781506197.009742,-0.08127723825247644,0.8248762595908151,0.3051472848202717,-0.05101447935889756,0.020059074004304955,-0.07529329931563085,-0.0950815633976102,0.7992636700039961,0.3065110639816243,-0.05023120198017296,0.02007051325562048,-0.0755768033172547,0.0031259457914410782,-0.0014810299690351356,-0.00032174175955196387,-0.00661932031845484,0.0014761952787275742,0.0020321436059268175,0.057957488049577933,0.11341758348505834,-0.007611971029716141,-0.006140727724167356,-0.004533866119969053,0.0003112921879546527,29.127719300630815
1781506197.0197177,-0.07999157489634967,0.8258790233621975,0.3051309047073208,-0.050950739315126475,0.02003178167437114,-0.07536058653019181,-0.0950815633976102,0.7992636700039961,0.3065110639816243,-0.05023120198017296,0.02007051325562048,-0.0755768033172547,0.0035232745816150255,-0.0015280434959160495,8.988579384180674e-05,-0.005186070395000628,0.0010550184101056626,0.0010616311059013187,0.057000974766681096,0.12120155508033503,0.0020526718025576417,0.005632013728314443,-0.000539594327229073,-0.0028071692079149222,30.62661631608273
1781506197.0297022,-0.07872142126665185,0.8268852368289588,0.30510592366678685,-0.05089238338154896,0.02000781344698277,-0.07541810708881282,-0.0950815633976102,0.7992636700039961,0.3065110639816243,-0.05023120198017296,0.02007051325562048,-0.0755768033172547,0.003797596000707653,-0.00154642283047809,0.00041919039826151036,-0.0039702257996695415,0.0007105792938947018,0.00030539675039332364,0.056923114068787396,0.11738307302668262,-0.002803959651659863,-0.0019674320739047554,0.002444506624733526,-0.00206233154771167,32.13377699112596
1781506197.0397062,-0.07736421946247568,0.8277644689983465,0.30507735754071186,-0.05083965917407555,0.019986991354369987,-0.07546673519177188,-0.0950815633976102,0.7992636700039961,0.3065110639816243,-0.05023120198017296,0.02007051325562048,-0.0755768033172547,0.00396969447381864,-0.0015415825193722654,0.0006782357257060279,-0.0029505571668125884,0.0004330621123946267,-0.00026958543017039076,0.05660592434408379,0.1134682247808654,0.0033024105315342844,0.007592799681840493,0.003653068991756084,-6.292912581692196e-05,33.58951225592489
1781506197.0497127,-0.07730875701942218,0.8277543570462722,0.3051166086726076,-0.05079259803416468,0.019969095994143427,-0.07550736925770042,-0.09224519681573018,0.8051073293221183,0.3063687682546077,-0.05026193260388871,0.02015447402134085,-0.07562022219046056,0.004057550447927905,-0.001518163431770085,0.0008775964245551406,-0.002105788045071732,0.00021328119718401703,-0.0006930222003665625,0.05881866273177422,0.10687863189107069,-0.002902414037666463,-0.0002368717459230929,0.0005568966511577183,0.0029473765983019217,27.15792705907661
1781506197.059716,-0.07602276620580711,0.8286026840689312,0.30506539066980665,-0.05073509552889296,0.020127722099545498,-0.07554248647096151,-0.09224519681573018,0.8051073293221183,0.3063687682546077,-0.05026193260388871,0.02015447402134085,-0.07562022219046056,0.0037635433329794602,-0.001710127667245246,0.0009152371703038139,-0.0012407070116546679,0.001939037998182845,-0.0009122794243816914,0.06333427630081027,0.10668181691333518,-0.004193907328863432,-0.0032250337020617585,-0.0008293424727449932,0.006634254706667404,28.58142303491758
1781506197.0697064,-0.07473829343189928,0.8294580125065201,0.30500995177856083,-0.050685577708791806,0.02025940680511429,-0.07557108759288973,-0.09224519681573018,0.8051073293221183,0.3063687682546077,-0.05026193260388871,0.02015447402134085,-0.07562022219046056,0.0034798343990370575,-0.0018425623477696493,0.0009338571661792137,-0.00055857390483989,0.003179016268559414,-0.0010515755482074108,0.06766028004279993,0.10598402495397324,-0.009721645060458264,-0.011420893854795102,-0.00221284733691189,0.004264530127761407,30.021555919929856
1781506197.079708,-0.07345497410846674,0.8303194261849299,0.30495086652498377,-0.050643396874885935,0.020367300234916952,-0.07559402514794901,-0.09224519681573018,0.8051073293221183,0.3063687682546077,-0.05026193260388871,0.02015447402134085,-0.07562022219046056,0.0032079874485884453,-0.0019255302179267118,0.0009369718804618505,-3.218824081334664e-05,0.004021074571314633,-0.0011271502026251388,0.06802587687432246,0.10129546800326632,-0.014864871428500598,-0.01655834795487195,0.0018568391850154078,-0.001217784877367337,31.475907340745984
1781506197.0897195,-0.0720861102396287,0.8310463889837392,0.3048934013115893,-0.05060786717134996,0.020454413996497722,-0.075612092607487,-0.09224519681573018,0.8051073293221183,0.3063687682546077,-0.05026193260388871,0.02015447402134085,-0.07562022219046056,0.0029491075569114383,-0.001967736173622858,0.0009275999043673014,0.0003630933441503683,0.004541934758185532,-0.0011529145241530214,0.06685703195391576,0.09648970143676604,-0.012207720372400109,-0.011932395975790369,0.0010371952524645647,0.00029163520740153165,32.88465136394843
1781506197.099704,-0.07071783453140768,0.8317779054682899,0.3048332464511344,-0.05057829287451626,0.020523573461240563,-0.07562601751457307,-0.088963679619807,0.8103448581265627,0.30593640568918706,-0.05067504356039061,0.020148102261452472,-0.07549312495810155,0.0027039175429695713,-0.0019766847664317794,0.0009083227009275133,0.0006493237610309716,0.004807874168500498,-0.0011406544267018848,0.07114812232160064,0.09424103298996538,-0.009661749984643536,-0.008872589648589392,-0.0005272254148965442,0.00142201825160195,28.169191355931535
1781506197.109722,-0.06929484037988749,0.832449139596826,0.3047415471590576,-0.05090976489481629,0.020389509713293563,-0.07561540881082872,-0.088963679619807,0.8103448581265627,0.30593640568918706,-0.05067504356039061,0.020148102261452472,-0.07549312495810155,0.002831834516866979,-0.0023557667310314307,0.0008475587335750958,-0.003042412194510685,0.002814898633255891,-0.0009748046681925691,0.07738166812772061,0.0961894570607953,-0.0069256456212085146,-0.0025335931207263905,1.1032367126531062e-05,-0.0011950469745494023,29.612331608123117
1781506197.1197553,-0.06788005662909705,0.8331331642495172,0.30465265823472465,-0.05118574792972797,0.020274215060822165,-0.07560543193969817,-0.088963679619807,0.8103448581265627,0.30593640568918706,-0.05067504356039061,0.020148102261452472,-0.07549312495810155,0.002898640610573414,-0.002630233598353699,0.0007880396222050846,-0.00572522028744394,0.0012445627563143467,-0.0008239176524107749,0.07856988453858962,0.10074903603421369,-0.003801363602777508,0.00238870917792755,-0.0024780242188908947,0.0015807704519377004,31.072078493314876
1781506197.1297266,-0.06640103473100471,0.8336803751031757,0.3045720157651352,-0.05141260071173738,0.020176139571443485,-0.07559620648465866,-0.088963679619807,0.8103448581265627,0.30593640568918706,-0.05067504356039061,0.020148102261452472,-0.07549312495810155,0.0029155420292965636,-0.0028172405003408043,0.0007302740153714578,-0.007578638451830445,3.388471955865862e-05,-0.0006883564464326027,0.08115381205664471,0.10107983984471457,-0.0043948254955156986,0.0021104892699314965,-0.0008091633121791357,-0.002247426270966228,32.48816487290175
1781506197.1397398,-0.06637586075022081,0.8336332157870068,0.30455864788244663,-0.05159643238656736,0.020093650469173774,-0.07558780064172332,-0.088963679619807,0.8103448581265627,0.30593640568918706,-0.05067504356039061,0.020148102261452472,-0.07549312495810155,0.0028921671566223316,-0.002931667322908745,0.0006746480237944936,-0.008759890753053511,-0.0008741714260199592,-0.0005679774496336234,0.08248396514313447,0.097462979406155,0.0007909660177057872,0.008744121944666677,0.004289853574151116,-0.00388209558572097,32.47237872993038
1781506197.1497223,-0.06490809371528398,0.8341984778290421,0.3044825934318501,-0.051742997889373074,0.020025097658268987,-0.07558024223327307,-0.08494325367525124,0.8153475996042348,0.30570181153336895,-0.05063625669516579,0.02019373821822734,-0.07554281941237327,0.002836755741902821,-0.002986378902284852,0.000621444495696441,-0.00940517863458883,-0.0015306251070502548,-0.00046226039166570034,0.08665321938635207,0.09178601763595447,-0.0010119436155866424,0.004252130790742847,0.0006250517723362857,-0.006557358473988392,27.5363348550068
1781506197.1597922,-0.06343594959573602,0.8347690831761312,0.30448389688148836,-0.05170393462629169,0.02004589401236645,-0.07551402456524131,-0.08494325367525124,0.8153475996042348,0.30570181153336895,-0.05063625669516579,0.02019373821822734,-0.07554281941237327,0.0028350214890453976,-0.0030015198695495073,0.0009896247450605882,-0.007966460341921411,-0.0011741375555079261,0.0003217376178798663,0.08641109398951519,0.08963330029492139,-0.0003098306485422411,0.002583088165484883,0.001616471433057766,-0.0026744245445266667,29.004162959848376
1781506197.1697233,-0.06188686028034899,0.8353674566001215,0.30448392895164045,-0.0517019843804362,0.02007583865419882,-0.07557658324939366,-0.08494325367525124,0.8153475996042348,0.30570181153336895,-0.05063625669516579,0.02019373821822734,-0.07554281941237327,0.0032823174597400528,-0.0028541147344012664,0.001337578621341574,-0.0070618220796128525,-0.0006841671005087543,-0.00037838372380313856,0.09071032048738888,0.0896708814985459,-0.006502237983905028,-0.005257931895314249,0.00401683825265246,-6.28111165386963e-05,30.55937153311769
1781506197.1797168,-0.0602985404305892,0.8358134898690665,0.3044806999530578,-0.05169385504414838,0.02010167150873743,-0.07562888490000387,-0.08494325367525124,0.8153475996042348,0.30570181153336895,-0.05063625669516579,0.02019373821822734,-0.07554281941237327,0.0035998043612557045,-0.0026996173176966187,0.0015999581722600084,-0.006190708492711913,-0.00029830153591839614,-0.0008925928597389392,0.09364266171160295,0.08938342492380813,-0.006959589433232818,-0.009091256394655628,-0.002017699889623262,0.001215730339658312,32.05784878520896
1781506197.1897283,-0.05872434375911842,0.8362613571193165,0.30446898183604815,-0.05168131813581317,0.020123716320233243,-0.07567206969296533,-0.08494325367525124,0.8153475996042348,0.30570181153336895,-0.05063625669516579,0.02019373821822734,-0.07554281941237327,0.0038090611456742425,-0.002541384046910139,0.0017903163369114646,-0.005368557936548769,-1.0053927354886018e-06,-0.0012534316485422474,0.09365620829072942,0.08326543337666574,-0.007882495708160787,-0.01222776009950713,-0.0010026251164793577,-2.088809278491757e-05,33.5609350235139
1781506197.1997108,-0.05716239453957104,0.8367107202963495,0.3044498394426404,-0.05166582170147965,0.020142319305318734,-0.07570724149439476,-0.08046294258503073,0.8197453274474766,0.30545699678958016,-0.050890692026534276,0.020311722626180195,-0.07557573939475161,0.003928782201863369,-0.0023821567089712084,0.0019204456350316163,-0.004605597752015803,0.00022178716084989995,-0.001489480096905593,0.09400227905759537,0.07796944734127843,-0.00832069342729787,-0.01382289724864618,-0.002431857414619418,0.0032262814278510095,28.84015359974453
1781506197.2097347,-0.05561102851363922,0.8371612900165809,0.30442422320014556,-0.05164853177747922,0.02015783406445326,-0.07573544674211943,-0.08046294258503073,0.8197453274474766,0.30545699678958016,-0.050890692026534276,0.020311722626180195,-0.07557573939475161,0.003975109391897073,-0.0022241489326568424,0.00200057594575822,-0.003907870854158901,0.00038265547486149006,-0.0016255675850655976,0.10029313493779066,0.07832411428275142,-0.0071472631656149385,-0.012559041749616634,-0.0060114185942608854,0.0018698625792860529,30.36445300853124
1781506197.2197692,-0.05405660043403533,0.8374295932475031,0.3043539308516236,-0.05203254892887739,0.02007718702246719,-0.07569586653208661,-0.08046294258503073,0.8197453274474766,0.30545699678958016,-0.050890692026534276,0.020311722626180195,-0.07557573939475161,0.003814016532861779,-0.0022023537575684067,0.0019016560899132932,-0.00768213678860139,-0.0005613810274805573,-0.0010623197844857892,0.10614802428611136,0.08088949408251857,-0.0055538379601219115,-0.011078116088804962,-2.3203673401607494e-05,-0.0015791609560460494,31.8000773135051
1781506197.229709,-0.05250602974499909,0.8377023201656596,0.3042860044238857,-0.05234846973287177,0.020009928766256957,-0.0756616067397887,-0.08046294258503073,0.8197453274474766,0.30545699678958016,-0.050890692026534276,0.020311722626180195,-0.07557573939475161,0.0036363680484598686,-0.002156951117842163,0.00179814997184792,-0.01029978047047394,-0.00125338030407212,-0.000611237935925377,0.108417003925098,0.07846625976489267,-0.007076227261560351,-0.010438324405546769,-0.003926003231475265,-0.0008927039661743292,33.24776362624284
1781506197.2397041,-0.052500870067538924,0.8376889361430593,0.30427186724743016,-0.05260472041293276,0.019954541822027272,-0.07563227616094335,-0.08046294258503073,0.8197453274474766,0.30545699678958016,-0.050890692026534276,0.020311722626180195,-0.07557573939475161,0.0034476801391670497,-0.002093172336851184,0.0016922736532147828,-0.011979155399001892,-0.0017375868702773777,-0.0002565407625955643,0.10459409934136742,0.07460780759326434,-0.004396966327002973,-0.003974054005660889,-0.0026843889560884604,-0.0004918074843146477,33.24537749109395
1781506197.2497165,-0.050956097865502675,0.8379686161950486,0.3042081008227126,-0.05280924781571788,0.019909564489111853,-0.07560744557656485,-0.07522621100132831,0.823673131437213,0.30513430310532846,-0.051361234058034486,0.020124933598428374,-0.07559887424819285,0.0032525209433514617,-0.002015449824920485,0.001585836161660537,-0.012909549185006204,-0.0020528414741548618,1.6233221059354245e-05,0.10633275537695915,0.07073241145211595,-0.0016804556931581207,-0.0012322544515732553,-0.0017868640329627618,-0.001646165821274376,28.182567781442646
1781506197.259706,-0.049413451529855656,0.8382510082856551,0.30414608716251745,-0.052969422085176215,0.019873616881155298,-0.07558666921420742,-0.07522621100132831,0.823673131437213,0.30513430310532846,-0.051361234058034486,0.020124933598428374,-0.07559887424819285,0.0030546396376229727,-0.0019275184832888228,0.0014802968466426957,-0.013253290072435484,-0.0022328723256764054,0.0002201610748336421,0.10972705719064546,0.06851212710363251,-0.001920544492573011,-0.001629695700628322,0.001176139297080265,-0.0016126749258167812,29.66124770959699
1781506197.269726,-0.04780023608463216,0.838321233933397,0.3041699365062659,-0.05301418974558446,0.019876569872678607,-0.07547748645792672,-0.07522621100132831,0.823673131437213,0.30513430310532846,-0.051361234058034486,0.020124933598428374,-0.07559887424819285,0.0032148862923778547,-0.002164106215482897,0.0018365377695500561,-0.012318824344944681,-0.0020201881619865136,0.0013878815531631226,0.11675766081331423,0.07059471854059955,-0.002352044737054958,-0.005045226360142661,-0.0048270681066259705,-0.0008342962766739576,31.107571583255183
1781506197.2797792,-0.046195570357550175,0.8384011605261835,0.3041838560518513,-0.05304055753643118,0.019880834082305787,-0.07538702472426488,-0.07522621100132831,0.823673131437213,0.30513430310532846,-0.051361234058034486,0.020124933598428374,-0.07559887424819285,0.0033027921309707565,-0.002326611071981709,0.0020992476199778874,-0.011281451143395765,-0.0018055918276706922,0.0022248275441518325,0.11820185006778892,0.06980429942635899,-0.003285278025016283,-0.00843520739068853,0.002767230971371616,-0.003290850790399943,32.56679730392918
1781506197.2897336,-0.04459825917799562,0.8384894589894757,0.30418903713227324,-0.05305241727461086,0.01988596342995086,-0.07531306631128674,-0.07522621100132831,0.823673131437213,0.30513430310532846,-0.051361234058034486,0.020124933598428374,-0.07559887424819285,0.0033315108482867613,-0.0024275850832778762,0.0022835444359417616,-0.010195371086190983,-0.001595422124834135,0.0027910252472446847,0.11489354538909163,0.06340050941479286,-0.0039821040255387154,-0.01125394559396358,-0.004889646325297047,0.00018115541319595245,34.0365762495017
1781506197.2997267,-0.043007257333880215,0.8385849556790043,0.30418654672786377,-0.05305308210143199,0.019891600348152183,-0.07525349776229125,-0.06943576269448565,0.8271575114609331,0.3050102009770451,-0.05162156165471414,0.02006613441563565,-0.07566033408913513,0.0033123518383592248,-0.002477884340745441,0.0024025581452439796,-0.009102527472746928,-0.0013943110272794474,0.0031388615509996423,0.1133025490851809,0.057116080830718945,-0.006356960548052195,-0.01450047340256708,-0.002696775019771475,-0.0008190494293380324,28.80504787836453
1781506197.309706,-0.041203369463632115,0.8386144701608138,0.30417521556616745,-0.05262570375629679,0.019899795457659852,-0.07523180287932116,-0.06943576269448565,0.8271575114609331,0.3050102009770451,-0.05162156165471414,0.02006613441563565,-0.07566033408913513,0.004611154821047712,-0.0019114070922458628,0.0022399836631917377,-0.0034478137684467057,-0.0011646877117711314,0.0030373534970268585,0.1126131186935187,0.054115986669434256,-0.005842736692340929,-0.014748895649564104,-0.0037198000915064414,0.000882745588504277,30.479946371814624
1781506197.3197122,-0.039645471318605525,0.8385157061909891,0.3041597105907495,-0.05242751443927322,0.019866891598304015,-0.0751566771694137,-0.06943576269448565,0.8271575114609331,0.3050102009770451,-0.05162156165471414,0.02006613441563565,-0.07566033408913513,0.004267509399150185,-0.002198040774801096,0.0021493782345906264,-0.0009240249260093437,-0.0014390517390153491,0.0035057427940496325,0.11358715651455478,0.0541389100652131,-0.0060077164999728875,-0.01679767436043903,0.0016232548896243423,0.002499965386296101,31.89346926383037
1781506197.3297303,-0.03965731256019437,0.8384632335197965,0.30417554134394215,-0.052260038455169314,0.0198403523743782,-0.0750967806483372,-0.06943576269448565,0.8271575114609331,0.3050102009770451,-0.05162156165471414,0.02006613441563565,-0.07566033408913513,0.003937566403283076,-0.002400291191318559,0.002049407824392744,0.0009922564900084513,-0.0016052674058047338,0.0037607147310423843,0.11585851194983121,0.05242121680721795,-0.00698616656211863,-0.018350068123320393,-0.002377327884978547,0.0020339119946647887,31.86333473407756
1781506197.3397307,-0.038100116918751425,0.8383835892900109,0.30415243029815364,-0.052120158601079124,0.019819312046898796,-0.07504993288981401,-0.06943576269448565,0.8271575114609331,0.3050102009770451,-0.05162156165471414,0.02006613441563565,-0.07566033408913513,0.003622804059929124,-0.002532238269204222,0.0019431861849993958,0.0024008995978630795,-0.0016858926768608413,0.003848804643735047,0.1172715164734485,0.0489662270716644,-0.003647605441235609,-0.010283553602790188,-0.004230515728516408,0.0005832499430668117,33.2968961037567
1781506197.3497455,-0.03654295251162887,0.8383116358269908,0.30412631001844503,-0.05200478405135367,0.01980297052688007,-0.07501414335082185,-0.06371974089458038,0.8297889703042458,0.3047471064510064,-0.05232228605867992,0.020044019934150725,-0.07558715030739671,0.003324216695340667,-0.002606075810853048,0.0018332921626631074,0.0033906283306212315,-0.001700174500742855,0.003809446986564782,0.11780366649007754,0.04485976318053892,-0.0018013755405476926,-0.0050760721215313605,0.0011054579525929147,0.002146975396504547,28.488577406304344
1781506197.3597062,-0.03495143244922936,0.8380529662317303,0.3041336700893532,-0.05203593618236524,0.01987825306768065,-0.07497344479624354,-0.06371974089458038,0.8297889703042458,0.3047471064510064,-0.05232228605867992,0.020044019934150725,-0.07558715030739671,0.003350251777111513,-0.0028191964586930596,0.0019474082191445244,0.002671475465061416,-0.0007169471730333347,0.003879911269504713,0.11957456992308114,0.040944163564769334,-0.001976807053437171,-0.001315894335458302,0.001883330681063241,0.001655599542670249,29.93802771837406
1781506197.3697126,-0.033366381931523956,0.8378043284696055,0.30413477609593126,-0.05206465848643525,0.01994204685346701,-0.07494280921518269,-0.06371974089458038,0.8297889703042458,0.3047471064510064,-0.05232228605867992,0.020044019934150725,-0.07558715030739671,0.003328700950020033,-0.0029545619113646726,0.002014341886081365,0.0020595275349650504,3.938766877070775e-05,0.0038264961149666165,0.12231942467841522,0.04180443118576811,-0.0008318237942362001,0.0012510484093062133,-0.0030767579454912064,0.00559354394517908,31.399798014046244
1781506197.3797321,-0.031786884148067705,0.8375643497441205,0.30413053131931084,-0.05209077502885302,0.019995485826373116,-0.07492055171967939,-0.06371974089458038,0.8297889703042458,0.3047471064510064,-0.05232228605867992,0.020044019934150725,-0.07558715030739671,0.003269222503717738,-0.0030257923631560437,0.0020425506798983474,0.001544651678882695,0.0006050139222785251,0.0036817264006107292,0.1249601528860617,0.04071360712926932,-0.001953916584712003,0.0016048949868700505,-0.003138725780217131,0.005267564853287381,32.87162956593956
1781506197.3897066,-0.03021213499803568,0.8373318204782354,0.30412172635002827,-0.05211422503821252,0.02003970314608816,-0.0749051805864926,-0.06371974089458038,0.8297889703042458,0.3047471064510064,-0.05232228605867992,0.020044019934150725,-0.07558715030739671,0.0031800504352819067,-0.00304463439595559,0.002039314751180641,0.0011165994701738534,0.0010122638708320413,0.0034724720406107716,0.12509445364113297,0.03683305414268514,-0.0017611134917383797,0.0039674187670567145,-0.00469936309281251,0.0030495419542869756,34.351788045691464
1781506197.3997662,-0.03019856449990578,0.8373050293750456,0.30413623335333634,-0.05213503575579633,0.020075800355541906,-0.07489538966199533,-0.05760135841925795,0.8318117847444855,0.3046785652400079,-0.05226617875041639,0.020006000847822447,-0.07536529928269259,0.003068171024846398,-0.0030211816647991944,0.0020108768459266824,0.0007653161924109444,0.001289698714770231,0.003220630498367662,0.12407439273679251,0.032507092444680974,-0.0013134878922954668,0.005824446829066587,-0.002004087229001544,0.005498759291581315,27.953228347240373
1781506197.4097166,-0.028660479797377427,0.8369228449553867,0.3041291958494921,-0.05215329967396118,0.02010482514253109,-0.07489004758726342,-0.05760135841925795,0.8318117847444855,0.3046785652400079,-0.05226617875041639,0.020006000847822447,-0.07536529928269259,0.002939480395618043,-0.002964073002564514,0.001962567807653991,0.00048116732374172463,0.0014622721799032172,0.002943774248583406,0.12764984215839975,0.028918494142460796,-0.0009319795761793747,0.006449196511220619,-0.002244736933117106,0.0014598549316977819,29.39386328152723
1781506197.4197087,-0.027176634154996666,0.8364867751490855,0.3041565226187314,-0.05230411749278871,0.02016493393504759,-0.07487780526143512,-0.05760135841925795,0.8318117847444855,0.3046785652400079,-0.05226617875041639,0.020006000847822447,-0.07536529928269259,0.0024756658806718975,-0.0032529560078759746,0.0021907168774802192,-0.0012206198070635556,0.0019507678520391122,0.0027900856936821897,0.12708997996760707,0.028236496554893315,-0.0010118923504430575,0.006306364884019639,-0.0008094636146268879,0.003295628586856109,30.786229232204803
1781506197.4297385,-0.025661166248718732,0.8360588942187278,0.3041807095561116,-0.052155902920296815,0.020211839987678504,-0.07490581095158405,-0.05760135841925795,0.8318117847444855,0.3046785652400079,-0.05226617875041639,0.020006000847822447,-0.07536529928269259,0.002226264495299106,-0.0034774795381941667,0.0022710489292163336,0.00053680823848907,0.0022653442067943176,0.002206983382277005,0.1270509838218983,0.02545388888192949,-0.0025501169339380994,0.0005514474419010137,0.0003409989340518499,0.00019610629141749935,32.22517145119886
1781506197.4397054,-0.02414507837856978,0.8356423358193483,0.3041972475052103,-0.052031773451520116,0.020249111064702285,-0.0749312751278896,-0.05760135841925795,0.8318117847444855,0.3046785652400079,-0.05226617875041639,0.020006000847822447,-0.07536529928269259,0.0019978427272877002,-0.0036136578037623936,0.002306760847748034,0.0018389031190106104,0.0024390212559153705,0.001709687730032933,0.12189598589310144,0.021782313646364515,-0.002650375743441753,-0.001774969225794156,-0.002352897241425269,0.0029200656495044957,33.67829363937421
1781506197.4497242,-0.022674298992943553,0.8350780365402113,0.3042162217391207,-0.0519290879230838,0.020278142737528704,-0.07495413973494512,-0.051217018295907135,0.8331583754602518,0.304586159598048,-0.05210641573484142,0.01993338102154074,-0.07516837951954095,0.0017891571685770677,-0.0036771893457425977,0.00230620041501351,0.002764188516301347,0.0025023771551519938,0.0012902928551170052,0.12166003773103964,0.018137657910269226,-0.002117656582652719,-0.001603638784977009,0.0027634564933554377,0.003108796705352886,28.6095924103988
1781506197.4597783,-0.021202889148153863,0.8345221778939798,0.3042295066648906,-0.05184528039425209,0.020300206130192233,-0.07497443198893365,-0.051217018295907135,0.8331583754602518,0.304586159598048,-0.05210641573484142,0.01993338102154074,-0.07516837951954095,0.0015989595667471415,-0.0036815970392640182,0.0022765286137560415,0.0033818143442715994,0.0024813418844474907,0.0009407436887217239,0.12383270831843471,0.015171373957475144,-0.001671688111774523,-0.0012577575362514221,0.004790744823404413,0.0018981808354370624,30.04721462783172
1781506197.4697337,-0.01980024108570136,0.8339402902519011,0.3042460241247161,-0.052029459905663024,0.02031847229595307,-0.07500812219083738,-0.051217018295907135,0.8331583754602518,0.304586159598048,-0.05210641573484142,0.01993338102154074,-0.07516837951954095,0.0009771192013304179,-0.0038414498912433277,0.0023685500847374645,0.0010093690523177638,0.0024284082008228184,0.00048114046947008923,0.1260569716552198,0.013366576602175358,-0.0014108205998645898,-0.0018883641638452009,0.0038374095192167893,0.0032336863500617608,31.428346650075692
1781506197.4797137,-0.018386884646790027,0.8333694572043678,0.30425776538206445,-0.05218530495139282,0.02033158141354674,-0.07503678857662982,-0.051217018295907135,0.8331583754602518,0.304586159598048,-0.05210641573484142,0.01993338102154074,-0.07516837951954095,0.0004655413584130786,-0.0039211003985492945,0.0024124105165674627,-0.0007958488599543972,0.0023222771785246944,0.00012358385190453007,0.12725981197366387,0.012077154491801844,-0.0009247650446162993,-0.00130081594162205,0.002410967968506548,0.0015071970906929064,32.83245457900889
1781506197.48973,-0.018445992498427145,0.8333267843018475,0.30427503913133425,-0.052315653942200294,0.020340468516260257,-0.07506090472010295,-0.051217018295907135,0.8331583754602518,0.304586159598048,-0.05210641573484142,0.01993338102154074,-0.07516837951954095,4.896151899593757e-05,-0.003935357363981314,0.002417052802964206,-0.0021266498075428394,0.002179191652003952,-0.00014772004421005744,0.12619485144733214,0.008767509610743872,2.4907032705581055e-05,0.0012405401891141933,0.0035332249006760573,0.0017788676024541197,32.77293531714599
1781506197.4997077,-0.017077025251278122,0.8326218986852901,0.30428846990569797,-0.0524233315308097,0.0203459496135856,-0.07508095039258827,-0.04496970703375225,0.8337848204139753,0.3045484827681022,-0.05211626494758077,0.020185366993690446,-0.07503302198298849,-0.0002860779841218755,-0.0038969374994217445,0.0023901529926338397,-0.003065559325416702,0.0020123335324157736,-0.00034696735589427277,0.12729098277169273,0.005062431877306947,0.0014260805117354137,0.003142362365845914,-0.00102229912348255,0.0011808006165171586,27.918124769655066
1781506197.5097063,-0.015705362708838457,0.8318938607354448,0.30432100219199915,-0.05251256559628035,0.0203458137337158,-0.07498865913350031,-0.04496970703375225,0.8337848204139753,0.3045484827681022,-0.05211626494758077,0.020185366993690446,-0.07503302198298849,-0.0005435653390317779,-0.004028407641730611,0.0024796532368810127,-0.003725563314153933,0.0017381792432749883,0.0006967752640826463,0.127091876196198,0.0008872036316951548,0.000500667343340092,0.000888582786055482,0.0029888483019702853,0.00030520866991411947,29.326256574705305
1781506197.519729,-0.014286723172574128,0.8311673786206002,0.30437550691978693,-0.05242246996778509,0.020386809596251387,-0.0749840362116825,-0.04496970703375225,0.8337848204139753,0.3045484827681022,-0.05211626494758077,0.020185366993690446,-0.07503302198298849,-0.0005137425118199022,-0.004134223281074391,0.0026464104149693194,-0.0023363536976475246,0.001992846173419845,0.0006945848148328278,0.1295160268864962,-0.0009734601615984401,0.001480625594889573,0.003308086382650773,-0.0013777359125929816,0.001643032484423834,30.79490900800202
1781506197.5297806,-0.01428737129630538,0.8311214853101163,0.3044211408742468,-0.05234455733014829,0.02041942904180627,-0.07498068490598256,-0.04496970703375225,0.8337848204139753,0.3045484827681022,-0.05211626494758077,0.020185366993690446,-0.07503302198298849,-0.00048329190753910783,-0.00416678442871806,0.0027467458934830355,-0.001231513006027306,0.0021291062413195897,0.0006739435073953856,0.1314620069893358,-0.00423545041460562,-0.0003179508453026272,0.00035597472911034995,-0.0017267017343283735,-0.0006881512788840991,30.797975520134234
1781506197.5397167,-0.014287615914346352,0.831084392798482,0.3044588232993567,-0.05227790576594041,0.020444879608849886,-0.07497837905324892,-0.04496970703375225,0.8337848204139753,0.3045484827681022,-0.05211626494758077,0.020185366993690446,-0.07503302198298849,-0.0004527231807564881,-0.004140126254322332,0.0027924884624442666,-0.0003699829772633935,0.002172919154885625,0.0006400394470305271,0.1263034901598996,-0.007410112727933835,0.0004545454485492991,0.0012942437998170392,-0.0055086321808846105,-0.0003359851030085945,30.800828943169382
1781506197.549709,-0.012867749432412088,0.8303844947354326,0.30448900574909565,-0.05222151623996227,0.02046426225282949,-0.07497692036366674,-0.038427559697202074,0.8336357500212349,0.3045851440673017,-0.052028625101054285,0.0202745015252217,-0.07503844956837298,-0.000422446965207595,-0.004066266184221352,0.002793825704505343,0.00028566007176797966,0.0021462659478909316,0.0005971237350116855,0.12497831089121,-0.01203912589607653,0.00044579252602952243,-0.00028756223462924214,0.0013758804252127967,-0.0014760424921751445,25.76594272060986
1781506197.5597224,-0.011515349782271232,0.8295163675115078,0.3045352971140283,-0.05196180512375693,0.02050299851531534,-0.07505087078755497,-0.038427559697202074,0.8336357500212349,0.3045851440673017,-0.052028625101054285,0.0202745015252217,-0.07503844956837298,-0.0003544966367562593,-0.004142070951176932,0.0027730757874981954,0.0031062315363713754,0.0023766867760006733,-0.0002520712997343091,0.12568435161402955,-0.015021837503716213,0.00018844457736057863,-0.001796895900063428,0.000593488407018228,0.000440931883430252,27.225701818052332
1781506197.5697236,-0.010181251526319565,0.8286553838522527,0.3045753606381695,-0.051865222321784275,0.020440273944177134,-0.07514375735006279,-0.038427559697202074,0.8336357500212349,0.3045851440673017,-0.052028625101054285,0.0202745015252217,-0.07503844956837298,-0.0004161002498408528,-0.0041562217433242345,0.0027547802032550847,0.0038423810307226976,0.001486122906538843,-0.0012725307545415382,0.12635254883817412,-0.016295137146627513,0.00027460138477533553,-0.003213294564778527,0.0017453914042284712,0.0002485308624456651,28.682016459396507
1781506197.5797443,-0.008846094626042154,0.8278030579525146,0.304609172062015,-0.05178748523336332,0.020386221080590294,-0.07522064801664638,-0.038427559697202074,0.8336357500212349,0.3045851440673017,-0.052028625101054285,0.0202745015252217,-0.07503844956837298,-0.0004602815638612536,-0.004114918069756973,0.0027051871371195865,0.0042887863689158095,0.0007781631916166694,-0.0020022768615668173,0.12127010283054031,-0.016479344137308744,0.00012215827256276829,-0.004688553882661813,0.0015106066038771638,0.00038444253182339845,30.151019051920894
1781506197.589761,-0.0075100100555355685,0.8269581760628396,0.3046376359912173,-0.05172599753582202,0.02034014367268,-0.07528344819453545,-0.038427559697202074,0.8336357500212349,0.3045851440673017,-0.052028625101054285,0.0202745015252217,-0.07503844956837298,-0.0004899169018290326,-0.0040296203994102985,0.0026310976872832115,0.004505874415806884,0.00022640416838613266,-0.0024942304164992674,0.11350313304154958,-0.016930075067068697,0.001877695270408169,-0.0013364679198143792,-1.4009975452343405e-05,0.001064716959561468,31.63048569365997
1781506197.599722,-0.006265598346424521,0.8259841190512596,0.30467057016824184,-0.051678368885849923,0.02030130213291126,-0.07533397135278513,-0.038427559697202074,0.8336357500212349,0.3045851440673017,-0.052028625101054285,0.0202745015252217,-0.07503844956837298,-0.0005074996109219404,-0.003910086337669696,0.002538281986835923,0.004545198637444625,-0.00019321372549760288,-0.0027945511457679027,0.11078457519342554,-0.019766352735395662,0.0005647606113052323,-0.0005344221312084473,0.004453652743258043,-0.00026362796137145505,33.05974156051914
1781506197.609711,-0.005020477174436099,0.8250154966463257,0.3046996445203415,-0.05164242873068471,0.020268944573774705,-0.07537391243217902,-0.03225696005715778,0.8328100298804708,0.30460865551105093,-0.052156926092139656,0.020398014732352143,-0.07504152106579577,-0.0005151840023598641,-0.0037645828380130615,0.002431609424318082,0.00445025264622793,-0.0005023350943205375,-0.0029430696835968844,0.11216621012160574,-0.02242174904622903,0.001224913429622811,0.0030779971568719935,0.001472429341294665,-0.002395292875230822,28.33000224424269
1781506197.619719,-0.005060336429559183,0.8249855647860532,0.3047114534526998,-0.05162896546651431,0.020275671470272538,-0.07529622952832117,-0.03225696005715778,0.8328100298804708,0.30460865551105093,-0.052156926092139656,0.020398014732352143,-0.07504152106579577,-0.0007143511763493854,-0.003733544331786242,0.002348333649862493,0.00409420218802126,-0.00041787807499758025,-0.0017712211349482096,0.11400979626766879,-0.02348196833541711,0.00102778345123465,0.003945822206997162,-0.0005254627948153804,-0.00046555560616705187,28.29998512670671
1781506197.6297343,-0.0038711943932881352,0.8240037617903196,0.3047621321950546,-0.051863539542255366,0.02030127883886368,-0.07518101160966681,-0.03225696005715778,0.8328100298804708,0.30460865551105093,-0.052156926092139656,0.020398014732352143,-0.07504152106579577,-0.0010174738738777211,-0.003712893054161221,0.0024907285568209953,0.0010608345109757071,-0.00015848194689554052,-0.00030749907134569945,0.12240403090203178,-0.026195619178647062,0.0025471991731853346,0.005213864043347531,-0.0010367506763291332,-0.0020249168558151226,29.720794153122295
1781506197.6397545,-0.0026726492555292,0.823028638313082,0.3048071762364025,-0.05206180321602268,0.02032299822744954,-0.0750838332860221,-0.03225696005715778,0.8328100298804708,0.30460865551105093,-0.052156926092139656,0.020398014732352143,-0.07504152106579577,-0.0012479202102735195,-0.0036492686379633685,0.0025734793053551067,-0.0012410024539945114,4.021518663528686e-05,0.0007976361256313361,0.12224941615510196,-0.029811228726037812,0.0029786367551631753,0.0064802555156891406,-0.002119382505554254,-0.001708139382972075,31.160014073814786
1781506197.6497064,-0.001572027544906875,0.8219340045154042,0.3048562946655203,-0.05222743413395888,0.020341205985258348,-0.0750028306321161,-0.03225696005715778,0.8328100298804708,0.30460865551105093,-0.052156926092139656,0.020398014732352143,-0.07504152106579577,-0.0014171039260601362,-0.003551952725796039,0.0026073007887959135,-0.002931720808066459,0.0001879931535078461,0.0016038435650760569,0.11662672669438535,-0.03233357239250643,0.003606148359854072,0.007625943285496253,0.0012429205444811635,-0.0026185450315308226,32.556325593865644
1781506197.659736,-0.0004642481403301805,0.8208441137490547,0.30490131464960324,-0.05236408100040715,0.020356281002631427,-0.07493616445308496,-0.02637185386678348,0.8315139057042034,0.30472335575414317,-0.05189537714351145,0.02044853122364665,-0.0751285475881045,-0.0015349639253066784,-0.003428823276615577,0.0026014146193115905,-0.004118269228316371,0.00029357359174880874,0.002164006323369801,0.11505762677876809,-0.03544724781963074,0.002423918049725619,0.005925952022366847,-0.0031626263580161787,-0.0027944739162831787,28.019282007431652
1781506197.6697044,0.000649729105494351,0.8197581938837873,0.3049428209099991,-0.05247527096560264,0.020368593630696985,-0.07488206441753573,-0.02637185386678348,0.8315139057042034,0.30472335575414317,-0.05189537714351145,0.02044853122364665,-0.0751285475881045,-0.0016101292169662486,-0.0032865315880927525,0.0025637267958540416,-0.004894581223908389,0.000364646500905214,0.00252448285287885,0.11812887346983986,-0.03935853524041093,-3.852550093055623e-05,0.0021854283537096116,-0.0010480720550701142,-0.0016540099733866834,29.46881184722246
1781506197.6797032,0.0018480739167557167,0.8186361494464498,0.3049935564980453,-0.05218569741575519,0.02035766769784675,-0.0750199929728118,-0.02637185386678348,0.8315139057042034,0.30472335575414317,-0.05189537714351145,0.02044853122364665,-0.0751285475881045,-0.0011942297858595695,-0.0033451279244717485,0.0024662873798310778,-0.0011682835173495178,0.00028491290627319734,0.0007392511595394711,0.12407913531820723,-0.042555702758384016,0.0022686150763624627,0.002217908551512531,-0.003263443312558924,-0.0005478447871192938,31.020540594649272
1781506197.6897058,0.0029202585658849194,0.8174089387211592,0.30504746522894666,-0.051941080065089226,0.020348212034919655,-0.07513666946482554,-0.02637185386678348,0.8315139057042034,0.30472335575414317,-0.05189537714351145,0.02044853122364665,-0.0751285475881045,-0.0008452247844542148,-0.00334978132280709,0.0023568152673561753,0.0016556859300491575,0.0002173698766000829,-0.0006185941707788412,0.1242637717254966,-0.046513976687081744,0.0015554962943085894,-0.0025260669537568287,-0.0012097857194204855,-0.0003806134672044882,32.51281272533201
1781506197.6997595,0.003985794715769597,0.8161888423292524,0.30509671052778925,-0.05173684293716819,0.020340111151297302,-0.07523422844926055,-0.02637185386678348,0.8315139057042034,0.30472335575414317,-0.05189537714351145,0.02044853122364665,-0.0751285475881045,-0.0005543430830020071,-0.0033110718154320076,0.002239070752037171,0.003726271155745037,0.0001608102904280928,-0.0016190463305188296,0.11830384178188097,-0.051050370015159566,0.0018745964476478828,-0.004713843962352694,-0.005003277426504743,0.002793243051262104,34.00858404425352
1781506197.7097316,0.005045469648583278,0.814974875527095,0.30514201698670723,-0.051568452049539415,0.02033324251918578,-0.0753147926167769,-0.020412292224979145,0.829419239537327,0.3047768670532843,-0.05184683755781334,0.020421557370736698,-0.07510860654910922,-0.000313806972796947,-0.0032380422203009034,0.0021161773163715547,0.005175693212223772,0.0001140288875997348,-0.0023243314662394535,0.11345819977189431,-0.05532129775162044,0.0022968185981932345,-0.004637547622140124,-0.002574781721434721,0.0020184117276050126,29.272352583025707
1781506197.7197256,0.005035265529023156,0.8149086118983064,0.30517280606520436,-0.05159693455936122,0.020374501807900902,-0.07527184482873418,-0.020412292224979145,0.829419239537327,0.3047768670532843,-0.05184683755781334,0.020421557370736698,-0.07510860654910922,-0.0003471323715241879,-0.0034677938567808375,0.0021970414634500486,0.0042901084033486435,0.00052720502286571,-0.0015792282508535409,0.11017879393689965,-0.05682047057342214,0.0015967831248611263,-0.003816834718055032,-0.0029929234381939015,0.002874422408092917,29.296642773921217
1781506197.729716,0.006051181212915214,0.8136644357299071,0.30523254748320283,-0.051624799217540686,0.02040879807942786,-0.07523425040920984,-0.020412292224979145,0.829419239537327,0.3047768670532843,-0.05184683755781334,0.020421557370736698,-0.07510860654910922,-0.0003694865873039531,-0.0036082918330320583,0.0022341182835733625,0.0035091338726667663,0.0008223595843298507,-0.0009777282948963645,0.11481499019399376,-0.060151242670400985,0.0028572638204863235,-0.000824609122023191,-0.0010264899038500111,0.002417334407979711,30.801573240057778
1781506197.7397165,0.0069386847395931615,0.8123297965164501,0.30529560058002086,-0.05165143834272075,0.02043693829906945,-0.07520169591373473,-0.020412292224979145,0.829419239537327,0.3047768670532843,-0.05184683755781334,0.020421557370736698,-0.07510860654910922,-0.00038275018135056077,-0.003675359115072592,0.0022355740122395416,0.0028279186584253043,0.001021003709645312,-0.0005002879801654036,0.11752732309838407,-0.06419496431439257,0.0024421630953175024,-1.7897592535530456e-05,-0.00240821697358077,0.0009684456533465449,32.2551404918987
1781506197.7497244,0.007827494601646764,0.8110036311576904,0.3053545355949389,-0.05167643015204959,0.0204596956026577,-0.07517380855708039,-0.020412292224979145,0.829419239537327,0.3047768670532843,-0.05184683755781334,0.020421557370736698,-0.07510860654910922,-0.00038854800512620947,-0.0036826283966695703,0.0022084156394607986,0.0022400971687769845,0.0011418971421087302,-0.00012886861303240075,0.11406220698821685,-0.06428636829177775,0.0054748172971392835,0.005425785470161328,-0.0005539906343666379,0.0005936468762547202,33.71874690657164
1781506197.7597244,0.00871743199087458,0.8096847253299536,0.3054099836634457,-0.0516995036898362,0.020477796623895816,-0.07515018129984946,-0.014558518751580651,0.8263860218198386,0.30489704404575335,-0.05192348684540114,0.020436060451021643,-0.07505520073862938,-0.0003882790446513996,-0.0036418013397582372,0.002158630758417921,0.0017383432562984675,0.0012012244868864835,0.0001529472750634835,0.11017069358862429,-0.06641991032497854,0.004963020895894899,0.003791101722547297,0.0011669943974598413,-0.0015187419008698547,28.652509392017368
1781506197.7697675,0.00956090494051993,0.8083204168064387,0.3054875269906098,-0.051578663237713804,0.02045244128908741,-0.07507308469148298,-0.014558518751580651,0.8263860218198386,0.30489704404575335,-0.05192348684540114,0.020436060451021643,-0.07505520073862938,-0.0006786226673596208,-0.003916898790476315,0.0022079084330030316,0.0028506038804168533,0.0007504046942787871,0.0009623418113227182,0.10764722577869618,-0.07088369689047086,0.00022661950985935903,6.061162365649077e-05,-0.0010226948063001846,-0.0006344059061798867,30.140692657060917
1781506197.7797117,0.01027257439490666,0.8068826555518599,0.30556623449466835,-0.05147966264603529,0.020430375345629415,-0.07500908841851736,-0.014558518751580651,0.8263860218198386,0.30489704404575335,-0.05192348684540114,0.020436060451021643,-0.07505520073862938,-0.000903103894421854,-0.004088108553458879,0.002219490785488084,0.0036059503453818123,0.00039208472727163534,0.0015424597085953369,0.1124735138157617,-0.07264995567782158,0.004989619773575836,0.007117893442977296,0.0014126352602001479,-0.0029532978361357857,31.581834944939096
1781506197.7897215,0.010991135019941393,0.8054559004897859,0.3056393294077686,-0.05139973547809254,0.020411379617279568,-0.07495665925868761,-0.014558518751580651,0.8263860218198386,0.30489704404575335,-0.05192348684540114,0.020436060451021643,-0.07505520073862938,-0.0010718681534216418,-0.004173750668313533,0.0022006655852499783,0.004073198220350174,0.00011287877533315257,0.0019349069957834834,0.11394984070110137,-0.07621782072393861,0.002882729920455482,0.004902453983285321,0.0007207969838846631,-0.004420719251448024,33.03643101628926
1781506197.7997537,0.011715684955333039,0.8040386154784479,0.3057076390568099,-0.051336286913953796,0.02039520545854101,-0.07491433183771055,-0.014558518751580651,0.8263860218198386,0.30489704404575335,-0.05192348684540114,0.020436060451021643,-0.07505520073862938,-0.0011937659118023713,-0.004189616199974658,0.002157668552453958,0.004311794478308293,-9.940797101629182e-05,0.002175995216273214,0.10844882037561529,-0.07801507473863634,0.0027926120816399893,0.004715205859867919,0.0023519396930098135,-0.005248953315234401,34.50213638155722
1781506197.8097122,0.011690071341079194,0.8040049819327814,0.3057218192070365,-0.05128692174076023,0.02038158901388165,-0.0748807317343493,-0.008970321745310428,0.8227862721910257,0.3050989951131282,-0.051659274758273546,0.020506372894537828,-0.07523065394661126,-0.0012764959333643835,-0.004149265931579127,0.002095811837497013,0.00437253935501277,-0.00025574421202094965,0.0022970748628680774,0.10251252649732728,-0.07687849777023723,0.00435754298322809,0.004234886091379382,-0.005031718002870729,-0.0030685870106479766,27.928061445444328
1781506197.8196993,0.012435741180336257,0.8025962726377402,0.3057866709611478,-0.05126695943697543,0.020435026853137472,-0.0749614355892991,-0.008970321745310428,0.8227862721910257,0.3050989951131282,-0.051659274758273546,0.020506372894537828,-0.07523065394661126,-0.0012684680417150867,-0.004068517168711636,0.002070101453137314,0.004131014091787076,0.00039995184101589826,0.0011964831982320778,0.0960162523510962,-0.07957943592788473,0.0025106195869790213,0.00044488580903457404,-0.0015558854259350424,0.0005583678788063341,29.433459022180234
1781506197.8297472,0.013035308725016407,0.8011232511136526,0.3058552215897733,-0.05125398753420758,0.020479549682077325,-0.07503039358345191,-0.008970321745310428,0.8227862721910257,0.3050989951131282,-0.051659274758273546,0.020506372894537828,-0.07523065394661126,-0.0012459506877752484,-0.003952141986207442,0.002023231559503009,0.003836974881505902,0.0008802789310908153,0.0003390856803189244,0.09699659089888242,-0.0829058433246107,0.0030115385987034347,0.00023820592935261365,0.003425896456252842,0.003548554927678986,30.888608467836
1781506197.8397195,0.013636461042959682,0.7996560947878321,0.3059209220699654,-0.05124660785422856,0.02051617393705385,-0.07508866335895424,-0.008970321745310428,0.8227862721910257,0.3050989951131282,-0.051659274758273546,0.020506372894537828,-0.07523065394661126,-0.001212086900252175,-0.0038086414622247092,0.001959969269045697,0.0035116362557395435,0.0012160641423746095,-0.000312622769180752,0.10016085827998451,-0.08876078691959569,0.0031787815398691124,0.00018952732856658525,-0.0022589776511077685,0.0007612518668070322,32.35347429043151
1781506197.8497143,0.014238961713360952,0.7981939243195452,0.30598425477349656,-0.05124361981123068,0.02054587747029868,-0.0751373298756075,-0.008970321745310428,0.8227862721910257,0.3050989951131282,-0.051659274758273546,0.020506372894537828,-0.07523065394661126,-0.001169543589044011,-0.003645183739695561,0.001884349199968422,0.003171750582431839,0.0014343606666195146,-0.0007923743655131404,0.09616903243369454,-0.08961770501467277,0.007316047991261234,0.00609995039798149,-0.0014616707184999616,-0.0007623313128306416,33.82658861255665
1781506197.859715,0.014842606102578084,0.7967359662046282,0.3060456320982607,-0.051244003728000226,0.02056958244388918,-0.0751774688805755,-0.003993593468108236,0.8185444518557285,0.30524331058862125,-0.05160872684078641,0.020529571893242116,-0.07512301398440156,-0.0011205716561951409,-0.0034677760892885237,0.001799766821047954,0.002830268251163569,0.0015586537773842337,-0.001130150936693575,0.08953391411278239,-0.08931763883421935,0.004016786487761477,0.002927576939876159,-0.0031705535397038385,0.001245715623836192,28.82804503371335
1781506197.8696988,0.015179433456522388,0.7952056598328013,0.3061328562698515,-0.05113572072345551,0.02054508802716537,-0.07505070219765736,-0.003993593468108236,0.8185444518557285,0.30524331058862125,-0.05160872684078641,0.020529571893242116,-0.07512301398440156,-0.0017768579803614057,-0.0034745352296636474,0.0018120189220541404,0.0036750077541706006,0.0010508299842315963,0.0003613715619678452,0.08515158197095882,-0.08939408257136135,0.004873055350176709,0.004757166986269958,-0.001597392529662514,0.0025736020288012165,30.21746955092463
1781506197.8797147,0.015534038827716755,0.7936812023964486,0.30621536285736817,-0.05104802873284214,0.020523497561718784,-0.07494436356549408,-0.003993593468108236,0.8185444518557285,0.30524331058862125,-0.05160872684078641,0.020529571893242116,-0.07512301398440156,-0.002281192426977917,-0.0034359353967929416,0.0017988944601919931,0.0042073408821448055,0.0006415901504453075,0.001469037379508542,0.08629147676224325,-0.09409460383308675,0.0029790903082178963,0.0031042644966389563,0.00505370419949816,0.0032230089435929636,31.62996178259641
1781506197.889704,0.0159041509096536,0.7921616931350957,0.30629385092943207,-0.05097816474662034,0.020504675974948317,-0.07485624157691706,-0.003993593468108236,0.8185444518557285,0.30524331058862125,-0.05160872684078641,0.020529571893242116,-0.07512301398440156,-0.0026571535563005033,-0.0033614116970509668,0.001765564675214321,0.004491028740758143,0.0003174130829805921,0.002258769979927334,0.0903409330708862,-0.10027273066642103,0.002938907490832537,0.0019316452009024829,-0.002473188738306504,0.0007026969484858398,33.06166698824417
1781506197.8997474,0.0158348323721472,0.7921483658225589,0.3063058586720773,-0.05092357062088616,0.02048844577455,-0.07478418067672564,-0.003993593468108236,0.8185444518557285,0.30524331058862125,-0.05160872684078641,0.020529571893242116,-0.07512301398440156,-0.0029252962237536944,-0.003258993572395416,0.001716436921519612,0.0045806510537660435,6.584062863554857e-05,0.0027886669306294437,0.08582782484242668,-0.09930599174334007,0.005622191701783954,0.005437756526403806,-0.00396203041899614,0.0007103408581209102,33.03102840667636
1781506197.9097154,0.01623003089742228,0.7906365055814898,0.30637813001677816,-0.0508819117297384,0.0204746026185898,-0.07472612617206283,0.0003604158689297643,0.8138395114901222,0.3054474517607867,-0.051429107225949316,0.020531666609169275,-0.07500025803129268,-0.00310348748481338,-0.003135480293946478,0.0016552494811969728,0.0045224143523207964,-0.00012444815755473384,0.003109371666261593,0.08028116151032304,-0.10140606502745955,0.004161577935323562,0.002910918265489909,-0.003885558306451322,-2.397817622414955e-05,28.126327992910184
1781506197.9197407,0.01650138067657082,0.7890718464430492,0.30647806551656287,-0.05084360527135256,0.02047242078231437,-0.0747762248123686,0.0003604158689297643,0.8138395114901222,0.3054474517607867,-0.051429107225949316,0.020531666609169275,-0.07500025803129268,-0.003050197002521176,-0.003068795443530304,0.0017439546331889343,0.004458089628718207,-0.00010680872505602585,0.002222601818903292,0.07605689540257585,-0.10157819147677073,0.006763915949389426,0.006193622775840756,0.006546173971204128,-0.0018016181618961034,29.580908395772887
1781506197.9297466,0.0167774133109736,0.7875121391035322,0.306572434498706,-0.05081552142920965,0.020470580428567642,-0.07482040582990135,0.0003604158689297643,0.8138395114901222,0.3054474517607867,-0.051429107225949316,0.020531666609169275,-0.07500025803129268,-0.002968767740953329,-0.0029763778817059818,0.0017930670717355025,0.004287863026732991,-9.068272556946817e-05,0.001497336316445142,0.07932654770347275,-0.11015010468965565,0.004262974857527197,0.00201628059407524,0.0005402689613115009,6.591320944868625e-05,31.04696326462335
1781506197.9397495,0.017057418038260923,0.7859566656591706,0.30666203252514623,-0.05079586578496349,0.020469046206316843,-0.07485894360819094,0.0003604158689297643,0.8138395114901222,0.3054474517607867,-0.051429107225949316,0.020531666609169275,-0.07500025803129268,-0.0028657812142636654,-0.0028644738143683694,0.0018097732384296688,0.004042947357499256,-7.612852348906331e-05,0.0009129331021756893,0.0795427840723518,-0.11082434985165697,0.006049002386837018,0.003853232906431925,-0.002514718765050247,-0.00025840591610091287,32.52257953343218
1781506197.9497406,0.017340776406135926,0.7844047924233951,0.30674755678036203,-0.05078306313881592,0.020467783268887763,-0.07489219820778534,0.0003604158689297643,0.8138395114901222,0.3054474517607867,-0.051429107225949316,0.020531666609169275,-0.07500025803129268,-0.002746794037755371,-0.0027383444417257165,0.0018002528360130637,0.0037487737520584506,-6.314772231226627e-05,0.00045006998127615353,0.07312377754642756,-0.11297784122048697,0.002082352925291856,-0.0010006785407348758,-0.0023117869637230854,0.0007059220825042187,34.00625830009209
1781506197.959739,0.017464161883882234,0.7828339827238702,0.30683463909107306,-0.05077574566098016,0.020466758106964855,-0.07492058402756353,0.00432205182805423,0.8083880373412322,0.3057144314780843,-0.05124431956840275,0.020615103918666833,-0.0750126153645217,-0.0026164696574924188,-0.0026023935631173415,0.0017697990811974028,0.003425745208458495,-5.169912761785121e-05,9.094259220261442e-05,0.06511182460624615,-0.10888947688944034,0.0050975224443159835,0.003185780849519761,-0.0053390510296309444,0.004869719536055595,28.75725350590379
1781506197.969738,0.017615105722031617,0.7811432709655252,0.30691956473990756,-0.05082438980967769,0.020459569081754614,-0.07503255740465428,0.00432205182805423,0.8083880373412322,0.3057144314780843,-0.05124431956840275,0.020615103918666833,-0.0750126153645217,-0.0023194718943825195,-0.003212346865733264,0.001728564112235875,0.002545719810925175,-6.246937712592192e-05,-0.0011435558186443998,0.06212132845395352,-0.10676016133461351,0.004792593036037031,0.0031672479324063745,-0.000452320090979531,0.0002929966007859621,30.33867042033645
1781506197.9797137,0.017764065126830188,0.7794726402621359,0.30700205642698286,-0.05086761934377848,0.02045362754040858,-0.07512569050067433,0.00432205182805423,0.8083880373412322,0.3057144314780843,-0.05124431956840275,0.020615103918666833,-0.0750126153645217,-0.002051659999781012,-0.0036612973048451977,0.0016735591237755233,0.0018166630987133535,-6.884474643600539e-05,-0.0020372210604342428,0.06133922988272981,-0.10864877020863414,0.004957865605823645,0.0038908758957326823,0.0026863872787809733,0.003731373375624954,31.913098999866904
1781506197.9897416,0.01778130909237509,0.7793824698532068,0.3070086141530366,-0.050905608716614766,0.020448784321114966,-0.07520215797694982,0.00432205182805423,0.8083880373412322,0.3057144314780843,-0.05124431956840275,0.020615103918666833,-0.0750126153645217,-0.00181067118548322,-0.00397531030974577,0.0016081969024062208,0.0012206784332524892,-7.174877247724842e-05,-0.002651049590235498,0.060861412366134925,-0.1135118131658301,0.008969611372152929,0.007650043159869314,-0.0010326364548228298,0.0049827409877397245,32.002335230506496
1781506197.999771,0.01792689062840317,0.7777445689570566,0.30708726169807465,-0.05093863204609017,0.020444897425454966,-0.07526404540411483,0.00432205182805423,0.8083880373412322,0.3057144314780843,-0.05124431956840275,0.020615103918666833,-0.0750126153645217,-0.001594268792890598,-0.004177020301582378,0.0015353483782349908,0.0007407139094182393,-7.196942749561318e-05,-0.0030384038608352476,0.059734813955101204,-0.1148508761655426,0.009046602180156356,0.006908549339653435,-0.005174406079126394,0.0010972441506351242,33.555900467851714
1781506198.0097282,0.017906723560442567,0.776115049982954,0.30716867976681805,-0.05096703062684761,0.020441834121408764,-0.07531331451348582,0.00745038566845585,0.8028242172212654,0.306017494025071,-0.051011608045584605,0.020499663271397628,-0.07484929986028221,-0.0014003457576015896,-0.004286020579179208,0.001457413115932304,0.00036081731361618785,-7.017129573659124e-05,-0.003245465752360853,0.054511688340079065,-0.11367093636631018,0.007403595383406301,0.0043964690593865235,-0.007779470735828002,0.0003144485472888622,28.706094218606022
1781506198.0197284,0.017734479160232443,0.7746092792069882,0.30726875178027674,-0.050854051327591764,0.020422599144886977,-0.07529684586960213,0.00745038566845585,0.8028242172212654,0.306017494025071,-0.051011608045584605,0.020499663271397628,-0.07484929986028221,-0.0021962098961931416,-0.0036206744458207795,0.0014948236077605224,0.0015511874851330226,-0.000281181867769881,-0.00272232456955067,0.05038412009945992,-0.1170236130144876,0.0023248007535706435,-0.002583274044437467,-0.003802661578798385,2.5976453915019727e-05,30.056795439086144
1781506198.0297043,0.017598070060842966,0.7730917144910604,0.30736040109471313,-0.050714127193553504,0.020326103357843905,-0.07525266790801957,0.00745038566845585,0.8028242172212654,0.306017494025071,-0.051011608045584605,0.020499663271397628,-0.07484929986028221,-0.002713437467869233,-0.003084674069794585,0.0014480132287346755,0.0028997419761405486,-0.0013268153949196131,-0.001997025643377879,0.051558000110481055,-0.12351981478723632,0.003831460965592752,-0.0007724710231692573,0.006622379890218566,-0.0021618565106163823,31.445200214449894
1781506198.0397615,0.017477740244573395,0.7715687440677094,0.30744874744587597,-0.050599067509558275,0.020246249010011486,-0.07521375037460809,0.00745038566845585,0.8028242172212654,0.306017494025071,-0.051011608045584605,0.020499663271397628,-0.07484929986028221,-0.0030942718682848785,-0.002615301405640119,0.001392087315317331,0.003830805713148387,-0.0020739366155964837,-0.0013989150674033857,0.05240192998935872,-0.12677472824842598,0.00716616077351296,0.0016975023568865518,0.000693197989794197,-0.0028894840439879403,32.85575943731043
1781506198.0497131,0.01741767381819644,0.7716330533776399,0.3079560906667019,-0.05050578708202043,0.020181049764669945,-0.07517983720223174,0.00745038566845585,0.8028242172212654,0.306017494025071,-0.051011608045584605,0.020499663271397628,-0.07484929986028221,-0.0033607879340868925,-0.002205363108030758,0.0013295523337282776,0.004423569163685672,-0.0025769464457685394,-0.0009124754949259622,0.049372288437221315,-0.12784751231619035,0.007045471536286954,0.00011966200460862249,-0.0023326708898926043,-0.005393227007320354,32.80234278094773
1781506198.0597794,0.017369620546557326,0.7716928347406896,0.30846134828975613,-0.05043137815330917,0.020128616146499745,-0.07515060012211552,0.01008742836971016,0.7966449720922129,0.306343480136215,-0.05092302925601774,0.02052616880903102,-0.07499191807299646,-0.0035321552808561616,-0.0018483314586893872,0.0012625041513607727,0.0047466279837554805,-0.002883286514888481,-0.00052302327022746,0.043565426557291904,-0.12785048424605025,0.003950429627612518,-0.002609851466186445,-0.003033058600570946,-0.00465446767042263,26.07920333955006
1781506198.0697856,0.017331976389003436,0.7717485303868561,0.3089648498276598,-0.05037314552219379,0.02008718294934808,-0.07512566565536889,0.01008742836971016,0.7966449720922129,0.306343480136215,-0.05092302925601774,0.02052616880903102,-0.07499191807299646,-0.0036249683922061093,-0.001538295799682884,0.0011926824611257487,0.004858761663175812,-0.003033885769446339,-0.00021690139985468168,0.03956931892830159,-0.1228794868608739,0.005860538746445649,0.00023715112775071615,0.0009982116145223385,-0.005221824511014631,26.06123298409535
1781506198.079721,0.017344265390193448,0.7717328899312825,0.30897725212734733,-0.05026577961762308,0.020239921027971786,-0.07523972454967677,0.01008742836971016,0.7966449720922129,0.306343480136215,-0.05092302925601774,0.02052616880903102,-0.07499191807299646,-0.0033076742245960475,-0.0014969837381236162,0.001254622734493585,0.005525290051751348,-0.000974578738197807,-0.0013527693637997394,0.038727135030180694,-0.12227637881649174,0.00801869604171629,0.0024964011211990322,0.004962512523866078,-0.006331413449453414,26.080841168107924
1781506198.0897064,0.01736867652093821,0.7717447199495555,0.3094865639885577,-0.050180539342019465,0.020369350950331766,-0.07533445468406033,0.01008742836971016,0.7966449720922129,0.306343480136215,-0.05092302925601774,0.02052616880903102,-0.07499191807299646,-0.003011047394454907,-0.0014448512202752885,0.0012884493790600161,0.005873440354015842,0.0005950469389749689,-0.002166852795698753,0.03700155714745208,-0.12262900290914518,0.0077358396889097925,0.002009271256204512,-0.0007402192261726329,-0.0030363823927366143,26.132701879264815
1781506198.099756,0.0173931151207916,0.7717592431040903,0.30999389661314436,-0.0501142073042972,0.020477772013279605,-0.07541211147989865,0.01008742836971016,0.7966449720922129,0.306343480136215,-0.05092302925601774,0.02052616880903102,-0.07499191807299646,-0.00273477031109133,-0.0013846929025550893,0.0012992785392719414,0.0059735145783317185,0.0017548110837064697,-0.0027175389999483783,0.0329602760897675,-0.1115213454422769,0.014893336343468748,0.011242795708074365,-0.003289185152560426,-0.002535041101924332,26.191565562796143
1781506198.1097467,0.017417416109960844,0.7717760754028171,0.3104995659982814,-0.050063855894309,0.02056748261115482,-0.07547485168527296,0.012015201724515423,0.7904617556499418,0.30676343202835676,-0.05078274716780593,0.02055135638205363,-0.0751861039389642,-0.0024783301692706287,-0.0013188539551390152,0.001291508720013497,0.00588497724363825,0.0025757377534663746,-0.0030557883433811263,0.02688393904776711,-0.10348860121484246,0.015217249035950382,0.009710438110710866,-0.004204539985905352,-0.0001417610377910923,19.806495490250768
1781506198.119806,0.017441447722206897,0.7717948721929785,0.3110038378081373,-0.05002685467568574,0.020640717445642887,-0.07552469914933507,0.012015201724515423,0.7904617556499418,0.30676343202835676,-0.05078274716780593,0.02055135638205363,-0.0751861039389642,-0.002241063948526754,-0.0012492889970283235,0.001268906590871537,0.005657545225459807,0.0031203168277257978,-0.003225600802176246,0.02325961008007987,-0.09643021963877929,0.015094485628774018,0.00938260056861648,-0.0008036087753711184,-0.000244794550294723,19.896676224950482
1781506198.1297002,0.017325023642012015,0.7719002448160711,0.31150815885281674,-0.04998187557509049,0.020577542018623163,-0.0754889958609721,0.012015201724515423,0.7904617556499418,0.30676343202835676,-0.05078274716780593,0.02055135638205363,-0.0751861039389642,-0.0029240947439547883,-0.0006605363125197611,0.0011954685731578774,0.005523020437999676,0.0020714514643834095,-0.0025187017603120216,0.023199232302408525,-0.09643851979307516,0.015470579458936191,0.008292934244476071,-0.0045878773144193774,0.0037538598374746235,19.88055144783908
1781506198.1397426,0.017228429892076912,0.7719945227087336,0.312011149010291,-0.04994906769825287,0.020522622781962818,-0.07545656100026059,0.012015201724515423,0.7904617556499418,0.30676343202835676,-0.05078274716780593,0.02055135638205363,-0.0751861039389642,-0.003435362279413899,-0.00017953179816394485,0.001121366703499769,0.005271049871490948,0.0012288843112696819,-0.0019200818980645502,0.02410110583094245,-0.09167070056698229,0.020098275994362855,0.00995061663749255,-0.0037316726547623855,0.002064641397783328,19.893591278459084
1781506198.1497343,0.01713705665743276,0.7720548838210499,0.3120137289868663,-0.049926277317947625,0.02047539292703071,-0.07542746267091939,0.012015201724515423,0.7904617556499418,0.30676343202835676,-0.05078274716780593,0.02055135638205363,-0.0751861039389642,-0.0038022646023837124,0.0002088805623674698,0.0010476708572528168,0.004937977180761024,0.0005639494206818686,-0.001418982989563453,0.023100665051820582,-0.08403091226379086,0.019228018452997864,0.005942737265319778,-0.0018498409843666066,-0.0009154426924608125,19.814437832843957
1781506198.1597338,0.017072823104209444,0.7721307176695649,0.31251461695936306,-0.049911616477076946,0.02043521730063813,-0.07540166062943575,0.013241691856742455,0.7856663797725267,0.3076003203913389,-0.05039863864591747,0.02044470915976726,-0.07513545091719694,-0.004048625383638178,0.0005180408486861158,0.0009752347569000996,0.004553253697623974,5.030693014139486e-05,-0.0010046735476646662,0.020644829866153108,-0.07437127222296408,0.020801202264516296,0.005822289555692197,0.0010141333834993696,-0.002106567591301388,14.901074657868477
1781506198.1697195,0.017021630232429103,0.7721989479665828,0.3130146980508415,-0.04990344805165781,0.02040142690992064,-0.0753790345509049,0.013241691856742455,0.7856663797725267,0.3076003203913389,-0.05039863864591747,0.02044470915976726,-0.07513545091719694,-0.004195097010196459,0.0007596623228069943,0.0009047277856711008,0.004140360336962465,-0.0003359193824120532,-0.0006667361955092224,0.01943442634472175,-0.07027173521782552,0.01652647435636547,-0.000433876951054,0.002789712853556788,-0.0027890501681826834,14.999171277489253
1781506198.1797848,0.017016922212277217,0.77233185263014,0.3134816972024503,-0.0498843092357249,0.02045007804287713,-0.07527921822816039,0.013241691856742455,0.7856663797725267,0.3076003203913389,-0.05039863864591747,0.02044470915976726,-0.07513545091719694,-0.004036624731582292,0.0013719296273575505,0.0006580043287871271,0.0038749717590490737,0.00017693303340442869,0.0005206462431845336,0.020993675420452572,-0.07035363838644473,0.0173057259328954,0.0012424576942787814,0.00258901714374665,-0.003495701092487277,15.054984939968474
1781506198.1896977,0.017016846361695766,0.7724484075496397,0.3139529796838368,-0.0498717757432218,0.020490812784996537,-0.07519573356175782,0.013241691856742455,0.7856663797725267,0.3076003203913389,-0.05039863864591747,0.02044470915976726,-0.07513545091719694,-0.003858259306879053,0.0018460576402115699,0.0004516037785445586,0.0035700567778371396,0.0005563705687998135,0.0013960525026696878,0.021096066973307938,-0.06770693651266678,0.02357048825574257,0.006404227271017529,0.0012351366114664352,-0.004765539653984178,15.143409830941039
1781506198.1997762,0.017020639684981232,0.7725506494195032,0.314428065694848,-0.04986453525350304,0.020524501256898642,-0.07512677098301708,0.013241691856742455,0.7856663797725267,0.3076003203913389,-0.05039863864591747,0.02044470915976726,-0.07513545091719694,-0.0036661842696145276,0.002203283455047814,0.0002801886797289824,0.0032438723037404842,0.0008254541675759761,0.002013745246734206,0.018688221764738208,-0.06067015256662253,0.02360682072434286,0.0034122719666553375,-0.0007270379667902288,-0.003424853339610185,15.261747452744817
1781506198.2097032,0.01702764114857738,0.772640400819086,0.3149065184910465,-0.04986145943586455,0.020551988179552172,-0.07507057707965467,0.014253605950139858,0.7822206826935822,0.30864317683016473,-0.050272472905543944,0.020567125228854843,-0.07531449913736606,-0.0034655373092039115,0.0024621369100565507,0.00013903096539890977,0.002910679838050925,0.0010044844176396962,0.0024214354926746923,0.014298200197991467,-0.05291029456235241,0.02488201276800589,0.0032819808069161037,0.0003495901275190966,-0.0016881672651127904,11.777373257136261
1781506198.2197282,0.017037279942657947,0.7727192880511861,0.31538794208232723,-0.04986158872457511,0.02057407614903828,-0.07502548852523763,0.014253605950139858,0.7822206826935822,0.30864317683016473,-0.050272472905543944,0.020567125228854843,-0.07531449913736606,-0.0032605514397455564,0.0026387397395404807,2.3951678566592064e-05,0.002581356877811,0.0011111377031614586,0.002660619469901254,0.011803865071625523,-0.04806165877812738,0.025730983429904132,0.0037372939804748767,-0.0011554000903936563,0.00020089244065776759,11.97986641636522
1781506198.2297142,0.017040856035960717,0.7728463334762412,0.3159554614184157,-0.04979681405142004,0.020516517700871262,-0.07511382100892938,0.014253605950139858,0.7822206826935822,0.30864317683016473,-0.050272472905543944,0.020567125228854843,-0.07531449913736606,-0.0031015840513133244,0.003167104274535398,0.00043851919546089856,0.003026587120234436,0.00041034773344741384,0.0013759428295169,0.011589038400990922,-0.049224525219486254,0.02899812852699549,0.004683501820475537,-0.000698224028539695,0.0017321922988754333,12.211334578543955
1781506198.239725,0.01704730605253833,0.7729569823186654,0.31651301140792265,-0.049745133704944426,0.02046766983012338,-0.07518936155455556,0.014253605950139858,0.7822206826935822,0.30864317683016473,-0.050272472905543944,0.020567125228854843,-0.07531449913736606,-0.0029346690805716305,0.0035511307110237507,0.0007657663844578531,0.0032773354673894454,-0.00012597961913937163,0.0003757235216436106,0.011120430912141372,-0.047856228525343845,0.028309197844489785,0.0027797303239008035,-0.0003883432869738184,0.0023086031322341414,12.472177082596694
1781506198.2497292,0.01704410065365619,0.7730293978827516,0.316562526111285,-0.0497046797419909,0.020426684942491224,-0.07525324932088244,0.014253605950139858,0.7822206826935822,0.30864317683016473,-0.050272472905543944,0.020567125228854843,-0.07531449913736606,-0.0027634889862843057,0.003814420392268591,0.001018768604389598,0.0033755018700710408,-0.000524395740358964,-0.0003839849880683813,0.009575664129318205,-0.04227683202746705,0.030051642958109772,0.004422135439013566,-0.00023787490330807301,0.0029450031236218375,12.449203597039403
1781506198.2597213,0.017054909612880975,0.7731135182228821,0.317103649502307,-0.04967374517696103,0.020392712878851693,-0.07530665691992836,0.014820202476281519,0.7798375263451516,0.3100836890626728,-0.050048390060223526,0.020572551017200125,-0.075229587380331,-0.002591053990928156,0.003977449700285929,0.0012089631614300624,0.0033566570223541904,-0.0008085707504581725,-0.0009426932426977971,0.008300925658325069,-0.03539565327302275,0.030598280138560835,0.004343512492244092,-0.0009748104469898195,0.0036597368326801885,9.974269185696954
1781506198.2697148,0.017067307704098974,0.7731870054989914,0.3176380791100189,-0.04965079035012878,0.02036492481641794,-0.07535074991720507,0.014820202476281519,0.7798375263451516,0.3100836890626728,-0.050048390060223526,0.020572551017200125,-0.075229587380331,-0.0024197965211613433,0.00405792692554857,0.0013463274547743864,0.0032506556790612346,-0.0009993677530573029,-0.0013355066712769773,0.008704363221891148,-0.03282138896955535,0.029756602768866797,0.00019127607445487802,-5.615475535181922e-05,0.0030657655135641194,10.31250301418316
1781506198.2797039,0.017080980279912495,0.7732513430171204,0.3181666848193681,-0.0496344431270062,0.02034253058558,-0.07538665667644685,0.014820202476281519,0.7798375263451516,0.3100836890626728,-0.050048390060223526,0.020572551017200125,-0.075229587380331,-0.0022516543433556313,0.004071113826934359,0.0014395404857115732,0.0030822526485243125,-0.00111497536993255,-0.0015932692703686253,0.009787440298897701,-0.03363845472209218,0.03269559874740507,0.0019767880231048272,0.0005934013886123217,0.0021234028073837626,10.668821280281183
1781506198.2897077,0.017037222742932907,0.7733643951529807,0.3186689836287229,-0.04964407109913751,0.020322822980107125,-0.07543513313531242,0.014820202476281519,0.7798375263451516,0.3100836890626728,-0.050048390060223526,0.020572551017200125,-0.075229587380331,-0.0024630364234853297,0.004399967660432923,0.001358853175336312,0.0026514376086340667,-0.0011819052397440447,-0.0019584617658062677,0.01096670713855393,-0.03305105484713152,0.033134337006686575,0.003116530335078831,0.0006269521342697334,4.408414161603984e-05,10.97833726388691
1781506198.2997522,0.017002754239212516,0.7734625448006663,0.3191700130959716,-0.04965456751188761,0.020307419555434247,-0.07547416305864509,0.014820202476281519,0.7798375263451516,0.3100836890626728,-0.050048390060223526,0.020572551017200125,-0.075229587380331,-0.0026015191099554333,0.004608210631211466,0.0012768615193494144,0.002256064315645369,-0.0011997083420884859,-0.0021784771064384525,0.009991715286794236,-0.028194372624000784,0.03449960460489151,0.0045998364429156325,-0.00024087000216247307,-0.000200165663964895,11.312170716909451
1781506198.3096972,0.016976333811279908,0.7735477964423003,0.3196700015322816,-0.04966542750453454,0.020295662879762366,-0.07550504673045408,0.015307617834608045,0.7782590559184279,0.31169356006232857,-0.04991786543785113,0.02058591498588247,-0.07517113833419849,-0.0026797254041131553,0.004716991789614912,0.0011948616872571479,0.0018980690481555438,-0.0011802134025443462,-0.0022836943552397384,0.009492308399567637,-0.024135354739378806,0.03510496135616825,0.007165961204492229,-0.0006930732906855753,-0.0019399501578759547,9.412980260565108
1781506198.3197644,0.016956862686091156,0.7736219193074231,0.32016914654264805,-0.04967626278819179,0.020286960531412213,-0.07552898138773056,0.015307617834608045,0.7782590559184279,0.31169356006232857,-0.04991786543785113,0.02058591498588247,-0.07517113833419849,-0.002708552475637483,0.004744549307614168,0.0011138943127397484,0.0015778793847686383,-0.0011333046597838481,-0.0023000176885800785,0.009035961355973739,-0.021721963551344665,0.03371606975362308,0.0028010708450067713,-0.001045720728892246,-0.003040371301717688,9.800949480261568
1781506198.3297956,0.01699730185039208,0.773691677581868,0.3202039878715863,-0.049694434741117385,0.020298039701485804,-0.07552700896197122,0.015307617834608045,0.7782590559184279,0.31169356006232857,-0.04991786543785113,0.02058591498588247,-0.07517113833419849,-0.0022754946433916835,0.004886022993948781,0.0012705136936218089,0.001206782723846689,-0.0008898780574365114,-0.00202141452543797,0.008979148765648308,-0.023272816768284424,0.03505843486772128,-0.0010757349495386216,-0.0009520008705072054,-0.00356453116835504,9.805271971702828
1781506198.3396974,0.017045249014034626,0.7737729527233107,0.3207324131243484,-0.04971079018922158,0.020308266593212387,-0.07552353653682146,0.015307617834608045,0.7782590559184279,0.31169356006232857,-0.04991786543785113,0.02058591498588247,-0.07517113833419849,-0.0018990146145833984,0.004937683398670567,0.0013801448292161604,0.00089569873848897,-0.0006831299255726413,-0.0017573348660347783,0.007890518377850778,-0.02250248350124359,0.0380863468379571,0.0022316321858935765,-0.0001052899901195234,-0.00372599355775088,10.239401773040353
1781506198.3497221,0.017089153801744663,0.7738434783975763,0.32125590238449436,-0.049725336856388615,0.020317575031677304,-0.07551903526599768,0.015307617834608045,0.7782590559184279,0.31169356006232857,-0.04991786543785113,0.02058591498588247,-0.07517113833419849,-0.0015727241116337764,0.004916589522393104,0.0014506659252062275,0.0006380956608504212,-0.0005095225983491639,-0.0015113657894456907,0.005801298003486857,-0.019152490757695366,0.037208279973798115,0.0023841328651118578,-0.000962177771004811,-0.0023880859413279274,10.682208850754364
1781506198.3597708,0.017129408173366147,0.7739047773155108,0.32177512769966865,-0.049738130052705345,0.020325940555000255,-0.07551388632608753,0.015706157743122617,0.7771655058724748,0.3135411910401678,-0.049788182198656106,0.020554355668101154,-0.07531703465639883,-0.0012908588445582315,0.004837357743430275,0.001488896957517448,0.00042761548315983794,-0.00036549836610329884,-0.0012856992277486125,0.004303992795509752,-0.016033218099816674,0.03585831329806154,0.0013710925271765643,-0.0014637461789689917,-0.0008518291055530346,8.969710442487031
1781506198.3697355,0.017166373071489056,0.7739581894672849,0.3222906816895964,-0.04974925922652633,0.02033337062981766,-0.0755083930453281,0.015706157743122617,0.7771655058724748,0.3135411910401678,-0.049788182198656106,0.020554355668101154,-0.07531703465639883,-0.0010482284832673198,0.004712458364137911,0.0015007219676166866,0.00025820444059882635,-0.0002475818607868876,-0.0010814217796990167,0.004404628215892659,-0.014160101164438508,0.037504867900122016,0.0038918566210593636,-0.002536863896385723,-0.0005969442057686456,9.43253380341862
1781506198.3797066,0.017112056976639273,0.7740278589112476,0.3228056602568676,-0.049727835129204895,0.02027159980066595,-0.07545161653749519,0.015706157743122617,0.7771655058724748,0.3135411910401678,-0.049788182198656106,0.020554355668101154,-0.07531703465639883,-0.0014037874372898466,0.0046823808817638415,0.001481184299692083,0.0004514241345612858,-0.000924851339024441,-0.0003779521543303522,0.005028842214437041,-0.015026645036967339,0.03844705953970865,-0.00037911828909812024,0.00022809106703879534,-0.0011162175229940455,9.88189106271055
1781506198.3897374,0.017067897924620806,0.7740884163100386,0.32331747824959167,-0.04971022616695049,0.020220509790958685,-0.07540355905675124,0.015706157743122617,0.7771655058724748,0.3135411910401678,-0.049788182198656106,0.020554355668101154,-0.07531703465639883,-0.0016714332075174075,0.004598904966299224,0.0014467318753928868,0.0005838437847691526,-0.0014069892208625158,0.0001594798296796939,0.005973726631276257,-0.014912851867675323,0.03845209448135196,-0.0016878930751430838,0.0005655000771674709,-0.0018911178504060775,10.33917830866193
1781506198.399762,0.017020690756203643,0.7741171743596047,0.32332730811592914,-0.049695957273726714,0.02017882119613046,-0.0753633496679301,0.015706157743122617,0.7771655058724748,0.3135411910401678,-0.049788182198656106,0.020554355668101154,-0.07531703465639883,-0.0018651132903751066,0.004473619946971612,0.0014007428322978144,0.0006670824861165114,-0.001729724555080779,0.0005577943432718236,0.005934843682687708,-0.013098857344402871,0.039548743518152046,0.0030943252202679057,-0.0003787058709137263,-0.0016933046983851241,10.333847757507565
1781506198.4097195,0.01699314236102957,0.7741633175001598,0.32383411388238625,-0.049684581174046755,0.020145318023623515,-0.07533012104424375,0.015706157743122617,0.7771655058724748,0.3135411910401678,-0.049788182198656106,0.020554355668101154,-0.07531703465639883,-0.0019969615818991445,0.004316359189937951,0.0013460752292346531,0.0007111924625801625,-0.0019241910967028337,0.0008409698120961757,0.005952564252609558,-0.012113150719923195,0.036779197780140126,-0.0013777764430678108,-0.00016230080279201913,-0.001431972312698846,10.798783499332453
1781506198.4197812,0.016972294419638056,0.7742038531558867,0.32433897098839815,-0.049675683647527724,0.020118865082315418,-0.07530303229365252,0.0159787523429048,0.7764403490567938,0.3154749257799313,-0.04975149594353487,0.020530421881623795,-0.07538501498210964,-0.0020775023196409727,0.004135421822611903,0.0012851334052653676,0.0007247767244950374,-0.0020172273100094507,0.0010301241491998817,0.0057639570017138245,-0.011400161869977343,0.035114940141612344,-0.0040123511573182296,-8.606855453944277e-05,-0.0011024845049663241,9.195669482466071
1781506198.4297066,0.017021624178030676,0.7742608291635174,0.32482790863777844,-0.04950828937495917,0.020146371518498407,-0.07529880431569021,0.0159787523429048,0.7764403490567938,0.3154749257799313,-0.04975149594353487,0.020530421881623795,-0.07538501498210964,-0.0017047549143279464,0.004095660292442809,0.0011459983467230139,0.0024721337870731203,-0.0014991262621685784,0.0009786223115401714,0.005519587109210795,-0.012484058916514964,0.035301581477666,-0.008691027832386148,-0.0006773811964510053,-2.254837703323081e-05,9.660029863766937
1781506198.4397767,0.017066599662182783,0.7743107181069733,0.32531763555565824,-0.04936978499384249,0.020170836282737303,-0.07529621186930183,0.0159787523429048,0.7764403490567938,0.3154749257799313,-0.04975149594353487,0.020530421881623795,-0.07538501498210964,-0.0013839223289563852,0.004011844629005687,0.001019783494488222,0.003713701748659032,-0.001069902431281099,0.0009132315606888519,0.005910968398982892,-0.012395579773423687,0.03944876387555017,-0.0033308678267652487,-0.0009963151533287835,-0.00038687280650247425,10.129051066199853
1781506198.449696,0.01710766010940063,0.774354607606763,0.32580812831169464,-0.04925671815357531,0.020192352797368418,-0.0752949160598167,0.0159787523429048,0.7764403490567938,0.3154749257799313,-0.04975149594353487,0.020530421881623795,-0.07538501498210964,-0.001108830841871222,0.0038937255196839927,0.0009055399073345229,0.004542313580877285,-0.000719018586514448,0.0008392279049159571,0.005486948056933977,-0.011398572186222906,0.04030853379430527,-0.0018872188948295817,-0.0022847350873502403,3.7522077351173404e-05,10.601878357351193
1781506198.4597363,0.017145207681876613,0.7743934438912693,0.32629935623006234,-0.049165805809852116,0.020211071626010435,-0.07529462747834643,0.0159787523429048,0.7764403490567938,0.3154749257799313,-0.04975149594353487,0.020530421881623795,-0.07538501498210964,-0.0008739447689173168,0.0037495652140173254,0.0008023541126381263,0.005038829722811488,-0.00043643559086830425,0.0007607993184787188,0.003879690566620554,-0.008949680770191504,0.03905473968227647,-0.00036617686211963833,-0.001947732003166118,0.0007886454950550711,11.0778487705958
1781506198.4697044,0.017167691850002192,0.7744043399972207,0.3262919881027734,-0.04909398164357601,0.02022718206173968,-0.07529510168802618,0.016258352753128036,0.7758518537955239,0.31740768659236457,-0.04992892666933105,0.020453906569890323,-0.07540214347209978,-0.0006743107680537977,0.0035863263925147715,0.0007093526856429096,0.005272926601541455,-0.00021276220273064802,0.0006812041425786296,0.0029742122718857886,-0.006687268272838835,0.04102492503536964,0.0037642672582934304,-0.003347016145547959,0.0017716593809112896,9.047265173367826
1781506198.4797184,0.017138360794747263,0.7744091144449161,0.3263176785352899,-0.04915413921866581,0.020245611996760005,-0.07527572212460447,0.016258352753128036,0.7758518537955239,0.31740768659236457,-0.04992892666933105,0.020453906569890323,-0.07540214347209978,-0.000822098997088341,0.003373070440627075,0.0008362716274853163,0.004036229386532331,9.512327733756461e-07,0.0008279812899264054,0.002510786966066331,-0.005849258969351167,0.04316553625354219,0.0048080702049487474,-0.003175782002450242,0.0025139904068894547,9.06884046668048
1781506198.4897146,0.017125583254937512,0.7744350934391535,0.3268385681081639,-0.049208458238716155,0.0202610770040641,-0.07526018293869402,0.016258352753128036,0.7758518537955239,0.31740768659236457,-0.04992892666933105,0.020453906569890323,-0.07540214347209978,-0.0009303225905856646,0.0031591340604436437,0.0009275623358953434,0.0029991321781758836,0.0001610594786689056,0.0009152890880307591,0.003163093905390318,-0.0066220784513739955,0.04425449684232523,0.005184039746816295,-0.0031941724484494654,0.0017860852260896,9.576054762567795
1781506198.4997423,0.01711683807869273,0.7744590282972798,0.32735590008133303,-0.04925691584736441,0.020273896878820308,-0.0752479463824507,0.016258352753128036,0.7758518537955239,0.31740768659236457,-0.04992892666933105,0.020453906569890323,-0.07540214347209978,-0.0010054134540685713,0.0029473622418537126,0.000989094909065368,0.002139976495909559,0.0002766190566816015,0.0009556494786250137,0.0031707061053599414,-0.0072325368465689915,0.04180069617870792,0.0015098721471576385,-0.0018628761868799823,0.0017215095256125077,10.081860520006366
1781506198.5097408,0.017111590278940825,0.7744813151346891,0.3278701506235839,-0.04929965534171541,0.02028438369389729,-0.07523851916534131,0.016258352753128036,0.7758518537955239,0.31740768659236457,-0.04992892666933105,0.020453906569890323,-0.07540214347209978,-0.0010529547739414526,0.0027400114391661697,0.001025958770015796,0.0014376636715445405,0.00035563551065852136,0.0009597296031773247,0.0033905390100021854,-0.005458003125149912,0.040056462854182864,0.004352885084156598,-0.0005674454988132062,0.0007971957552789674,10.58629038430629
1781506198.5197191,0.017109366437501876,0.7745022942645117,0.3283817399438854,-0.04933694059360376,0.0202928351872671,-0.07523145480964043,0.01641490123407191,0.7755239943355325,0.3195262563992305,-0.049711865881289036,0.020341394191358164,-0.0753137063851235,-0.0010777776630456941,0.0025388370545598063,0.0010425521485407628,0.0008720920031104802,0.0004051076932848056,0.000936514926395025,0.003314084673646933,-0.004216493110221975,0.03738577026133002,0.002915485816751204,0.00034497529910111884,0.0006520150763011175,8.941238267910844
1781506198.5297172,0.01710082786443793,0.7745322033784404,0.3288610894320253,-0.04940643385382871,0.02029400195404718,-0.0752036955660159,0.01641490123407191,0.7755239943355325,0.3195262563992305,-0.049711865881289036,0.020341394191358164,-0.0753137063851235,-0.0011416061530549575,0.0023958375650125945,0.0008483270188214193,1.2074821326245018e-05,0.00035854861766972893,0.0011375194927258736,0.003748353784485363,-0.0034544633674611575,0.03797317431627451,0.0039255206263285915,0.0010812571491806337,-0.0002132378712047736,9.412398865059435
1781506198.5397503,0.017083859313396517,0.7745359901790343,0.32884354117237924,-0.049464915810147114,0.0202946047361221,-0.07518137495780182,0.01641490123407191,0.7755239943355325,0.3195262563992305,-0.049711865881289036,0.020341394191358164,-0.0753137063851235,-0.0011783806420876254,0.0022506837193727244,0.0006816591344472864,-0.000632637868805209,0.0003138527031064682,0.0012569872346668875,0.003854190530065162,-0.004261612535346325,0.03965680774385741,0.0025912795812814077,0.0007852796559415966,0.00016233943851474912,9.393372805819057
1781506198.549698,0.01708190183966788,0.7745617949773718,0.3293274181052941,-0.04951354656243276,0.020294768001547947,-0.07516374024283169,0.01641490123407191,0.7755239943355325,0.3195262563992305,-0.049711865881289036,0.020341394191358164,-0.0753137063851235,-0.0011929709353527553,0.002105639661109889,0.0005392253181176818,-0.0010983825455482593,0.00027177531969683116,0.0013120923312174456,0.0037786068442947018,-0.004742336039776686,0.040456877963113085,0.0012586737705373302,0.000313647793748477,0.0004317869852349318,9.870840298633036
1781506198.5597627,0.017082569146980815,0.7745860884525071,0.3298132058039057,-0.04955346498555291,0.02029459714948567,-0.0751500991717927,0.01641490123407191,0.7755239943355325,0.3195262563992305,-0.049711865881289036,0.020341394191358164,-0.0753137063851235,-0.0011895674780156168,0.0019625215926973344,0.00041805074206605666,-0.0014172837716772946,0.00023281099527560018,0.0013174645208262202,0.0032582809723083295,-0.0044857859932293485,0.03944601177247831,0.001850044059530908,0.00012622930037527018,0.0006820376923109747,10.35117268437204
1781506198.5697477,0.017085486416607374,0.7746091593731693,0.330300697492166,-0.04958576287820371,0.020294180385893812,-0.07513982376394567,0.016597182051085846,0.7753089892074543,0.3214874647029544,-0.04959623348468713,0.02037331746619686,-0.07529379935879862,-0.001171762246042374,0.0018227631084730244,0.000315477918267813,-0.0016174309200638925,0.000197245222924955,0.0012854266411943926,0.002639426551683245,-0.004112625547035142,0.03769150286586313,0.0013300746689994915,-0.0011168691151981506,0.001263591208713166,8.85444945477566
1781506198.5797122,0.017100383587218864,0.7746369652566085,0.3307827543598779,-0.049498079294582664,0.020338176178944956,-0.07527908957842486,0.016597182051085846,0.7753089892074543,0.3214874647029544,-0.04959623348468713,0.02037331746619686,-0.07529379935879862,-0.001079056680202039,0.001796288386493527,0.0002010477966667112,-0.00045279700662167045,0.0007308467361177913,-0.0003493048070916558,0.0012600797475720226,-0.0033071246525112,0.03722301812250607,-0.0008561318219473605,-0.0020916804631046833,0.003180885124253527,9.333125831284283
1781506198.5897324,0.01711548221519634,0.7746633328094334,0.33126723394036744,-0.049423911063056436,0.020374535994649,-0.0753958674859256,0.016597182051085846,0.7753089892074543,0.3214874647029544,-0.04959623348468713,0.02037331746619686,-0.07529379935879862,-0.0009909623970781414,0.0017522743927147356,0.00010663888748610387,0.00043222175653408244,0.0011106552864428524,-0.0015645881288541279,0.0015182088388740788,-0.003372839047250806,0.03915392948785799,-0.0022822773415458303,-0.0024148323996801427,0.002732541210543522,9.814753872689442
1781506198.5997717,0.017130700974046675,0.7746885559010396,0.3317538533140742,-0.04936189868606233,0.0204041772372201,-0.07549260012698028,0.016597182051085846,0.7753089892074543,0.3214874647029544,-0.04959623348468713,0.02037331746619686,-0.07529379935879862,-0.0009076861719330558,0.0016947380444125599,2.9498726856429802e-05,0.0010835080423096028,0.0013648345099668562,-0.0024323285964187044,0.0012043751960159694,-0.003970013689885599,0.03990999993637043,-0.006575229766956247,-0.0017541976859592938,0.003023885917589969,10.298947278406464
1781506198.6097682,0.017133940811931633,0.7746890682130764,0.33174306726898933,-0.04931069100646013,0.020427971585635474,-0.07557166623111494,0.016597182051085846,0.7753089892074543,0.3214874647029544,-0.04959623348468713,0.02037331746619686,-0.07529379935879862,-0.0008293329487093106,0.0016270753568941288,-3.280110189824192e-05,0.0015418383176780208,0.0015179255533758537,-0.0030159153352224653,0.0008255831893450333,-0.0038471685275559848,0.04033881936952681,-0.001906386982485477,-0.0004301677007385979,0.002331781879752614,10.288333003897042
1781506198.6197062,0.01714920348807541,0.7747126948374483,0.33223321843209574,-0.04926898007339171,0.020446732554491254,-0.07563533155127448,0.016679290550295267,0.7751221456963131,0.32346365563515167,-0.04966013430682727,0.0202883087478285,-0.07517384001200748,-0.0007559245941534752,0.0015521408710732045,-8.239810856172564e-05,0.0018430469181054824,0.0015910835279517206,-0.003370621539006758,0.0009169738479481763,-0.0030451813371018344,0.03824941680320161,-0.0018053705790570978,-0.0007750529612496448,0.0019075030777544303,8.79168356030083
1781506198.6297092,0.017113100549123243,0.7747313417207947,0.33277330982182024,-0.04929809249377884,0.020328057529389376,-0.07556126186660568,0.016679290550295267,0.7751221456963131,0.32346365563515167,-0.04966013430682727,0.0202883087478285,-0.07517384001200748,-0.0010024813320228512,0.001385290831578872,0.0001391546270658271,0.0013077386659402835,8.350420012692402e-05,-0.0022589925808772114,0.0013418428629720155,-0.001127170229523223,0.03837298138517828,0.0011993108901452558,-7.094424132653908e-06,0.0004037830549094773,9.327946180039834
1781506198.639716,0.017072396091004128,0.7747262343730178,0.3328081139694326,-0.049323742769873,0.020228269052970704,-0.07549688348380676,0.016679290550295267,0.7751221456963131,0.32346365563515167,-0.04966013430682727,0.0202883087478285,-0.07517384001200748,-0.0011877080053871486,0.0012337950579602692,0.0003152479846728816,0.0008708663871997003,-0.0010483586865189833,-0.001364244701230562,0.0015234887480911688,-0.000654197343771358,0.0414002843341888,0.0033871932055591207,0.0008241387003758149,-0.0010200977537825181,9.361099257200614
1781506198.6497815,0.017038188329733573,0.7747211836578347,0.33283763448238135,-0.0493460960580272,0.020145362899321784,-0.0754415292117468,0.016679290550295267,0.7751221456963131,0.32346365563515167,-0.04966013430682727,0.0202883087478285,-0.07517384001200748,-0.0013213535395004054,0.0010965448820389437,0.000452616492434869,0.0005197041194784745,-0.0018677280382431167,-0.0006564919593487098,0.0017738622177966696,-0.0017300524528430685,0.04053258536769072,0.000859398367371718,0.001582346348299502,-0.0022711283503947027,9.38941199440604
1781506198.6597738,0.01700963485909776,0.7747162185100985,0.33286252053739407,-0.04936536645307586,0.02007737527239306,-0.07539445204240845,0.016679290550295267,0.7751221456963131,0.32346365563515167,-0.04966013430682727,0.0202883087478285,-0.07517384001200748,-0.001411897695230557,0.0009724697885790808,0.0005571571319333077,0.00024237139340189593,-0.002430528380595668,-0.00010822281087234393,0.002118698372588997,-0.0012708741090161043,0.0390792278999884,0.003236730612287098,0.0017738652253593684,-0.0038278359824701793,9.413424759006165
1781506198.6697593,0.016985985650256972,0.7747113669476738,0.33288335885448717,-0.04938179887697528,0.02002242643071117,-0.07535486561588628,0.016751321632317073,0.7750375746417371,0.3254390444897823,-0.0496169378220725,0.020323221674344083,-0.07520681385903678,-0.0014666939351699864,0.0008605434550175414,0.0006340198040860726,2.7946244490919663e-05,-0.0027856850157241607,0.0003055420531326593,0.0018520234629528785,-0.0013638224598521045,0.03746911450036987,0.0015934443764707726,0.0020070886730256536,-0.0037429673440827773,7.455152246703835
1781506198.6797702,0.016966574775596238,0.77470665491784,0.33290067718968447,-0.049395654645389926,0.019978751068255418,-0.07532197562083344,0.016751321632317073,0.7750375746417371,0.3254390444897823,-0.0496169378220725,0.020323221674344083,-0.07520681385903678,-0.0014920983840562066,0.00075978804003135,0.000687689419037677,-0.0001334762988875424,-0.0029755397558647516,0.0006072007858288933,0.0018900258252606934,-0.0006091918288023778,0.03670917973748496,0.0015894495855487136,0.001643677588672657,-0.004133146481858626,7.4720682764282405
1781506198.6896994,0.016979987363293352,0.774711810197303,0.33286943168652694,-0.04939631929069213,0.01995011275548708,-0.07537958909786832,0.016751321632317073,0.7750375746417371,0.3254390444897823,-0.0496169378220725,0.020323221674344083,-0.07520681385903678,-0.0013048943884404096,0.0007660424759542274,0.000431653664237208,-0.00011357534662531353,-0.002931912283197892,-0.00010260131965551486,0.0017124131214850723,-0.0010226749731422741,0.03832161440199616,0.0009348573779150353,-0.001080481456612367,-0.002624112555791952,7.441039200496617
1781506198.6997015,0.01699228324406207,0.7747158591058877,0.3328421968542704,-0.04939677401605863,0.019928718909656196,-0.07542808592604078,0.016751321632317073,0.7750375746417371,0.3254390444897823,-0.0496169378220725,0.020323221674344083,-0.07520681385903678,-0.0011380777098669265,0.0007613568332105085,0.00022064554398860966,-9.556318464555265e-05,-0.002818968959867884,-0.0006316236811636737,0.0014896898464944394,-0.0016216489167835094,0.03610176150583061,-0.0012229186893769092,-0.0025180835885366924,-0.0018111176033403635,7.414056131171909
1781506198.709731,0.01700352615162611,0.7747189823345346,0.3328185311927393,-0.04939705922587209,0.019913338709600215,-0.07546842447785578,0.016751321632317073,0.7750375746417371,0.3254390444897823,-0.0496169378220725,0.020323221674344083,-0.07520681385903678,-0.0009897411587647177,0.0007479481608781806,4.845808701374086e-05,-7.945731208796208e-05,-0.002657181265110567,-0.0010107130788578043,0.0012101957346810387,-0.0012531190303698115,0.0353533754108752,0.0035102017715301663,-0.00252810057388693,-0.0017744028065024243,7.390665205303775
1781506198.7197137,0.017013779862091568,0.7747213325721891,0.33279803641286926,-0.04939720976624775,0.019902885331049225,-0.07550154613980165,0.016834085124905418,0.7749829002090822,0.32732368065033446,-0.049547928807907385,0.020314108917938167,-0.07535383699238675,-0.0008581195325701922,0.0007277067760769394,-9.038339380879981e-05,-6.521915131857212e-05,-0.00246322476805129,-0.0012670860453952973,0.000557744731289601,-0.0015572629962898477,0.03146353587736866,0.0006316189883488948,-0.0019574706590918824,-0.0006706205786926423,5.483546192204476
1781506198.7297804,0.017023107600312427,0.7747230388547354,0.33278035346198626,-0.04939725537832466,0.019896409591516617,-0.07552835380410464,0.016834085124905418,0.7749829002090822,0.32732368065033446,-0.049547928807907385,0.020314108917938167,-0.07535383699238675,-0.0007415839789861572,0.0007022367520445825,-0.00020069635769476188,-5.2769041096441736e-05,-0.0022504744401706783,-0.0014244940981307033,0.00038729939377676366,-0.000885949006951075,0.029560408339387195,0.0008742381370814112,-0.003385403790987143,0.00034973690745252953,5.466126196230006
1781506198.7397249,0.01698773935594428,0.7747177628492634,0.33275987169392096,-0.049481376643463894,0.019917926088375282,-0.0755145163862545,0.016834085124905418,0.7749829002090822,0.32732368065033446,-0.049547928807907385,0.020314108917938167,-0.07535383699238675,-0.0009253112149441394,0.0006059702075121906,-0.00031043884959449015,-0.000968402257880062,-0.0017777797816391316,-0.0011065134962151108,0.0003475017570566755,-0.0010148746033054384,0.029213980362710598,0.00038816414137072527,-0.004373518584082284,0.0008268459508157352,5.444821439189529
1781506198.7497368,0.016957933769776695,0.7747128908117582,0.3327423943998127,-0.0495512217352011,0.01993770433797093,-0.07550194428975268,0.016834085124905418,0.7749829002090822,0.32732368065033446,-0.049547928807907385,0.020314108917938167,-0.07535383699238675,-0.001061077874728421,0.0005210117522643279,-0.00039460360034577693,-0.0016279472016145539,-0.0013749479807581818,-0.0008379653147881072,0.00034220928540557385,-0.0016226033900681813,0.026630054361877716,-0.0005873150685631146,-0.004037679921464902,0.0006643838857885224,5.4268501232541935
1781506198.7597697,0.01693296637400039,0.7747083921573916,0.33272756275064347,-0.049608458328139385,0.01995563878241624,-0.07549066441118209,0.016834085124905418,0.7749829002090822,0.32732368065033446,-0.049547928807907385,0.020314108917938167,-0.07535383699238675,-0.0011566227701490586,0.0004462076373924129,-0.0004571687743510749,-0.002077560385201893,-0.0010354874128699644,-0.0006138080240683675,0.00022701965303600018,-0.0014625130501682276,0.02283554962481144,-0.0005219152849926344,-0.0042826134363238505,0.0006066243924292011,5.411753313474819
1781506198.7697136,0.016912195206332147,0.7747042409394302,0.33271505307203536,-0.04965468108813849,0.019971700783363078,-0.07548066149139594,0.01685625615605324,0.7749197488164767,0.32874562722891304,-0.04949007481150555,0.020129168621172644,-0.07534041408771731,-0.0012186680621538866,0.00038050299844496604,-0.0005016016237578321,-0.00235757171341237,-0.000752799791377115,-0.00042904858578440255,0.0005108432253295303,-0.0010382435619454798,0.02026270288912408,0.0007705607280527462,-0.0030446823633556684,-0.0005668823264685752,3.975665270927941
1781506198.7797716,0.016915827429652936,0.7747107684169925,0.33266372529085214,-0.04972241076059538,0.01995561763980991,-0.07543768557804592,0.01685625615605324,0.7749197488164767,0.32874562722891304,-0.04949007481150555,0.020129168621172644,-0.07534041408771731,-0.001116526724861628,0.0003714140582035049,-0.0008048979590025917,-0.002848937897130924,-0.0008693903150559632,7.756792565882548e-05,0.0006696510185206776,-0.00025611062334278406,0.020195786308901797,0.002064312296135431,-0.002082621461412388,-0.0017371929709281723,3.924119514869269
1781506198.789724,0.016919572112256743,0.7747160275588495,0.3326200750781975,-0.04977676386159739,0.01994288536216904,-0.07540164901247427,0.01685625615605324,0.7749197488164767,0.32874562722891304,-0.04949007481150555,0.020129168621172644,-0.07534041408771731,-0.0010203828742311846,0.0003594115077527857,-0.0010381772397800339,-0.0031391171005960483,-0.0009329553218122632,0.0004550356023733207,0.0006020658793250551,-0.0011694728770109705,0.019542416501980565,-0.0018798604741225783,-0.0007388397003438292,-0.002183580646202598,3.8803166620708054
1781506198.7997694,0.016923359155935805,0.774720190418302,0.33258314097527075,-0.049819606462579866,0.01993301185810159,-0.07537179854656163,0.01685625615605324,0.7749197488164767,0.32874562722891304,-0.04949007481150555,0.020129168621172644,-0.07534041408771731,-0.0009302718850843879,0.0003452220737505677,-0.0012122928236616007,-0.003270611133806073,-0.0009550488399920717,0.000725404029730366,0.0004790933990380818,-0.0017847672957587543,0.018966555891318574,-0.0036798819576151906,-0.00021116214755964775,-0.0021873479649232937,3.843284808644777
1781506198.8097036,0.0169271316962109,0.7747234136458493,0.33255206690518807,-0.04985265184636302,0.019925550275201154,-0.07534740038965308,0.01685625615605324,0.7749197488164767,0.32874562722891304,-0.04949007481150555,0.020129168621172644,-0.07534041408771731,-0.0008461457128979006,0.0003294568628819123,-0.0013367071588328287,-0.003279608705578315,-0.000945463429813739,0.0009081258350735731,0.0003139218909322248,-0.0016037185157073894,0.016487020780826304,-0.004495332598566417,0.0006680611837535891,-0.00200716366622778,3.8121586864319683
1781506198.8197446,0.016930844240981815,0.7747258385651328,0.33252609200748334,-0.04987745191500438,0.01992009987197174,-0.07532775543405958,0.01688485037557158,0.7748616605608932,0.32972857001623856,-0.049550580723583204,0.02006461540663884,-0.07543341395076092,-0.0007678899551105599,0.0003126264218797452,-0.00141964620994037,-0.0031965777737786878,-0.0009124037110633793,0.0010201753559727408,0.00037301787018273285,-0.0007771054334028147,0.014716934917896203,-0.0031097085604289824,-0.0004862874435470204,-0.001325247794397547,2.80119480609362
1781506198.8297253,0.016930280429320838,0.7747346702781658,0.332496729161732,-0.04986280212071558,0.01995371583895178,-0.0753659436349075,0.01688485037557158,0.7748616605608932,0.32972857001623856,-0.049550580723583204,0.02006461540663884,-0.07543341395076092,-0.0007257585089377907,0.00036654273627025974,-0.0015041364447849076,-0.0026794167360794053,-0.00042545824479225535,0.0005108008320938855,0.00023585128359969844,-0.00021651523779702523,0.014353579552159067,-0.002191383765658814,-0.001484188835336105,-0.00022050145576037828,2.7714428510199967
1781506198.8397331,0.016920073873325787,0.7747421838226186,0.3324740401384003,-0.0499350239178049,0.01996860639348519,-0.0753972261338944,0.01688485037557158,0.7748616605608932,0.32972857001623856,-0.049550580723583204,0.02006461540663884,-0.07543341395076092,-0.0007468169557269881,0.0003931490335748538,-0.0015469710910936344,-0.00316856094341716,-0.00019972507229355045,0.00012212951004876067,2.5106008433909e-05,-0.0007443343790944428,0.014535747380550303,-0.002743282122544043,-0.0018186716258689313,0.0006037805342057606,2.74829430328443
1781506198.8497148,0.0169117223440797,0.7747483450618624,0.3324554370867174,-0.0499928621581172,0.01998130661548525,-0.07542365916677636,0.01688485037557158,0.7748616605608932,0.32972857001623856,-0.049550580723583204,0.02006461540663884,-0.07543341395076092,-0.0007542591823183569,0.0004095262572915155,-0.001561755900675415,-0.0034483281451825228,-2.5119006708956864e-05,-0.00017242869858832572,-0.00032422288518414017,-0.0018639412455315517,0.012827323311631276,-0.0044125312853746145,-0.0007577153868401149,0.0010751281554458082,2.729352766696493
1781506198.8596954,0.01690496463639548,0.7747533487453258,0.3324403541685884,-0.05003834002657893,0.019992018362605224,-0.0754457349849467,0.01688485037557158,0.7748616605608932,0.32972857001623856,-0.049550580723583204,0.02006461540663884,-0.07543341395076092,-0.0007506763723288095,0.00041748433930328027,-0.0015538357158512927,-0.0035635582212453845,0.00010639859514276922,-0.00038840904644847076,-0.0002741117217101041,-0.0018009637035836096,0.010982490022332845,-0.004182229763875218,-0.0003383722497586961,0.0013184931271704092,2.7140208771886427
1781506198.8697145,0.016899571251570558,0.7747573652176865,0.3324282913394109,-0.050073311777303654,0.020000947236161526,-0.07546394171365238,0.016883012182993373,0.7748098244619173,0.33041617408490753,-0.04971884657100711,0.02000782909458554,-0.07542155542638256,-0.0007382883568071841,0.0004185829234078076,-0.0015277889278740076,-0.003552352014183235,0.00020203056881709408,-0.0005396022702551936,-0.00024405559477253642,-0.0009619819807431934,0.009337050165707472,-0.0030999311196804494,-0.0011424086889997764,0.0016271589026350447,2.0128691017866718
1781506198.8796945,0.016895340976601947,0.7747605430906448,0.3324188079246869,-0.05009945433328633,0.020008296024921046,-0.07547875102230081,0.016883012182993373,0.7748098244619173,0.33041617408490753,-0.04971884657100711,0.02000782909458554,-0.07542155542638256,-0.0007189887274172177,0.00041416096657666176,-0.0014875206287900515,-0.0034467181074173867,0.0002681562700086403,-0.0006381145579778012,-0.00022027001589662503,-0.00024283287962813526,0.009497141746338988,-0.0014417256769226339,-0.0012325213717011162,0.0015819718508285558,2.0032780508296586
1781506198.889734,0.016890458877179906,0.7747496714079191,0.3324085889287151,-0.05002588478117612,0.01997999530405603,-0.07546296907462677,0.016883012182993373,0.7748098244619173,0.33041617408490753,-0.04971884657100711,0.02000782909458554,-0.07542155542638256,-0.0006998648781301415,0.0003218883230378324,-0.0014691232230736604,-0.002270675921181968,-7.819936497204606e-05,-0.0004118747178254229,-0.00021387079843826305,-0.00015917028210643542,0.010141706757036914,-0.0008847436974899589,-0.00047459300235555996,0.000792655848151869,1.9933365879811642
1781506198.899744,0.016886667216472244,0.7747401536520836,0.3324005985901644,-0.04996191417624309,0.019956281287731414,-0.07544932282975243,0.016883012182993373,0.7748098244619173,0.33041617408490753,-0.04971884657100711,0.02000782909458554,-0.07542155542638256,-0.0006756447667224283,0.0002437356702057714,-0.0014357389967491958,-0.0013273522142160583,-0.0003355714743129934,-0.0002310900371568976,3.400954836128705e-05,-0.0002147694491129198,0.00949159195194088,-0.00267402516578362,-0.000841037959457271,0.0003028882253957153,1.9856505226440555
1781506198.9097118,0.016883801590034525,0.7747318476048469,0.3323944919032065,-0.04990688673462901,0.019936653173641128,-0.07543764998708738,0.016883012182993373,0.7748098244619173,0.33041617408490753,-0.04971884657100711,0.02000782909458554,-0.07542155542638256,-0.0006476404063100441,0.0001779084402920132,-0.0013907467652441087,-0.0005842180622875316,-0.0005192262421863973,-8.931111011723687e-05,0.00020225941413680096,-0.00018233467106392706,0.008365124767286264,-0.0022289653729704044,4.415660783984329e-05,-0.0008768095090101782,1.9798541369508322
1781506198.9197166,0.01688171748544832,0.774724622859422,0.3323899701550182,-0.049860066308888965,0.019920623871076293,-0.0754277749853303,0.016880919388741644,0.7747945878913793,0.3308840224141547,-0.04982361774234562,0.0199701771240528,-0.07539734265968799,-0.000616952996075535,0.00012280982683223434,-0.0013370060360828001,-1.1420873606350504e-05,-0.0006426199543338226,1.9361871380320147e-05,0.00014663902460337677,0.00013821597562420487,0.006953579386798692,-0.003176139904793314,0.0008646684258941848,-0.0013817962733698888,1.5075723335438969
1781506198.9297001,0.016890944586979775,0.774730825673291,0.3323595001408199,-0.04988656805313206,0.01989838105862507,-0.0753844641530488,0.016880919388741644,0.7747945878913793,0.3308840224141547,-0.04982361774234562,0.0199701771240528,-0.07539734265968799,-0.0005162470493125786,0.00013393369532363816,-0.0014553129989878174,-0.0003088689485022644,-0.0008385975575328433,0.00047728818501454554,0.0002087489252632003,0.000262581094548534,0.006521369620313493,-0.0032367953619277367,0.0005298060753134524,-0.00157337350030007,1.476888840414299
1781506198.9397194,0.01689916325297787,0.7747359826304602,0.3323340953459614,-0.049908584715438596,0.01988042094281539,-0.0753485116277533,0.016880919388741644,0.7747945878913793,0.3308840224141547,-0.04982361774234562,0.0199701771240528,-0.07539734265968799,-0.0004288616446574524,0.00014116656238848016,-0.0015318463591841545,-0.0005232810276161569,-0.0009624822251465724,0.0008073328669722512,6.897782401609458e-05,0.00012699637973054902,0.006823610299602262,-0.0029712845896141373,0.000790219688412929,-0.0013784887589938706,1.4513713938024912
1781506198.9497054,0.016906468411490055,0.774740224585457,0.33231307668072924,-0.04992663804352513,0.0198661611259785,-0.07531905667687396,0.016880919388741644,0.7747945878913793,0.3308840224141547,-0.04982361774234562,0.0199701771240528,-0.07539734265968799,-0.00035327687538875516,0.00014518419020212962,-0.001573875237259296,-0.0006696082817897465,-0.0010289590412133466,0.0010325257805126869,0.00011692640171418558,-7.565560490458052e-05,0.007125324046574615,-0.0013334050396298794,0.00035443488172962745,-0.0013567912259073102,1.4303161253404997
1781506198.9597247,0.016912947561049718,0.7747436718823798,0.33229584477958607,-0.04994122749298066,0.019855063995699807,-0.07529527649441622,0.016880919388741644,0.7747945878913793,0.3308840224141547,-0.04982361774234562,0.0199701771240528,-0.07539734265968799,-0.0002881230751638801,0.00014656980284214735,-0.0015876722948864502,-0.0007609167150234697,-0.001050602450334302,0.0011729925442053794,9.563171835896276e-05,-0.0004173670665292525,0.006198089182616913,-0.00047845102609355133,-1.5302730480265872e-05,-0.0010778931652384745,1.413103193445558
1781506198.9697459,0.016918681201031162,0.7747464341486411,0.33228187154674743,-0.04995282213796913,0.019846640204497668,-0.07527639922017197,0.01688929353212182,0.7747928599351215,0.33121771556586754,-0.049947046608938554,0.019984311294218404,-0.0754717179246753,-0.00023216854164602763,0.00014582494724483145,-0.0015786307822824427,-0.0008085022047136978,-0.001038061269742652,0.0012461318203239244,-6.863468286764556e-05,-0.0005289843910003702,0.005418480533113247,-4.25027698927686e-06,-0.0004944717627843599,-0.00013252039391726498,1.0655735264995494
1781506198.9797237,0.016904005059164184,0.7747424733962192,0.3323018239533751,-0.04988165324702011,0.019833190613562257,-0.07526386689734098,0.01688929353212182,0.7747928599351215,0.33121771556586754,-0.049947046608938554,0.019984311294218404,-0.0754717179246753,-0.00030922134675917637,0.00011625975104323804,-0.0013547555705791382,5.4023036390478136e-05,-0.0010781043977398075,0.0012393787396451949,-7.397426651211818e-05,-0.00046331711054199936,0.005202346195214293,0.0005513548761363371,-0.000549986253016078,0.0005957826170510156,1.085378380194991
1781506198.9897199,0.016891606861585032,0.7747389536543939,0.3323196161712315,-0.04982186709967798,0.019822809209191883,-0.07525451336153416,0.01688929353212182,0.7747928599351215,0.33121771556586754,-0.049947046608938554,0.019984311294218404,-0.0754717179246753,-0.00036715912159160976,9.105247619164002e-05,-0.0011578684324557167,0.0006988049700979356,-0.0010786007063552582,0.001200390236577597,8.496167196203689e-05,-0.0002754696463069802,0.005576250156898745,0.001032233390388638,-0.0009811128659042794,0.0008302834312351107,1.103220822272933
1781506198.9997108,0.016881194755334488,0.7747358405948562,0.3323354492050086,-0.0497722461060395,0.019815011172230834,-0.07524779732980377,0.01688929353212182,0.7747928599351215,0.33121771556586754,-0.049947046608938554,0.019984311294218404,-0.0754717179246753,-0.00040901773287002163,6.966302536768849e-05,-0.0009851413551933159,0.0011627898440787865,-0.0010494513348182101,0.0011383169179567463,-8.583016233196373e-05,-0.00037911225055042505,0.005078970368574435,0.0006989017164551284,-0.0006594264603510963,0.0011734440714650093,1.1192163702418332
1781506199.0097349,0.016872508919170436,0.7747331002238312,0.33234951006173263,-0.049731599739394436,0.01980936244444287,-0.07524324111728878,0.01688929353212182,0.7747928599351215,0.33121771556586754,-0.049947046608938554,0.019984311294218404,-0.0754717179246753,-0.00043743803222568854,5.160944723424172e-05,-0.0008339979536037003,0.001478609123744086,-0.000998886605888315,0.0010606466989591366,-6.456554204696729e-05,-0.0003685311174065962,0.004524971090544797,0.0008689518515029511,0.00016904002497939265,0.0008528099680859938,1.1334953582595455
1781506199.019779,0.016865318630844634,0.7747306993834675,0.3323619719021153,-0.049698790332887294,0.019805478902195306,-0.07524042775005506,0.016882999350227024,0.7747727117295344,0.33147150038997875,-0.04991613904004065,0.019959573891342064,-0.07542966255574711,-0.00045471030150487206,3.646257530294534e-05,-0.0007020964877411467,0.0016747681454713698,-0.0009336596066488408,0.0009734167863916565,-0.0001977858485762401,-0.0003209001906431542,0.0035856305692563103,0.0003800065169583587,-0.0014169033225427134,0.0019970772791023067,0.891637347236362
1781506199.0297363,0.01685941952823111,0.7747286061408738,0.33237299438186013,-0.04967275096241703,0.01980302436716075,-0.07523899714241394,0.016882999350227024,0.7747727117295344,0.33147150038997875,-0.04991613904004065,0.019959573891342064,-0.07542966255574711,-0.0004628143743458443,2.3841055319941496e-05,-0.000587313256783653,0.001775900410749241,-0.0008592316838617214,0.0008814122067146343,-4.030193478199337e-05,-0.00017804621500881068,0.0033953085226688367,0.00026690255680656625,-0.0005436241286746634,0.0011311788402538782,0.9028802403168964
1781506199.0397391,0.016865615871967304,0.7747349193223286,0.3323628666342203,-0.04980582386577243,0.019842854662951215,-0.0752650431561643,0.016882999350227024,0.7747727117295344,0.33147150038997875,-0.04991613904004065,0.019959573891342064,-0.07542966255574711,-0.0003995518441674955,5.421661326423968e-05,-0.0005982338326721403,0.00013483636349510483,-0.00031720255616375333,0.0005228715400690154,-2.421278665940258e-05,-0.00011206582994173101,0.003220429454288796,-0.000240601369382966,-0.0011597806987678893,0.0013910362012054091,0.8923363898957323
1781506199.0497203,0.016871139562808297,0.7747402553025206,0.33235453431967926,-0.049917884289258224,0.019876620069974482,-0.075287448241185,0.016882999350227024,0.7747727117295344,0.33147150038997875,-0.04991613904004065,0.019959573891342064,-0.07542966255574711,-0.0003437036558224399,7.791431613427009e-05,-0.0005994203477167793,-0.0010984474744903734,9.760721826328471e-05,0.0002399184360802522,-0.00021637521842991932,-0.00030295125157952987,0.003171596498405867,-0.000499233486084005,-0.0006526405620286338,0.0012563505786205636,0.883709791285839
1781506199.0597236,0.016876049229534378,0.7747447359238577,0.3323477599422269,-0.050011133243368505,0.019904917397334243,-0.07530651128168009,0.016882999350227024,0.7747727117295344,0.33147150038997875,-0.04991613904004065,0.019959573891342064,-0.07542966255574711,-0.00029451515529753234,9.595094227710696e-05,-0.0005927775857007536,-0.001992437246509297,0.00040574060984611526,2.1345307401009412e-05,-0.00017226054906159188,-0.0001929104456311089,0.002865031162446816,-0.0001391238670363767,-0.0001271782657134878,0.000792869723882289,0.8767335700125723
1781506199.0697243,0.016880400895112443,0.7747484713074002,0.3323423299861442,-0.05008773481275401,0.019928343428484485,-0.07532254784211274,0.016875215008177458,0.7747666921739631,0.3316448073473284,-0.04990468546296281,0.019926940772465596,-0.07536544048929816,-0.0002512961416048532,0.0001092144656418647,-0.0005799338607965655,-0.002607734664067154,0.0006255099848047332,-0.00014300746174115443,-0.0001151537377816594,-0.00011137541262436843,0.00321411957888527,0.0008799318226670407,7.430736784902688e-05,0.00044419054338760977,0.6977798542966236
1781506199.0797698,0.016884247563932853,0.7747515604492091,0.332338053457487,-0.05014976617826739,0.01994747859036039,-0.07533587733660843,0.016875215008177458,0.7747666921739631,0.3316448073473284,-0.04990468546296281,0.019926940772465596,-0.07536544048929816,-0.0002134169004620789,0.00011847820793400357,-0.0005622749124018049,-0.0029973750753418183,0.0007730550854796231,-0.0002622362072649056,-0.00011175743160661828,-4.700789343338636e-05,0.0031348775418685924,0.0007303806065875024,-0.0005403220292428351,0.0005640454416101097,0.693470060930961
1781506199.0897524,0.01687432947540087,0.7747552519205277,0.3323394448192705,-0.050169077106371064,0.019953693529758842,-0.07536895683307156,0.016875215008177458,0.7747666921739631,0.3316448073473284,-0.04990468546296281,0.019926940772465596,-0.07536544048929816,-0.000263749772967179,0.0001446918320755855,-0.0005146601126656916,-0.0028737751167716304,0.0007745031216984331,-0.0005908096846765912,-1.712895802110225e-05,-0.0002694498891151253,0.0034256136885384677,0.0004791618693517322,-0.000721299948254962,0.00044904954408117294,0.6947322369036467
1781506199.0997362,0.01686594840480295,0.7747583420360327,0.3323409730554475,-0.050182669167883553,0.019958237346102914,-0.07539620205875944,0.016875215008177458,0.7747666921739631,0.3316448073473284,-0.04990468546296281,0.019926940772465596,-0.07536544048929816,-0.00030081367427559384,0.00016390203333818064,-0.00046991496357793314,-0.0027025018546759363,0.0007543916361834577,-0.0008208261995218994,-2.0376340152610325e-05,-0.0002870656393758141,0.003474059062155179,-0.0001534863859451931,0.00013417622491522946,1.1184115580623285e-05,0.6962774503763487
1781506199.1097848,0.016858908377232768,0.7747609179250387,0.33234259031855296,-0.05019160419083315,0.019961404769295532,-0.07541833004813091,0.016875215008177458,0.7747666921739631,0.3316448073473284,-0.04990468546296281,0.019926940772465596,-0.07536544048929816,-0.00032675596448282924,0.00017724666198243004,-0.000428040459459517,-0.002500197057662976,0.0007186758830193125,-0.0009707012407073125,-0.00019879932902069496,-0.0002965958349855,0.0034311051791317995,-0.0006762739304882042,-0.0007241625771152192,0.0005439453795517206,0.6979973661085063
1781506199.11972,0.016853035062488426,0.7747630540758734,0.33234425678759505,-0.050196805254860935,0.019963454267333258,-0.07543601814015931,0.016872045940512337,0.7747590587514046,0.33181669568090577,-0.04988812578353034,0.01990237060021882,-0.07534454499603348,-0.000343441408727515,0.0001857134764099544,-0.0003890010245382024,-0.0022801791963414004,0.0006722453029904665,-0.0010564265763935328,6.890523780973981e-05,-0.00026326839083272804,0.0028635193131168004,-0.0014889433787681303,-0.0008580948065454201,0.0004042989419384026,0.5279186465659904
1781506199.1297495,0.016848173692515758,0.7747648142237151,0.33234593970884074,-0.05019906620987572,0.019964610073800237,-0.07544989538515015,0.016872045940512337,0.7747590587514046,0.33181669568090577,-0.04988812578353034,0.01990237060021882,-0.07534454499603348,-0.00035248428403613394,0.00019015722940565616,-0.00035273217633372727,-0.002052912159000885,0.0006190568617349349,-0.001091740230603192,-8.009414977765234e-05,-0.0003147236842376973,0.0024044330251746173,-0.0024470410259045438,0.0005643808259471646,-0.00020263221851258867,0.529813411297563
1781506199.139713,0.016857173369818793,0.7747490782059882,0.33234354657198867,-0.05007397245584244,0.019970810885173274,-0.07542743548278294,0.016872045940512337,0.7747590587514046,0.33181669568090577,-0.04988812578353034,0.01990237060021882,-0.07534454499603348,-0.0002720172856611412,8.620900466067683e-05,-0.00034393712442543566,-0.00046804580053844483,0.000606994021669353,-0.0007243184274644462,-0.00011994219981189313,-0.00018767797865295978,0.0027631881362486337,-0.002267541488785122,0.00033124458360900874,-0.00012086956602789197,0.5271552580413926
1781506199.1497223,0.016865034595703193,0.7747355881498227,0.3323417190007482,-0.04996831404430525,0.019975501065629064,-0.07540785151513041,0.016872045940512337,0.7747590587514046,0.33181669568090577,-0.04988812578353034,0.01990237060021882,-0.07534454499603348,-0.0002039738044957447,1.6698049620688846e-06,-0.0003325186602887646,0.0007322516957248856,0.0005813443210249543,-0.00042919158028808667,9.576401296886626e-05,-0.00038735309406043013,0.002195723072901237,-0.003097441524687291,0.0008105157398684906,-0.0008336252974678999,0.5255944391572563
1781506199.1597044,0.016871882931570846,0.7747240754096946,0.3323403673703681,-0.04988011005048229,0.019978931243404663,-0.07539095871086782,0.016872045940512337,0.7747590587514046,0.33181669568090577,-0.04988812578353034,0.01990237060021882,-0.07534454499603348,-0.0001467657694015236,-6.621715301436764e-05,-0.0003191388747817296,0.0016115495707335918,0.0005462156318938151,-0.00019631221678303074,2.228410808572263e-05,-0.00023770262018757757,0.0014822370556809579,-0.0036034458720643524,0.0009849617012829793,-0.0010825623439840813,0.524838926827499
1781506199.1697617,0.016877831970182822,0.7747142976806931,0.3323394135482861,-0.04980739845571582,0.019981323668776696,-0.07537654489396864,0.01687262616564078,0.774746682287474,0.3319340208387641,-0.05002237653923446,0.019912356653913,-0.07537284035960504,-9.898102340059417e-05,-0.00011987594171939047,-0.0003043541286030018,0.002226264687570494,0.0005049455392337857,-1.644799768450535e-05,1.3916732577912063e-08,-0.00030306847504627844,0.0013457714815424242,-0.003099696641009741,0.0011731581355256407,-0.0012959554831520974,0.4067174843682934
1781506199.179713,0.01687475239522429,0.7747174660046765,0.33232184822378025,-0.04984813500141325,0.019967352445622755,-0.0753316872394772,0.01687262616564078,0.774746682287474,0.3319340208387641,-0.05002237653923446,0.019912356653913,-0.07537284035960504,-0.00011193174740184341,-0.00011522022797328458,-0.0004027843679218961,0.0015287425193743443,0.0002730404501571449,0.0004667591268449889,0.00012252579569507885,-6.232249607260181e-05,0.001406366386643561,-0.0012079466247013188,0.0006183982717587644,-0.0012806934250888745,0.38893211824327506
1781506199.1896966,0.016872168438153017,0.7747201934062328,0.33230700239352745,-0.04988381064653765,0.019955331705909796,-0.0752943731730075,0.01687262616564078,0.774746682287474,0.3319340208387641,-0.05002237653923446,0.019912356653913,-0.07537284035960504,-0.00012090995204382975,-0.000110022788692725,-0.0004766978345249163,0.0009642660718826107,9.181195957647651e-05,0.000816033979492634,0.00013683986513213415,5.6345187998220144e-05,0.0018260634819698039,0.000391860341036187,-7.198640792628938e-05,-0.0008034978240632218,0.37392126248388774
1781506199.1997325,0.016870015740296337,0.7747225177363803,0.332294523746557,-0.049914717682354115,0.019945101111574326,-0.07526373271269951,0.01687262616564078,0.774746682287474,0.3319340208387641,-0.05002237653923446,0.019912356653913,-0.07537284035960504,-0.0001265853618273896,-0.0001044563235300268,-0.0005299933355342485,0.0005149277543087143,-4.648655672636923e-05,0.0010553971650798177,-0.0001275609061674264,8.625334108872197e-06,0.001781714180879708,0.0011059187287441052,0.0005364311842689671,-0.0004229281621395856,0.3613213062872985
1781506199.2097063,0.016868237055699294,0.7747244788494276,0.3322841004696766,-0.049941205664452704,0.01993649158617461,-0.07523893132803736,0.01687262616564078,0.774746682287474,0.3319340208387641,-0.05002237653923446,0.019912356653913,-0.07537284035960504,-0.0001295374633657854,-9.8664147062038e-05,-0.000566061979193281,0.00016415831513415106,-0.00014883424132138798,0.0012058551287365909,4.9510221631530774e-05,7.536969806838396e-05,0.0014360159605328732,0.0018217025776994886,-7.341866502979479e-05,-0.00018080144400811106,0.35081049717330914
1781506199.2197223,0.016866781587952736,0.7747261168884023,0.3322754570420276,-0.049963657483823816,0.019929332128463484,-0.0752191838933427,0.016872864222203354,0.7747480243397199,0.3320125831675023,-0.05001873894052783,0.0199309553591569,-0.07540506776207931,-0.00013026596003500675,-9.276416837513502e-05,-0.0005878443379313203,-0.00010315516507391223,-0.00022144421346236763,0.0012855808944995742,-5.2053952240978036e-05,6.574009453765404e-05,0.0016693453929112782,0.0021567875918743072,4.8127537070852054e-05,0.00019156471410158857,0.2638552799748243
1781506199.2297194,0.01686560437550967,0.7747274710120776,0.3322683504188791,-0.0499824705248194,0.019923454968485688,-0.07520376379138462,0.016872864222203354,0.7747480243397199,0.3320125831675023,-0.05001873894052783,0.0199309553591569,-0.07540506776207931,-0.0001292001756209844,-8.685240768164743e-05,-0.0005978820460835151,-0.00030062073302743306,-0.0002697856141731577,0.0013101270475626165,-0.00010485251513524642,7.110857333072407e-05,0.0016801812163032483,0.00218980839857095,0.00012004803358351916,0.0003767346282000492,0.2566944322107803
1781506199.239729,0.016875060281793884,0.7747295927889299,0.3322861041073689,-0.049981526274555856,0.019940879156145952,-0.07518708538360999,0.016872864222203354,0.7747480243397199,0.3320125831675023,-0.05001873894052783,0.0199309553591569,-0.07540506776207931,-6.288098170083131e-05,-7.379262153402871e-05,-0.00043865178537070914,-0.00026114638302153124,-5.944445841951656e-05,0.0013584192004746612,-0.00019413540003781384,0.0002620085063323175,0.0019726664554863683,0.002593896919149325,0.0005261217547665608,0.0005414168259900753,0.2741500488560167
1781506199.2496986,0.016883195083525017,0.774731357463996,0.3323015949535415,-0.049980516851342825,0.019955526557573044,-0.07517430607741168,0.016872864222203354,0.7747480243397199,0.3320125831675023,-0.05001873894052783,0.0199309553591569,-0.07540506776207931,-8.844947440498382e-06,-6.237354839564632e-05,-0.000305267843489994,-0.0002244202223663358,9.978394261228409e-05,0.0013574194341382066,-0.00028377615663288935,8.971846007482532e-05,0.0017004977578626004,0.002253870802612694,-0.00028028841192843994,0.0013450668921030416,0.2896762398119696
1781506199.2596993,0.016890164956440034,0.774732814874635,0.3323150769812585,-0.0499794863166519,0.01996769247417607,-0.07516479804521957,0.016872864222203354,0.7747480243397199,0.3320125831675023,-0.05001873894052783,0.0199309553591569,-0.07540506776207931,3.4645804596391e-05,-5.24162868633311e-05,-0.00019432274243636976,-0.00019075875295393671,0.00021635683745180177,0.001319514221825439,-0.00021698860303668563,-0.00020062087162668032,0.001211174351945528,0.0010307219465359827,-0.0004972354160576211,0.0014968511231096152,0.30336965997617743
1781506199.2696986,0.016896110517219735,0.774734009719085,0.3323267783199877,-0.049978468238135926,0.019977666089657786,-0.0751580013328789,0.016865338073991043,0.7747466124995004,0.3320927096776458,-0.04992555417968857,0.019935187559621648,-0.07536019261923317,6.912001519123612e-05,-4.375869705623924e-05,-0.00010279672745270049,-0.00016031516199079918,0.0002977785373711472,0.0012549945427756135,-0.0003900609473662016,-0.0002123990742563308,0.0009060251235597927,0.0004227022031495985,-0.0004068591666132146,0.0018602109283629535,0.2364189135078477
1781506199.2797399,0.01690115801219973,0.7747349817336819,0.3323369036583644,-0.049977487407231125,0.019985724088035894,-0.07515342216891227,0.016865338073991043,0.7747466124995004,0.3320927096776458,-0.04992555417968857,0.019935187559621648,-0.07536019261923317,9.591916513566448e-05,-3.625414927082593e-05,-2.8019560954746443e-05,-0.0001331160944218954,0.0003506339405387128,0.0011722995983806978,-0.0003637821248140276,-0.00032490299625724783,0.0006944588984181924,-0.0004931069031346188,-0.00039958048094273157,0.001762324837346125,0.24708104521791419
1781506199.2897274,0.016899485453119454,0.7747355827280991,0.3323296940952286,-0.04999284122591539,0.020000624546111956,-0.07513889944540009,0.016865338073991043,0.7747466124995004,0.3320927096776458,-0.04992555417968857,0.019935187559621648,-0.07536019261923317,7.649722890763435e-05,-3.7752448718101494e-05,-6.664224303289611e-05,-0.0002893927297196523,0.000466877697253549,0.0012107621189758628,-0.00020568232122534396,-0.0004660100814200898,0.0004258908762916373,-0.0015481395514077051,0.00033675758545979585,0.0013636294351344659,0.23968586427981653
1781506199.2997134,0.01689798742931247,0.774736028583592,0.33232359072615764,-0.050005511053441254,0.020012673620619204,-0.07512777389415506,0.016865338073991043,0.7747466124995004,0.3320927096776458,-0.04992555417968857,0.019935187559621648,-0.07536019261923317,5.993652237091347e-05,-3.84768814307872e-05,-9.680307039714145e-05,-0.0003985635833735836,0.0005411961530135311,0.001206438774984516,-0.0003051139139269089,-0.00041781043198252203,0.00019906419628863952,-0.0024351698640234336,0.0003962186852726145,0.0015454887245787078,0.2334182046044786
1781506199.3097613,0.01689664797868937,0.7747363444314936,0.33231845425503614,-0.05001582311300184,0.020022256366589053,-0.07511949821751716,0.016865338073991043,0.7747466124995004,0.3320927096776458,-0.04992555417968857,0.019935187559621648,-0.07536019261923317,4.588257518058503e-05,-3.8570895407431826e-05,-0.00011978877966958341,-0.00046945148443495164,0.0005820669371081937,0.0011701758127732219,-0.00014034170797566105,-0.00034797679482397677,0.0003398483668479818,-0.001838466084326339,0.00034931192851059566,0.0012959300861063129,0.22813670808080877
1781506199.3197465,0.016895452678877883,0.7747365532156766,0.3323141596398948,-0.05002408635218383,0.02002972882189047,-0.0751135843474193,0.016853796971604162,0.7747308147720069,0.3321147751665456,-0.04999598114019173,0.019929864430791255,-0.0752831582068962,3.401906487417422e-05,-3.815763489528023e-05,-0.00013672324449645962,-0.0005097149592304508,0.0005967576454377938,0.001110974221926463,-0.00022149929762270909,-0.00012118021426817102,0.0005666769624662702,-0.001287948084815783,-0.00026657721946340436,0.0017543969253012177,0.2037702036534513
1781506199.3296993,0.0168943884292546,0.774736675516261,0.3323105950929703,-0.050030588322537324,0.020035415532612344,-0.07510960195183666,0.016853796971604162,0.7747308147720069,0.3321147751665456,-0.04999598114019173,0.019929864430791255,-0.0752831582068962,2.4064301211859063e-05,-3.7342384472936265e-05,-0.00014858535587907275,-0.0005259305340624815,0.0005914302925071305,0.0010362060244245342,-0.00019425939563108812,-8.289996354393323e-05,0.0007066396270691574,-0.0005972893225542535,0.0006835865804685932,0.0013502230744419214,0.20006863407934483
1781506199.3397655,0.016893989003354468,0.7747357716079345,0.3323100852188647,-0.050086792851650755,0.02005577792566715,-0.07508158529554369,0.016853796971604162,0.7747308147720069,0.3321147751665456,-0.04999598114019173,0.019929864430791255,-0.0752831582068962,1.5961733304015917e-05,-5.949714626540565e-05,-0.00013400512482176778,-0.0010882612423674907,0.0007334960941461333,0.001239619421943838,-0.00022543765499517484,9.859191794443931e-05,0.0008772450344826967,-0.00016784917226988458,0.00044484790119470844,0.0015451132095275042,0.19946424786291747
1781506199.34976,0.01689360615194868,0.7747348925570574,0.33230978845064935,-0.05013308834990101,0.020072176057138513,-0.07505912509306945,0.016853796971604162,0.7747308147720069,0.3321147751665456,-0.04999598114019173,0.019929864430791255,-0.0752831582068962,9.25495795324689e-06,-7.652850497774898e-05,-0.00012060252577540109,-0.001479807789636959,0.0008198651753335452,0.0013580974527837902,-8.00061276084617e-05,7.062689313374824e-05,0.0010388165638375983,5.9231701893577415e-06,0.0007264721992230384,0.0013076155379823464,0.19907681971428842
1781506199.3597677,0.01689324051170911,0.7747340392997248,0.3323096684777809,-0.05017069223610765,0.020085154679570838,-0.07504144269856161,0.016853796971604162,0.7747308147720069,0.3321147751665456,-0.04999598114019173,0.019929864430791255,-0.0752831582068962,3.753669047302824e-06,-8.92311286399083e-05,-0.00010831512262949516,-0.0017326738875640473,0.0008621379892466842,0.0014096934701733623,-5.6550476144848476e-05,-9.776056210450636e-05,0.0010605173044492527,0.0003010778295849098,0.0009906538333304756,0.0010655870132555186,0.19887079523969736
1781506199.3697765,0.016892893016264114,0.77473321535308,0.3323096925534869,-0.05020075455914436,0.020095215654412968,-0.07502782398331234,0.016853796971604162,0.7747308147720069,0.3321147751665456,-0.04999598114019173,0.019929864430791255,-0.0752831582068962,-7.101807887410409e-07,-9.829780487970952e-05,-9.707866268630926e-05,-0.001874709814004484,0.000870213509050712,0.0014097649216184816,-3.914354749146498e-06,8.392531701061885e-05,0.0013439926212480548,0.0006323687397081083,0.0009262613906118023,0.0008792525776282062,0.198814112249552
1781506199.3797784,0.016892564673876745,0.7747324255468274,0.33230983153107396,-0.050224343417769296,0.020102814949004122,-0.07501762269332957,0.016850852396625926,0.7747305560917241,0.3321645540663184,-0.04999587109622993,0.01995307931580048,-0.0752207587828932,-4.284640882233467e-06,-0.00010433075615093401,-8.68282490877392e-05,-0.0019298165565538353,0.0008524448566393203,0.0013712289438760363,-3.226886876183608e-05,-3.566774085787586e-05,0.0009100003936075877,0.00035781065464085765,0.0012556624519457608,0.0008235461565082552,0.1511586937679644
1781506199.3897748,0.016893770284818487,0.7747291285464376,0.33231176965216735,-0.050214679891865864,0.020149961194012134,-0.07505246880758762,0.016850852396625926,0.7747305560917241,0.3321645540663184,-0.04999587109622993,0.01995307931580048,-0.0752207587828932,-1.8179881695987595e-06,-0.00010342414457522666,-5.05608230771227e-05,-0.0016060544355424886,0.0012925426552795223,0.0008675140372407722,-2.8026044597192806e-05,4.3149448019977315e-05,0.001264188732233781,0.0002781853855869348,0.0006620703193763048,0.0011210194163954453,0.15335061698378147
1781506199.3997762,0.016894759962608235,0.7747263221590552,0.3323135835432661,-0.05020509315938824,0.0201883903142841,-0.075082512814333,0.016850852396625926,0.7747305560917241,0.3321645540663184,-0.04999587109622993,0.01995307931580048,-0.0752207587828932,1.8521016069608358e-07,-0.00010138585221698892,-2.080565019905955e-05,-0.001319504505449199,0.001586914570560794,0.0004663555376737158,8.563436043074445e-05,-1.8853510031977082e-05,0.0008717845871163754,-0.0006746791352314366,0.0011359980379286147,0.0010669901142807692,0.15542067280657526
1781506199.4097407,0.01689556256922557,0.7747239595576143,0.33231528053915593,-0.050195826213127515,0.020219236035337484,-0.07510813648674114,0.016850852396625926,0.7747305560917241,0.3321645540663184,-0.04999587109622993,0.01995307931580048,-0.0752207587828932,1.7909771986038066e-06,-9.846490414323178e-05,3.3446324489872687e-06,-0.00106868103042523,0.001764040766966215,0.00015301881945073117,-0.00018123841491624835,-0.00021331425389054342,0.0007292447203636628,-0.0011743278038137245,0.0006734484300974425,0.001761556186505881,0.15735623092269596
1781506199.4197714,0.016896204529909448,0.7747219943592889,0.33231686495385787,-0.05018705239660233,0.02024355539853273,-0.07512974685889372,0.016850852396625926,0.7747305560917241,0.3321645540663184,-0.04999587109622993,0.01995307931580048,-0.0752207587828932,3.0573503662023683e-06,-9.487239513607537e-05,2.268945109503769e-05,-0.0008514926252422688,0.001848469925074784,-8.593992925885098e-05,-0.00022421705915910326,-0.00045391902080727854,-0.00013126270742890147,-0.00283634183664621,0.0008864645177886763,0.0018300331824051708,0.159150010112226
1781506199.429775,0.016896709765134656,0.774720381613332,0.3323183393122016,-0.05017888812249234,0.02026231905630449,-0.07514775874897699,0.016850155073635187,0.7747266711823978,0.33220307883671457,-0.05003032541111356,0.019988838643273832,-0.07515670210559706,4.035221012725599e-06,-9.078629577796176e-05,3.7931453760588253e-05,-0.0006654514200661424,0.0018611330023325413,-0.00026262942982552804,2.4002080140406374e-05,-0.0003781831279342196,0.0002518319445975467,-0.0024443151530774126,0.000955613366143662,0.0014208575551349538,0.1244663616771362
1781506199.4397836,0.016894063149207265,0.7747150638129663,0.33231287044888,-0.050216345236859694,0.020279974937405854,-0.07521500555158392,0.016850155073635187,0.7747266711823978,0.33220307883671457,-0.05003032541111356,0.019988838643273832,-0.07515670210559706,-1.4553294175695794e-05,-9.825418813857733e-05,7.4850909842396875e-06,-0.0009868696902082322,0.0018872348981453795,-0.0009573501544328743,2.4073953847717823e-05,-0.00037823760445689796,0.0002518229144443339,-0.002444415588700191,0.0009555070270731727,0.0014205980286962265,0.11881434352574038
1781506199.4497557,0.016893008566771225,0.7747191651256844,0.33229884545740296,-0.050238586988984854,0.020287721474615106,-0.07523119679582842,0.016850155073635187,0.7747266711823978,0.33220307883671457,-0.05003032541111356,0.019988838643273832,-0.07515670210559706,-2.1330042717546576e-05,-6.243687654240192e-05,-7.993225645725683e-05,-0.0011183736352058673,0.0017745060687757372,-0.0010250929709587134,0.00011266069379207072,-0.00015875486633683473,0.0006110361494194332,-0.0017579333691030215,0.001446886639293675,0.0007880708496245022,0.1051855902651052
1781506199.4597597,0.016892081419907227,0.7747227669853319,0.33228696260877383,-0.05025624683972514,0.02029265649561318,-0.07524379319827997,0.016850155073635187,0.7747266711823978,0.33220307883671457,-0.05003032541111356,0.019988838643273832,-0.07515670210559706,-2.649996120909341e-05,-3.289256177578159e-05,-0.00014909573319616765,-0.0011862912627652808,0.0016414688933104285,-0.0010477921237736693,0.00013681995668939707,-0.00011806698471278652,0.0006908471578665414,-0.0014038752645174307,0.0017109474148602035,0.0005461013739795714,0.09385919497492731
1781506199.4697642,0.01689126992907966,0.7747259213847154,0.33227694528935525,-0.05026999020023729,0.020295349954329023,-0.07525335121488422,0.016850155073635187,0.7747266711823978,0.33220307883671457,-0.05003032541111356,0.019988838643273832,-0.07515670210559706,-3.031445155894997e-05,-8.758396916227926e-06,-0.0002027291211290097,-0.0012047069506924968,0.0014968570085520307,-0.0010361199121444694,-4.151423457145068e-05,-0.00011895888358872861,0.0006859512372958267,-0.0014286097853762213,0.0016478651859888939,0.0006570513861132669,0.0845413884467391
1781506199.4797122,0.01689056320826605,0.7747286753190303,0.33226854763021973,-0.05028042285998613,0.02029629022583812,-0.07526037098044794,0.016847606907713863,0.7747136169947044,0.33222437545369277,-0.05014857911815598,0.02005121224998363,-0.0750975464218817,-3.299250712066655e-05,1.0726840473124137e-05,-0.00024321578122955782,-0.001185528592941029,0.0013475310496997874,-0.0009990136504302314,-0.00018329220835600516,-8.243164376483824e-05,0.0007606201422831519,-0.0010936014403297432,0.002134671617754244,0.0003222892402361896,0.06342852723943616
1781506199.4897068,0.016891649317551122,0.7747273009212946,0.3322832194214044,-0.05027413563050257,0.020288370062556016,-0.07530930584615213,0.016847606907713863,0.7747136169947044,0.33222437545369277,-0.05014857911815598,0.02005121224998363,-0.0750975464218817,-2.167208868372502e-05,2.100699098169515e-05,-0.0001364508562897035,-0.0009766138249097367,0.0011409222832216594,-0.0014277351365187315,0.00012918915164814973,0.0002715228896777586,0.0013000672014129087,0.0005292375808346065,0.0019034141744701484,-0.0004060343438690991,0.07476360242285884
1781506199.4997103,0.016892581075892737,0.7747262251196891,0.33229593350509934,-0.05026792266663399,0.020280728499134426,-0.07534910216246951,0.016847606907713863,0.7747136169947044,0.33222437545369277,-0.05014857911815598,0.02005121224998363,-0.0750975464218817,-1.2309753318633983e-05,2.8993439908050727e-05,-4.901387002168505e-05,-0.00079334555714627,0.000954889877537987,-0.0017098804640653712,8.774358487836639e-05,8.306241237354274e-05,0.0007391954211663089,-0.00031805630546552033,0.0013596424281607082,-0.00041230903057130696,0.08545288374371851
1781506199.509706,0.016893379694937448,0.7747254102543365,0.33230690891029097,-0.0502619355073281,0.02027350477513723,-0.07538096194809685,0.016847606907713863,0.7747136169947044,0.33222437545369277,-0.05014857911815598,0.02005121224998363,-0.0750975464218817,-4.637944769313934e-06,3.503737036727018e-05,2.1799250590464448e-05,-0.0006343106305143465,0.0007893661814359218,-0.0018744781961144744,2.542359794135751e-05,0.00010523348917009407,0.0006049622338502525,-0.0004292150339500163,0.0014719604070366817,-0.0006310338811678286,0.09511046462409882
1781506199.5197647,0.016894063393623787,0.7747248193920447,0.3323163443324445,-0.05025628150187885,0.02026679178975055,-0.07540600307648676,0.016847606907713863,0.7747136169947044,0.33222437545369277,-0.05014857911815598,0.02005121224998363,-0.0750975464218817,1.5795446346734562e-06,3.944531641698929e-05,7.836990402362993e-05,-0.0004977866955190422,0.0006437392957232904,-0.0019464960397429626,0.00017329830915716502,5.696456713244616e-05,0.0004620020089702552,-0.0005546559000252735,0.0014733616876708633,-0.001044554009589009,0.10364349206834327
1781506199.5297582,0.016894647825274403,0.7747244173870648,0.33232441955785247,-0.05025103195101585,0.020260645178811654,-0.07542524977528975,0.01685098559001147,0.7747177415186848,0.33226257296633477,-0.050169221271524504,0.02012968823889949,-0.07512193852677188,6.550763769823795e-06,4.248408495287837e-05,0.00012279027956094217,-0.00038186692853560086,0.0005170062416784572,-0.001947175608302372,5.1029201834024404e-05,0.00016158217972955173,0.0004502954134322981,-0.0004231880437483109,0.001210362212538924,-0.0008530860073455996,0.0759997295333347
1781506199.5397532,0.016895146447817998,0.7747241715981531,0.33233129684285967,-0.05024622919442913,0.020255091135005898,-0.0754396280712281,0.01685098559001147,0.7747177415186848,0.33226257296633477,-0.050169221271524504,0.02012968823889949,-0.07512193852677188,1.0458520198318664e-05,4.438521025685203e-05,0.00015689388694680335,-0.0002845585153945969,0.0004078984405000069,-0.0018943852402529555,7.504245074335745e-05,0.0002326976322562341,0.00045788365061034855,-0.0007383730095481523,0.0018097871590091537,-0.0012702095850417251,0.08194204347456327
1781506199.5497596,0.016894584773208803,0.7747411406933388,0.332327926856143,-0.05025616844778158,0.02025096355347422,-0.07544526406850366,0.01685098559001147,0.7747177415186848,0.33226257296633477,-0.050169221271524504,0.02012968823889949,-0.07512193852677188,6.757784941516577e-06,0.00015126505168539618,0.0001236321102790756,-0.0003607479127972637,0.0003214378532022197,-0.0017512762637914999,0.00016919959062597814,-7.358913942700514e-05,-9.709357164661036e-05,-0.001380311213000353,0.0017918484299429384,-0.0016623205978442078,0.08197280685097579
1781506199.5597594,0.016894101135402895,0.7747557068168681,0.3323249769868051,-0.05026416414550623,0.020247277742350356,-0.07544838323685034,0.01685098559001147,0.7747177415186848,0.33226257296633477,-0.050169221271524504,0.02012968823889949,-0.07512193852677188,3.701306035976748e-06,0.00023514863713324972,9.536390459617591e-05,-0.0004079589952609927,0.0002478565450061901,-0.0015961125675842765,0.0002296665838247315,9.160754388665982e-05,0.00033941311867906554,-0.0008471709095005119,0.0019241348914255032,-0.0019865034652162663,0.08482084585412177
1781506199.5697455,0.016893686591923144,0.7747681536185687,0.332322399921105,-0.050270484757558735,0.020244023866023975,-0.07544953125253535,0.01685098559001147,0.7747177415186848,0.33226257296633477,-0.050169221271524504,0.02012968823889949,-0.07512193852677188,1.2007475237462012e-06,0.00029950855547127545,7.146259050368982e-05,-0.0004321654124456231,0.00018593953846817815,-0.0014361638797059759,6.69088453564888e-05,-0.000204605553214491,-0.00010513438969746905,-0.0011393335223749766,0.0022445416406524765,-0.0020235778095417465,0.08912923143416139
1781506199.5797672,0.01689333298246819,0.7747787359113729,0.3323201532941982,-0.050275377286191206,0.020241182718145234,-0.07544917092809776,0.016858713023891247,0.7747162618639927,0.33226508626788764,-0.050226452971018215,0.02020541929196651,-0.07519973883131184,-8.218484064607295e-07,0.0003473798925006352,5.136975365800452e-05,-0.0004384726929416652,0.0001344571648987485,-0.001277008152158196,0.00040540502794052155,-5.0548434490600594e-05,-9.129891779053883e-05,-0.0008703823892147577,0.001480519860854459,-0.002496888256628996,0.09018827814424062
1781506199.5897605,0.016888583546610724,0.774775950309059,0.33232530724712694,-0.05025095686182217,0.020232067921584163,-0.0755057969940237,0.016858713023891247,0.7747162618639927,0.33226508626788764,-0.050226452971018215,0.02020541929196651,-0.07519973883131184,-2.8527833555917564e-05,0.00033254494173326656,7.746605144568953e-05,-0.00011148602025931191,5.149254454204488e-05,-0.0017598779563120994,0.0003857766754211978,9.945340834380529e-07,-1.8095616857937406e-05,-0.0008708317706300088,0.0010990690258593358,-0.0022111835677970674,0.08989730219817527
1781506199.5997636,0.016884537870302987,0.7747735381507235,0.33232967436498795,-0.05023028161381813,0.020224436807742885,-0.07555180805183004,0.016858713023891247,0.7747162618639927,0.33226508626788764,-0.050226452971018215,0.02020541929196651,-0.07519973883131184,-5.0407977980095304e-05,0.00031642215947074283,9.743388516085019e-05,0.0001365663174432953,-1.2077164792920507e-05,-0.002073503236397734,0.0005184666003440565,3.5741756331448475e-05,6.333255840577232e-05,-0.0005952526812014844,7.376305196099206e-06,-0.0021942480038151845,0.09010614851882863
1781506199.6097572,0.016881109715470417,0.774771465158346,0.3323333524187335,-0.050212978545248046,0.020218125957116806,-0.07558860616255807,0.016858713023891247,0.7747162618639927,0.33226508626788764,-0.050226452971018215,0.02020541929196651,-0.07519973883131184,-6.7334050232972e-05,0.00029946983268065074,0.00011222893972462214,0.00031868580656645406,-5.937544013847259e-05,-0.0022517345642361795,0.00029308343407398425,0.0001875105048825773,0.0002752265579260861,-0.0006201985605850629,-0.0009044074676558076,-0.0014326994028575893,0.09060509286165963
1781506199.619772,0.01687822152845053,0.7747696952244449,0.3323364293005595,-0.050198675850139374,0.020212976854703912,-0.07561749403327428,0.016858713023891247,0.7747162618639927,0.33226508626788764,-0.050226452971018215,0.02020541929196651,-0.07519973883131184,-8.006865582950276e-05,0.00028206637300849614,0.0001226839576980353,0.00044641882191649154,-9.318784218286544e-05,-0.0023236411248467176,0.0004672232975301648,0.00022913399087804052,0.00035664604563436544,-0.00021452434930260716,6.914691493471866e-05,-0.002008053558128009,0.09124436459409878
1781506199.629762,0.01687580381362255,0.7747681921829597,0.33233898372829274,-0.05018701279699531,0.02020883898746595,-0.07563966426908365,0.01688008013305775,0.7747225365493946,0.3322799705042958,-0.050243896768281046,0.020216489836209384,-0.07530315019914326,-8.927710414146937e-05,0.00026452127547545916,0.00012952243512238175,0.0005299054066431369,-0.0001159705311192281,-0.0023139138698077366,0.00041592444633555036,0.0004010614273629094,0.0008802829042106315,0.000463531433169781,0.00012979329384570472,-0.0018219246763367108,0.07473476025686608
1781506199.639763,0.01687122330400229,0.7747658434924217,0.3323406636582657,-0.05009421942028114,0.020190095598245472,-0.07570845247467278,0.01688008013305775,0.7747225365493946,0.3322799705042958,-0.050243896768281046,0.020216489836209384,-0.07530315019914326,-0.00010789146423144353,0.00027227593759033555,0.0001240485842249002,0.0015002774399166911,-0.00026989049447160424,-0.0028214255468431097,0.0002492807636395513,0.000397266525476695,0.000871257358450745,0.0004397738490111581,0.0003585664158526165,-0.0019149579011725358,0.07508391088698795
1781506199.6497798,0.016867385269355314,0.7747639671804466,0.3323419909208365,-0.05001749652190066,0.0201747137476338,-0.07576373521782456,0.01688008013305775,0.7747225365493946,0.3322799705042958,-0.050243896768281046,0.020216489836209384,-0.07530315019914326,-0.00012146747836115781,0.00027505115955291055,0.0001180825021662963,0.0021862787213826596,-0.0003778224594247053,-0.003124456842628341,0.000512148802652356,0.00044741539409573776,0.0007149936092513911,0.00044593075495980304,0.00020609107157200488,-0.0025140374597251596,0.07565836914492982
1781506199.659758,0.01686419377213099,0.7747625052340811,0.3323430152899583,-0.04995491508552051,0.020162270184747255,-0.07580738521126602,0.01688008013305775,0.7747225365493946,0.3322799705042958,-0.050243896768281046,0.020216489836209384,-0.07530315019914326,-0.000130826821737252,0.00027379385576666195,0.00011179686646420679,0.0026404326391127747,-0.00044834464136250026,-0.0032659831023628457,0.0003896032830574208,0.0004913068737090844,0.0007947616756447977,0.0007999228738770343,0.00047020768465504646,-0.002566588190764521,0.07631852473870096
1781506199.669764,0.01686156271164644,0.7747613992437327,0.33234378188577857,-0.04990464259866783,0.020152367728586862,-0.07584112411517685,0.01688008013305775,0.7747225365493946,0.3322799705042958,-0.050243896768281046,0.020216489836209384,-0.07530315019914326,-0.00013668254265563118,0.000269315279887973,0.00010533434706286515,0.0029084395517857053,-0.0004889079485413597,-0.0032826251356783535,0.0005693247534967036,0.00037335021644533333,0.0006593130239798118,0.0010753582776462723,0.0002272760863437041,-0.003200185623705662,0.07697464721371419
1781506199.6797688,0.016859415173325166,0.7747605927421901,0.3323443312344573,-0.04986496903274774,0.020144639526991748,-0.07586651327031826,0.01689982293255271,0.77474735851837,0.33231595196143954,-0.05021446892763075,0.020236130047498024,-0.07542555306118139,-0.00013965145159868845,0.00026230750136031604,9.881171685938912e-05,0.0030296365918074763,-0.0005059148011349211,-0.0032052401004280576,0.0003910011675763269,0.00039393482744124586,0.0004240360926307087,0.0007531225110507188,0.000165398005192296,-0.0030890484626213575,0.051120590987671584
1781506199.6897113,0.016857682759344003,0.7747600328151847,0.332344699418109,-0.049834322954318576,0.020138751425892165,-0.07588495114376224,0.01689982293255271,0.77474735851837,0.33231595196143954,-0.05021446892763075,0.020236130047498024,-0.07542555306118139,-0.0001402652863007818,0.00025335814251817014,9.232347966532739e-05,0.003037516363888369,-0.0005048068584558431,-0.0030595219995334737,0.0003239657143667392,0.00025344926746762324,0.0004206074120304801,0.0011298504635229617,4.1527614642337105e-05,-0.0034194337633163636,0.05256280303380998
1781506199.6997073,0.01685992152525224,0.7747625966807351,0.33234200578009043,-0.04988345760937309,0.020138276219627604,-0.07584689678796308,0.01689982293255271,0.77474735851837,0.33231595196143954,-0.05021446892763075,0.020236130047498024,-0.07542555306118139,-0.00011818521782262186,0.00023171897645352064,6.925328258125623e-05,0.00216114370976351,-0.00047565750761474493,-0.0023109289604156505,0.0004246738820505415,0.0003515888662898709,0.0005157812468607996,0.0018108647451236751,0.00040657648697734014,-0.004038258552311496,0.050031243869389945
1781506199.709707,0.0168619257656493,0.774764780652862,0.3323396221385711,-0.049926726165487004,0.02013842020203116,-0.07581279164193043,0.01689982293255271,0.77474735851837,0.33231595196143954,-0.05021446892763075,0.020236130047498024,-0.07542555306118139,-9.896240493141908e-05,0.00021141152018221731,4.9855638331231924e-05,0.001445352096541393,-0.00044079837209879476,-0.001686775840710511,0.0003268057495498655,0.00035786942467936017,0.00036754089152244514,0.0015510325344930808,-0.00036541159063565443,-0.0038917238986324234,0.0479583497944242
1781506199.719706,0.01686371406011785,0.7747666073082444,0.33233752005736716,-0.04996441507626589,0.020139024108524417,-0.0757825791178455,0.01689982293255271,0.77474735851837,0.33231595196143954,-0.05021446892763075,0.020236130047498024,-0.07542555306118139,-8.227689267285779e-05,0.0001924304408704108,3.365200874594093e-05,0.0008694713067088315,-0.00040261489539913107,-0.0011729464361321692,0.00010040070266256474,0.00039735584839770827,0.000700545038636957,0.0023288738340804228,0.00022407529259708164,-0.003923889270303187,0.04625526285831545
1781506199.7297306,0.016865304397424473,0.7747681040621072,0.33233567296092165,-0.04999689170250073,0.020139956001115955,-0.07575611024680211,0.01691364137104967,0.7747630957595067,0.3323413615085346,-0.050136704021031306,0.0202560576892572,-0.07560783716728196,-6.78396796242947e-05,0.0001747546509194223,2.0217764821719987e-05,0.0004141841745297408,-0.0003629855016715054,-0.0007558440092879386,0.00022460647395004717,0.0004978123471811898,0.0007026843935074073,0.0027671438424786113,-0.00027450224392023496,-0.003507917593833227,0.048927555509398514
1781506199.7397516,0.01686663613949108,0.7747721944121881,0.3323371832953401,-0.049988332086898776,0.02011122902755136,-0.07569603744342797,0.01691364137104967,0.7747630957595067,0.3323413615085346,-0.050136704021031306,0.0202560576892572,-0.07560783716728196,-5.2255839455822685e-05,0.00016744953508774662,1.740601664524779e-05,0.000449266449287352,-0.0006693327716563941,-3.4134222987547815e-05,0.0002983667707901208,0.0003014328876861258,0.0006594032185416141,0.0027826898598196422,-9.04160831664445e-05,-0.0032436894625742603,0.04805969974929053
1781506199.7497523,0.016867827952374133,0.7747755609812641,0.3323384024119616,-0.04998154625746813,0.02008768230512148,-0.07564551051069894,0.01691364137104967,0.7747630957595067,0.3323413615085346,-0.050136704021031306,0.0202560576892572,-0.07560783716728196,-3.9083416410772134e-05,0.0001594634285894481,1.492826879313998e-05,0.00046325660967098947,-0.0008805457080320442,0.0005075532121313482,0.00011722752017003088,4.432260058948912e-05,0.0002179717326057956,0.001795116256119846,0.00015521424822683046,-0.002609858093677302,0.04757107668245857
1781506199.7597592,0.016868893053849802,0.7747782898636995,0.3323393681242943,-0.0499762749574505,0.02006866158013132,-0.07560351898437094,0.01691364137104967,0.7747630957595067,0.3323413615085346,-0.050136704021031306,0.0202560576892572,-0.07560783716728196,-2.8013722266748916e-05,0.00015103183314514384,1.2750043015500695e-05,0.0004610597518125801,-0.001014696547257631,0.000899528437407377,-1.0055682291360208e-05,0.00020294440037878813,0.0004365188507842688,0.0018468812187933388,1.5879024848186336e-05,-0.0019956932108668606,0.04729953779021742
1781506199.769768,0.016869843212793716,0.7747804624238428,0.3323401159138839,-0.04997228253560799,0.02005355273486864,-0.07556907213450502,0.01691364137104967,0.7747630957595067,0.3323413615085346,-0.050136704021031306,0.0202560576892572,-0.07560783716728196,-1.877230669610085e-05,0.0001423494480106468,1.0839865850093693e-05,0.0004467942969269181,-0.0010874355261945112,0.0011685998719506722,0.00011935657584609931,-4.3585121464516115e-05,-0.00023683631668883068,0.0005102932138526439,-0.0004467776342553407,-0.0016226982888669905,0.04713206130447199
1781506199.7797644,0.016870688990310724,0.7747821544214446,0.3323406785223911,-0.04996935747016408,0.020041788537278782,-0.07554122113351029,0.016917406010939717,0.7747758779459973,0.33236191363514594,-0.05003946536651733,0.02025438142650704,-0.07572519106771455,-1.1115682198190522e-05,0.00013357575028137038,9.169074798430194e-06,0.0004238764758170843,-0.0011121697890449185,0.0013382183867720096,0.00021119902965222888,0.0003005156961813994,0.00027432122311386544,0.0009172658561767151,-0.0008790494187207497,-0.00110138719150867,0.05169916995660479
1781506199.7897623,0.016871439932090074,0.7747834354824104,0.33234108572272314,-0.04996731209981911,0.02003285241503372,-0.07551907451918533,0.016917406010939717,0.7747758779459973,0.33236191363514594,-0.05003946536651733,0.02025438142650704,-0.07572519106771455,-4.828302632493208e-06,0.00012483992091131692,7.711627110984355e-06,0.00039510285843508337,-0.0011002588310443145,0.0014286772365872966,-0.00010219902774718698,-8.55961724961543e-05,-0.00036087948985086233,2.7422357984890127e-06,-0.00017919977395873055,-0.00015085587936997447,0.05102743083222742
1781506199.799764,0.016871800209794074,0.7747854515002451,0.33233496199538554,-0.05006662465745803,0.02005500875610866,-0.07551438544905976,0.016917406010939717,0.7747758779459973,0.33236191363514594,-0.05003946536651733,0.02025438142650704,-0.07572519106771455,-6.393185005433998e-06,0.000113883370364398,-2.2810899823186757e-05,-0.00073328744645294,-0.0007412673581763365,0.0013359230836005533,0.00015809367479690303,-0.00010884398418071791,-0.0001596625817694699,-0.00022821993887204488,-0.0006457189363878311,5.434564738381712e-05,0.05383245233914551
1781506199.8097563,0.016870939916022194,0.7747862116478094,0.33232741582603215,-0.050107516163951184,0.020092427090868448,-0.07551231797575109,0.016917406010939717,0.7747758779459973,0.33236191363514594,-0.05003946536651733,0.02025438142650704,-0.07572519106771455,-1.7091828461179886e-05,0.0001051471558476083,-5.500338720097895e-05,-0.0011001557322196892,-0.00025354746086882587,0.0012330726943068715,-5.19031335011868e-05,5.917103467467157e-06,4.953818197794132e-06,2.4945426586204453e-05,6.297159070546527e-05,0.00018614659477071807,0.058787602465794245
1781506199.819769,0.016870194769681036,0.7747866979070956,0.3323210015487636,-0.050140922015681544,0.02012407514694492,-0.07551172268313142,0.016917406010939717,0.7747758779459973,0.33236191363514594,-0.05003946536651733,0.02025438142650704,-0.07572519106771455,-2.5463841374528395e-05,9.68016361512068e-05,-8.014970301556062e-05,-0.0013449212778587467,0.00011882691675559455,0.0011222601855699135,3.7490928255610366e-05,0.00015674687745123738,0.00025198817487277487,0.0004587789650790784,-0.0008709760484522181,0.0005483120589346621,0.06340166931170796
1781506199.82976,0.01686954829183273,0.7747869605931885,0.3323155867827332,-0.0501678048089043,0.02015053332753447,-0.07551224653254175,0.016916190487496263,0.7747801316063804,0.3323662867625231,-0.05002604513043767,0.0202222234639442,-0.07571485474928599,-3.186201584834535e-05,8.887550197580964e-05,-9.932091211708663e-05,-0.0014915000226780497,0.0003945833765008417,0.0010085145797833017,-2.224263241303688e-05,0.00023995161303167785,0.0003847499654308278,0.0007060118033452437,-0.0009042225664882713,0.0005747654141306898,0.06922873267536986
1781506199.8397586,0.016878651854891364,0.7747878760070679,0.33232043264399286,-0.0502336462060368,0.020143838922176638,-0.07540820414278021,0.016916190487496263,0.7747801316063804,0.3323662867625231,-0.05002604513043767,0.0202222234639442,-0.07571485474928599,2.6577457287462115e-05,3.915664904254837e-05,-6.39328256170775e-05,-0.0020703325287668426,0.00022142239971684982,0.0020289187963748795,-0.00012670736378250292,0.0002052323327915463,0.0003066229607980467,0.00040392607738269355,-0.0004587742187030677,0.000780737671454522,0.05976390939388816
1781506199.8497589,0.01688171096424071,0.7747816111462245,0.3323240609109758,-0.05024378993551509,0.020144830476249265,-0.07533294119509598,0.016916190487496263,0.7747801316063804,0.3323662867625231,-0.05002604513043767,0.0202222234639442,-0.07571485474928599,4.261975019401835e-05,-3.424126832821455e-05,-3.6057181292477826e-05,-0.0019716003759376586,0.0001667828708034497,0.002628409552272054,-0.00021527354128210072,-1.4122006057522456e-05,-5.24999230727777e-05,-0.00028231364116948867,-0.0009502363597633575,0.0014132192310568816,0.05453484299944195
1781506199.8597696,0.0168842895905069,0.7747759912861479,0.3323272131942083,-0.05025055981923678,0.020145390017072717,-0.07527204163956791,0.016916190487496263,0.7747801316063804,0.3323662867625231,-0.05002604513043767,0.0202222234639442,-0.07571485474928599,5.4958036734225645e-05,-9.272927420572296e-05,-1.3222481321656356e-05,-0.001843656560969376,0.00012127262348858695,0.003005640565417811,-0.000267097847300369,1.3298797833095138e-05,-0.00027787437018963107,-0.0005546461503543544,-0.0008862199139892096,0.00159935567238829,0.05061178934994498
1781506199.8697596,0.016886449938629002,0.7747709545574587,0.33232994244602665,-0.05025461649520435,0.020145610418125015,-0.07522357106767555,0.016916190487496263,0.7747801316063804,0.3323662867625231,-0.05002604513043767,0.0202222234639442,-0.07571485474928599,6.416650778844368e-05,-0.00013850690100893689,5.276145024417146e-06,-0.0016973273805898866,8.384973071300375e-05,0.0032060141375875747,-0.00025472379575547334,0.00017637043404637674,0.0002367505350068796,9.971643853894313e-05,-0.0005968046672733308,0.0013951178701348006,0.04785005554261836
1781506199.879756,0.016888247495647876,0.7747664487892982,0.33233229652516894,-0.050256529218100476,0.020145570608940178,-0.07518573988031835,0.016908168166128,0.7747835996686199,0.33236983757382177,-0.050030239351469614,0.020173700193216293,-0.07565191651242595,7.074576631996388e-05,-0.0001735009277204478,2.0059491498539776e-05,-0.0015412279266130173,5.351179942449605e-05,0.003268389722314504,-0.0002907080059589678,0.0001386181331664158,0.0001611137704852174,-0.00025536983467439,-0.0011525186449937066,0.0018414091361564895,0.04582920583904489
1781506199.8897533,0.016889731581038223,0.7747624290595173,0.33233431862520035,-0.05025678319251834,0.020145336892587462,-0.07515691596434271,0.016908168166128,0.7747835996686199,0.33236983757382177,-0.050030239351469614,0.020173700193216293,-0.07565191651242595,7.513099774005477e-05,-0.00019939475994049677,3.167299102697135e-05,-0.0013820806770657214,2.931358142559308e-05,0.0032256607548861865,-0.0005120175081693967,2.5527220080641463e-05,-7.906406170947011e-05,-0.0012126975401586528,-0.0002339437012071851,0.0022910637178117847,0.04527359131675848
1781506199.8997598,0.016886043397624947,0.7747622678826704,0.33233223215985613,-0.05023220371185864,0.02011562525763222,-0.07518112186653503,0.016908168166128,0.7747835996686199,0.33236983757382177,-0.050030239351469614,0.020173700193216293,-0.07565191651242595,5.145065456594236e-05,-0.0001750000567640905,4.519239329665995e-06,-0.0009575052333578972,-0.0002845352374571161,0.002593351479043403,-0.0004906652877757953,-0.0002114810401185232,-0.0002054580026234217,-0.0015240055279571773,0.0003375730239955285,0.0025718772875645865,0.04856663085527845
1781506199.909754,0.01688285698626525,0.7747620958410533,0.33233040143126513,-0.05021069889197742,0.02009077670091508,-0.07520387373317249,0.016908168166128,0.7747835996686199,0.33236983757382177,-0.050030239351469614,0.020173700193216293,-0.07565191651242595,3.1788778788921855e-05,-0.00015319921558177836,-1.7336326873661447e-05,-0.0006131794518585638,-0.0005119048630396572,0.0020485949130948514,-0.0006019590129694107,-0.0002160088902301855,-0.0004982505352126691,-0.0021536633601209683,-0.0007376683361715068,0.003612529692200096,0.05155850818057218
1781506199.919781,0.016880117132452264,0.7747619359820247,0.33232879267960347,-0.05019208641399797,0.020070252090506058,-0.07522491323581584,0.016908168166128,0.7747835996686199,0.33236983757382177,-0.050030239351469614,0.020173700193216293,-0.07565191651242595,1.5601956682657453e-05,-0.00013375689596336807,-3.4661719790185347e-05,-0.00033840622155477867,-0.0006682543706629505,0.0015843504902818737,-0.0007175218617525884,-0.00022285559870504148,-0.00025398016468102495,-0.0018079179238936081,-0.0009045986636931997,0.004188740049284903,0.05422968881122929
1781506199.9297543,0.016877772927634496,0.7747618036198991,0.33232737812626784,-0.050176150528259425,0.02005352909270619,-0.07524409371248407,0.016881401881819802,0.7747754674944168,0.33235413483142345,-0.05010940234920948,0.02013519754140347,-0.07549160987438587,2.4099178384789515e-06,-0.00011645428806682291,-4.813088089596649e-05,-0.0001232669511397544,-0.0007671108520980146,0.0011931390166827678,-0.0005104812807704036,-0.00016693859484776552,-0.00030954715788205137,-0.0016223472806510047,-0.0008883011745930787,0.003981824367877932,0.03026205621070779
1781506199.9397423,0.016875777729772633,0.774761707998043,0.3323261347303834,-0.05016265633038927,0.020040112266795695,-0.07526135618169036,0.016881401881819802,0.7747754674944168,0.33235413483142345,-0.05010940234920948,0.02013519754140347,-0.07549160987438587,-8.210832878372103e-06,-0.00010108862490513544,-5.833369468680552e-05,4.130219205856654e-05,-0.0008201835266685077,0.0008673574007521628,-0.00029557256898125504,-0.0003172614101471322,-0.00034674347011239394,-0.0013654360543414396,-0.0013607090987470868,0.0038023149653942656,0.031701111730718864
1781506199.9497116,0.016871402985514435,0.7747593373578918,0.3323181610743283,-0.05015555180061629,0.02008178038745201,-0.07534557078314288,0.016881401881819802,0.7747754674944168,0.33235413483142345,-0.05010940234920948,0.02013519754140347,-0.07549160987438587,-3.9533358193270755e-05,-7.572043240921375e-05,-8.968508098160607e-05,0.00013272412998074467,-0.00023022403849713583,-0.00012255860857944513,-0.00019615135103909516,-3.2356916601532617e-05,-0.0001333143373048542,-0.0006206161375179528,-0.0008992045423143173,0.0031346235844057256,0.04067272342959926
1781506199.9596941,0.016876736053024314,0.7747635090529927,0.3323171515631938,-0.05016153117915661,0.02009915968653564,-0.07534835285811625,0.016881401881819802,0.7747754674944168,0.33235413483142345,-0.05010940234920948,0.02013519754140347,-0.07549160987438587,-5.100788718462058e-06,-4.365773806935806e-05,-8.361752784984753e-05,5.354063253688148e-05,-1.4085157226527369e-05,-0.00012999397779705712,-0.00017795092372018998,-0.00018154520038940242,-0.00043521117135091465,-0.0007835000703005941,-0.0009258446079381056,0.0025940703868071948,0.03914762328148049
1781506199.9697278,0.016881308717690065,0.774767121174167,0.3323163481614862,-0.05016660718869801,0.02011379609824382,-0.07535057432544445,0.016881401881819802,0.7747754674944168,0.33235413483142345,-0.05010940234920948,0.02013519754140347,-0.07549160987438587,2.2605385799857055e-05,-1.7365479986321675e-05,-7.768714011370643e-05,-7.254534528007233e-06,0.00014824588326138116,-0.0001320067974799526,-9.137583165958853e-05,-6.408761784603465e-05,-0.00012069815430826318,-2.367617587795037e-05,-0.0006623534366980572,0.0018265133606146901,0.03869757313081492
1781506199.979728,0.01688521152960782,0.7747702379971528,0.33231572456449915,-0.050170867378298366,0.020125976723064598,-0.07535231492496919,0.016881401881819802,0.7747754674944168,0.33235413483142345,-0.05010940234920948,0.02013519754140347,-0.07549160987438587,4.456072567081249e-05,3.9612771852126606e-06,-7.194200910878957e-05,-5.260779356292339e-05,0.00026581710113326345,-0.00012990157856871507,8.654937111238445e-05,1.684681770932294e-05,1.9358761708397928e-05,4.8036882557618775e-05,-0.0007375395448972259,0.0006883174989270737,0.03895137562524982
1781506199.9897432,0.016888526109198387,0.7747729173579689,0.3323152561151212,-0.05017439967967969,0.020135983896250265,-0.07535364756882285,0.016870166637352413,0.7747732163644331,0.33235061997882664,-0.05013029257574454,0.02008201163530532,-0.0753532662759905,6.162125343343966e-05,2.1031631868356566e-05,-6.641839387725362e-05,-8.514949262660438e-05,0.0003466330652624641,-0.00012476847125863358,-8.233497464026555e-06,-4.0579164099410295e-05,-5.772117256915721e-05,-1.9741060681565015e-06,-0.0002997050387167825,0.00019282420302363753,0.039846737225354395
1781506199.9997194,0.016891325791903562,0.7747752112096329,0.3323149200282742,-0.05017728990378109,0.020144088654522774,-0.07535463805727027,0.016870166637352413,0.7747732163644331,0.33235061997882664,-0.05013029257574454,0.02008201163530532,-0.0753532662759905,7.453618323945108e-05,3.446876218096099e-05,-6.114259537490902e-05,-0.00010720115457349923,0.00039769741712892827,-0.00011750717151071185,6.087241404952172e-05,0.00010472625848628245,-6.544928717690934e-05,0.00037438976314846964,-0.00040309801370948766,-5.8530059361928205e-05,0.04154727064608971
1781506200.0097075,0.016890078007581518,0.7747722248617338,0.3323209931024131,-0.0501260081969743,0.02008307406651344,-0.07534532412477404,0.016870166637352413,0.7747732163644331,0.33235061997882664,-0.05013029257574454,0.02008201163530532,-0.0753532662759905,7.038600416518191e-05,1.6212760900393494e-05,-4.22582236132912e-05,0.000462395941704933,-0.00031599823209129747,-3.653786975890363e-05,-1.323645554348761e-05,8.697190984418565e-05,7.608436333458515e-05,0.00024725584490807747,-0.00037489898909835484,7.142463969006055e-05,0.035709908261257
1781506200.0197577,0.01688899815847157,0.7747696722382795,0.3323261453148441,-0.05008330039456948,0.020032046617432187,-0.07533747367590492,0.016870166637352413,0.7747732163644331,0.33235061997882664,-0.05013029257574454,0.02008201163530532,-0.0753532662759905,6.616248968568383e-05,1.3519010577141509e-06,-2.6562902360221864e-05,0.0008765188809651092,-0.0008420962214553101,2.5130384505705174e-05,5.189432514416672e-05,-5.886198501214595e-06,-4.924052130506358e-06,-2.4802118668974896e-05,-6.297577575271564e-05,-0.00018610714698694556,0.031083696609500642
1781506200.0296988,0.016888071585707317,0.7747675013765957,0.3323304797934161,-0.05004818566353115,0.01998989902275139,-0.07533093415211241,0.016870166637352413,0.7747732163644331,0.33235061997882664,-0.05013029257574454,0.02008201163530532,-0.0753532662759905,6.193361972862885e-05,-1.0595128206204175e-05,-1.3626540894290445e-05,0.0011628145859133316,-0.0012132329663866006,7.064884945932098e-05,0.00015550255489060839,-6.412142712711497e-05,-9.341010420254559e-05,-0.00011532184443479317,4.1203276379971026e-07,-0.0002009870240187118,0.027547691916815293
1781506200.039695,0.016887282995775615,0.7747656651775328,0.33233409405747233,-0.050019721275290814,0.019955558551271846,-0.07532555547348785,0.016870862560714184,0.7747741624016943,0.332351069608753,-0.050124690470442546,0.020073604606527073,-0.07535233255226637,5.77540346141947e-05,-2.0051631519114192e-05,-3.0689151092628098e-06,0.0013454969502401412,-0.0014581035242176956,0.00010282075508618436,-2.3668748247334526e-05,8.030794203772637e-05,0.00012271194954539068,0.00015496454373885993,0.00016471380480638325,-7.61575381110959e-05,0.02509985751633205
1781506200.049717,0.01688441047936226,0.7747619945997287,0.33232902033347567,-0.04990860852854813,0.01995721387900362,-0.07537144838247821,0.016870862560714184,0.7747741624016943,0.332351069608753,-0.050124690470442546,0.020073604606527073,-0.07535233255226637,3.7568500623222676e-05,-8.537201624802616e-06,-3.562162130025639e-05,0.0024216189961368565,-0.0012556878095161467,-0.0004078007796267856,1.048741425002968e-06,4.837145318500059e-07,-6.029846572610126e-06,-8.42906398215981e-06,-9.226151871812465e-06,4.725086704286413e-07,0.02859671387805201
1781506200.0597205,0.016881960066001477,0.7747590056582008,0.3323246132350304,-0.04981737039918827,0.019959780256777027,-0.07540973234687424,0.016870862560714184,0.7747741624016943,0.332351069608753,-0.050124690470442546,0.020073604606527073,-0.07535233255226637,2.088806481752173e-05,8.144485737059894e-07,-6.130269776068781e-05,0.0031616317220680783,-0.0010696559721061695,-0.0007792364556722046,-3.921845586095845e-05,-1.4018279018102253e-06,-5.819459111317546e-06,1.70897971446298e-05,0.00034660665159777775,-1.7694768148825564e-05,0.03244720646650727
1781506200.069736,0.016879878784119492,0.7747566175641062,0.33232080216075266,-0.04974352105412684,0.019962958180334223,-0.07544126701010663,0.016870862560714184,0.7747741624016943,0.332351069608753,-0.050124690470442546,0.020073604606527073,-0.07535233255226637,7.232785790310692e-06,8.311382394280922e-06,-8.114200904493157e-05,0.0036295536480884585,-0.000900991467498906,-0.0010362159516552434,-5.641788138741157e-05,4.1475987038469646e-05,0.0002256182848985962,0.0005452875109808038,-0.0003829214840313734,0.0004407807341650647,0.03612799494768144
1781506200.0797102,0.01687811917764214,0.7747547518729552,0.332317522563805,-0.04968472196240169,0.01996650669578126,-0.07546688130662697,0.016870862560714184,0.7747741624016943,0.332351069608753,-0.050124690470442546,0.020073604606527073,-0.07535233255226637,-3.8209523425871375e-06,1.4224405937462211e-05,-9.604032386434858e-05,0.003880799377855928,-0.0007499559620628212,-0.001200401788973922,9.78455711834766e-05,0.0001448179054584736,-0.00010417862606286319,0.0006043759194637374,-0.0006496915374098579,0.0003152111090031957,0.0394313497095233
1781506200.0897615,0.01687663891153545,0.7747533342470302,0.3323147155265624,-0.049638808975913225,0.0199702352846296,-0.07548735844420278,0.016870278696912266,0.7747764167991364,0.3323523694848551,-0.05011192494373666,0.020067388493655747,-0.07534580797788894,-1.2646181204618355e-05,1.8790984821684036e-05,-0.00010678336259907358,0.003962820085209003,-0.0006162631004551296,-0.001290565300719551,4.213080795602428e-05,7.845058585607398e-06,8.574752113307406e-05,0.0012000821489548466,-0.0004123908645587664,3.798224007475087e-05,0.04462148716592679
1781506200.0997589,0.016875400371840894,0.7747522956393007,0.3323123273706952,-0.04960380784604271,0.019973996401687844,-0.0755034259107839,0.016870278696912266,0.7747764167991364,0.3323523694848551,-0.05011192494373666,0.020067388493655747,-0.07534580797788894,-1.957059804334725e-05,2.2218810891235604e-05,-0.00011405453204294119,0.003915801379671939,-0.0004992237163217378,-0.0013227976464014264,0.00011601863468827242,0.0002704520542818025,0.0002788384060049099,0.0021567550811118536,-0.0004225211481101621,-0.00026687756558326425,0.0470258738599059
1781506200.109719,0.01687177783762894,0.7747501063835571,0.3323184011490103,-0.04970718425502257,0.019991361622450965,-0.07553928583796404,0.016870278696912266,0.7747764167991364,0.3323523694848551,-0.05011192494373666,0.020067388493655747,-0.07534580797788894,-4.4268214346776524e-05,5.924872734190816e-06,-6.022686110861253e-05,0.002367537990799055,-0.00023612496746679547,-0.0015599026031482117,0.00022195261876319891,0.00045812682351332963,0.0006565647486094728,0.0038713507738104822,-0.0007313305824967664,-0.0005517257347416301,0.042992246171950715
1781506200.1197035,0.016868702054463138,0.7747483561001965,0.33232364478654547,-0.049796279099025134,0.020006251332061797,-0.07556802860345667,0.016870278696912266,0.7747764167991364,0.3323523694848551,-0.05011192494373666,0.020067388493655747,-0.07534580797788894,-6.353387442160583e-05,-7.230537520319518e-06,-1.6252316537963883e-05,0.001142669032689465,-3.254176555977109e-05,-0.0016948594854766267,0.00030221354089981156,0.0005524139376004957,0.000808130994684692,0.004031984582250683,-0.0009767228203368592,-0.0007308422349159005,0.04018702426637828
1781506200.1296983,0.016866101567958744,0.7747469708367499,0.3323281613835909,-0.049872234328372414,0.02001887954493986,-0.07559065173459688,0.016870278696912266,0.7747764167991364,0.3323523694848551,-0.05011192494373666,0.020067388493655747,-0.07534580797788894,-7.819479039562687e-05,-1.7699729430673572e-05,1.9255200589522983e-05,0.00019363699524745104,0.0001208786239727879,-0.001749585899947197,0.0003183741106971909,0.0006179408110508922,0.0006637763008520057,0.00411613719151539,-0.0006912046838986184,-0.0009786513010952512,0.038347689291272635
1781506200.1397605,0.016863913547893777,0.774745887314567,0.33233204146085565,-0.049936265270297805,0.02002946831412422,-0.07560807018844355,0.0168792312793003,0.7747948538773406,0.33237806836750955,-0.04996259592345112,0.020042655748045313,-0.07536256415424952,-8.897337273973513e-05,-2.5879842081087278e-05,4.751569910889074e-05,-0.0005227418709345746,0.00023251628015585985,-0.0017427001536384447,0.0003334996462289702,0.00046785072103041594,0.0006819756410270897,0.0038922819152942007,-0.0007338271238022756,-0.0010218943328513606,0.06892628889933117
1781506200.1496937,0.016862082800764355,0.7747450516881005,0.33233536453874957,-0.04998960895794439,0.020038239672016456,-0.07562111201117364,0.0168792312793003,0.7747948538773406,0.33237806836750955,-0.04996259592345112,0.020042655748045313,-0.07536256415424952,-9.6498746294146e-05,-3.211869302445292e-05,6.960039644285376e-05,-0.001045192119307205,0.00030979329418655727,-0.001689838851027388,0.0001497097657157117,0.00046561394066343335,0.0006649970888620913,0.0037250070068396996,-0.00039814991450938124,-0.0010986592425126485,0.06780815113220179
1781506200.1597595,0.016858592744834464,0.7747484539780928,0.3323381682638948,-0.0499576551414035,0.02005012256449268,-0.0756590709616758,0.0168792312793003,0.7747948538773406,0.33237806836750955,-0.04996259592345112,0.020042655748045313,-0.07536256415424952,-0.00011315349189819934,1.1243858552782484e-05,8.752670834719687e-05,-0.0005739629596767582,0.00042628869310275686,-0.0019126758610412723,0.0002750215861200505,0.0002978322812503891,0.0002666873071647403,0.0025810797789380504,-0.0001200869603798601,-0.001775820936646925,0.06458264491002298
1781506200.169724,0.016855658573913936,0.7747515123686718,0.3323405556331308,-0.04993021701260661,0.020059815137291492,-0.07568922343867554,0.0168792312793003,0.7747948538773406,0.33237806836750955,-0.04996259592345112,0.020042655748045313,-0.07536256415424952,-0.0001250897048959204,4.5911679678469513e-05,0.00010080841800069034,-0.00020517648472814012,0.0005019099161919591,-0.002027283919909567,0.000324411759017587,0.00015301087498829024,0.0004870199421708119,0.0020163170364079983,-0.001848808574081903,-0.0013397365973773679,0.06197873872135767
1781506200.1796944,0.01685320768727347,0.7747542611395656,0.3323425798847895,-0.049906913284349555,0.020067600956481746,-0.0757127015118166,0.0168792312793003,0.7747948538773406,0.33237806836750955,-0.04996259592345112,0.020042655748045313,-0.07536256415424952,-0.00013308676265971628,7.316032813506576e-05,0.00011019327291593304,7.675859094266786e-05,0.0005448345801632486,-0.0020576628136870397,0.00034733631952825505,-0.00018298439113696165,-0.0001583646028005517,2.5180569541025587e-05,-0.00022696773019994593,-0.0020273763744895084,0.05987011030407267
1781506200.1897302,0.01685117574464384,0.7747567285417435,0.33234428762073775,-0.049887345131173634,0.020073744754713685,-0.07573053608221779,0.01689102524033198,0.7748071901134855,0.33239540282621255,-0.049836638416787635,0.02002117349343724,-0.07543326233845192,-0.00013782024151633954,9.410779591565243e-05,0.00011633092182726465,0.0002859016180594099,0.0005620851321698724,-0.0020241002867320036,5.313491111819486e-05,-7.92850510232766e-05,0.0001645296412879626,6.876074191888081e-05,0.0006040179447958871,-0.0018981593207819379,0.08214083491179718
1781506200.199741,0.016858786432396005,0.7747589735830672,0.3323390126610972,-0.049960791662094675,0.020107236044652588,-0.07566222278058875,0.01689102524033198,0.7748071901134855,0.33239540282621255,-0.049836638416787635,0.02002117349343724,-0.07543326233845192,-8.69418977540102e-05,6.576992284416263e-05,8.849802845220287e-05,-0.0005621627504912969,0.0008285610105876072,-0.0010401856609529919,4.0537445743528556e-05,-0.0003325046395882341,-0.0005214080255851572,-0.0012806425722084209,0.0009554227050313522,-0.0020320510119274837,0.0808951498202856
1781506200.209727,0.016865332551095367,0.7747608162669185,0.33233451727122915,-0.050022029326084474,0.020134696277726905,-0.07560377518222734,0.01689102524033198,0.7748071901134855,0.33239540282621255,-0.049836638416787635,0.02002117349343724,-0.07543326233845192,-4.499648721507773e-05,4.218766744012477e-05,6.50331690155615e-05,-0.001182204783036803,0.0010055369984581447,-0.0002745011605715617,0.00010343230137957563,-0.00020366458492324137,-0.00032943338718360323,-0.0012938641784477705,0.0015020470874488505,-0.0025851064114896624,0.08073226573847872
1781506200.219781,0.0168709379386143,0.7747622872031973,0.332330709899654,-0.05007244331756746,0.02015688538195093,-0.0755543190182209,0.01689102524033198,0.7748071901134855,0.33239540282621255,-0.049836638416787635,0.02002117349343724,-0.07543326233845192,-1.0753686582613615e-05,2.27219053437826e-05,4.537217354838401e-05,-0.0016144241457333843,0.0011106107866385552,0.0003067125554730417,-0.0002923720071621802,-0.00017410578804077126,-2.0717570649925945e-05,-0.0006751839337932375,0.0014035835605892884,-0.0022133870253609094,0.08127081757530666
1781506200.2297366,0.016875715126895265,0.7747634226731915,0.3323275059982263,-0.05011336773878501,0.020174517139849746,-0.07551295322187497,0.01689102524033198,0.7748071901134855,0.33239540282621255,-0.049836638416787635,0.02002117349343724,-0.07543326233845192,1.687177455961745e-05,6.807404527895547e-06,2.9013942727466625e-05,-0.0018940825617058015,0.0011589355495776204,0.000733799555360242,-0.00017056509095681374,-0.00018853786286371005,-0.00018129990758058756,-0.0005835928355489347,0.001651582296619408,-0.002183489423017412,0.08221902245786915
1781506200.2397194,0.016879765898846162,0.7747642618004414,0.3323248282175061,-0.050146061894885706,0.020188251216670672,-0.07547878129275254,0.016891950851108062,0.7747976973989189,0.3323871867192101,-0.04987559766207005,0.020079625954199765,-0.07555064936463157,3.883497057535955e-05,-6.054586189963142e-06,1.5514358087758787e-05,-0.0020517766462314737,0.0011634181692990856,0.001033714391364924,-0.0001338311015333433,-8.732075163820395e-05,0.000104492022779511,-0.0004181917178331078,0.0015692884174533155,-0.001617665478288187,0.0717982941436496
1781506200.2497005,0.01687891748308125,0.7747718040499525,0.33232300756689215,-0.05017676127686334,0.020192759762039714,-0.07543722457141348,0.016891950851108062,0.7747976973989189,0.3323871867192101,-0.04987559766207005,0.020079625954199765,-0.07555064936463157,2.9027228753111415e-05,2.230317312599075e-05,4.792214045574074e-06,-0.002172095314220679,0.0010627712580746464,0.0013763429744366666,-0.0002817338239006578,5.7837312343796865e-05,0.00030949087526501454,-0.00013234559006230668,0.0010307305681304879,-0.0007059481769315239,0.07042228195015535
1781506200.259722,0.0168781391904502,0.7747780928756055,0.3323215130687358,-0.05020061241061457,0.020195514260191727,-0.07540348540511754,0.016891950851108062,0.7747976973989189,0.3323871867192101,-0.04987559766207005,0.020079625954199765,-0.07555064936463157,2.0786032469859044e-05,4.478541712044226e-05,-3.875957546615171e-06,-0.002202791725895142,0.0009582668287452347,0.0015953873926308117,2.2638151804415127e-05,-7.77751253929666e-05,0.00012809179308441345,-6.0134714935355983e-05,0.0008957968410549941,-0.000570595967602639,0.0699151462209055
1781506200.2697024,0.0168774279810481,0.7747832913772922,0.33232029611297903,-0.05021867954052492,0.020196878862466905,-0.07537652711975695,0.016891950851108062,0.7747976973989189,0.3323871867192101,-0.04987559766207005,0.020079625954199765,-0.07555064936463157,1.3906841212259354e-05,6.226608229851566e-05,-1.0785420664425952e-05,-0.0021654965046046873,0.0008537332065135262,0.0017158388712713703,-6.395802355854441e-05,6.988710479846471e-05,8.653015797193322e-05,-0.00012379765750595906,8.998981350393168e-05,0.00022403486744881484,0.0699485554950615
1781506200.27977,0.01687678077217581,0.7747875475995133,0.3323193140641955,-0.05023191837772489,0.02019716453698739,-0.07535538738830722,0.016891950851108062,0.7747976973989189,0.3323871867192101,-0.04987559766207005,0.020079625954199765,-0.07555064936463157,8.208197360980762e-06,7.551011650546606e-05,-1.6195489922622653e-05,-0.0020782779773463418,0.000752039488381934,0.0017591211636105192,-0.00015665206085709523,6.947299917114446e-05,4.6487885947072503e-05,-0.0006415837870868357,0.0003990158242796818,0.00045336697239812445,0.07028404528419893
1781506200.2897239,0.016876194403192015,0.7747909948291726,0.33231852973879544,-0.05024117715758442,0.02019663387332704,-0.07533918592204572,0.016887086170586985,0.7747943423362529,0.33238250439160943,-0.049903745338174293,0.020115279404675945,-0.07557672670411406,3.529472876581268e-06,8.518528175085822e-05,-2.033333497457445e-05,-0.001956040754231519,0.0006552575533701647,0.0017433986309880597,-4.543233758000132e-05,-0.00011406926365060452,-0.0003193766749584703,-0.0011456134279869369,7.053663351586446e-05,0.0008315863513179494,0.06498147892522621
1781506200.299724,0.016876612164189023,0.7747789835371802,0.3323171820445583,-0.05029511281574262,0.020222274094558346,-0.07535552864165819,0.016887086170586985,0.7747943423362529,0.33238250439160943,-0.049903745338174293,0.020115279404675945,-0.07557672670411406,2.2772114443890575e-06,1.3800200617135788e-06,-1.7340165357002315e-05,-0.002327748842602055,0.0008721720032212523,0.0013889845105751761,-0.00033630765568425943,-1.808527061158015e-05,2.0665110790669288e-05,-0.001202214746044152,-0.00010446895302414883,0.001735920051516941,0.06791617291374057
1781506200.3097255,0.01687693350229521,0.7747685548850398,0.33231611704341846,-0.050338365242982804,0.020242975350607262,-0.07537050905460835,0.016887086170586985,0.7747943423362529,0.33238250439160943,-0.049903745338174293,0.020115279404675945,-0.07557672670411406,1.2430750054961399e-06,-6.591408031625959e-05,-1.4717611645341385e-05,-0.0025425379880265704,0.0010108299425559731,0.0010854144191845335,-0.00045375000458284967,-0.00026455128084987105,-0.00043695408192519675,-0.0028432164421690344,0.0003433361911098454,0.0024143269649227078,0.07193990070426237
1781506200.3197324,0.016877172918510385,0.7747595364135388,0.33231529499143897,-0.050372429148231895,0.020259409350875224,-0.07538405839027629,0.016887086170586985,0.7747943423362529,0.33238250439160943,-0.049903745338174293,0.020115279404675945,-0.07557672670411406,3.97147013824156e-07,-0.00011910077909680174,-1.2425808851272956e-05,-0.0026338743016644703,0.0010870562276146813,0.0008282494049484776,-0.000488968328544153,-0.00033565151440865143,-0.000653030648121189,-0.003498689988790223,0.0009067067983197297,0.0022653289912908845,0.07633366422482073
1781506200.3297205,0.016877343664912597,0.774751771503174,0.332314679216027,-0.05039867597448973,0.02027219620804943,-0.07539616437625567,0.016887086170586985,0.7747943423362529,0.33238250439160943,-0.049903745338174293,0.020115279404675945,-0.07557672670411406,-2.869735227575897e-07,-0.00016028850514561896,-1.0428563482487322e-05,-0.0026302119021755863,0.0011144171268554146,0.0006128933208733114,-0.0004240642799730874,-0.0004262198766889416,-0.000870278552208176,-0.0036310055890430497,0.0009244524878232619,0.0019804575643491145,0.08066874666584753
1781506200.3397415,0.016877457675979573,0.7747451181135335,0.33231423637639407,-0.05041834727034049,0.020281900390244578,-0.07540685739001761,0.016868801938373146,0.7747788552390036,0.33235220574356145,-0.05004069020932166,0.020131838256962853,-0.07548841946555279,-8.325308766872963e-07,-0.0001913218877179777,-8.693088033247461e-06,-0.002555470761413755,0.0011044152005213169,0.0004347580374281832,-0.0003392040797843099,-0.00026768069888214504,-0.0005643540439279973,-0.0023561952781025195,0.00047739544511766937,0.0018582598652423122,0.051524637520169815
1781506200.3497329,0.01687752555537203,0.7747394476286611,0.33231393656484537,-0.05043255327690247,0.020289029215871057,-0.07541619891775563,0.016868801938373146,0.7747788552390036,0.33235220574356145,-0.05004069020932166,0.020131838256962853,-0.07548841946555279,-1.2599406620364234e-06,-0.00021381041149852405,-7.1897446837087255e-06,-0.0024295188409834976,0.0010666918265023544,0.0002893870139323006,-0.00041476862682538043,-8.038622031936471e-05,-0.00026617886652857583,-0.001967994723939449,-6.424715138971142e-06,0.001776223860632474,0.05562006190262479
1781506200.3597329,0.01687675091597221,0.7747399800210524,0.3323150228744056,-0.05038794951805499,0.020252205067001317,-0.07538690941159977,0.016868801938373146,0.7747788552390036,0.33235220574356145,-0.05004069020932166,0.020131838256962853,-0.07548841946555279,-1.309498580248848e-06,-0.0002019679591971803,-1.4370794927674189e-05,-0.0016837709302286162,0.0005326949889239226,0.0005568180609929882,-0.00044287128693553974,-0.00012549580135966877,-0.0003549189354194432,-0.002286893869311098,0.000943041009308429,0.0013895984121568205,0.05437862240148802
1781506200.3697267,0.016876084524535644,0.7747404711354494,0.3323159573365335,-0.05034889870671275,0.020220716875493983,-0.07536276194350255,0.016868801938373146,0.7747788552390036,0.33235220574356145,-0.05004069020932166,0.020131838256962853,-0.07548841946555279,-1.3326896698457165e-06,-0.00018990201731468036,-1.9953456706888836e-05,-0.0010789195668639544,0.00011800471653230057,0.0007419515651893882,-6.428617303802738e-05,-0.0003541865241479354,-0.0006711169135563051,-0.002499633844028297,0.00044611470206451146,0.0007115333449281935,0.05329467589669348
1781506200.379757,0.0168755174465029,0.7747409240090753,0.33231674701987046,-0.05031507724888275,0.02019408890750829,-0.07534312799803507,0.016868801938373146,0.7747788552390036,0.33235220574356145,-0.05004069020932166,0.020131838256962853,-0.07548841946555279,-1.3344203226612599e-06,-0.00017780955173168442,-2.4182237146104427e-05,-0.0005961932244065385,-0.0001959411774291027,0.0008603551748417932,-0.00018032921099202362,-0.00040116676982797714,-0.0007496390757940165,-0.0025656178100924867,0.0010928587982874571,0.0006021121804718923,0.0523564450579194
1781506200.3897033,0.016875040284157844,0.7747413422760516,0.33231740228215434,-0.05028609958931523,0.02017183162457714,-0.07532741313298494,0.016854243756418863,0.7747646573691498,0.33232770638999887,-0.05015838521100334,0.020154017368017696,-0.07542850694889401,-1.3189011838540721e-06,-0.00016584901745124268,-2.7270575051952486e-05,-0.00021818424348130154,-0.00042580856213169385,0.000925519661807365,-5.693368682296088e-05,-0.0002810709404957232,-0.00044308091719814745,-0.0020890476340752243,0.0010433318753456308,0.0003646454823001548,0.03289777759432874
1781506200.399711,0.01687203326436885,0.7747365418621793,0.3323103823245477,-0.05026213047169236,0.02018316453705804,-0.07537548755893231,0.016854243756418863,0.7747646573691498,0.33232770638999887,-0.05015838521100334,0.020154017368017696,-0.07542850694889401,-2.0779636742534e-05,-0.000163826238756409,-6.639100311429158e-05,7.787442752084763e-05,-0.00022935085744739108,0.00030663661015812324,-1.702668928704589e-05,-0.00045650054145842024,-0.0005467618716239754,-0.002060726416558275,0.0012870877897727443,6.419593456733241e-05,0.03751095265473379
1781506200.4097154,0.016869467584483162,0.7747325558274445,0.33230439562028824,-0.05024204815580888,0.020192893544615842,-0.0754162140520454,0.016854243756418863,0.7747646573691498,0.33232770638999887,-0.05015838521100334,0.020154017368017696,-0.07542850694889401,-3.6138893680461683e-05,-0.000160126561537514,-9.695459105633102e-05,0.0002975692052383862,-7.587432643069934e-05,-0.0001654652575344179,-8.66852964772651e-05,-0.0002918657308211678,-0.0003399937527103488,-0.0015890094734412454,0.0005745119306622212,0.00047842694357294374,0.04249312774190965
1781506200.419746,0.016867288383856198,0.7747292885153413,0.3322993176146723,-0.05022542771966565,0.02020115433201153,-0.07545032022280221,0.016854243756418863,0.7747646573691498,0.33232770638999887,-0.05015838521100334,0.020154017368017696,-0.07542850694889401,-4.80109763153551e-05,-0.00015512759387096458,-0.00012026170578696474,0.00045403354004848543,4.119692877610964e-05,-0.0005146661702628238,-0.00021267359624662258,-0.00012070789608492201,-0.0001752853919060001,-0.0013075556596913993,0.00031587212269545723,0.0007326020174939521,0.047191531965477936
1781506200.429778,0.016865446773780934,0.7747266498501598,0.33229503596755283,-0.05021185603603343,0.020208088783721934,-0.0754785324563402,0.016854243756418863,0.7747646573691498,0.33232770638999887,-0.05015838521100334,0.020154017368017696,-0.07542850694889401,-5.6933217700136684e-05,-0.00014914893271187712,-0.00013744819383258863,0.0005588386511941225,0.0001277864843003191,-0.0007622229273861603,-7.745334591079008e-05,-0.00011905385931581494,-5.281965853494684e-05,-0.0006958821010352221,-9.208164863396249e-05,0.0005856578904771477,0.05135596947376315
1781506200.4397233,0.01686389927411132,0.774724556144055,0.33229144970803154,-0.05020094012282245,0.020213839543057555,-0.07550155633653378,0.01685025173257948,0.7747537500390876,0.332317695222569,-0.05022860103777995,0.020177799261652973,-0.07540679423371946,-6.337435186745975e-05,-0.00014245955562657413,-0.00014950343684484485,0.000622068500086663,0.00018916701748019227,-0.0009268448198842204,5.7298977923451384e-05,-3.029241634114645e-05,0.00020976390139080666,0.00017816877631957954,-0.000510420243232149,0.0004318652597671362,0.04156159200963801
1781506200.449728,0.01686260729273926,0.774722930565207,0.3322884683958128,-0.050192312847591875,0.020218545913421204,-0.07552006254825508,0.01685025173257948,0.7747537500390876,0.332317695222569,-0.05022860103777995,0.020177799261652973,-0.07540679423371946,-6.774210406209092e-05,-0.00013528439607662362,-0.00015728670193586,0.0006524166743746713,0.0002299791878555109,-0.0010248202491045019,-1.2544558674678734e-05,-1.8143013615093986e-05,0.0002303796925096634,0.000291429501370396,-0.0002865124166620364,0.00020390117738973196,0.04423468366991732
1781506200.4597714,0.016866498612751534,0.7747277200741058,0.33229074447269513,-0.050196978789802144,0.020192917946814326,-0.07545821910347067,0.01685025173257948,0.7747537500390876,0.332317695222569,-0.05022860103777995,0.020177799261652973,-0.07540679423371946,-3.631745779255313e-05,-0.00012073784565333531,-0.00014247692518164112,0.0005166577419916292,-0.000108431801372119,-0.00025281746310423586,1.983838834604446e-05,4.1788297829955536e-05,8.128512073252145e-05,0.00035367600716312543,0.0001571015315751117,-0.00016708311797888293,0.04083947980865963
1781506200.4697325,0.01687109304737697,0.7747380784890231,0.332299043395719,-0.0502291150824652,0.020172163474639904,-0.07541274189698612,0.01685025173257948,0.7747537500390876,0.332317695222569,-0.05022860103777995,0.020177799261652973,-0.07540679423371946,-2.989891712252311e-06,-6.890650955015902e-05,-8.783399643058805e-05,9.943718411150075e-05,-0.00034785004797475,0.00025916097832086446,0.00016130325987990092,-1.9065571764631844e-05,0.00015635690145871336,0.00020380088018722087,9.130944980737066e-05,-0.00026790253369357445,0.03206007686760145
1781506200.4797063,0.016875045730872947,0.7747469304442836,0.33230617212506564,-0.050256241577778735,0.020155015396131182,-0.07537474475920265,0.01685025173257948,0.7747537500390876,0.332317695222569,-0.05022860103777995,0.020177799261652973,-0.07540679423371946,2.3802468539115746e-05,-2.6424589026524133e-05,-4.28551743363554e-05,-0.0002158934585900095,-0.0005177158189539861,0.0006356757474968751,7.947669001919853e-05,0.0001303223746226527,0.00013221105549722007,0.00046926608124584,-0.00033773024682164836,-0.0001561622510540137,0.02817855568939151
1781506200.4897144,0.016878433680878494,0.7747544483029619,0.3323122677195859,-0.05027887172709694,0.020141038616360962,-0.07534339238757512,0.016850896536044213,0.7747537467951855,0.3323195769390013,-0.050218451600268645,0.020172801179687783,-0.07540358594292483,4.50090545964013e-05,8.013582610261033e-06,-6.204364955228815e-06,-0.000446250094057975,-0.0006308187395754742,0.0009003857881581955,4.713685334258044e-05,-2.9445058885497322e-05,0.00024688424688595927,0.0007145876180920802,0.00010691759876337769,-0.0002576729369897072,0.02849931836461388
1781506200.4997113,0.016881325623139216,0.7747607914401737,0.33231745466030355,-0.05029751335333124,0.020129820376719287,-0.0753178770063547,0.016850896536044213,0.7747537467951855,0.3323195769390013,-0.050218451600268645,0.020172801179687783,-0.07540358594292483,6.146282211686176e-05,3.555808199320986e-05,2.3296536437174905e-05,-0.0006066331812476717,-0.0006982953587396115,0.001074078384363043,0.0001429020634057318,-7.000235376493518e-05,-7.817480300234184e-05,0.0002310290672276462,0.00019182246568293966,-0.000522800180080891,0.031305916873918566
1781506200.5096993,0.01687840071907713,0.774756638605087,0.33231403155041817,-0.05025284238981498,0.020161668848704295,-0.07538060960200874,0.016850896536044213,0.7747537467951855,0.3323195769390013,-0.050218451600268645,0.020172801179687783,-0.07540358594292483,3.6247003657952136e-05,3.767663331769869e-05,1.1852663969491748e-05,-3.898999061838866e-05,-0.00024033095144727852,0.00029044289952925135,-4.4228229015905683e-05,8.280883048901891e-05,0.00016099359177815546,0.0006816786352232581,1.353240127986309e-05,-0.00019096041169527114,0.028206275602302773
1781506200.5197537,0.016875868126226636,0.7747531187443325,0.33231110720946255,-0.050215241496831896,0.0201886653341683,-0.07543364969843797,0.016850896536044213,0.7747537467951855,0.3323195769390013,-0.050218451600268645,0.020172801179687783,-0.07540358594292483,1.5545135240291155e-05,3.889994824343292e-05,2.5156451044380272e-06,0.0003873928523362028,0.00010938425428663794,-0.0003046592455688276,-3.6082066892416564e-05,-4.096752556746923e-05,-6.1001347199291704e-05,3.509716855701816e-05,0.00034561134968904504,-3.108392485807332e-05,0.026376335654763966
1781506200.529771,0.01687368091263951,0.7747501715052378,0.3323086284602787,-0.05018396692426263,0.020211287024503033,-0.0754779758724583,0.016850896536044213,0.7747537467951855,0.3323195769390013,-0.050218451600268645,0.020172801179687783,-0.07540358594292483,-1.270741579606577e-06,3.9389090780787894e-05,-5.01173874261944e-06,0.000696262899469637,0.00036841947271383,-0.0007422100748186082,-3.157876037328739e-05,5.773201146474792e-05,-1.718590317375236e-05,-0.00010414448254287469,-0.0002634513341356762,0.000274037284384478,0.025529976525371055
1781506200.5397403,0.016871797484165504,0.7747477353572878,0.33230654467556725,-0.05015828829038896,0.02023001129128299,-0.07551455982578897,0.016851817122914448,0.7747541154026452,0.332319040274772,-0.05021048437760718,0.020173917753463888,-0.07540850035328582,-1.4753974440339582e-05,3.928266150290971e-05,-1.0991016584989816e-05,0.0009086300187450044,0.0005524208471998906,-0.0010497360051907117,-5.1522151439051944e-06,8.183981251216221e-06,9.296217375263669e-06,3.1752297829477745e-05,-0.00011963521088023044,0.00029328573637681294,0.024414336238575154
1781506200.5497208,0.016870180975900928,0.7747457496798986,0.33230480833073994,-0.05013750521833737,0.02024530256729884,-0.07554434151350528,0.016851817122914448,0.7747541154026452,0.332319040274772,-0.05021048437760718,0.020173917753463888,-0.07540850035328582,-2.539100395298823e-05,3.869947172833607e-05,-1.5651752968131882e-05,0.001042877730127976,0.0006751653594905686,-0.0012514208042347405,8.56611949905961e-05,0.0001372641494267704,0.00021085664614412187,0.00028043827930981924,-0.00012280165048979448,0.00017711902923788663,0.024693412978210417
1781506200.559706,0.016873250576467023,0.7747426232188124,0.33230577509330433,-0.050150428024290636,0.020243758762154673,-0.07554112953675375,0.016851817122914448,0.7747541154026452,0.332319040274772,-0.05021048437760718,0.020173917753463888,-0.07540850035328582,-4.03865223350751e-06,1.3005052291189863e-05,-8.941714931658513e-06,0.0007872403236216111,0.0005828468365967409,-0.0010806337963976875,2.1557320086820354e-05,-1.9291216088027885e-05,-4.110897754050581e-05,-0.0001872555513963531,-0.000212211426708352,0.00029332361659266946,0.027702495551968284
1781506200.569713,0.016875880587824386,0.7747400036897679,0.3323066365780647,-0.05016199957350351,0.020241975603605633,-0.07553740994670444,0.016851817122914448,0.7747541154026452,0.332319040274772,-0.05021048437760718,0.020173917753463888,-0.07540850035328582,1.3153616294220441e-05,-7.786525019630804e-06,-3.441775936375892e-06,0.0005741509751066468,0.0004977210617997092,-0.0009230892793889951,0.00011186933212085619,4.384350820470826e-05,-8.632282316872359e-05,5.0140466936096414e-05,-0.00019201831116059416,5.646551315759108e-05,0.03052937070769912
1781506200.579786,0.016878124764890458,0.7747378171104164,0.3323074003825632,-0.05017224193022711,0.020240061938140208,-0.07553341182390073,0.016851817122914448,0.7747541154026452,0.332319040274772,-0.05021048437760718,0.020173917753463888,-0.07540850035328582,2.678843822467362e-05,-2.4378781904738784e-05,1.0170382252057772e-06,0.0003987742789905739,0.0004203148267686803,-0.0007797792625735597,0.00015080534237050348,7.736472866429314e-05,-4.436928330000869e-05,-6.132441387448202e-05,8.152266464913548e-05,-0.0002469607639361151,0.03306377846742917
1781506200.5897112,0.016880031125831158,0.7747359995139781,0.33230807405957535,-0.050181208009540235,0.02023810288577943,-0.07552931443827904,0.01685303064654553,0.7747550397872552,0.33231959350097884,-0.05021084685782455,0.020165990520504495,-0.07539953458476832,3.739467049712537e-05,-3.738969635126068e-05,4.583567619166437e-06,0.0002564549318805243,0.00035081150039407446,-0.0006510574058310823,2.424816521560694e-05,6.769302690025564e-05,0.00012126845690870912,0.00040528140744651084,0.0002638814033013231,-0.00024195819118888045,0.03498936150275455
1781506200.5996912,0.01688001946248625,0.7747426812976254,0.33230639442449694,-0.05022326048013545,0.02027965641811602,-0.07558068988963679,0.01685303064654553,0.7747550397872552,0.33231959350097884,-0.05021084685782455,0.020165990520504495,-0.07539953458476832,2.9944841137908372e-05,2.2235158271281673e-05,9.936937692942263e-06,-0.00021933734785732184,0.0007936575139861256,-0.0011172646838531915,-0.00017107868639179894,1.4768717235378743e-05,2.549831728906101e-05,0.00015212855013119775,0.0007010092517263969,-0.0003243493285713447,0.032486059653163445
1781506200.6096976,0.016888380789812203,0.7747562191612748,0.33230758446220676,-0.05031849350593832,0.020288082408966623,-0.07548754426351897,0.01685303064654553,0.7747550397872552,0.33231959350097884,-0.05021084685782455,0.020165990520504495,-0.07539953458476832,7.75084784572043e-05,5.80394527628599e-05,2.0902508615776948e-05,-0.0012556897670853444,0.0007476411298271017,2.4706768318334075e-05,8.737587257221102e-05,-9.019095866255948e-05,-5.23345394703026e-05,0.0001814926401460214,0.0004933369870873677,-0.0006322712189836902,0.03735291908648536
1781506200.6197524,0.016895483066296513,0.7747676470468166,0.33230864649424924,-0.050397439484662625,0.0202944887404215,-0.07540918958442132,0.01685303064654553,0.7747550397872552,0.33231959350097884,-0.05021084685782455,0.020165990520504495,-0.07539953458476832,0.00011470917841070864,8.604676032694676e-05,2.944051854652562e-05,-0.001997825038043733,0.0006926923631164811,0.0008796678347852177,0.00012259093767647125,5.534336327901978e-05,0.00022380138172714396,0.0007707902792466652,0.0011693660828555206,-0.0013154619299818179,0.045617846208450816
1781506200.6297197,0.016901483354671353,0.7747772080332465,0.33230959192130705,-0.05046202126525414,0.02029920513089123,-0.0753440617888206,0.01685303064654553,0.7747550397872552,0.33231959350097884,-0.05021084685782455,0.020165990520504495,-0.07539953458476832,0.0001431194198250059,0.0001074399750905899,3.592156243177361e-05,-0.002499198308152687,0.000632556285496307,0.0014961799187870333,0.0003902015954476126,-0.00017236778118885087,-0.00023092515462956985,-4.861472786698559e-05,0.0010181026230275617,-0.0015229357981791363,0.05421372198055088
1781506200.639765,0.016906522380846934,0.7747851300138647,0.33231043078734496,-0.05051407273091879,0.020302525171586705,-0.07529062699182676,0.01685774752659719,0.7747561941120252,0.3323223589328061,-0.050195234466647726,0.02019927956479406,-0.07544063637310677,0.0001641129305202191,0.0001232524999727581,4.066920779335271e-05,-0.0028064522220596446,0.0005701806113235391,0.0019171552373298062,0.00011089859765730599,8.608897890288443e-06,0.00023308049572389754,0.0005047877958361693,0.00024648209904567814,-0.0007803066465002875,0.0579530281908643
1781506200.649694,0.016910725818497882,0.7747916240466091,0.3323111720929921,-0.05055531091293106,0.02030470731336087,-0.07524741589046134,0.01685774752659719,0.7747561941120252,0.3323223589328061,-0.050195234466647726,0.02019927956479406,-0.07544063637310677,0.00017888647981812762,0.00013438463609994125,4.396516987020111e-05,-0.0029598482590575495,0.0005078350183168335,0.002180098687386185,0.00018553506780577019,-3.2495519175451084e-05,-0.0001020544058440357,-0.00022203061508217471,0.001115151068684153,-0.0011060678810725394,0.06470799844187344
1781506200.6596923,0.01690506691494136,0.7747821904097592,0.3323142993560517,-0.050551875904616524,0.020297581012244326,-0.07534192455296274,0.01685774752659719,0.7747561941120252,0.3323223589328061,-0.050195234466647726,0.02019927956479406,-0.07544063637310677,0.0001341219564869814,0.00010221289215717405,5.84397367476348e-05,-0.0025782699820411214,0.00042684457414094123,0.0009079404230521941,-5.933789463091254e-05,-6.466778539377483e-05,-0.0001292196139303526,-0.0005213148161312536,0.0003976193513963127,4.0400682536870954e-05,0.05458835761036079
1781506200.6697621,0.016900130038856924,0.7747740369684654,0.3323169714781175,-0.05054663517823475,0.02029115474548049,-0.07542222771535852,0.01685774752659719,0.7747561941120252,0.3323223589328061,-0.050195234466647726,0.02019927956479406,-0.07544063637310677,9.6486737600077e-05,7.509113872314528e-05,6.931903962837119e-05,-0.002221790288782543,0.00035448827236956936,-7.009758970278105e-05,-0.00011703447131975746,-8.642276915386365e-05,-0.00033064001684004053,-0.0009762916853399198,0.0006121495483998709,0.00017129687995052004,0.046299779042791554
1781506200.6797101,0.016895838372394233,0.7747670437200718,0.33231924072864827,-0.050540185038710425,0.020285428812601758,-0.07548968906228025,0.01685774752659719,0.7747561941120252,0.3323223589328061,-0.050195234466647726,0.02019927956479406,-0.07544063637310677,6.50516093539892e-05,5.236704224462336e-05,7.717430928238489e-05,-0.0018938743748279868,0.0002905790743068053,-0.0008009896635774212,-0.00022553255747206677,-0.00015568832263025757,-0.0003151171921026245,-0.0013466769749148264,-0.0002767937507664569,0.0011126490143108499,0.039728449824623036
1781506200.689719,0.016892121418278602,0.774761092338575,0.33232115481316177,-0.05053300536928807,0.020280384253253958,-0.07554568187058662,0.01685575322318561,0.7747521811968361,0.33231499270617804,-0.05023072928962749,0.02022350985195631,-0.07544351898226745,3.8992062410585525e-05,3.3461204079640215e-05,8.250243200721042e-05,-0.0015963366145382665,0.00023474630882993705,-0.0013266971277869997,7.734531097205015e-06,-3.768766513978429e-05,-0.00015409503583031428,-0.0014938579749831273,0.00033857015942399013,0.00046680580338582037,0.037947669544948756
1781506200.6997879,0.016888914744030745,0.7747560685723494,0.33232275709015424,-0.05052547568592713,0.020275988204915718,-0.07559154901406663,0.01685575322318561,0.7747521811968361,0.33231499270617804,-0.05023072928962749,0.02022350985195631,-0.07544351898226745,1.7578088735925265e-05,1.7860117344132883e-05,8.573431629992835e-05,-0.001329704841295973,0.00018649168832081978,-0.0016842766537303565,-0.00013863430533350373,-0.0001322157724723277,-0.00035004725061347846,-0.0023539912300876674,-0.00015884307803104748,0.0013492031375838646,0.03427949549910861
1781506200.7097032,0.016887466168597907,0.774763227524193,0.3323240061120573,-0.050356164647507334,0.02025532317597456,-0.0755579307951599,0.01685575322318561,0.7747521811968361,0.33231499270617804,-0.05023072928962749,0.02022350985195631,-0.07544351898226745,1.1033299510904826e-05,7.383309205593417e-05,7.900143079118578e-05,0.0006564338462336434,-7.741063777781264e-05,-0.0011453086451488508,2.7819102747200734e-05,-0.0003512913563019426,-0.0007091274483487758,-0.003335223044230043,-0.0002498696909153499,0.000943264856290879,0.03477029968729695
1781506200.7197466,0.01688623477480012,0.7747694333295541,0.33232500146003113,-0.05021434116646961,0.020238062616406705,-0.0755286107206685,0.01685575322318561,0.7747521811968361,0.33231499270617804,-0.05023072928962749,0.02022350985195631,-0.07544351898226745,5.639515324586889e-06,0.00011783115317612385,7.259542272207156e-05,0.002126613120069372,-0.0002730149142782762,-0.0007101279026235148,0.00022272924272517418,-0.00044666009302703435,-0.0006218420769499414,-0.0036766031703936728,0.00042469914280680637,0.0005522954028065047,0.036427135844565
1781506200.7297137,0.016885195172381417,0.7747747969017,0.33232577564233245,-0.05009699520513189,0.02022382586665228,-0.07550331309790245,0.01685575322318561,0.7747521811968361,0.33231499270617804,-0.05023072928962749,0.02022350985195631,-0.07544351898226745,1.2380718040567782e-06,0.00015165857505262107,6.653299371238273e-05,0.0031699583569568188,-0.0004120940240920895,-0.0003646235420822112,0.00017171392961577977,-0.00045469881225405906,-0.0008670712671991704,-0.0036240218851057407,0.000680934679367124,7.701643292568648e-06,0.03865967137796143
1781506200.7397575,0.0168843238609101,0.7747794162031613,0.33232635920998616,-0.05000120143687489,0.020212244885116082,-0.07548172137841266,0.016858996210486477,0.7747349821627628,0.3322825240035474,-0.050389363911417386,0.020228905389144014,-0.07541998558815015,-2.3109765133432506e-06,0.0001768926530179866,6.0823197878527065e-05,0.0038649318781115495,-0.0005050156188478013,-9.5768063652864e-05,0.00024817495570366306,-0.00017206511656477015,-0.0005548528124492078,-0.002435455877254146,0.0006713332140004724,-0.0005246764887991801,0.06736021931109955
1781506200.749721,0.01689030472487755,0.7747758377456435,0.33232492913195333,-0.049971491140088496,0.02021860177773016,-0.07543095520923596,0.016858996210486477,0.7747349821627628,0.3322825240035474,-0.050389363911417386,0.020228905389144014,-0.07541998558815015,3.45923735656305e-05,0.00012719629306683943,4.998343216548117e-05,0.0037561367894623668,-0.00040820223334789405,0.00047156390765679807,0.00032904223732868506,-7.864799232868081e-05,-0.00012722694912933744,-0.0005252477546430485,0.00020316059719895977,-0.0008225318635447006,0.06669030395057321
1781506200.7597516,0.016895423842915855,0.7747727072970476,0.33232365542993486,-0.049949959831703056,0.02022430143495102,-0.0753887077099562,0.016858996210486477,0.7747349821627628,0.3322825240035474,-0.050389363911417386,0.020228905389144014,-0.07541998558815015,6.37790717493267e-05,8.568968333652313e-05,4.064821843444064e-05,0.0035718056596814444,-0.0003244814648309047,0.0008837373228591894,0.00010419447975347257,-6.77752132412734e-06,5.8231309589635475e-06,4.895550626622372e-05,0.0003850323597760304,-0.0008772684412379137,0.06664797369674558
1781506200.7697017,0.016899784525498025,0.7747699635500332,0.33232252647016874,-0.04993514619138682,0.020229352851147908,-0.07535399939653768,0.016858996210486477,0.7747349821627628,0.3322825240035474,-0.050389363911417386,0.020228905389144014,-0.07541998558815015,8.640122386299818e-05,5.128351609904344e-05,3.263910527775805e-05,0.0033359233215785626,-0.00025286426557083756,0.001168373685494867,-4.9805708555957426e-05,0.0002115435874582484,0.0005500678130848531,0.0013403556073859598,0.0008707596849950919,-0.0009264811871904898,0.0669894128399108
1781506200.7797055,0.01690347967335698,0.7747675554398087,0.332321530556791,-0.049925771410678506,0.0202337804325623,-0.07532589000667837,0.016858996210486477,0.7747349821627628,0.3322825240035474,-0.050389363911417386,0.020228905389144014,-0.07541998558815015,0.00010346688899616225,2.3013354539491367e-05,2.5796033655540108e-05,0.0030678719591420074,-0.0001922777539857254,0.001349659812853441,6.502082389058648e-05,0.0003584608015531837,0.00046913437103576685,0.0015294168336630364,0.00013626664095143425,-0.00074486737404577,0.0675374565881906
1781506200.7897162,0.01690659260299806,0.7747654402680044,0.3323206561537042,-0.04992072843606954,0.0202376194833922,-0.07530349440178269,0.016867149540747806,0.7747392466828232,0.3322877591583297,-0.05037179709450375,0.020248998418409547,-0.07546308464345695,0.0001158557162539417,2.7225253353819584e-08,1.997573753763559e-05,0.0027830545881134426,-0.00014161573120365485,0.0014485469879626529,0.00017005632265856745,0.00024091454148277193,0.00037489862461370047,0.0018956307867647691,0.0009453922997717803,-0.0012196584473448317,0.057654760159002394
1781506200.7997062,0.01690919783530698,0.7747635821468805,0.33231989205775286,-0.04991906920823969,0.02024091252333826,-0.07528599297380996,0.016867149540747806,0.7747392466828232,0.3322877591583297,-0.05037179709450375,0.020248998418409547,-0.07546308464345695,0.00012433312460615668,-1.8425767189134443e-05,1.5050247197217001e-05,0.002493471133654648,-9.977741108063656e-05,0.0014829887381428279,6.44655364563714e-05,0.0003393434794623768,0.00025568011527399173,0.0026602487315250133,-0.00019507698951402023,-0.00016918299069010662,0.05824772194304952
1781506200.8097038,0.01690662341434781,0.7747654376678424,0.3323218951263397,-0.04995789961807007,0.020249606109566942,-0.07530363458286554,0.016867149540747806,0.7747392466828232,0.3322877591583297,-0.05037179709450375,0.020248998418409547,-0.07546308464345695,9.85951884741602e-05,-3.9817742106205075e-06,3.0606143600245056e-05,0.0018012295675686012,1.5458905073060402e-05,0.0011335121159358366,-1.73297188657567e-06,0.0006419179668541941,0.0009138199174670975,0.004148580563889867,-0.0005808119063073366,0.00031671196483988947,0.058390227823200094
1781506200.819749,0.016904355160313498,0.77476701010059,0.33232360834204455,-0.04999223445061675,0.020256851755497296,-0.07531951211419662,0.016867149540747806,0.7747392466828232,0.3322877591583297,-0.05037179709450375,0.020248998418409547,-0.07546308464345695,7.668416319802169e-05,7.66392868971934e-06,4.270618867972699e-05,0.0012332523927950593,0.00010137899666274123,0.0008406330050034378,-3.782506688713293e-05,0.0006662459629258927,0.0009351684508348028,0.00405308197491011,-0.0007192756234121896,0.0008021508244420191,0.05865346934650218
1781506200.8297153,0.016902360851570212,0.7747683378745236,0.33232506921692984,-0.050022261056245035,0.0202628141965826,-0.07533363321087745,0.016867149540747806,0.7747392466828232,0.3322877591583297,-0.05037179709450375,0.020248998418409547,-0.07546308464345695,5.812291415202494e-05,1.6915676561872403e-05,5.187864924046209e-05,0.0007739292665451605,0.00016298142280647725,0.0005981775938318509,-0.00016854462683832318,0.0005417055444747283,0.0006915283322626944,0.0032012058282264912,-0.0016698749918105573,0.0022752768061253953,0.05897604867337943
1781506200.839721,0.016900611364900703,0.7747694545838749,0.33232631039438665,-0.05004823773696833,0.020267651996384695,-0.0753460516884777,0.016868349959022866,0.7747626072360307,0.3323177697395375,-0.05020401077509226,0.02023049749319017,-0.07542572079406537,4.24859654024259e-05,2.4128392569655182e-05,5.858469915906444e-05,0.00040858976301049414,0.00020467711164409903,0.00040013976934861,5.021712551706378e-06,0.00035616317012075515,0.000625626124199753,0.002667370682102585,0.00034311531590397877,0.001586567900886299,0.034067980083437054
1781506200.849713,0.016899080389546683,0.7747703895455805,0.33232736032529286,-0.05007046888728918,0.020271514748048558,-0.07535685448424097,0.016868349959022866,0.7747626072360307,0.3323177697395375,-0.05020401077509226,0.02023049749319017,-0.07542572079406537,2.9394702438569893e-05,2.9612836104232663e-05,6.32258083696097e-05,0.000123669265847803,0.00023031595105226332,0.00024080348582851548,0.00023181647877541995,0.00026724152655309007,0.00027496772681192346,0.0016753297077134075,0.0007829294781916008,0.0013123279734244475,0.033119526524972395
1781506200.8597283,0.01690037181388309,0.7747753817559261,0.3323272418038896,-0.050192928311951775,0.020292895336114558,-0.0753642567028136,0.016868349959022866,0.7747626072360307,0.3323177697395375,-0.05020401077509226,0.02023049749319017,-0.07542572079406537,3.1742383116765094e-05,4.524214844644445e-05,6.758520650144379e-05,-0.0012251203482916088,0.00044215436880968694,0.00014551746535331736,0.00019244659879811058,5.1218191389306425e-05,0.00011496672887771785,0.0014200931896605309,0.0008279536199600401,0.001452144344287721,0.03575342711315793
1781506200.8697164,0.016901440576055287,0.7747795700902169,0.33232715284078157,-0.05029480502515039,0.02031046535707315,-0.07537059784920014,0.016868349959022866,0.7747626072360307,0.3323177697395375,-0.05020401077509226,0.02023049749319017,-0.07542572079406537,3.32248299115316e-05,5.721567682847921e-05,7.022844109237166e-05,-0.002202187502341563,0.000588775912923447,7.013841072043321e-05,0.00029177686060887355,-1.752627460387542e-05,9.157002737075046e-07,0.000869682335990614,3.581646962870833e-05,0.0012522373627405,0.03835061859584235
1781506200.879752,0.01690231536524355,0.7747830534608973,0.3323270925364711,-0.050378471138818263,0.020324699416683023,-0.07537596989840623,0.016868349959022866,0.7747626072360307,0.3323177697395375,-0.05020401077509226,0.02023049749319017,-0.07542572079406537,3.3993906067919957e-05,6.610272323387922e-05,7.146049320126415e-05,-0.0028739907003568284,0.0006825189399477193,1.1738617100721816e-05,0.00023036987914972274,2.250740882867486e-05,-5.309116453199623e-05,0.0003230061686251088,0.00045669450351943145,0.0005953105781072555,0.040726053991181205
1781506200.8897192,0.016903022372601068,0.7747859227513475,0.33232705820137504,-0.05044620247581184,0.020336044416065624,-0.07538046841012751,0.016868349959022866,0.7747626072360307,0.3323177697395375,-0.05020401077509226,0.02023049749319017,-0.07542572079406537,3.418056245223537e-05,7.239941687116833e-05,7.154407454911171e-05,-0.0032986809368163094,0.0007340756651989952,-3.234039354169262e-05,7.48968351541725e-05,-3.0494683381593714e-05,-6.325008082095895e-05,-0.0002613404052376232,0.0005019357909143958,9.419731102455226e-05,0.04280262890443443
1781506200.8997326,0.016903585302847288,0.7747882607193803,0.3323270460851106,-0.05050014041670735,0.02034491426583318,-0.075384188993792,0.016876253707609867,0.7747695119518297,0.3323287902597956,-0.050143553154052674,0.020251340576659338,-0.07536283021772726,3.389730275413395e-05,7.653685934874229e-05,7.07046353430329e-05,-0.0035265929228057444,0.0007526122123989013,-6.448258698944278e-05,0.00015467909055927594,-0.0001498298379281933,-1.698268329306618e-05,-0.000724637316083316,0.000424380463399611,-0.00020299389048788097,0.033189976321475995
1781506200.9097023,0.016897384513041805,0.7747841816205194,0.3323267511783827,-0.050500613742104114,0.020325587960538405,-0.0754200526578455,0.016876253707609867,0.7747695119518297,0.3323287902597956,-0.050143553154052674,0.020251340576659338,-0.07536283021772726,-4.702337738260532e-06,5.90532465802576e-05,5.676591628900455e-05,-0.0031387710305405565,0.00047949929678651435,-0.000459041796438536,-2.3260314915743924e-05,-0.00019948604791667225,-0.00011526552978374213,-0.0011155712244417268,0.000686127004951201,-0.000258580020070432,0.025804417658146013
1781506200.9196937,0.016892064197959238,0.7747806479639722,0.33232647581285435,-0.05049812016825101,0.02030891454736894,-0.07544977414620078,0.016876253707609867,0.7747695119518297,0.3323287902597956,-0.050143553154052674,0.020251340576659338,-0.07536283021772726,-3.5629509428068835e-05,4.426960704590362e-05,4.4857005054341956e-05,-0.0027622713483293035,0.0002617451581434805,-0.0007421089173722486,0.00013823020781261104,-0.00015707703978011148,-0.00020952047773702348,-0.0010834959396251135,0.00016130141352941306,-0.0002012500191262997,0.01947662794653137
1781506200.9297118,0.01688752101814089,0.7747776076963595,0.3323262131687864,-0.05049347197960645,0.02029468523263045,-0.07547407994789938,0.016876253707609867,0.7747695119518297,0.3323287902597956,-0.050143553154052674,0.020251340576659338,-0.07536283021772726,-6.000555048191317e-05,3.184075726008957e-05,3.472846703909173e-05,-0.002404561131794823,9.142866685085406e-05,-0.0009338898493752976,3.846887603443537e-05,-0.00011327011826625332,-0.0002828007782842166,-0.002011026111868702,0.0007677219934208004,-0.0002811860894388942,0.014111511760379095
1781506200.9397082,0.016883661481483382,0.7747750100960374,0.33232595912066165,-0.05048733674541525,0.02028267665914174,-0.07549366263295268,0.016876253707609867,0.7747695119518297,0.3323287902597956,-0.050143553154052674,0.020251340576659338,-0.07536283021772726,-7.88136505518215e-05,2.1459755610922992e-05,2.6157503706713045e-05,-0.00207072094929391,-3.86833749277571e-05,-0.0010520230975184293,-6.0094090109526466e-05,-0.00044875498168089976,-0.0005631826289777817,-0.0027650614601009873,0.000368275831756791,5.754653752701969e-05,0.009649873174585509
1781506200.9497533,0.0168804012970869,0.7747728066050951,0.33232571151460516,-0.05048025533460779,0.020272660678469112,-0.07550917040141344,0.016876386880457672,0.774761302193069,0.3323175730085329,-0.05021173641031791,0.020266063523455946,-0.07536894864875075,-9.291363936004658e-05,1.2854249297820234e-05,1.8945522320914363e-05,-0.0017639040549475558,-0.0001351108123671941,-0.001111740651610567,-3.165266695012611e-05,-0.00031041724277427237,-0.0005785367430888152,-0.0034920263069405043,0.00017661710836804507,4.226934425011742e-05,0.014652723911481072
1781506200.959718,0.016877664727924954,0.77477095141754,0.3323254695896992,-0.05047265888232908,0.020264411802341176,-0.07552120046725945,0.016876386880457672,0.774761302193069,0.3323175730085329,-0.05021173641031791,0.020266063523455946,-0.07536894864875075,-0.00010305542167349241,5.7831034755208776e-06,1.2915878283518925e-05,-0.0014857333324609498,-0.00020366059642168584,-0.001126054410409685,-6.847039197324318e-05,-0.00048671843275239216,-0.0009245846750156907,-0.0038982046801071387,0.0005320218335616842,1.7359089118509285e-05,0.012533811118650501
1781506200.9697087,0.01687692586567245,0.7747721072643774,0.3323248478821655,-0.05053915643728252,0.020259829300627752,-0.07553165143999976,0.016876386880457672,0.774761302193069,0.3323175730085329,-0.05021173641031791,0.020266063523455946,-0.07536894864875075,-0.00010104147310055793,7.268942614217232e-06,6.793970237120441e-06,-0.00204717377259941,-0.00022573655618634092,-0.001119572605191447,1.6301279656246452e-05,-0.00026045673998191244,-0.00028470820473560645,-0.0026929830283869524,0.0008143893253191757,-0.0004989645240484484,0.013037018731702881
1781506200.9797025,0.01687635385557867,0.7747730986446666,0.3323242938659741,-0.05059318630786232,0.02025623294595391,-0.07553942490647782,0.016876386880457672,0.774761302193069,0.3323175730085329,-0.05021173641031791,0.020266063523455946,-0.07536894864875075,-9.814443119704892e-05,8.369629500169408e-06,1.7933803140774739e-06,-0.0024118052257689824,-0.0002361007038383142,-0.0010840699499503298,-4.056678580625903e-05,-0.00038290066838202213,-0.0005532928226521829,-0.0026860639113409556,0.0011503538047292327,-0.0006962824273766175,0.013576718516688836
1781506200.9897137,0.016875922725921734,0.7747739408297675,0.3323238013584231,-0.050636395638165646,0.020253474158540508,-0.07554497950709806,0.016876386880457672,0.774761302193069,0.3323175730085329,-0.05021173641031791,0.020266063523455946,-0.07536894864875075,-9.457517413907532e-05,9.147179677511577e-06,-2.2436829724019416e-06,-0.002618993449200093,-0.00023740529009663527,-0.0010277948372756176,0.00020023685322516626,-0.00019572549181300395,-0.0003952446009895041,-0.0021960737910508457,0.000749860661709141,-0.0010139262659078752,0.014097621054031907
1781506200.9997165,0.016875609841299734,0.774774649079807,0.3323233647978014,-0.05067031475937617,0.020251418613969285,-0.07554871959915208,0.016877165711100706,0.7747445652292433,0.33228866545237323,-0.05036781966916651,0.02028668251316912,-0.07539337726016543,-9.05115069134339e-05,9.65547203021584e-06,-5.456099252331422e-06,-0.002702543513724416,-0.00023188569251847999,-0.0009574960875101528,0.0002705035037512237,-0.0002131960661177572,-0.0003654601767455222,-0.0015553370546509994,2.35114806021428e-05,-0.0011676942720165,0.04595109757904094
1781506201.0096924,0.016875395540235344,0.7747752382697051,0.33232297913685965,-0.05069634459094174,0.02024994636417743,-0.07555099780440958,0.016877165711100706,0.7747445652292433,0.33228866545237323,-0.05036781966916651,0.02028668251316912,-0.07539337726016543,-8.610243126873882e-05,9.941170850066281e-06,-7.96580647909584e-06,-0.002691168720941633,-0.00022140371345318394,-0.0008786142135674936,0.00022952644214428096,-0.00019523885420515721,-0.0003277257539664629,-0.0014569646539393784,-0.00018664474413575342,-0.0015484305475520971,0.04605863501121426
1781506201.0197585,0.016878869447935756,0.7747763051824558,0.3323227730131719,-0.050672515932192734,0.020259301786618833,-0.0755501002685187,0.016877165711100706,0.7747445652292433,0.33228866545237323,-0.05036781966916651,0.02028668251316912,-0.07539337726016543,-5.928959947009113e-05,1.9335953351506405e-05,-5.318579981385625e-06,-0.0021374474329665305,-9.568946171581018e-05,-0.0007677362525871234,0.0005611290392834274,-0.0002423266708818239,-0.00039054060221819224,-0.0017108778794547685,-0.0009366537074270015,-0.0018770060833016035,0.046622452238917714
1781506201.0296926,0.016881881345083075,0.7747772158849532,0.3323226029357264,-0.05065049711863305,0.020267293753768012,-0.07554864534805104,0.016877165711100706,0.7747445652292433,0.33228866545237323,-0.05036781966916651,0.02028668251316912,-0.07539337726016543,-3.701371853340461e-05,2.6632826355146168e-05,-3.1260658117475203e-06,-0.0016640554171030734,1.1239485294176174e-06,-0.0006636433163312117,0.00040671542266645477,-0.00018525346728156768,-0.0004471700644067891,-0.0020247955061865387,-0.000744952585683038,-0.0016877930452540834,0.04732922245810713
1781506201.0397196,0.01688448344928134,0.7747779917090457,0.3323224663887553,-0.05063043706357567,0.020274045333537494,-0.07554681265379307,0.016877165711100706,0.7747445652292433,0.33228866545237323,-0.05036781966916651,0.02028668251316912,-0.07539337726016543,-1.8662237972653036e-05,3.215309514757022e-05,-1.3263638719604183e-06,-0.0012638093486386042,7.363271506950403e-05,-0.0005674836788857793,0.00016207869427325926,-0.00032641095189216683,-0.00030931013079404777,-0.0020291885497814664,-0.00040845525018445383,-0.001146690565273357,0.04809763137999512
1781506201.0497048,0.0168867230709895,0.7747786508908839,0.3323223602648724,-0.050612393730259726,0.020279682698937096,-0.07554474709972399,0.016893304202949377,0.7747351850470419,0.33227360426978747,-0.05045075319070536,0.02025867450949792,-0.07547073316318008,-3.693692565621363e-06,3.617720636590042e-05,1.3519490483082151e-07,-0.0009293248223421652,0.00012594594164019494,-0.00047990049625786906,6.394174384020017e-05,-0.00015855675120581057,-0.00033929349762207214,-0.00228727201345134,0.00018152733486687133,-0.0010411785368281174,0.06564859431470695
1781506201.0597656,0.016888767445288472,0.7747831973330468,0.33232541910288005,-0.050578420389983614,0.020256629855645247,-0.0755191799742245,0.016893304202949377,0.7747351850470419,0.33227360426978747,-0.05045075319070536,0.02025867450949792,-0.07547073316318008,1.2617228379686635e-05,5.7801677290300596e-05,1.0579880947676618e-05,-0.00046260075176640913,-0.00015321258245019328,-0.00016153550129037518,-2.1945993944267593e-05,-0.0001671294640986074,-0.00016546743520916662,-0.0020162869959289,0.0007522306436497407,-0.0009809818928156583,0.07078515879691553
1781506201.0697331,0.016890524883392898,0.7747870507047128,0.33232800491449815,-0.05054941860939493,0.020237387617336955,-0.07549753541060486,0.016893304202949377,0.7747351850470419,0.33227360426978747,-0.05045075319070536,0.02025867450949792,-0.07547073316318008,2.5551324712460763e-05,7.442881604420552e-05,1.8830536655103563e-05,-0.00010023724358534074,-0.0003581830180651967,8.142550467948241e-05,-0.00012550835026131044,-0.00018134872718333076,-0.0002822573502572661,-0.0023538872122911792,0.0011960819109837826,-0.0007778013512522874,0.07521436835984378
1781506201.0796888,0.016892031289570234,0.7747902958114233,0.3323301732720634,-0.050524935623171126,0.020221527372098702,-0.07547942222727845,0.016893304202949377,0.7747351850470419,0.33227360426978747,-0.05045075319070536,0.02025867450949792,-0.07547073316318008,3.561070877215236e-05,8.683354796673958e-05,2.521533952818945e-05,0.00017401347042362832,-0.0005019561686716217,0.0002612385431831134,-0.00010319022654009423,-0.00026407404129823967,-0.0005305504116241911,-0.002716028509613293,0.0004294344551368654,-0.0004666258945071193,0.07898650946631708
1781506201.0897708,0.01689331813333308,0.7747930094051833,0.33233197574380485,-0.05050450851486938,0.020208635378714535,-0.07546445068854551,0.016893304202949377,0.7747351850470419,0.33227360426978747,-0.05045075319070536,0.02025867450949792,-0.07547073316318008,4.323488838780881e-05,9.569146449726243e-05,3.0021383904012295e-05,0.00037473720132753303,-0.0005959407560885255,0.00038881512016961133,9.355847160303328e-05,-8.872831234216176e-05,-0.00030123455104248735,-0.0019225715369103247,0.0002681761379329635,-0.0005353975586094926,0.08216377284108381
1781506201.0997493,0.016894413030600384,0.7747952606156266,0.33233345970232453,-0.050487679431877104,0.020198320364728684,-0.07545224280713997,0.016895324915767007,0.7747248953158457,0.3322536514749361,-0.05056892227222634,0.020274170758577403,-0.07551345066865467,4.8807545157853554e-05,0.00010158985405762774,3.3499145881778715e-05,0.0005148752530774503,-0.0006500478099301489,0.0004737606758256652,5.919340059922451e-05,4.51826889615483e-05,3.2493721020177146e-05,-0.0007623795972023094,-0.0003264849640927877,-5.97895171789272e-05,0.10640235009958107
1781506201.1096961,0.016893698940164972,0.7747889231838928,0.33232645547926504,-0.05047902355373691,0.02022920505670256,-0.07545148834078662,0.016895324915767007,0.7747248953158457,0.3322536514749361,-0.05056892227222634,0.020274170758577403,-0.07551345066865467,3.6955087115874696e-05,5.561928577027295e-05,-1.7219730878685223e-06,0.0005529498321519406,-0.000242744393574113,0.000447277437375381,8.548879463933652e-06,0.00018129522152342687,7.022603469962863e-05,-0.0006921516658131914,-0.00016099948059265928,5.324605611888521e-05,0.09696718377706035
1781506201.1197572,0.016893058815402817,0.7747834448542219,0.3323204659774585,-0.05047225934009435,0.02025538373720215,-0.07545127516858842,0.016895324915767007,0.7747248953158457,0.3322536514749361,-0.05056892227222634,0.020274170758577403,-0.07551345066865467,2.697199353177023e-05,1.80105949190668e-05,-2.997472265039538e-05,0.0005663427373439,6.907869589140589e-05,0.00041519036456214454,0.0002981252725951738,-5.46323528333264e-05,-8.5511664789726e-05,-0.00040480345369908846,-0.0006816746707455214,-0.00022291523010628653,0.0888670996615377
1781506201.1297507,0.01689248345560284,0.7747787273341443,0.33231537500838493,-0.05046709767323103,0.020277319789183013,-0.07545147343940285,0.016895324915767007,0.7747248953158457,0.3322536514749361,-0.05056892227222634,0.020274170758577403,-0.07551345066865467,1.8616071478930013e-05,-1.2408864922051024e-05,-5.227546131221263e-05,0.0005608757361803642,0.0003008261974781015,0.0003797830596198304,0.00020683596792870886,8.20428684701816e-07,8.226119877306641e-06,-2.1054041745779466e-06,-0.0005834751343137929,0.00011117312031466502,0.08194970818364701
1781506201.1397595,0.01689196543176465,0.7747746817818723,0.3323110756506605,-0.05046327805123147,0.020295476539111235,-0.07545197458890757,0.016895324915767007,0.7747248953158457,0.3322536514749361,-0.05056892227222634,0.020274170758577403,-0.07551345066865467,1.1672277062674049e-05,-3.66715576780158e-05,-6.951551241716048e-05,0.0005414271700089027,0.0004662322391759884,0.000342857376817138,-0.00024133507086380234,0.0001955090267983313,0.0002925415490336042,0.0003550543270560151,-0.0002930225863704418,0.0005014570056358185,0.0760757141919007
1781506201.1497574,0.016891498689459803,0.7747712281027983,0.33230747018610973,-0.05046056854627065,0.020310304589576722,-0.07545268897532639,0.016896159301676705,0.7747297207871231,0.3322585790707806,-0.050586686700589946,0.02026597135831887,-0.07551180461887028,5.950085726742567e-06,-5.5684330158904804e-05,-8.247453046568002e-05,0.0005120349590627085,0.0005774032781471409,0.0003058049051968654,-3.8766023925668536e-05,0.0002371232983514006,0.00037723531295171236,0.0007339616320456734,3.3957068578705906e-05,0.0001481574370314789,0.064303341428916
1781506201.1597533,0.01689322054622452,0.7747765583177082,0.3323031172771458,-0.050474040717699384,0.020345345685039984,-0.075456252224629,0.016896159301676705,0.7747297207871231,0.3322585790707806,-0.050586686700589946,0.02026597135831887,-0.07551180461887028,1.1794250519825739e-05,-1.805970932152911e-05,-9.143652306493969e-05,0.00030979703939747514,0.0008983675038827072,0.0002528738937140306,-0.000110669079259859,0.00014036226503625932,0.00011088490894105746,0.00016579438543459522,-5.938023684095462e-05,0.0005012805250650674,0.06469963200162393
1781506201.169722,0.01689466063071178,0.7747811367756238,0.3322995193574459,-0.05048566050696978,0.020373982776411337,-0.0754594400277679,0.016896159301676705,0.7747297207871231,0.3322585790707806,-0.050586686700589946,0.02026597135831887,-0.07551180461887028,1.6336343984901653e-05,1.2373161014144792e-05,-9.747237652744566e-05,0.00014978751992995558,0.0011142644734093248,0.00020629158172370002,-9.095900511571798e-05,0.0002424336809999849,0.0003810363854455296,0.0007537752934698384,9.317335021191167e-05,0.0003375360775417648,0.06574159231718037
1781506201.1797626,0.016895854599300777,0.7747850538694477,0.3322965779360097,-0.050495574297161366,0.020397037691488817,-0.07546225916516164,0.016896159301676705,0.7747297207871231,0.3322585790707806,-0.050586686700589946,0.02026597135831887,-0.07551180461887028,1.9775616609103518e-05,3.664707175974992e-05,-0.00010108272365849183,2.5798083885424404e-05,0.001245528391063911,0.0001657414837780623,-0.00011555762249704883,9.0926164903168e-05,-0.00013290774662104554,-0.0001319694214651906,0.00023394362794925576,0.00036635125268549704,0.0671249327879135
1781506201.1897075,0.016896835008008378,0.7747883905635516,0.3322942033045396,-0.05050393846586873,0.02041527899768103,-0.07546472482952574,0.016896159301676705,0.7747297207871231,0.3322585790707806,-0.050586686700589946,0.02026597135831887,-0.07551180461887028,2.228599519395471e-05,5.566916000308348e-05,-0.00010270019266144996,-6.78088874342824e-05,0.0013097865584464211,0.00013082128371700135,0.00013642619331731703,0.00025844202423139196,0.00015683075868300672,0.00046468168901042054,9.45206336983376e-05,4.3901482837514835e-05,0.0686417167336275
1781506201.199751,0.01689763133102458,0.7747912192182365,0.3322923144562389,-0.050510912599586316,0.0204294143180499,-0.07546685809773243,0.016892863008268644,0.774741031015165,0.3322732861420115,-0.050559877984857914,0.020263700818208275,-0.0754904202165546,2.401887353685771e-05,7.023419696735613e-05,-0.00010269733763232688,-0.00013608909862023924,0.0013220806507906113,0.00010107538443198026,-0.0001474361040228431,0.00020171947363025475,0.00022192107330882462,0.0006908686507221381,0.0007738109603901826,0.00021524401766971044,0.05388570656290031
1781506201.2097235,0.01689827004260064,0.7747936043626683,0.3322908388309676,-0.05051665432117824,0.02044008624235838,-0.0754686838753969,0.016892863008268644,0.774741031015165,0.3322732861420115,-0.050559877984857914,0.020263700818208275,-0.0754904202165546,2.5105638231346548e-05,8.103667901813592e-05,-0.00010139376614802036,-0.00018352386304014645,0.001295103288014058,7.602075058143191e-05,-0.000144161423340496,1.6883840056056958e-05,1.3711410822856594e-05,7.557928857329672e-05,0.00047675340390135307,0.0003571382055023471,0.05568922496820946
