time,ref_pose_x,ref_pose_y,ref_pose_z,ref_pose_roll,ref_pose_pitch,ref_pose_yaw,actual_pose_x,actual_pose_y,actual_pose_z,actual_pose_roll,actual_pose_pitch,actual_pose_yaw,ref_twist_vx,ref_twist_vy,ref_twist_vz,ref_twist_wx,ref_twist_wy,ref_twist_wz,actual_twist_vx,actual_twist_vy,actual_twist_vz,actual_twist_wx,actual_twist_wy,actual_twist_wz,error_3d_mm
1781505967.1303892,-0.040813001592442895,0.7813116799218334,0.38228366182606194,-0.051270165308025854,0.021123348617908988,-0.07826673987673562,-0.04081973959799884,0.7812447406254142,0.3822426338331424,-0.05101038242202814,0.02081249314496869,-0.07810406178070413,-9.011060948663708e-05,4.115662057041778e-05,-1.8450185642219128e-05,-0.002175127325239606,0.0018284451220880714,-0.0010926928263243964,-6.621731671431438e-05,0.00019284431837179842,0.00021363394290506402,-0.0006501445013742301,0.00031500840586990537,-6.9787428204871275e-06,0.07880080156304001
1781505967.1404493,-0.040813001592442895,0.7813116799218334,0.38228366182606194,-0.051270165308025854,0.021123348617908988,-0.07826673987673562,-0.04081973959799884,0.7812447406254142,0.3822426338331424,-0.05101038242202814,0.02081249314496869,-0.07810406178070413,-9.011060948663708e-05,4.115662057041778e-05,-1.8450185642219128e-05,-0.002175127325239606,0.0018284451220880714,-0.0010926928263243964,-0.00027478854171455704,0.0001217091842595548,0.0004105249048308487,-0.0003969750088627097,0.0021637201235161557,-0.0007581928265041625,0.07880080156304001
1781505967.150448,-0.040813474512719425,0.7813167774964338,0.3822848260592202,-0.051301432114847306,0.021140950812775117,-0.07830189427978682,-0.04081973959799884,0.7812447406254142,0.3822426338331424,-0.05101038242202814,0.02081249314496869,-0.07810406178070413,-9.74523259323428e-05,5.781154762213693e-05,-8.865690592864757e-06,-0.0022708970007760516,0.0018404160281606761,-0.001346744762090729,-2.4644596518149126e-05,0.0001920469718632934,0.00032743879708274013,-0.00027564931016704276,0.002543522274543185,-0.0013536289584092074,0.08371825381158417
1781505967.1604452,-0.04081398660694662,0.7813209426097316,0.382285842406521,-0.05132561740692836,0.021154130903156654,-0.07833014076085396,-0.04081973959799884,0.7812447406254142,0.3822426338331424,-0.05101038242202814,0.02081249314496869,-0.07810406178070413,-0.0001021112388685351,7.044914490763194e-05,-1.0591779851996186e-06,-0.002280491639373171,0.0017990098982945259,-0.0015002337434911828,-0.00022630312715387246,0.00011427033911466865,0.00019161574018918698,-0.0009025717726410653,0.001747118646971301,-0.000551710908467418,0.0877884965891453
1781505967.1703966,-0.040814520627936744,0.7813243079410326,0.3822867270349373,-0.05134383461287122,0.02116363711770819,-0.07835243800982329,-0.040824215605661185,0.7812528335726384,0.382254947033827,-0.05104547885942546,0.02089893299184875,-0.07814299521579182,-0.00010455743601643212,7.970160652269919e-05,5.221101611414512e-06,-0.0022252560388324504,0.0017187431440039592,-0.0015741727629252906,-0.00016746607486557775,9.887417363728767e-05,0.00013381161765522467,-0.0011517070008826488,0.002054516049784465,-0.0004913124212772221,0.07881970820165321
1781505967.1804495,-0.04081506114807934,0.7813269920162433,0.38228749445489646,-0.05135708139468806,0.02117013056925776,-0.07836966724767694,-0.040824215605661185,0.7812528335726384,0.382254947033827,-0.05104547885942546,0.02089893299184875,-0.07814299521579182,-0.0001051963285337142,8.611933402055375e-05,1.019658480302346e-05,-0.0021229576060607987,0.0016115562466820748,-0.0015864836771541206,-0.0004147996568307012,0.00037806111508557904,0.0006499901251713397,-0.000766472584111136,0.002120711423015456,-0.00027208376979334295,0.08150222984553394
1781505967.190443,-0.04082173377559539,0.7813175256095163,0.38228697899621067,-0.051284955969348775,0.02112436100671289,-0.07838377480931454,-0.040824215605661185,0.7812528335726384,0.382254947033827,-0.05104547885942546,0.02089893299184875,-0.07814299521579182,-0.00011782091622744212,5.1717272131761955e-05,4.0567053891309475e-06,-0.0011005351934501397,0.0009445187226170342,-0.0015926933301872786,-0.00014360387442859872,0.0003967369500719884,0.00044292712355340077,-0.0013997058945807465,0.001826360724251829,-0.0006159572463520568,0.07223064259738399
1781505967.2004528,-0.04082740014173989,0.781309391492283,0.3822865335394422,-0.05122324897753002,0.02108507499138712,-0.07839413773089245,-0.040824215605661185,0.7812528335726384,0.382254947033827,-0.05104547885942546,0.02089893299184875,-0.07814299521579182,-0.00012646268564899183,2.344491010669067e-05,-9.236275402511447e-07,-0.0003043401109724919,0.00041888220668919894,-0.0015537487889525589,3.9274869660263674e-05,0.0004513400134692597,0.0007349382492839218,-0.001554161577608566,0.002244157646088021,-0.0011374777039293573,0.06485866851495758
1781505967.2104504,-0.04083216811732128,0.7813024538144103,0.3822861483617724,-0.05117103749237822,0.02105172185496018,-0.07840141087667339,-0.040824215605661185,0.7812528335726384,0.382254947033827,-0.05104547885942546,0.02089893299184875,-0.07814299521579182,-0.00013179765549717424,4.51546098819739e-07,-4.910001807696616e-06,0.0003005554729042648,1.3579238408414321e-05,-0.0014820379771176007,-9.180132013381389e-05,0.000513661949857937,0.0008626821147464321,-0.0017082585935244174,0.0019123759739626553,-0.0009512030910826597,0.05915178527112548
1781505967.22044,-0.04083614032290793,0.7812965821577197,0.382285815301932,-0.051127370014512896,0.02102372670409114,-0.0784061695471053,-0.040831576662930746,0.7812711130475283,0.38228498940824784,-0.051111057778235686,0.020998848498333,-0.07818297985759373,-0.00013441041594220647,-1.801263076001091e-05,-8.047941337115091e-06,0.000745558438656988,-0.00029046878829147615,-0.001387739593462702,5.4241965059203054e-05,0.0005987590766861929,0.0010411271096305178,-0.0009271104511822557,0.0023110181378658387,-0.001780793238027339,0.02588792511398236
1781505967.2304556,-0.040839413087733915,0.7812916531890927,0.3822855274835127,-0.05109129969541992,0.021000512208240174,-0.0784089136829878,-0.040831576662930746,0.7812711130475283,0.38228498940824784,-0.051111057778235686,0.020998848498333,-0.07818297985759373,-0.00013480475343513444,-3.260693790402342e-05,-1.046501935712725e-05,0.0010585777821466773,-0.0005103281611827111,-0.0012790984343197015,0.00021666308227880944,0.00033072832554917325,0.0006046983702782241,-0.0007767963230445305,0.00130815464271695,-0.0019897781657438776,0.021990827500831377
1781505967.2404442,-0.04084262547590091,0.7812834279080476,0.38228820970153415,-0.05095623865326581,0.020953639878818153,-0.07839700185916249,-0.040831576662930746,0.7812711130475283,0.38228498940824784,-0.051111057778235686,0.020998848498333,-0.07818297985759373,-0.00011992352652585416,-2.256202835734991e-05,3.774355232558682e-06,0.002414755209142692,-0.0009722775399447263,-0.0010357135963025258,0.00038456928595781404,0.00018004287958733553,7.184837340531292e-05,-0.0007659878905549898,0.0010516871883777524,-0.002541979007303223,0.01685533584685249
1781505967.2504528,-0.04084516799929395,0.7812766978327215,0.38229048841534774,-0.05084483902706137,0.020915155647071026,-0.07838608339645552,-0.040831576662930746,0.7812711130475283,0.38228498940824784,-0.051111057778235686,0.020998848498333,-0.07818297985759373,-0.00010645772423897454,-1.4212360845814343e-05,1.5157517948437582e-05,0.003364797206802003,-0.0012917791920962728,-0.0008250040501121833,0.00031149974604446993,-2.8920421454284308e-05,-5.7090849995216814e-05,-0.0006784570180919489,0.0006522731112614292,-0.002397966973967741,0.01568927432599986
1781505967.26045,-0.04084712967420096,0.7812712793526484,0.3822924131272716,-0.050754217388230556,0.020884009737829112,-0.07837620689310296,-0.040831576662930746,0.7812711130475283,0.38228498940824784,-0.051111057778235686,0.020998848498333,-0.07818297985759373,-9.429881222609526e-05,-7.329386892552104e-06,2.4103554224419433e-05,0.003984529788589415,-0.0014958058334752626,-0.0006445444959960111,0.00021288109609874894,-0.00010170097901912112,-9.71007554884346e-05,-0.00039345057639286605,0.0002659686123976388,-0.001948768385953285,0.017234715579544764
1781505967.2704394,-0.040848593960281857,0.781266997855875,0.38229402861033807,-0.05068164452611618,0.020859214753084387,-0.07836738053768391,-0.04082010679484116,0.781279251469471,0.38229627816473677,-0.05115581708075476,0.02105374808794802,-0.0782957434248435,-8.334310239944338e-05,-1.7110494194717711e-06,3.0979775462062764e-05,0.004339808455023947,-0.001607727602817838,-0.0004916897619152291,0.00021154320533866262,0.0001531587400109665,-5.076683772849386e-05,0.0003696559218293998,-0.00032249938990689574,-0.0014735021847322078,0.031092284187544453
1781505967.2804465,-0.0408496378061084,0.7812636904013451,0.3822953751553002,-0.05062458149185948,0.020839857040720444,-0.07835958196362502,-0.04082010679484116,0.781279251469471,0.38229627816473677,-0.05115581708075476,0.02105374808794802,-0.0782957434248435,-7.349211095252585e-05,2.8208817991640856e-06,3.610727605125504e-05,0.004487215450786336,-0.0016475757626221187,-0.00036370232668937096,-9.12376657427342e-07,0.00016813413120447354,0.0005499034507593133,0.0019477242500954971,-0.00035172261467720665,-0.000832667653339054,0.03339225799081977
1781505967.2904446,-0.040844820739018003,0.7812675707069293,0.382295326865102,-0.05077315609298273,0.020855996100686447,-0.078305162785495,-0.04082010679484116,0.781279251469471,0.38229627816473677,-0.05115581708075476,0.02105374808794802,-0.0782957434248435,-4.9402037079569455e-05,-4.137859299109164e-05,3.714006782199963e-05,0.0023629692252786568,-0.0013218348888292169,0.0002781463373277236,0.0001288726885799013,0.0003464130688949962,0.0006516156963752484,0.002869579249277592,-0.0006917972224210752,-0.0008709718865965111,0.027351859558827265
1781505967.3004487,-0.04084059188853594,0.7812708918168371,0.3822952634495737,-0.05090029569645332,0.020870776817826897,-0.07825970939538332,-0.04082010679484116,0.781279251469471,0.38229627816473677,-0.05115581708075476,0.02105374808794802,-0.0782957434248435,-2.9437198561410796e-05,-7.633643591964625e-05,3.749856295747073e-05,0.0007066661719281758,-0.0010415781806706935,0.0007514557902188255,-8.269011840424397e-05,0.0004148910883001242,0.000363196864815989,0.003368472257501001,-0.0007722030870377461,-0.0006268062958063125,0.022148419869274717
1781505967.3104508,-0.04083690249058055,0.7812736702783757,0.38229519185245014,-0.05100789478245102,0.02088413383788712,-0.07822221796360587,-0.04082010679484116,0.781279251469471,0.38229627816473677,-0.05115581708075476,0.02105374808794802,-0.0782957434248435,-1.303696300956541e-05,-0.0001034323935392895,3.731120835998929e-05,-0.000553686275579008,-0.0008030745858300652,0.0010855268401672807,0.00017360306482956428,0.0006662030632900805,0.001028609286082953,0.00497176052916973,-0.0010631416078341971,-0.0008879264249897665,0.017732037779011507
1781505967.3204544,-0.04083370401526041,0.7812759396466338,0.3822951169819026,-0.051097907674431946,0.020896057432657544,-0.07819171836357745,-0.040815839808662935,0.781297919684945,0.38232357468291367,-0.05100407459828141,0.021019556813683282,-0.07833267433980079,2.93897344856853e-07,-0.00012387370740939374,3.668803422455024e-05,-0.0014828677380534913,-0.0006023851599216957,0.0013061254060205759,9.361007944324999e-05,0.00030928185948944214,0.00042652250533883136,0.0031617229904721753,-0.001484108767392525,-0.00026507307644307225,0.04015087431619748
1781505967.3304527,-0.04083094907166219,0.7812777443939336,0.3822950421730654,-0.051172280039627455,0.020906579789602864,-0.0781672923033703,-0.040815839808662935,0.781297919684945,0.38232357468291367,-0.05100407459828141,0.021019556813683282,-0.07833267433980079,1.0991830159386243e-05,-0.00013871383973565254,3.572289211371967e-05,-0.0021384802785094784,-0.0004355231363811277,0.0014356634289549822,8.689487683426291e-05,0.00013466604307612475,0.0002900368732112993,0.001856156112223389,-0.0005576418511826887,-0.00021868491422626936,0.038071463250250626
1781505967.340457,-0.04082799786445988,0.7812830560040517,0.38229560196163104,-0.05106633490173895,0.02089953573048997,-0.07814725720681442,-0.040815839808662935,0.781297919684945,0.38232357468291367,-0.05100407459828141,0.021019556813683282,-0.07833267433980079,3.676747487073916e-05,-4.702772560535192e-05,3.443480992152279e-05,-0.000752985941686197,-0.0004759609935088962,0.00149338916640649,-4.678453839726371e-05,-9.319511671259829e-06,2.307049861817261e-06,0.0005924697208527858,-0.0011841679888475903,0.0006752145813398737,0.033929639939379065
1781505967.3504016,-0.040825438887799916,0.7812877134903772,0.3822960577105668,-0.05097656353437306,0.020893975116502483,-0.07813179880031877,-0.040815839808662935,0.781297919684945,0.38232357468291367,-0.05100407459828141,0.021019556813683282,-0.07833267433980079,5.69935891942738e-05,2.717131430971679e-05,3.2964448113632747e-05,0.0003057291249343669,-0.0004932392734170616,0.0014957603886906021,-0.0002758460748329859,1.387759276355152e-05,3.062753277466623e-05,9.606150235183469e-05,-0.000510616320166273,0.0009253164910588782,0.03087867378908738
1781505967.3604465,-0.040823224595533975,0.7812918196830052,0.3822964226349103,-0.05090136786842951,0.020889678842681336,-0.07812019249444836,-0.040815839808662935,0.781297919684945,0.38232357468291367,-0.05100407459828141,0.021019556813683282,-0.07833267433980079,7.250840410800341e-05,8.639202335386316e-05,3.136638810107743e-05,0.0010906196803297736,-0.000492689929509114,0.0014565920911683461,5.491171249179018e-05,5.018903517067138e-06,0.00018371272691621477,-0.0001005908649965043,-0.000476892489775172,0.0005008983451227232,0.02879199214317339
1781505967.3704443,-0.04082131371924868,0.7812954548871234,0.3822967089498,-0.050839151561576104,0.020886447967910948,-0.07811178998558406,-0.040818516983959996,0.7813016807214963,0.3823331236147532,-0.05096174953372029,0.020980383790112356,-0.07830654243908972,8.404452588391309e-05,0.00013283814399085115,2.9686064441132074e-05,0.00164885824638729,-0.0004787965019502383,0.001387372268973562,-0.00020046339550145354,-0.00015876476357897955,-0.00011744345005152233,-0.0009893479523252274,-0.0002709172987681595,0.0010140029736781153,0.037048759298620046
1781505967.3804467,-0.040819670271959284,0.7812986819760173,0.38229692782653035,-0.050788363258147506,0.020884104139436754,-0.07810601786463739,-0.040818516983959996,0.7813016807214963,0.3823331236147532,-0.05096174953372029,0.020980383790112356,-0.07830654243908972,9.22404852504006e-05,0.00016844064851192998,2.7960993140655435e-05,0.002021993671398562,-0.00045528399209512357,0.0012975309576983562,-0.00010205568068506768,-0.00016055406427974275,-0.00010104391352485623,-0.0007712422881614167,-0.000974005143968408,0.0011612647570266308,0.03633810166656825
1781505967.390448,-0.04082032180755511,0.7812849265467691,0.3822927067024929,-0.05068399227076583,0.02086947432276287,-0.0781051097197287,-0.040818516983959996,0.7813016807214963,0.3823331236147532,-0.05096174953372029,0.020980383790112356,-0.07830654243908972,9.266957293437411e-05,0.00011711232520040374,-3.561346406375378e-06,0.002940466135235177,-0.0005655992971262818,0.0011576775194460237,-0.0002394554560001113,-2.7267165472574236e-05,-8.497613932830095e-05,-0.0006393301736489301,-0.0007518357226047507,0.001398440331043997,0.04378911457951646
1781505967.4004424,-0.04082085174334674,0.78127337850427,0.3822890692868441,-0.05059892989472665,0.020857633585544155,-0.07810543526712041,-0.040818516983959996,0.7813016807214963,0.3823331236147532,-0.05096174953372029,0.020980383790112356,-0.07830654243908972,9.183981542418335e-05,7.442339321029714e-05,-2.882150842375531e-05,0.0035481570512233673,-0.0006327783432764938,0.0010212005631200047,0.0001584236903168831,6.001177477463074e-05,3.5703040804785895e-05,-0.0003855116263367835,-0.0015954834712887706,0.0013406546595224127,0.05241421952905513
1781505967.4104471,-0.04082127458641531,0.7812637645096704,0.3822859459104517,-0.050530663154406394,0.02084820696960965,-0.07810667594410904,-0.040818516983959996,0.7813016807214963,0.3823331236147532,-0.05096174953372029,0.020980383790112356,-0.07830654243908972,9.001000465912197e-05,3.921084474033762e-05,-4.8734490542926616e-05,0.003906355932241546,-0.0006657965951025312,0.0008909894197594884,-0.00018815324065035,0.00013607710275457047,0.0002197935358628384,0.0008460030319334334,-0.0012799787624344064,0.001653402377591999,0.06058860679773526
1781505967.42044,-0.04082160506643658,0.7812558325860924,0.38228327451245037,-0.05047684943372556,0.02084084736616254,-0.07810856809946547,-0.0408235622048036,0.7812998408870642,0.3823300009825679,-0.05097487408182539,0.020925383173109324,-0.07823628150024127,8.74005635502943e-05,1.0446314981041444e-05,-6.410258249573816e-05,0.004067814160591041,-0.000672314485207108,0.0007690374087180546,-0.00015112773663169868,0.00018471756962525852,0.0003506346330678947,0.001242784505445525,-0.001123330553743388,0.0019286189171947637,0.06421778534528223
1781505967.4304528,-0.040821857500784965,0.7812493529053094,0.38228099983910413,-0.05043533788102507,0.020835238059903727,-0.07811089642412987,-0.0408235622048036,0.7812998408870642,0.3823300009825679,-0.05097487408182539,0.020925383173109324,-0.07823628150024127,8.419832040101835e-05,-1.2777442671785915e-05,-7.562742931259357e-05,0.004077441849337626,-0.0006587973632618006,0.0006566119471323758,-0.00038020451365629543,0.00027802530180676404,0.00023488234348610193,0.0021782388531633376,0.0004353544787973427,0.0018878994185349367,0.07037793957072527
1781505967.4404533,-0.040822787529214206,0.7812492932011293,0.38228247324920805,-0.05048887156342477,0.020845266667127715,-0.0781267178601715,-0.0408235622048036,0.7812998408870642,0.3823300009825679,-0.05097487408182539,0.020925383173109324,-0.07823628150024127,6.588798196471935e-05,-3.662363687049683e-05,-5.9947936467954405e-05,0.003051475629642572,-0.0004688239434690111,0.00041798530435218305,-0.00016868564867341567,0.00037031131640313423,0.0004118061905160602,0.002899000134301946,-0.0007499357179544863,0.0018135733303248185,0.06938698807384898
1781505967.4504542,-0.04081964277106143,0.7812445213149981,0.38227620354878344,-0.05044703557644018,0.020825366452341232,-0.07806126702794558,-0.0408235622048036,0.7812998408870642,0.3823300009825679,-0.05097487408182539,0.020925383173109324,-0.07823628150024127,9.40674965117082e-05,-4.6998603652110834e-05,-9.755245764486318e-05,0.0031601847164914143,-0.0006706450003067638,0.0010748616764535072,-3.9005199459808354e-05,0.0007037544931336557,0.0009863736776810558,0.005013308829151681,-0.001014051852473751,0.001206110084009037,0.07726435721745256
1781505967.4604497,-0.04081690398831122,0.7812407062546084,0.3822708638845297,-0.050414771657370676,0.020809192610135918,-0.07800723454651531,-0.0408235622048036,0.7812998408870642,0.3823300009825679,-0.05097487408182539,0.020925383173109324,-0.07823628150024127,0.00011549732354650686,-5.4731828413255015e-05,-0.00012650426896822448,0.0031551347183276634,-0.0008034979516664635,0.001537617082200764,-8.8983162123209e-05,0.0007613482989823249,0.0009168553288505273,0.006157749701199273,-0.0010339958584750211,0.0009358194468556154,0.08389536916255766
1781505967.4704506,-0.04081452267833296,0.7812377044125577,0.3822663386156461,-0.05039056268096134,0.02079625399400631,-0.07796323629900481,-0.04083266996875351,0.7813256536110162,0.3823640464329504,-0.0507746866895188,0.020923233282053477,-0.0781627824417002,0.00013123714499099667,-6.024634579472283e-05,-0.00014814306827853896,0.003064986918809976,-0.0008810407338693129,0.0018422568253942553,-0.00018232196717420955,0.0006963472576560698,0.0005559795928589998,0.004962406407747616,-0.00041236761669102075,0.0009640452046017816,0.13270720862669325
1781505967.4804492,-0.04081245735606124,0.781235387751831,0.3822625247414868,-0.050373051490979814,0.020786093909184178,-0.07792796060066076,-0.04083266996875351,0.7813256536110162,0.3823640464329504,-0.0507746866895188,0.020923233282053477,-0.0781627824417002,0.00014220974319055965,-6.39098699241703e-05,-0.00016363699232217337,0.0029135456570873906,-0.0009150203040942281,0.0020200866487993683,-4.0583600558811144e-05,0.0006042130869587801,0.0009041160497970132,0.005495354206770909,0.00033340798646623056,0.000173914260291543,0.13734310643032333
1781505967.4904475,-0.040823293000394695,0.7812291785339129,0.3822661801317437,-0.05027887323590997,0.02072834024710546,-0.0779404851353831,-0.04083266996875351,0.7813256536110162,0.3823640464329504,-0.0507746866895188,0.020923233282053477,-0.0781627824417002,9.33201712135134e-05,-5.7961795799110884e-05,-0.0001324034631633838,0.0036264514350739163,-0.0014379641272424127,0.0016313119116022014,0.0001468089586897837,0.00039135027804597725,0.0007493671921757327,0.004974348433918836,-0.0003576327117125747,0.00019141627945965482,0.13774317024657737
1781505967.5004497,-0.04083252619751523,0.7812243216249657,0.3822775071193679,-0.050241957154294,0.020694073613879205,-0.0780210272911907,-0.04083266996875351,0.7813256536110162,0.3823640464329504,-0.0507746866895188,0.020923233282053477,-0.0781627824417002,4.339545712903767e-05,-6.864039436450205e-05,-5.2319637126767656e-05,0.0036517651763570045,-0.0016104535297582795,0.0005564465335375882,-5.1350221194518866e-05,0.00011710389429166564,0.00033695107058415093,0.0039421124656308084,-0.000813112056604352,0.0008185851101045859,0.13325631265515236
1781505967.510451,-0.0408403056619679,0.7812204706282161,0.3822872355793985,-0.050214271320842274,0.020666704275082326,-0.07808935558108385,-0.04083266996875351,0.7813256536110162,0.3823640464329504,-0.0507746866895188,0.020923233282053477,-0.0781627824417002,2.7673725113725402e-06,-7.634314310706462e-05,1.263245129137433e-05,0.0035707662965523937,-0.0016956262446554213,-0.0002641428848338778,4.6705444202569775e-05,-8.75601183012341e-05,-8.695881234553905e-05,0.0021079869305418645,-0.0013786318908169065,0.0013889258901844607,0.1304671257634613
1781505967.5204437,-0.040846818751842436,0.7812174700426936,0.3822955578385252,-0.05019425958541775,0.02064525166233966,-0.07814666184137058,-0.04083266996875351,0.7813256536110162,0.3823640464329504,-0.0507746866895188,0.020923233282053477,-0.0781627824417002,-2.988282847694066e-05,-8.155935785836594e-05,6.461417808801124e-05,0.0034123298518185124,-0.0017130404174267963,-0.0008717507353466067,-0.0002037457943541795,-0.0002138659064323757,-0.00019221535835734808,0.0016164600334653556,-0.0005412748549218732,0.0018576197745251272,0.12881987457011376
1781505967.530448,-0.04085223425798509,0.7812151821655643,0.3823026462483707,-0.050180545834473476,0.020628819217561656,-0.07819414086961538,-0.04083500441535387,0.7813378212601305,0.3823844796436462,-0.05057394671550809,0.020911706388795803,-0.07811642981699167,-5.571488747526514e-05,-8.471335514144295e-05,0.0001055249855374478,0.0032002101895293234,-0.0016792059671193267,-0.0013031472532440943,-0.00024711489546493467,-0.00032087983279859537,-0.0006184437933019328,0.0013600045107907384,0.0003596664180853415,0.0017740873965895868,0.14843826856790576
1781505967.540448,-0.040849821493613665,0.7812232235212379,0.3822966369699146,-0.05026412020204972,0.020625260805155365,-0.07814125394081829,-0.04083500441535387,0.7813378212601305,0.3823844796436462,-0.05057394671550809,0.020911706388795803,-0.07811642981699167,-3.678697502661707e-05,-6.710300661465148e-05,6.205794059607257e-05,0.00192655384884563,-0.0015636599983621486,-0.0005863053687485639,-3.440814408062796e-05,-0.0006155425734873316,-0.0009167073704762507,0.0010678515551971954,-0.0010189171176942385,0.0017173327266295855,0.14515000136334788
1781505967.550442,-0.0408476183616261,0.7812301753526911,0.38229144349759786,-0.050336172685927674,0.020623732640792092,-0.0780963048951873,-0.04083500441535387,0.7813378212601305,0.3823844796436462,-0.05057394671550809,0.020911706388795803,-0.07811642981699167,-2.1126026753947623e-05,-5.2115628382960024e-05,2.637742677939515e-05,0.0009195152697215017,-0.0014342813124497843,-3.3144655728270544e-05,0.00012934035632631576,-0.0006552104878776318,-0.0009135037828420905,0.001958427686594884,-0.0013817043286338201,0.0007916441599263298,0.14283724129419104
1781505967.5604405,-0.04084561921971095,0.7812361325737953,0.3822869725640037,-0.050397619935001484,0.02062376689841061,-0.07805853412284995,-0.04083500441535387,0.7813378212601305,0.3823844796436462,-0.05057394671550809,0.020911706388795803,-0.07811642981699167,-8.286149728208774e-06,-3.942380558399058e-05,-2.600160560310519e-06,0.000139808739086999,-0.001298080283647625,0.0003822321282618332,0.00027093753431761404,-0.0006882528313680525,-0.000925223485468329,0.0018331282133429527,-0.0019203735664698465,0.00027471924489016764,0.14128302651248933
1781505967.570447,-0.040843816449731576,0.7812411917948657,0.3822831397356498,-0.050449439068320494,0.020624970384670815,-0.07802717589517245,-0.04083500441535387,0.7813378212601305,0.3823844796436462,-0.05057394671550809,0.020911706388795803,-0.07811642981699167,2.126352760060137e-06,-2.873561133813596e-05,-2.582964302652325e-05,-0.0004482236464040612,-0.0011604961444628128,0.0006830008477257398,0.00038067109780044555,-0.00017291124677159509,1.3442231669934394e-05,0.0030569684206317284,-0.0019848109962111206,-0.00031764170809305887,0.14030211138805704
1781505967.5804543,-0.04084220087192031,0.781245448464082,0.3822798688019068,-0.0504926257633391,0.02062701658599897,-0.078001480881522,-0.04083210223880113,0.7813136099248332,0.3823481904885489,-0.05048506179909687,0.02086412521812897,-0.07806307053817002,1.0458287159508888e-05,-1.979130657591881e-05,-4.415036009318822e-05,-0.0008765456028596622,-0.0010256420749180457,0.0008896638395176939,0.00032850644064907837,-5.5312120062267963e-05,-7.585908952470612e-06,0.0024189588003717716,-0.0013030553508415368,-0.0007021949306747087,0.09703514821057159
1781505967.5904398,-0.040837378472855165,0.7812444337708072,0.38227192224595646,-0.050532551184541016,0.02065435504430968,-0.07800439742551239,-0.04083210223880113,0.7813136099248332,0.3823481904885489,-0.05048506179909687,0.02086412521812897,-0.07806307053817002,2.6598001976500586e-05,-4.253262177858377e-05,-9.116599906423374e-05,-0.0012160618159035197,-0.0006139886142068089,0.0007758191027766795,0.000232270625354727,0.0003286574709044949,0.0006692105391478219,0.002776224873485389,-0.0008325023803377806,-0.0008096578035915345,0.10310200657486332
1781505967.6004503,-0.0408332585703009,0.7812434571569451,0.3822651614859517,-0.05056503063783364,0.020677876234862058,-0.07800759117071748,-0.04083210223880113,0.7813136099248332,0.3823481904885489,-0.05048506179909687,0.02086412521812897,-0.07806307053817002,3.921750802878692e-05,-6.024980757163787e-05,-0.0001277537260026144,-0.0014371619365853114,-0.0002887425938706599,0.0006692854769761026,0.00012806246771198844,0.00024307680457070244,0.0005262498465642997,0.002140209397451558,-0.0013095628296734352,-0.0005329973056163891,0.10870401656420706
1781505967.6104395,-0.04082976569211456,0.7812425186883765,0.382259438855968,-0.05059104205744055,0.020697893393962774,-0.0780109050759233,-0.04083210223880113,0.7813136099248332,0.3823481904885489,-0.05048506179909687,0.02086412521812897,-0.07806307053817002,4.885118303841675e-05,-7.370926242632833e-05,-0.000155506601474094,-0.0015634850177263754,-3.7141984841113855e-05,0.0005711452682122046,7.0209711592980475e-06,0.00013234102619595674,0.00030229098430903633,0.001204328797699427,-0.001134415073437819,-0.00011381002271103594,0.11373774939368601
1781505967.620455,-0.04082682853679216,0.7812416208138421,0.3822546224415454,-0.050611495213243735,0.02071473715100458,-0.07801421820827784,-0.04083210223880113,0.7813136099248332,0.3823481904885489,-0.05048506179909687,0.02086412521812897,-0.07806307053817002,5.596584460497989e-05,-8.358018023390851e-05,-0.00017581543826995335,-0.001615337246893083,0.00015239133865842196,0.00048197982801940565,4.5236877587571954e-05,-0.00012454757865641895,6.403743910177574e-05,0.00035821165447533,-0.00129123382428251,-0.00012649410935829423,0.11817454655815486
1781505967.6304448,-0.0408243805267881,0.7812407671945447,0.38225059469053874,-0.05062722390247176,0.020728742111183474,-0.07801743999947336,-0.04082351986788685,0.7813159222250692,0.382357853281055,-0.05039139018705059,0.020814354686389036,-0.07808568816666732,6.096815982258367e-05,-9.044524229208657e-05,-0.00018989106708769505,-0.001609971787751546,0.0002902314952000738,0.00040197920462702074,0.00010221899635438377,-7.340561491354704e-05,-0.00012121355290742145,-0.0002926227131908193,-0.0006997600157511203,-4.588794798204622e-05,0.13097108301609686
1781505967.6404586,-0.04082629247848588,0.7812403070206471,0.38225446440478117,-0.05067760854002372,0.020742509993439295,-0.07804849223585324,-0.04082351986788685,0.7813159222250692,0.382357853281055,-0.05039139018705059,0.020814354686389036,-0.07808568816666732,3.587468454367294e-05,-0.00011010489076460729,-0.0001515092635745939,-0.0019772319980673014,0.0004258223816232434,2.7214596191861952e-05,-8.256748320728636e-05,-0.00034845019856870286,-0.00041809984579437416,-0.0011169294382261186,-0.0004749906274927445,0.0004975644541373968,0.1281194998682661
1781505967.650457,-0.04082801401870767,0.781239785147951,0.38225787825703755,-0.05071817130162153,0.020753697335375687,-0.0780746155479356,-0.04082351986788685,0.7813159222250692,0.382357853281055,-0.05039139018705059,0.020814354686389036,-0.07808568816666732,1.5275747607523294e-05,-0.00012449198798287394,-0.00011877760596225783,-0.002198284775600754,0.0005157629276428087,-0.00025432833077533557,-0.00015933113652327237,-0.0002889630519285719,-0.0004756847429993998,-0.0012614932485568494,8.100084299463099e-05,0.0006929962978798223,0.12574600324060015
1781505967.6604433,-0.04082956364761789,0.7812392156254392,0.3822608832503655,-0.05075026448628193,0.020762645163247218,-0.0780963305767377,-0.04082351986788685,0.7813159222250692,0.382357853281055,-0.05039139018705059,0.020814354686389036,-0.07808568816666732,-1.4540851676422427e-06,-0.00013446412347894188,-9.09964771234597e-05,-0.002303738619892014,0.0005690365988843322,-0.0004583169218660962,4.53763504392957e-05,-0.0002713277071555637,-0.00045758923541024056,-0.0011945100304808385,-0.00010964925915986102,0.0004486623082052984,0.12378859621205973
1781505967.6704485,-0.04083095690531561,0.7812386139477641,0.38226352206929637,-0.050775133176561724,0.02076967024350762,-0.0781141481265286,-0.04082351986788685,0.7813159222250692,0.382357853281055,-0.05039139018705059,0.020814354686389036,-0.07808568816666732,-1.4865921029901422e-05,-0.0001407656891529926,-6.754151498521815e-05,-0.0023196916608368527,0.0005933782506047934,-0.000598613034971023,-6.296516756493437e-05,-0.0002187631246051634,-0.00021918107423325126,-0.0007994096784166224,-0.00023697296803707106,0.0004467959926358501,0.12218942989248606
1781505967.6804492,-0.04083220709762778,0.7812379956986707,0.38226583344541176,-0.05079390803781975,0.02077506250295058,-0.07812855764089059,-0.040825922962016814,0.7813027268971315,0.38233947063478313,-0.05043997152802962,0.020795391232111937,-0.07806627256028836,-2.5444216472051126e-05,-0.00014404077268415284,-4.785668151320305e-05,-0.0022681481939554634,0.0005953754282181606,-0.0006873463069933515,-0.0002164648748952656,-0.00031202755382768146,-0.0002589655887260612,-0.0008470513434504619,0.00035976595108712286,0.000273365064404891,0.09824486792229273
1781505967.6904418,-0.040837139699017345,0.7812349765937983,0.38227024855287806,-0.050750491050280525,0.020744748640326938,-0.07811068267254252,-0.040825922962016814,0.7813027268971315,0.38233947063478313,-0.05043997152802962,0.020795391232111937,-0.07806627256028836,-3.9481320795688255e-05,-0.00013535166600127382,-1.7735655412637095e-05,-0.0015505986939469752,0.00018996503784885047,-0.00043425780730095337,7.679822581818208e-06,-0.0003593855332269612,-0.00036113636560671685,-0.0012965191091731981,9.613243616837763e-05,2.7116828699236676e-06,0.0975070018714725
1781505967.7004485,-0.04084132818302306,0.7812324085410015,0.38227404788731456,-0.05071254170982508,0.02071909737713651,-0.0780952423216715,-0.040825922962016814,0.7813027268971315,0.38233947063478313,-0.05043997152802962,0.020795391232111937,-0.07806627256028836,-5.024966286296031e-05,-0.0001266612413967938,6.669424429051078e-06,-0.000970518603452825,-0.00011899537889301391,-0.00023274220466175285,6.611448039891769e-05,-0.0001904962218646006,-5.641834182424347e-05,-0.0012090682771248788,0.00016959888338626472,-0.0003548765521111074,0.09727346981277467
1781505967.7104495,-0.04084485521144425,0.7812302533955056,0.38227730361867923,-0.05067972780813196,0.02069764187066947,-0.0780820485970048,-0.040825922962016814,0.7813027268971315,0.38233947063478313,-0.05043997152802962,0.020795391232111937,-0.07806627256028836,-5.825748452107713e-05,-0.00011807987530398857,2.6176658930941723e-05,-0.0005093181716173082,-0.00034723193747620873,-7.538399317938061e-05,0.0002560636688294297,-0.0002450865841249996,-0.00033932283351201296,-0.0014295262968681281,-0.0009036566453728657,-0.0005793810133258699,0.09734257238010474
1781505967.7204478,-0.040847798575577875,0.7812284713827818,0.3822800808338638,-0.05065165987054957,0.020679917472557596,-0.07807089917851968,-0.040825922962016814,0.7813027268971315,0.38233947063478313,-0.05043997152802962,0.020795391232111937,-0.07806627256028836,-6.394776727647069e-05,-0.00010969479307809869,4.150485822098486e-05,-0.00014981463814693673,-0.0005087373339431879,4.4581606427358103e-05,0.00022486277758033878,-0.0002293914208546403,-0.00016918306518205905,-0.0013068799787898453,-0.0012257851993144214,-0.000454868139623335,0.09756829573817072
1781505967.7304516,-0.04085023062415118,0.7812270225140422,0.38228243806627177,-0.050627916176393124,0.020665473895535635,-0.07806158654726927,-0.04082236866736105,0.7812898399269951,0.3823243836383976,-0.05050812019213586,0.02077868000645111,-0.07807677629720142,-6.77054903606292e-05,-0.00010157352977655124,5.32840163908063e-05,0.00012365020031850196,-0.0006158224488826622,0.00013324666465017144,0.0004067233235788471,-0.00026447676672463786,-0.0002625271149663218,-0.0016220914134800766,7.300180171640781e-05,-0.0012216208361844761,0.08050929776884273
1781505967.74045,-0.04085221794170351,0.7812258676685657,0.38228442780894933,-0.05060806238736138,0.020653883938047235,-0.07805390496645995,-0.04082236866736105,0.7812898399269951,0.3823243836383976,-0.05050812019213586,0.02077868000645111,-0.07807677629720142,-6.986419225815244e-05,-9.376695787675321e-05,6.206484573801775e-05,0.0003251636349219419,-0.0006792010496383063,0.00019603247929233708,0.00011316083809322054,-0.00038822546313298326,-0.0003548587484840188,-0.0015756468750685823,-0.0010634279712766776,-0.0005277244723990015,0.08111656633649356
1781505967.7504551,-0.04085177400327804,0.7812187339527044,0.38228953166816687,-0.05055705015213868,0.020596317070629144,-0.07798411374591144,-0.04082236866736105,0.7812898399269951,0.3823243836383976,-0.05050812019213586,0.02077868000645111,-0.07807677629720142,-3.242010605524862e-05,-0.00011279640722842832,8.911424193988019e-05,0.0008308564372531367,-0.00127122268003537,0.0009036324851853723,6.753058313713968e-05,-0.0002677351297837891,-0.0003526343842317937,-0.0014882949951375234,-0.0009513324878823257,-0.00044141177504901976,0.08447125658581721
1781505967.7604063,-0.04085120780375291,0.7812127787408982,0.3822938516421727,-0.050514928530897174,0.02054901944118881,-0.07792630339197801,-0.04082236866736105,0.7812898399269951,0.3823243836383976,-0.05050812019213586,0.02077868000645111,-0.07807677629720142,-1.9502032694374894e-06,-0.00012664349326522778,0.00010969960307282616,0.0011870134616911686,-0.001680007086739334,0.001409077718399249,-0.0002662434855031142,-0.00031726653107606493,-0.0002950288043468824,-0.0008526846277948287,-0.00029791094012839215,-8.842752755263295e-06,0.0877628906996439
1781505967.7704408,-0.04085053862313221,0.7812078543246339,0.38229748695423765,-0.050480620619044195,0.020510711490524525,-0.07787905175312894,-0.04082236866736105,0.7812898399269951,0.3823243836383976,-0.05050812019213586,0.02077868000645111,-0.07807677629720142,2.2534927701993904e-05,-0.0001361548605263002,0.0001248349729683105,0.0014213790686780797,-0.0019403086362659312,0.0017492199651243335,-0.00016011460917174125,-0.00013960965218848552,7.236408737039298e-05,-0.00016182064108797027,-5.027988358221621e-05,6.410850416931337e-05,0.09076682775922362
1781505967.7804441,-0.04084978842441883,0.781203825407527,0.38230052621185556,-0.05045310581818882,0.02048018826793907,-0.07784100437849384,-0.04081835456948618,0.7812781285781738,0.38231398267846206,-0.0505605533788629,0.020746530679077724,-0.07810206620883316,4.190539306611049e-05,-0.00014206511047666525,0.0001354034557124198,0.0015580750158429714,-0.0020822319468838564,0.001956195777195436,1.9947915240108077e-05,-0.0001244751814601681,-0.00022009807192733687,-0.000253455858561935,-0.00034611607151397545,0.00014055767986440563,0.08179318368684699
1781505967.7904387,-0.04084944006444273,0.7812037058253284,0.38230464852518564,-0.050360808425920014,0.0204804407109489,-0.07786603138297644,-0.04081835456948618,0.7812781285781738,0.38231398267846206,-0.0505605533788629,0.020746530679077724,-0.07810206620883316,4.4062241522126584e-05,-9.060444199729764e-05,0.00015102526533510507,0.002401186314279108,-0.0018384099261402106,0.0014699486954452444,-0.00020549255966767805,-4.421041876005796e-05,0.00014641563527577402,0.0007357249973651548,-0.00043476775795529664,0.0004700642002359236,0.0811922444274764
1781505967.8004665,-0.04084902463436919,0.7812039155519643,0.38230808509771547,-0.0502854126086615,0.020482271867069635,-0.07788851529358672,-0.04081835456948618,0.7812781285781738,0.38231398267846206,-0.0505605533788629,0.020746530679077724,-0.07810206620883316,4.523538821707799e-05,-4.814514865513745e-05,0.00016165239123546593,0.0029671719925299187,-0.0016054090848469666,0.001065375750013523,3.1293320259778055e-05,-7.873419599591439e-05,-0.0001286483296094356,0.0003187364005477888,-0.0007729769997566419,0.0003314383795447093,0.08051712611462009
1781505967.8104465,-0.04084856816012675,0.7812044026831667,0.38231092720267845,-0.05022474434841029,0.020485235707083493,-0.0779084780025027,-0.04081835456948618,0.7812781285781738,0.38231398267846206,-0.0505605533788629,0.020746530679077724,-0.07810206620883316,4.5603980588372895e-05,-1.3449919967178493e-05,0.00016813526266266956,0.0033100247755170993,-0.0013868917934930297,0.0007330747348023878,-9.062013044547176e-05,8.888589410267448e-05,0.0002602135091856581,0.0007548335091090698,-0.0016440807428109478,0.0012657635566492764,0.07973521547131336
1781505967.820439,-0.040848091975833264,0.7812051147002176,0.3823132559578196,-0.05017677159367505,0.020488967015432236,-0.0779260050304114,-0.04081835456948618,0.7812781285781738,0.38231398267846206,-0.0505605533788629,0.020746530679077724,-0.07810206620883316,4.532202790930953e-05,1.4572902286125693e-05,0.00017120909329818699,0.0034763072107980913,-0.0011852062546269318,0.00046402211275917474,-6.468744135315793e-05,-0.00011322350142979672,-8.50404608925177e-05,0.0004807120659497696,-0.0024236798725140495,0.0016451413171755405,0.07884077519500444
1781505967.83045,-0.04084761319479422,0.7812060008670384,0.3823151432261864,-0.050139624285951895,0.02049317114281246,-0.0779412271990812,-0.04082067150208024,0.7812768900541086,0.38231943998477713,-0.05052655146137177,0.020689927336483338,-0.07806337077562138,4.452140775605303e-05,3.6884218179622394e-05,0.00017150728895510647,0.003505740153276933,-0.0010016515905073296,0.00024972519576753956,8.28574410562856e-05,-7.43919164403564e-05,-2.4921085003709516e-05,0.0010281627159736922,-0.0027078454018299616,0.0014295095744620654,0.07595784215047613
1781505967.8404427,-0.040847145194212675,0.7812070138848713,0.3823166524689529,-0.05011160493132734,0.020497614387514407,-0.07795430566790947,-0.04082067150208024,0.7812768900541086,0.38231943998477713,-0.05052655146137177,0.020689927336483338,-0.07806337077562138,4.33145599496993e-05,5.4327783080510263e-05,0.0001695735009282915,0.0034318309649884345,-0.0008367052161236029,8.2321605412386e-05,-8.332635614370213e-06,9.145269430127342e-05,0.0001919051576132109,0.001801415947714079,-0.0025701813135077115,0.0014659247012860786,0.07477503357984742
1781505967.8504415,-0.04085298229481681,0.7812032325740864,0.3823139925170136,-0.050042098888689386,0.02050151675723111,-0.07800708543255658,-0.04082067150208024,0.7812768900541086,0.38231943998477713,-0.05052655146137177,0.020689927336483338,-0.07806337077562138,2.5194641815378733e-06,5.952155038162594e-05,0.00014000700625489346,0.003827785514680203,-0.0006739868883851351,-0.0004998930501171778,3.19242651389112e-05,4.857850695037849e-05,0.00011017850441779887,0.0019140938946231728,-0.002160741404327818,0.0012822774240500642,0.08061691258985505
1781505967.8604372,-0.040857928575208764,0.781200292314133,0.38231161534263713,-0.04998714452852133,0.020505441998670104,-0.07805105037382278,-0.04082067150208024,0.7812768900541086,0.38231943998477713,-0.05052655146137177,0.020689927336483338,-0.07806337077562138,-3.026166762430107e-05,6.293676885159843e-05,0.0001144977871893112,0.004019682132213343,-0.0005336263151066435,-0.000922446639401977,-3.7758916023412674e-06,-5.358560302767423e-05,0.0002408324453732558,0.0026137635762392853,-0.0018530821291622012,0.0011724279130599132,0.08553670727875602
1781505967.8704524,-0.040862101659618684,0.7811980672380248,0.38230949537904235,-0.049944597458022474,0.020509276354570893,-0.07808720717586502,-0.04082067150208024,0.7812768900541086,0.38231943998477713,-0.05052655146137177,0.020689927336483338,-0.07806337077562138,-5.6194034091101264e-05,6.488094178375271e-05,9.256886776081916e-05,0.004053432774609908,-0.00041385779284835306,-0.0012138043284237255,-0.00017547360709765724,-6.320062050497769e-05,-8.81349592660079e-05,0.0026536433031023347,0.0004674857899662486,0.0006720841742281288,0.08960128052806014
1781505967.880447,-0.04086560542610451,0.7811964422075273,0.38230760904449484,-0.049912511338960935,0.020512937234464124,-0.07811652386610507,-0.04082083837308659,0.7812753411045151,0.3823248202924522,-0.05041626666019018,0.020606202519804828,-0.07800116347187454,-7.62998062018628e-05,6.561956420687593e-05,7.379197843405612e-05,0.003967766488973327,-0.0003127951575512762,-0.0013988854997207295,0.0002230594580117242,-0.00012857327409952622,-0.00015050564005877274,0.002958159562907349,-0.0009064753490986901,-0.00024672194235734817,0.09233283293639732
1781505967.8904486,-0.04086853137033194,0.7811953134803333,0.38230593459327084,-0.04988914150615037,0.020516367631528087,-0.0781399130010195,-0.04082083837308659,0.7812753411045151,0.3823248202924522,-0.05041626666019018,0.020606202519804828,-0.07800116347187454,-9.147338424563223e-05,6.538104395140739e-05,5.778337650212074e-05,0.0037949703197626395,-0.00022851349767239305,-0.0014992706363705904,0.0001460120685251094,-7.990048827759155e-05,-1.6430771752399922e-05,0.0035552069817199484,-0.0004487267156744497,-0.0008484039464449933,0.09505636355340341
1781505967.9004388,-0.04087017740778896,0.7811858858895412,0.382297709631749,-0.049869497478427206,0.020519878677792258,-0.07813318630483179,-0.04082083837308659,0.7812753411045151,0.3823248202924522,-0.05041626666019018,0.020606202519804828,-0.07800116347187454,-9.694501538289407e-05,9.774764030752156e-06,8.064381224748624e-07,0.0035936196832835727,-0.00016894162726242333,-0.0012603556088038527,0.00048263320055861697,0.0001436091304482979,0.0003246116613244543,0.0042055153607414505,-0.0009158754085147472,-0.001552138566906066,0.1056956184293289
1781505967.9104378,-0.040871508475889745,0.7811780539819314,0.3822906398055182,-0.04985625128400301,0.02052304452704523,-0.07812638023901367,-0.04082083837308659,0.7812753411045151,0.3823248202924522,-0.05041626666019018,0.020606202519804828,-0.07800116347187454,-0.00010010910218035028,-3.498832078536748e-05,-4.494333671033582e-05,0.0033443871885877217,-0.0001196797872170353,-0.0010468459907199603,0.000366437589440319,0.0003337037666899684,0.0007595233453972881,0.004976656485415193,-0.0009583439504625218,-0.001619063150944494,0.11489364310416526
1781505967.9204462,-0.04087257232128201,0.7811715916046635,0.3822845874603325,-0.049848161348309106,0.020525865051096215,-0.07811970100572849,-0.04082083837308659,0.7812753411045151,0.3823248202924522,-0.05041626666019018,0.020606202519804828,-0.07800116347187454,-0.00010138066214115773,-7.04795859485639e-05,-8.110054996896922e-05,0.0030661006470163663,-7.949190207776869e-05,-0.0008582159550502681,2.1220422534969236e-05,0.0002588485932151695,0.00032715379761692103,0.0038826661047141916,-0.0002537041716398794,-0.0012491235687375891,0.12271528387170172
1781505967.9304516,-0.04087341038885898,0.7811662991718887,0.3822794292186425,-0.04984415626274628,0.02052834961909733,-0.07811329963369898,-0.040812688589675905,0.781277295211457,0.38233339671872046,-0.050226766717251,0.02059437185740909,-0.07804639079511637,-0.00010111684041130325,-9.807797285316444e-05,-0.00010909896372719067,0.0027736623791522422,-4.720330111683247e-05,-0.0006933905378382072,-0.00010898202418229016,0.00017079541473855324,0.0004766542559648278,0.003807081463380615,-0.0005457746751436701,-0.000931967170677526,0.13754907764330143
1781505967.9404438,-0.04087405854645168,0.7811620014363226,0.3822750547064708,-0.04984332144508783,0.020530514453561244,-0.07810728167737233,-0.040812688589675905,0.781277295211457,0.38233339671872046,-0.050226766717251,0.02059437185740909,-0.07804639079511637,-9.962379837053302e-05,-0.00011899046941116121,-0.0001301929439587004,0.00247862555344958,-2.1717511744026585e-05,-0.0005509127395524715,-0.00021939747524507157,9.881394799970443e-05,0.00034710956702236386,0.0032455450894388533,-0.0007522091490165442,-0.0006203761890781434,0.14304795200464615
1781505967.9504478,-0.04087373137977073,0.7811685342202943,0.38227405455683544,-0.049859741544917444,0.020568351622261005,-0.07814262386881195,-0.040812688589675905,0.781277295211457,0.38233339671872046,-0.050226766717251,0.02059437185740909,-0.07804639079511637,-0.00011004587257192359,-7.521707959915291e-05,-0.00012751141074825685,0.0020367009322639915,0.000412427453110068,-0.0008554625207487139,-0.0004312402630118232,-7.269019404148509e-05,6.881899873995782e-05,0.0031892752310263483,-0.0008076768515591567,-0.0003133154604265994,0.1381183101490484
1781505967.9604468,-0.040873456481918154,0.7811743018896747,0.3822732624701656,-0.049875407035862594,0.020599836056177434,-0.07817154711209667,-0.040812688589675905,0.781277295211457,0.38233339671872046,-0.050226766717251,0.02059437185740909,-0.07804639079511637,-0.00011701804099145193,-3.912390069231877e-05,-0.0001237430488339998,0.0016498308297972668,0.0007264245445630598,-0.0010602389957605537,-0.00025150772474313317,-0.00015094996632160937,-8.617803521018824e-05,0.002997155792639657,-0.0006731383358931466,-0.0006185011432902144,0.1338524893625815
1781505967.9704409,-0.04087323724417584,0.7811793694172304,0.38227264833939395,-0.049890078050861125,0.020625698918600666,-0.07819486902076614,-0.040812688589675905,0.781277295211457,0.38233339671872046,-0.050226766717251,0.02059437185740909,-0.07804639079511637,-0.00012113237321742977,-9.6535261304373e-06,-0.00011914995898662738,0.0013148011305386823,0.0009418048917330809,-0.0011846524249407224,-0.0002727174942074836,-0.00017718782695225107,-0.00024128363881023842,0.0025331554443766206,-0.0005098970769303999,-0.0004402004527040295,0.13017667351505216
1781505967.9804463,-0.040873072256658136,0.7811837994939248,0.3822721855718242,-0.04990360215143171,0.020646641904886964,-0.0782133555446449,-0.0408310227928711,0.7812771378917491,0.38234307969161274,-0.05006365956674552,0.02058475101852797,-0.07806856077110053,-0.00012290037850610892,1.4126819340083478e-05,-0.00011395299880847803,0.0010277845356987446,0.0010774002133378355,-0.001245446264799435,-0.0002847290688296338,-0.0003792496415410903,-0.00023938808873194393,0.0021661435829798104,-9.360353497279195e-05,-0.0003743237722336244,0.12452385367384045
1781505967.9904482,-0.040875443079855744,0.7811911585896415,0.3822728402115952,-0.049943594104844204,0.020649184029804424,-0.07823467928194769,-0.0408310227928711,0.7812771378917491,0.38234307969161274,-0.05006365956674552,0.02058475101852797,-0.07806856077110053,-0.0001333276507454758,4.2284745771375485e-05,-0.00010147240753610911,0.00048379441685455094,0.0009991085359927032,-0.001340550497180677,-0.00022399746697129608,-0.0002126904354450473,-0.00025973104981619335,0.001664221173073501,0.0003456330177132697,-0.0006702115789271707,0.11957920738928618
1781505968.0004387,-0.04087747537502404,0.781197438193052,0.38227345991793793,-0.04997764871242361,0.020650466424652736,-0.07825133921090244,-0.0408310227928711,0.7812771378917491,0.38234307969161274,-0.05006365956674552,0.02058475101852797,-0.07806856077110053,-0.00014000898824130867,6.435338247702543e-05,-9.016756549974089e-05,6.295905243607324e-05,0.0009130960105525215,-0.001375116246455668,-0.00013331183586745443,-0.0002662796605964754,-0.00015654562962089775,0.0016179169129475431,0.0003433760551131884,-0.0008027464800260359,0.11557161090693427
1781505968.0104434,-0.04087920767172234,0.7812027581537418,0.3822740443389742,-0.05000632249005803,0.02065077008307248,-0.07826404859036261,-0.0408310227928711,0.7812771378917491,0.38234307969161274,-0.05006365956674552,0.02058475101852797,-0.07806856077110053,-0.00014359853056387012,8.125406883822094e-05,-7.994982721139634e-05,-0.00025408140928660653,0.0008236536409824228,-0.0013633759302412766,-0.00043115034591280214,-0.00017074626155867337,-6.047388776955347e-05,0.0015867197727694037,0.00041448527388920475,-0.0003131612951696363,0.11233880847626003
1781505968.0204515,-0.040880674399832936,0.7812072303709993,0.3822745934576502,-0.05003017971179028,0.020650332274807948,-0.07827345000464275,-0.0408310227928711,0.7812771378917491,0.38234307969161274,-0.05006365956674552,0.02058475101852797,-0.07806856077110053,-0.000144660579582348,9.379191455280118e-05,-7.073425574477062e-05,-0.00048467375081417843,0.0007340902325849117,-0.0013172610585879447,-0.0002937126221780009,-1.8598499419870402e-05,6.008516411773652e-05,0.0011964767512802612,0.00044287733311788527,-0.0004629995075996784,0.10973927179300665
1781505968.030445,-0.04088190641380749,0.7812109583322073,0.38227510755951205,-0.05004977501594745,0.020649351026019502,-0.0782801154879467,-0.040843885326521,0.7812658606029854,0.3823331948536934,-0.04998571012035822,0.020605018773290906,-0.07809490633804059,-0.00014368016759373477,0.00010266852169179306,-6.243996754466043e-05,-0.0006441816132049294,0.0006468881372801786,-0.0012466525217226677,-0.0002401753594463232,-9.09366830136734e-05,0.00016224063376311766,0.001170753145681896,0.0015837674595877238,-0.001268320747324584,0.08850986476289523
1781505968.040451,-0.040882931424913796,0.7812140369224131,0.3822755871987709,-0.0500656406370689,0.020647989549060553,-0.07828454855015336,-0.040843885326521,0.7812658606029854,0.3823331948536934,-0.04998571012035822,0.020605018773290906,-0.07809490633804059,-0.0001410725455589797,0.00010849350917186368,-5.4990357870036394e-05,-0.0007460622010009643,0.0005638425590687957,-0.0011596242607216137,-0.00036152409722407667,-0.00019014085482780437,5.2354762708903176e-05,0.00034421398854823416,0.0015828912125096773,-0.0011350372506717928,0.08676942764262179
1781505968.0504618,-0.0408796861339854,0.7812193597723999,0.3822779641407792,-0.05005452776659107,0.02063244780574447,-0.07830786957531798,-0.040843885326521,0.7812658606029854,0.3823331948536934,-0.04998571012035822,0.020605018773290906,-0.07809490633804059,-0.0001040785780079754,0.0001405750053180923,-3.659475151162076e-05,-0.000538038418738712,0.00034556914633899756,-0.0012957414527664732,-8.917486984794627e-05,-0.0002121059847737996,-0.00029183911533099606,-0.00023210971653202434,0.0013520486605829302,-0.0016539881826426511,0.08058819212054814
1781505968.060452,-0.04087685185004189,0.7812238275456228,0.3822800246414904,-0.050044661580210155,0.020619118780704326,-0.07832628034956024,-0.040843885326521,0.7812658606029854,0.3823331948536934,-0.04998571012035822,0.020605018773290906,-0.07809490633804059,-7.306203279185881e-05,0.0001645479410635272,-2.1363559944181007e-05,-0.00036744444223161263,0.0001725663978468929,-0.0013622616433202812,-0.00019001388495523913,-0.0002168254260946613,-0.00025250840286142475,-0.0003924215863545234,-8.379023006950188e-05,-0.0013404394068035556,0.07537002753091324
1781505968.070443,-0.04087437741382446,0.7812275575005552,0.38228180460673533,-0.05003599965203161,0.020607812450955,-0.07834050806684774,-0.040843885326521,0.7812658606029854,0.3823331948536934,-0.04998571012035822,0.020605018773290906,-0.07809490633804059,-4.723701286851307e-05,0.0001817077807763536,-8.865670276782322e-06,-0.0002295652812929059,3.8218657009853795e-05,-0.0013748142799627674,0.00012509286486528138,-0.00014142918955740053,-0.00010584881806235539,-0.0002973187074202656,-0.0014503750486324785,-0.0016171517481792703,0.07097783123139935
1781505968.080446,-0.04087221861657157,0.7812306520758736,0.38228333650016133,-0.05002847720687014,0.020598331087286814,-0.0783512120927635,-0.0408518755245344,0.781256794652629,0.38232389705106307,-0.04998797289726364,0.02063381914578577,-0.0781652186409657,-2.59068392951202e-05,0.00019318081731604196,1.279637055468791e-06,-0.00011997258236982354,-6.348897540146722e-05,-0.0013465872273198216,-0.00012577438371320413,-0.0003375367328557425,-0.0002942252455292295,-0.0002519792098554255,0.0018101087514077001,-0.0016880824026702817,0.052368253765958696
1781505968.0904443,-0.04087033715903697,0.7812332006621796,0.3822846495979603,-0.0500220145013679,0.020590476596564766,-0.07835898292313978,-0.0408518755245344,0.781256794652629,0.38232389705106307,-0.04998797289726364,0.02063381914578577,-0.0781652186409657,-8.455282653281399e-06,0.00019994326592232076,9.407803104857868e-06,-3.45739946071165e-05,-0.0001379566475618555,-0.0012885779642400929,-9.248391066742529e-05,-6.116215071776651e-05,-0.00024560353914341063,-0.0004648987853823426,0.0009756685039513408,-0.0015187317457319703,0.04937480034272387
1781505968.1004548,-0.040870063767411584,0.7812330569817941,0.3822834888132362,-0.05000344508111958,0.020596402319809748,-0.0783260610102595,-0.0408518755245344,0.781256794652629,0.38232389705106307,-0.04998797289726364,0.02063381914578577,-0.0781652186409657,-7.496488339678003e-06,0.00019462864121289945,9.702859803524286e-07,0.0001645225695731038,-7.624796006786386e-05,-0.0007857851062086155,-8.334195544303517e-05,-0.00012880475740113405,-0.0001465529354563741,-0.00037902719114803597,0.0006494573882585245,-0.0013492636220581644,0.05027041754248353
1781505968.1104546,-0.04086982265824774,0.7812328590701721,0.38228249080001325,-0.049987962708275595,0.020601491977565,-0.07829765343610423,-0.0408518755245344,0.781256794652629,0.38232389705106307,-0.04998797289726364,0.02063381914578577,-0.0781652186409657,-6.631805886969931e-06,0.0001878960606763844,-5.815420749516399e-06,0.00030919540200268283,-2.7923723454704607e-05,-0.0003875504894398036,-0.00024784662066484675,-0.00023004782218885252,-0.00030788270203545645,-0.0005278452213221032,0.0007950566088877226,-0.0012408936058407728,0.05108316104229248
1781505968.1204405,-0.040869611738709524,0.7812326244959706,0.3822816359255286,-0.04997521717147117,0.020605815945971218,-0.07827340590838987,-0.0408518755245344,0.781256794652629,0.38232389705106307,-0.04998797289726364,0.02063381914578577,-0.0781652186409657,-5.853630314168203e-06,0.00018011049190182234,-1.1189116647306418e-05,0.0004091302982902244,9.049007446728897e-06,-7.855855885072758e-05,-0.00023783699302233155,-7.85607678041659e-05,-3.1074078865989186e-05,0.00013118390327701557,0.0006552501830567284,-0.001217941932412647,0.051814790336294415
1781505968.1304486,-0.04086942867072892,0.7812323663078736,0.382280906680812,-0.049964871151686366,0.020609447904297973,-0.07825293909392052,-0.040856812669289366,0.7812490915713342,0.3823137814144244,-0.05001108428165066,0.02067106977719213,-0.07823745215666669,-5.154760416707465e-06,0.0001715782635015784,-1.5361197974690224e-05,0.00047280909338585345,3.650422747120517e-05,0.00015510892104765096,-6.647287394036781e-05,-0.0002267915226088704,-2.0505436838930136e-05,-0.0001070898046859194,-0.00041072976251483234,-0.0007978670235965507,0.038982637676711666
1781505968.1404428,-0.04086927099217987,0.7812320940638406,0.3822802874702811,-0.04995660622273437,0.02061246198948985,-0.07823586528058257,-0.040856812669289366,0.7812490915713342,0.3823137814144244,-0.05001108428165066,0.02067106977719213,-0.07823745215666669,-4.5284103774735486e-06,0.0001625547487970103,-1.8515790878749048e-05,0.0005075793650022176,5.60766491521831e-05,0.0003259422430005543,-0.00015702514564621547,-0.0001657890007509173,-0.00021739115509581417,-0.0002820644640603918,-0.00021321248849699378,-0.0005541038946432614,0.039572330794527655
1781505968.1504457,-0.04086469674880265,0.781236274205265,0.38228529245490994,-0.0500096629838831,0.020608510596385132,-0.07817145809483136,-0.040856812669289366,0.7812490915713342,0.3823137814144244,-0.05001108428165066,0.02067106977719213,-0.07823745215666669,2.6525485589045185e-05,0.00015348207612642348,1.6025313990126193e-05,-0.00014154738239426784,-2.824900537712992e-05,0.0009903123608589577,-9.814073092358356e-05,-9.77547972881686e-05,-0.00011900615373206796,0.00014671068900312315,-0.00022401646613932143,-0.0002981382483572073,0.03221900676525564
1781505968.160452,-0.04086078261368382,0.7812396995161052,0.3822895807416763,-0.05005417738096788,0.02060517041067289,-0.07811819551023648,-0.040856812669289366,0.7812490915713342,0.3823137814144244,-0.05001108428165066,0.02067106977719213,-0.07823745215666669,5.111861471599182e-05,0.00014425400433950748,4.35509286367622e-05,-0.0006240417398364498,-9.065604962969079e-05,0.0014609948299666548,9.160867415528251e-05,0.00012332571715993935,1.7797482772714552e-05,0.00040133350984164137,-0.00017392196534186634,-0.00048235326974695685,0.02626106854985939
1781505968.1704524,-0.04085744719085271,0.7812424608003444,0.38229324007967486,-0.0500910727481548,0.020602378994744264,-0.07807474116801413,-0.040856812669289366,0.7812490915713342,0.3823137814144244,-0.05001108428165066,0.02067106977719213,-0.07823745215666669,7.021359376239487e-05,0.00013501811135349905,6.509591859513648e-05,-0.0009684768531113434,-0.00013493248727624644,0.001773669845552535,3.748763568073849e-05,-4.582739110193001e-05,-5.549861949422762e-05,0.00039831167076573233,-0.00034342280737811415,-0.00013104383112070016,0.02159435516113953
1781505968.1804423,-0.04085461806694596,0.7812446440410896,0.3822963486514806,-0.05012124947221187,0.020600074684828273,-0.07803982529580951,-0.040857661975390314,0.7812500990292252,0.38231404010317843,-0.04999826905710872,0.02066041128771734,-0.07825967089851152,8.465285276273101e-05,0.00012589296786071592,8.156682671962736e-05,-0.0012000406845896435,-0.00016441269589315865,0.0019593964642361326,-0.00020590638616621546,3.64967095764332e-05,9.516962682574235e-05,0.0003753706893288555,-0.0004119992501445727,0.0004040151821599282,0.018761922538832767
1781505968.1904464,-0.04085223090637575,0.7812463293634024,0.38229897601278234,-0.050145566098639564,0.0205981980634784,-0.07801226276988929,-0.040857661975390314,0.7812500990292252,0.38231404010317843,-0.04999826905710872,0.02066041128771734,-0.07825967089851152,9.517166463178379e-05,0.00011697235592128872,9.37556950442616e-05,-0.0013406953262686773,-0.00018199992778303965,0.002044921108505308,-0.00026246847714982206,1.2243253117334368e-05,2.9328007847806973e-05,0.00012525724334514954,1.8629813340695725e-05,0.0005869515275986925,0.016450948620595058
1781505968.2004404,-0.04085095162251132,0.7812412683990739,0.38229640687163785,-0.05009611317789306,0.020585575931908684,-0.07799068026029371,-0.040857661975390314,0.7812500990292252,0.38231404010317843,-0.04999826905710872,0.02066041128771734,-0.07825967089851152,0.00010538379027733713,9.917724262422147e-05,6.995192523288227e-05,-0.0006593042904010173,-0.00031156308876475477,0.002050042535715392,-8.511690835591545e-05,5.218876905870862e-05,7.289196827805559e-05,0.0002698298834689174,-0.0005841520598882594,0.0008690905759535718,0.020831219820071176
1781505968.2104373,-0.04084987370460289,0.7812368847993332,0.3822941625694739,-0.05005395284857004,0.02057514973607355,-0.07797442279856014,-0.040857661975390314,0.7812500990292252,0.38231404010317843,-0.04999826905710872,0.02066041128771734,-0.07825967089851152,0.00011224649094924279,8.36351270578284e-05,4.9956535980128845e-05,-0.00013071513604736608,-0.0004001172852457525,0.001997763481661433,-0.00014058320597890007,-7.058957461826323e-06,0.0001335849324317817,7.783267705020042e-05,-0.0009742460316572169,0.0013939890635915424,0.025107556226579276
1781505968.2204452,-0.04084896741015544,0.78123311697975,0.3822922066245677,-0.05001841056152153,0.02056665463706664,-0.07796260010766322,-0.040857661975390314,0.7812500990292252,0.38231404010317843,-0.04999826905710872,0.02066041128771734,-0.07825967089851152,0.00011633340579029791,7.009859196769968e-05,3.327177427895816e-05,0.00026891607408712946,-0.00045551957071596053,0.0019039074939258879,-6.568272848274007e-05,3.538168528145597e-06,-5.328828445204797e-05,-0.0003270409160342628,-0.0015456431479194588,0.0017807388776877613,0.02899459013759329
1781505968.2304416,-0.040848208111867436,0.7812299033894552,0.38229050633337414,-0.049988799772299086,0.020559839245653633,-0.07795442376690612,-0.04086127509241261,0.7812512368864049,0.3823152977112982,-0.04999437489723202,0.020627129244989995,-0.07821007141169567,0.00011814020892847885,5.834360468319749e-05,1.9456108366044516e-05,0.0005609846617514612,-0.0004845647568175543,0.0017814686238696099,-0.00023175804889538518,-3.332054533174772e-05,-4.256302110510012e-05,-0.00044638197568419433,-0.000527142298491242,0.001954783234231511,0.0352203988058357
1781505968.2404492,-0.0408475753057196,0.7812271840324295,0.38228903239681644,-0.049964443735134964,0.020554469151665478,-0.07794920325072734,-0.04086127509241261,0.7812512368864049,0.3823152977112982,-0.04999437489723202,0.020627129244989995,-0.07821007141169567,0.0001180937055765536,4.816774377148531e-05,8.118734039089141e-06,0.0007644656513487076,-0.0004930656781763792,0.001640965212249015,-0.00036197710518209956,3.54902385643652e-05,5.249453113691634e-05,9.678571552978121e-05,0.0009640860640993583,0.0017141788756053556,0.03815875632954311
1781505968.2504413,-0.04085186733591027,0.7812231922807618,0.38229058239239855,-0.04997947693711448,0.020533026820143796,-0.07796599410405437,-0.04086127509241261,0.7812512368864049,0.3823152977112982,-0.04999437489723202,0.020627129244989995,-0.07821007141169567,9.196028545964345e-05,1.1868733571432347e-05,1.7700009134694703e-05,0.0005206537560634722,-0.0006638770778141271,0.001267089742732648,-0.00036040982791834706,0.00010261085593529381,-0.00012794650050427543,-8.07291439025595e-06,0.0014037753201017625,0.0018839442596627976,0.038546760906654584
1781505968.2604458,-0.04085552976398842,0.7812197725954568,0.3822919000634717,-0.049992623632089714,0.02051554247274856,-0.07798130905729332,-0.04086127509241261,0.7812512368864049,0.3823152977112982,-0.04999437489723202,0.020627129244989995,-0.07821007141169567,6.981584721624256e-05,-1.742152618510523e-05,2.516732246037271e-05,0.00032372032113887086,-0.0007736877122551392,0.0009522747771479898,-0.00028168482220130274,2.0212663798397023e-05,-2.4575996674648433e-05,-0.00017728394895230967,-0.0011162595141633893,0.0021496906793083796,0.03962903389405781
1781505968.2704444,-0.04085863811949094,0.781216848808808,0.38229301481203265,-0.05000399697247104,0.02050150230367831,-0.07799509902566792,-0.04086127509241261,0.7812512368864049,0.3823152977112982,-0.04999437489723202,0.020627129244989995,-0.07821007141169567,5.1154249044055715e-05,-4.0714211921346584e-05,3.0842985589851825e-05,0.00016730236752606807,-0.000834786833691649,0.0006903289515661347,-7.08590366882884e-05,6.218415505773034e-05,5.69122931562576e-05,0.00010579340668777037,-0.002053286125439971,0.002071321528326433,0.041061187350978065
1781505968.28045,-0.04086126152716547,0.7812143550248578,0.3822939527718349,-0.05001373028682064,0.02049042706396631,-0.07800736896052961,-0.040872829150983614,0.7812525879724549,0.38231659691271613,-0.04999113365827744,0.020609186758035136,-0.07810983416743116,3.55250427727565e-05,-5.889706427508436e-05,3.500844362838538e-05,4.5523202291407154e-05,-0.0008577157018692126,0.0004751661736347266,-8.594169712130061e-05,7.332728350094227e-05,0.00037620593366474345,0.0008408022001985775,-0.0009391343408618879,0.001577418994087989,0.045916503775958815
1781505968.290438,-0.04086346274637203,0.7812122341848414,0.3822947371255393,-0.05002196836752777,0.020481876512644437,-0.07801816416694297,-0.040872829150983614,0.7812525879724549,0.38231659691271613,-0.04999113365827744,0.020609186758035136,-0.07810983416743116,2.2528197220239074e-05,-7.27474843739229e-05,3.7908768982351385e-05,-4.696862125946427e-05,-0.0008514173288156352,0.00030094580555721474,-0.0002606929664303012,3.4184909190201326e-05,1.823940485648937e-05,0.0004109122403757933,-0.00043125089118666477,0.0016237694379993557,0.046840239170155104
1781505968.3004398,-0.040865693063669876,0.7812069357078808,0.38229744031178103,-0.04997189463838926,0.02046381096257832,-0.07798943109882499,-0.040872829150983614,0.7812525879724549,0.38231659691271613,-0.04999113365827744,0.020609186758035136,-0.07810983416743116,1.7565682910517343e-05,-7.9868607782532e-05,5.1502731887964034e-05,0.0004983954073595749,-0.0009711177607305357,0.0005714551304697884,-0.00013264211301683532,-7.07150385892328e-05,7.967058366146714e-06,0.0005576477632365512,0.0008259833708791566,0.0008834817145394154,0.050020279510203054
1781505968.3104384,-0.040867520780322804,0.781202520353671,0.38229972432620035,-0.049930247829708944,0.020449479447406826,-0.07796583365094759,-0.040872829150983614,0.7812525879724549,0.38231659691271613,-0.04999113365827744,0.020609186758035136,-0.07810983416743116,1.3359334615625947e-05,-8.457323811384774e-05,6.176300843735232e-05,0.0008933764610549735,-0.0010342237568774259,0.0007584945464076974,-7.47655776044862e-05,-5.094037024161323e-05,-0.0001276635127390893,0.0003849566837243282,0.00017645755145024965,0.0007878096829024499,0.05310018291395064
1781505968.3204372,-0.04086900022806383,0.7811988813736861,0.38230164234598735,-0.04989605491454277,0.020438338284962443,-0.0779467298483329,-0.040872829150983614,0.7812525879724549,0.38231659691271613,-0.04999113365827744,0.020609186758035136,-0.07810983416743116,9.813314800167822e-06,-8.727836023629194e-05,6.921708295925555e-05,0.0011648687625589347,-0.0010531979129010532,0.0008778734539143882,-9.61053327430358e-05,-6.357505065210905e-05,-3.278219738912298e-05,0.0005652889879841284,-0.0002955733590251581,0.0006259304755249376,0.05588111011857369
1781505968.330441,-0.04087018114628177,0.7811959192341656,0.3823032419208424,-0.04986838283103728,0.02042989271804374,-0.07793151573724899,-0.040877999916805574,0.7812498887203831,0.3823146795775956,-0.049972458364923214,0.020601462626267608,-0.07805807633759089,6.842320631413299e-06,-8.834405420634854e-05,7.43239631401831e-05,0.0013364035102637385,-0.001038586079396526,0.0009432892424388242,-4.242226592565897e-05,-0.00031066393875561467,-0.00033697403901278045,-0.0001469125214222835,-0.0005838504418671517,0.0006205963512247246,0.05571946344938704
1781505968.3404486,-0.04087110853418863,0.7811935422531011,0.3823045654336186,-0.04984635399649971,0.02042369820151735,-0.07791963237136514,-0.040877999916805574,0.7812498887203831,0.3823146795775956,-0.049972458364923214,0.020601462626267608,-0.07805807633759089,4.370587126610004e-06,-8.808015584562714e-05,7.748186936317495e-05,0.0014283479778861045,-0.000999209275754194,0.0009664819359701382,0.00022793817882729549,-0.00023043562524574325,-0.0003303604570567751,-0.0001996125589426239,-0.0013603459911038212,0.0005418329414232158,0.05766031076853988
1781505968.3504615,-0.04087225324794313,0.7811921961845082,0.382307939865019,-0.04988201608452694,0.02043099295553108,-0.0779332883115812,-0.040877999916805574,0.7812498887203831,0.3823146795775956,-0.049972458364923214,0.020601462626267608,-0.07805807633759089,-8.227682609124472e-06,-0.00010719224083528912,9.508039757245e-05,0.000886135015573132,-0.0008031569720714298,0.0007160753222584259,-2.360884682224573e-05,-0.00017313910347245171,7.322097630419674e-05,0.00027781236531129164,-0.0008790289841137,0.0006605902330774307,0.058368455730063724
1781505968.3604462,-0.040873185879432984,0.7811911128944082,0.38231078058484275,-0.049912838984480026,0.020437831934507544,-0.07794546789048472,-0.040877999916805574,0.7812498887203831,0.3823146795775956,-0.049972458364923214,0.020601462626267608,-0.07805807633759089,-1.8236982228166155e-05,-0.00012117667502220403,0.00010800325836341708,0.0004556170789053199,-0.0006342764134650136,0.000508854188955575,-7.73501549341089e-05,-0.00018953203210048673,0.00019389234438888818,0.0006488367344689448,-0.0013406111938721944,0.0009974891943288387,0.05910139439424632
1781505968.3704476,-0.04087394337291846,0.7811902408671854,0.3823131576897045,-0.04993919233324758,0.020444142237923124,-0.07795620790702898,-0.040877999916805574,0.7812498887203831,0.3823146795775956,-0.049972458364923214,0.020601462626267608,-0.07805807633759089,-2.6041098155584728e-05,-0.000130867571828676,0.00011700887311324353,0.00012057294219197212,-0.0004903775990969489,0.000339662432417866,-6.084462149011995e-05,-0.00028099423228943873,8.985020900837064e-05,0.0004888182596440056,-0.0010993890163628812,0.0009957304374207108,0.05980500047793483
1781505968.3804324,-0.040874556439505105,0.7811895392871986,0.3823151331405071,-0.04996147542985204,0.020449883717773343,-0.07796557532887051,-0.040877999916805574,0.7812498887203831,0.3823146795775956,-0.049972458364923214,0.020601462626267608,-0.07805807633759089,-3.1976065746165565e-05,-0.0001369889385946227,0.00012275571762659533,-0.00013376480117594804,-0.00036913577801138517,0.00020359585303680172,0.00013520009759944755,-0.00013336628602728128,0.0003402981194025576,0.0008837877819039332,-0.0010805658028796214,0.0007835864415070168,0.06044929561980912
1781505968.3904424,-0.040875050531703754,0.7811889759181947,0.3823167616104057,-0.049980098869063475,0.020455041862012635,-0.07797365789887394,-0.04087815339333073,0.7812401574124825,0.3823154729553363,-0.049950963019041346,0.020541727016313738,-0.0780154232976667,-3.633532916832614e-05,-0.00014016721854451944,0.00012581369052881583,-0.0003206700326968487,-0.0002681888801603724,9.60732202161939e-05,-6.894865434280202e-05,-0.00031709120808079357,-0.00018504639533275223,5.970041114449932e-05,-0.0013757863479888905,0.0011697303726895844,0.051291653704093124
1781505968.4004264,-0.04087544668700378,0.7811885253509094,0.382318091255155,-0.04999547047063376,0.02045962176212357,-0.07798055652695303,-0.04087815339333073,0.7812401574124825,0.3823154729553363,-0.049950963019041346,0.020541727016313738,-0.0780154232976667,-3.937442329396864e-05,-0.00014094259537891806,0.0001266743618694234,-0.00045193424114568537,-0.00018521153722683638,1.2880682278424511e-05,-1.656830322166318e-05,-0.0004247734667841687,-0.00031284876634498943,-0.00019296965229339072,-0.0018391531294034175,0.0012271234102504739,0.05176921416604268
1781505968.410441,-0.0408786665629023,0.7811883066967068,0.3823157688086656,-0.04993974485847249,0.020462218803781962,-0.07804820978380367,-0.04087815339333073,0.7812401574124825,0.3823154729553363,-0.049950963019041346,0.020541727016313738,-0.0780154232976667,-5.8260397583128645e-05,-0.00010658677393745217,0.00010234385716452751,0.00022087254979728641,-9.979200392616112e-05,-0.0007246069832889757,-1.1830619404857609e-05,-0.00045994823903107673,-3.38551730938879e-05,0.00039366595570225824,-0.0008721892353255261,0.0007395709418345615,0.05185409914999811
1781505968.420434,-0.040881391114448676,0.7811882618122126,0.3823137156259943,-0.0498930642080057,0.0204645308953606,-0.0781044519710029,-0.04087815339333073,0.7812401574124825,0.3823154729553363,-0.049950963019041346,0.020541727016313738,-0.0780154232976667,-7.26833323080968e-05,-7.765628020124143e-05,8.151518061344802e-05,0.0007189374647934362,-3.3057249920324784e-05,-0.001257347329393958,4.641219022155447e-05,-0.0005524006596518073,-0.00038834541331854856,-0.0003558543302453626,-0.0011640637813380144,0.0006465130683368337,0.05202618928803266
1781505968.4304419,-0.04088368441800872,0.7811883720889922,0.3823119039607357,-0.049854438385361494,0.020466565549910554,-0.07815060473533614,-0.04087815339333073,0.7812401574124825,0.3823154729553363,-0.049950963019041346,0.020541727016313738,-0.0780154232976667,-8.334070546480083e-05,-5.3447672621110744e-05,6.376159816965126e-05,0.0010724409521658635,1.7850615679634398e-05,-0.0016220948176608983,3.994843802512176e-05,-0.0004545908006348747,-0.0006060340830081525,-0.0009625516899226715,-0.00027998596024928163,0.00012637711053464722,0.05220200844268336
1781505968.440436,-0.040885603222509684,0.7811886157405341,0.38231030869904925,-0.04982290503971505,0.02046833613456278,-0.07818793451740082,-0.04087843158773913,0.7812196250274688,0.38230450261450244,-0.04994564173964283,0.020493356965761045,-0.0779772199780471,-9.084014715134011e-05,-3.3336416115088046e-05,4.870157463261545e-05,0.0013079532069747968,5.55062151597607e-05,-0.0018509867626810288,8.23432406369162e-05,-0.0003823421397759461,-0.000379145436339486,-0.0004713021317308051,-9.052113215988888e-05,-0.00015983769904897547,0.032353034467320005
1781505968.4504433,-0.04088211037475868,0.7811952561130006,0.3823085360034473,-0.04988028124539304,0.020505597871887105,-0.07818822834954692,-0.04087843158773913,0.7812196250274688,0.38230450261450244,-0.04994564173964283,0.020493356965761045,-0.0779772199780471,-8.190588018749503e-05,-1.3788254089771563e-05,3.587040437940027e-05,0.0005388469842052679,0.0004558832508385769,-0.0016318491061405693,0.00016471518547006125,-0.00022565410557251554,-8.936477622808206e-05,-0.00014979722462903945,5.069654600337007e-05,-0.000637148983606262,0.02497289916439394
1781505968.4604502,-0.040879146868667414,0.7812009324763894,0.3823069984382683,-0.04992900365650793,0.020536594476730174,-0.07818695961670294,-0.04087843158773913,0.7812196250274688,0.38230450261450244,-0.04994564173964283,0.020493356965761045,-0.0779772199780471,-7.369585986489606e-05,2.0791967444430655e-06,2.5115370939678814e-05,-5.2170751229817106e-05,0.0007433891558751768,-0.0014229906588832135,-3.4994610689576827e-05,-0.00022821594097816958,-0.0003673022939859189,-0.0006291734631849015,0.00016616136030948332,-0.0005704987578089116,0.018871995891539237
1781505968.47045,-0.04087665560210515,0.7812057452516116,0.38230567027295254,-0.04996990828102073,0.020562048555729184,-0.07818455446406884,-0.04087843158773913,0.7812196250274688,0.38230450261450244,-0.04994564173964283,0.020493356965761045,-0.0779772199780471,-6.617127459537807e-05,1.4790814738790765e-05,1.616328158880314e-05,-0.0004935743501386863,0.0009384557991100854,-0.0012275505673474045,-1.7781667095746937e-05,-2.6780930806780158e-05,-1.0526036519249753e-06,2.7852285039150052e-05,0.0004921911229933278,-0.0008700664174658151,0.014041571460291355
1781505968.4804394,-0.04087458128946504,0.7812097908317133,0.3823045278670342,-0.05000383554678248,0.02058265318798358,-0.07818136337325399,-0.04087843158773913,0.7812196250274688,0.38230450261450244,-0.04994564173964283,0.020493356965761045,-0.0779772199780471,-5.9292282319859264e-05,2.480794574863176e-05,8.771979409618082e-06,-0.0008107942021153931,0.0010589221337500585,-0.0010475137238862037,0.00010789776049286138,-7.747536560417335e-05,1.8348101792977457e-05,0.0005118726550316906,-0.00014644349071568408,-0.001015841304829178,0.010561100352116017
1781505968.4904413,-0.04087287150000153,0.78121316029703,0.38230354961733276,-0.050031606176630536,0.020599060373744704,-0.07817767052986423,-0.04087444767829873,0.7812082338957999,0.3822964369443467,-0.04995346349558326,0.020499262762730508,-0.07800990653492358,-5.3018718584215677e-05,3.253508772653114e-05,2.7272905722282155e-06,-0.0010262838161207636,0.0011201960955145437,-0.0008839458120554943,2.324523242733313e-05,-0.00020704665873871335,-0.00021715054215700307,-0.00043054090174482517,0.0010069181978423123,-0.0014787241975976484,0.008794537174420242
1781505968.5004392,-0.04087142422891481,0.781218627936138,0.3823025459326482,-0.05005743230870264,0.020612807112835085,-0.07816376012258933,-0.04087444767829873,0.7812082338957999,0.3822964369443467,-0.04995346349558326,0.020499262762730508,-0.07800990653492358,-4.730159331846048e-05,5.393464107075878e-05,-3.162798731299241e-06,-0.0011993194579467074,0.0011401925783272632,-0.0006283005585840924,0.00022032394774478234,-0.00019715210428633692,-7.272408094296921e-05,-0.00016187492252656065,-0.00016806195990724915,-0.0014674370123447648,0.012429684581564874
1781505968.5104468,-0.040870256665267654,0.781223184845708,0.3823016940567182,-0.050078040139777916,0.020623352676648388,-0.07815143184558389,-0.04087444767829873,0.7812082338957999,0.3822964369443467,-0.04995346349558326,0.020499262762730508,-0.07800990653492358,-4.2112679429659255e-05,7.043022130506687e-05,-7.851128418618048e-06,-0.0012961416916455447,0.0011239635307144428,-0.00041955659355205675,0.00022232080305607978,-0.00012935134103068835,0.00017497018875048447,-6.847556647468252e-05,-0.001826772966130318,-0.0011541938555648477,0.016393069385214166
1781505968.520446,-0.04086932704960839,0.78122695092167,0.3823009749226739,-0.05009417398985146,0.020631211028691254,-0.07814062636058967,-0.04087444767829873,0.7812082338957999,0.3822964369443467,-0.04995346349558326,0.020499262762730508,-0.07800990653492358,-3.7413548260762936e-05,8.278000783546481e-05,-1.1515311852820139e-05,-0.001333209230088329,0.0010810365454404012,-0.0002516679012561352,0.0002743149709885286,-0.0001207833862068457,-9.142806099902487e-05,-0.0002342860137721652,0.0013647118018198841,-0.002049282786610353,0.01992840041017554
1781505968.5304475,-0.04086859790173461,0.7812300342748402,0.38230037142441403,-0.050106514017429965,0.020636840821699254,-0.07813125755637246,-0.04087444767829873,0.7812082338957999,0.3822964369443467,-0.04995346349558326,0.020499262762730508,-0.07800990653492358,-3.3167144273230674e-05,9.164517814953155e-05,-1.431090924617412e-05,-0.0013244897489637288,0.0010192810220496346,-0.00011898612788518813,-0.00011756320987033796,-0.00012176058668874876,6.83921672153936e-05,-0.00016435548291589928,0.0008763967354516015,-0.001136114725218612,0.022911930201360096
1781505968.5404465,-0.04086803595152599,0.7812325317277058,0.3822998682775701,-0.05011567368814236,0.02064064671315835,-0.07812322161048744,-0.04086601800440198,0.7812021851383579,0.38229058676223776,-0.04996860894782894,0.020511425114277282,-0.0780875366202013,-2.9337983762502335e-05,9.76006614091965e-05,-1.637380602771661e-05,-0.0012817021229866263,0.0009451085497672566,-1.6315474805993522e-05,-0.00012905012151455866,-9.469667217957844e-05,-0.0001560531840334878,-0.0005254176618898973,0.0020472187267717603,-0.0010520471181071302,0.03179833521598144
1781505968.5504403,-0.04086699622788437,0.7812300409366922,0.38229796534453653,-0.05014913805756932,0.02063652619386591,-0.0781037110060086,-0.04086601800440198,0.7812021851383579,0.38229058676223776,-0.04996860894782894,0.020511425114277282,-0.0780875366202013,-1.9622073292205756e-05,5.943475758308187e-05,-2.6806051714838836e-05,-0.0015115067242217597,0.0007863305627694979,0.0001958945417663057,-7.285899405208663e-05,-9.406542924075797e-05,-0.00016645818506260836,-0.0006237626972696707,0.0012203132080299735,-0.0006063690291580693,0.028833069534179634
1781505968.560444,-0.04086979370153825,0.781223550125439,0.382292489243252,-0.050108411312199286,0.020655276906240694,-0.07818229090504089,-0.04086601800440198,0.7812021851383579,0.38229058676223776,-0.04996860894782894,0.020511425114277282,-0.0780875366202013,-4.5338438989813134e-05,3.438153496893301e-05,-6.10358316191597e-05,-0.0008841657690343916,0.000947913926912482,-0.0006718302238320627,4.02730684933627e-05,3.815491851417698e-05,0.00013876959451479613,-0.00020146124362005564,0.0008911803390417216,-0.00046864060534517913,0.02177930200552432
1781505968.5704465,-0.04087225977394059,0.7812179625074983,0.38228782711184234,-0.05007333186501454,0.020670212467980953,-0.07824772284432961,-0.04086601800440198,0.7812021851383579,0.38229058676223776,-0.04996860894782894,0.020511425114277282,-0.0780875366202013,-6.540836289451745e-05,1.3833831512692869e-05,-8.774119398194757e-05,-0.0003899157700903381,0.0010430403268593797,-0.0013035943701536516,-0.00010502375981108836,-0.00020631294510678922,-0.0003026328485739569,-0.0010925941959265472,0.0009467185942357104,-2.666299027126102e-05,0.0171901347949888
1781505968.580446,-0.04087442933292129,0.7812131867514577,0.3822838767638101,-0.050043443736048326,0.02068188008453853,-0.0783015125999596,-0.04086601800440198,0.7812021851383579,0.38229058676223776,-0.04996860894782894,0.020511425114277282,-0.0780875366202013,-8.069116860644649e-05,-2.83660185925616e-06,-0.0001080677718971403,-8.915950765052427e-06,0.001085767792165973,-0.001741268813824089,-9.59771929021896e-05,-0.00030889754640270084,-0.0003608969060685805,-0.0013321119248997642,0.0004191000199289752,0.0002480081837477022,0.015388632725345928
1781505968.5904434,-0.04087633277184067,0.7812091352257035,0.3822805473023227,-0.05001826323549348,0.02069077932087504,-0.07834510703382581,-0.040866620908873386,0.7811977423993763,0.3822831391886672,-0.050009474396919246,0.02055994100707914,-0.07811243466898207,-9.193735568928866e-05,-1.618323558508026e-05,-0.00012301607453103555,0.0002767998445372157,0.0010880641093571884,-0.002021538603619352,-0.0001078896146286312,-0.00010326684180070374,-0.00019335277876657194,-0.0007658257929287779,0.0007896517464233354,-0.00016183829259253072,0.015193243525920094
1781505968.6004493,-0.04087799685155422,0.7812057250610991,0.3822777580218547,-0.049997299140255566,0.020697360360039774,-0.07837986926843311,-0.040866620908873386,0.7811977423993763,0.3822831391886672,-0.050009474396919246,0.02055994100707914,-0.07811243466898207,-9.980055310042624e-05,-2.6692496789614096e-05,-0.00013345743198985667,0.0004833013564096954,0.0010600032554824396,-0.0021761990667576135,-4.531350457761265e-05,-8.792318625000326e-06,-3.533044799387766e-05,-0.00081134525878999,0.0009892329112887027,-0.0003751692799594119,0.014902748616321498
1781505968.6104405,-0.04087956096541695,0.7812024015441755,0.38227883458567713,-0.049965079854631216,0.020671591433836234,-0.07834417364713395,-0.040866620908873386,0.7811977423993763,0.3822831391886672,-0.050009474396919246,0.02055994100707914,-0.07811243466898207,-8.953008869387289e-05,-3.2731828156895907e-05,-0.0001189644058491102,0.0007742197191388989,0.0006438528801189079,-0.001563554198457056,0.00014413981429661933,-3.161437997609365e-05,-0.000262478382684874,-0.0005287090339218523,0.0011427728711897228,-0.0012380672126431158,0.014411186644842273
1781505968.6204402,-0.04088085575243991,0.7811996585391989,0.3822798193334775,-0.04993866189532636,0.020649398211223913,-0.07831268723447818,-0.040866620908873386,0.7811977423993763,0.3822831391886672,-0.050009474396919246,0.02055994100707914,-0.07811243466898207,-8.015079847465721e-05,-3.71652957398902e-05,-0.00010582239374985479,0.0009710034362316235,0.0003144249939494217,-0.0010617195333272873,3.250428615300384e-05,-1.9983257025290362e-05,-8.503842117750645e-05,-0.0003146018317362925,0.0016429628495269238,-0.0015244119545315925,0.014741906310368712
1781505968.630448,-0.040881906941479584,0.7811974207710528,0.3822807174378615,-0.04991731374075298,0.020630491703750753,-0.07828521641865172,-0.040866620908873386,0.7811977423993763,0.3822831391886672,-0.050009474396919246,0.02055994100707914,-0.07811243466898207,-7.160576409776788e-05,-4.02534424544467e-05,-9.393146208905161e-05,0.0010918685091625057,5.8991793417280326e-05,-0.0006566482556186149,0.0001252943635747151,-1.135374187539171e-06,-0.00017531708265849585,-0.000123520664958175,0.0014389381264039043,-0.0018365155796094567,0.01548002308076548
1781505968.6404443,-0.040882741008165,0.7811956191237158,0.38228153432038925,-0.04990034851382433,0.02061456541086293,-0.07826150623093386,-0.04086354378943219,0.7811948867194741,0.3822770381966659,-0.05003834037052959,0.020615947020639735,-0.0781655370912299,-6.383872217533999e-05,-4.222247173976626e-05,-8.319553439367676e-05,0.0011525417305815685,-0.00013400845039982835,-0.0003351667650277428,0.000337936690047885,-1.8698593472471148e-05,1.870412215068048e-05,0.00012827393366289484,0.000747921032884468,-0.001984562334128366,0.01973030034196213
1781505968.650451,-0.04088625328734124,0.781188001893148,0.382280954984237,-0.04987147676129748,0.020592954519922158,-0.07823846424197813,-0.04086354378943219,0.7811948867194741,0.3822770381966659,-0.05003834037052959,0.020615947020639735,-0.0781655370912299,-7.072930230689795e-05,-7.610392931348909e-05,-8.245012755959801e-05,0.0013367304416622959,-0.00036755122171647117,-5.915573090085636e-05,0.00022275673617654982,0.00010053818287485422,0.0002654146978192295,0.0003788371774371527,4.162662327140692e-05,-0.0018183960169815441,0.024051265116398813
1781505968.6604395,-0.0408891659011942,0.781181628041893,0.3822804961162765,-0.049848420063667985,0.020575117287047417,-0.07821904685681763,-0.04086354378943219,0.7811948867194741,0.3822770381966659,-0.05003834037052959,0.020615947020639735,-0.0781655370912299,-7.536466296506043e-05,-0.00010233873976337605,-8.080700813194058e-05,0.0014381472715410098,-0.0005324745960531951,0.00014927014309708405,0.00033785387152634056,-0.00013383791246416335,-0.0003381956438945323,-0.00013179882213331566,-0.0009661712033932372,-0.001568851564574741,0.029055848815340145
1781505968.67045,-0.04089155540005474,0.7811763346236514,0.3822801396053825,-0.04983035143957433,0.020560595874846266,-0.07820287666064561,-0.04086354378943219,0.7811948867194741,0.3822770381966659,-0.05003834037052959,0.020615947020639735,-0.0781655370912299,-7.813085925083457e-05,-0.00012210260550912268,-7.846404912708777e-05,0.0014747697754519127,-0.0006414697386370947,0.0003013513355069949,9.848490202067658e-05,1.5205457200670214e-06,7.834051966770772e-05,0.0010094394099765976,0.0006655984280482612,-0.0014159664660601692,0.03374091470471672
1781505968.6804388,-0.04089349186983387,0.7811719752224419,0.3822798697495866,-0.04981651473911699,0.020548956455260337,-0.07818958201471915,-0.04086354378943219,0.7811948867194741,0.3822770381966659,-0.05003834037052959,0.020615947020639735,-0.0781655370912299,-7.936149004518465e-05,-0.0001364213423284974,-7.558896536812064e-05,0.0014618415501309705,-0.0007055765277328529,0.0004070523206849438,-5.399374141234479e-05,8.94879082821288e-05,0.0005142132661223217,0.0015172558274984406,0.0004715643165834763,-0.0006740218602521242,0.03781325042822384
1781505968.6904356,-0.04089503889318496,0.781168419039172,0.3822796729474163,-0.04980622757986632,0.020539795068142297,-0.07817880577502377,-0.04085883365140619,0.7811954297842579,0.38227925116003597,-0.05001779117185099,0.020620994728806075,-0.0782306672687407,-7.934381674740441e-05,-0.00014618744289939637,-7.232313637325113e-05,0.0014121404643355011,-0.0007342954191536369,0.00047510873705720896,-7.256025620549391e-05,0.00013697535582699548,0.00030667975427132186,0.001569688380714988,-0.0001676245216576746,-0.00027234757547103144,0.04517275491876103
1781505968.7004437,-0.04089763032006276,0.7811683827377625,0.3822832736716401,-0.04987486684214715,0.02053369904323743,-0.07821428380426923,-0.04085883365140619,0.7811954297842579,0.38227925116003597,-0.05001779117185099,0.020620994728806075,-0.0782306672687407,-9.13245698190632e-05,-0.00016868426676374843,-4.300927682549344e-05,0.000516590968789142,-0.0007013090565873502,3.3175871892596675e-05,-0.00010667558019943997,0.00020720057916051265,0.00043001350572291903,0.0018308683238140216,0.0001868568958672674,-0.000332552169074568,0.047464774544723726
1781505968.710439,-0.04089975495677412,0.7811683923757601,0.3822863874728253,-0.04993307407952486,0.02052921142721309,-0.07824418594199442,-0.04085883365140619,0.7811954297842579,0.38227925116003597,-0.05001779117185099,0.020620994728806075,-0.0782306672687407,-9.978522170394411e-05,-0.00018460671204175442,-1.893192617663562e-05,-0.0001685555495973182,-0.000657397498237927,-0.0002988552580578193,-8.266791886599516e-05,0.00012115488284237042,0.00017050955340396868,0.0018078210592621122,-0.0014226508068927138,0.0004596203748723359,0.049563107766989994
1781505968.7204416,-0.040901481590291895,0.7811684176513038,0.3822890721003702,-0.0499818716944994,0.020526052138747364,-0.07826909190798047,-0.04085883365140619,0.7811954297842579,0.38227925116003597,-0.05001779117185099,0.020620994728806075,-0.0782306672687407,-0.0001053128258119141,-0.00019504966914746683,6.366112352170922e-07,-0.0006772996361804907,-0.0006065018537283373,-0.0005394527225309354,6.513824206296655e-05,0.00012145661872623404,-3.206830775342779e-05,0.0014134574416735156,-0.0007994193539223705,-1.4304523823884907e-05,0.05142910544601064
1781505968.730444,-0.04090287018809516,0.7811684400300108,0.3822913790434263,-0.05002228329584661,0.020523974891782037,-0.07828957278270286,-0.04085883365140619,0.7811954297842579,0.38227925116003597,-0.05001779117185099,0.020620994728806075,-0.0782306672687407,-0.00010841581755296436,-0.00020096151738902346,1.6337641192450646e-05,-0.0010399454348564302,-0.0005517662830888768,-0.0007049566647123529,-0.00010245526815779249,1.9370001674230832e-05,-9.54386478517166e-05,0.0008802075726301407,-0.0009094877372959443,0.00026406295333934304,0.05305420768804781
1781505968.7404518,-0.040903972860006764,0.7811684495712196,0.38229335416633636,-0.05005530537919129,0.020522765469827675,-0.07830617755114751,-0.04086319820511125,0.7812014602070991,0.3822935073622413,-0.04993737475366325,0.020604871351008303,-0.07822653734128651,-0.00010953307752458144,-0.00020316100396333112,2.8734992006168517e-05,-0.0012831979757477318,-0.0004956517430707558,-0.0008096656062753838,5.3579032169459245e-05,-0.00015717812453665178,-0.00025157423080755564,0.00016554229912228195,-0.0005872935535862301,-4.97736711487265e-05,0.052462348708451165
1781505968.7504404,-0.04090483474314762,0.7811684424099082,0.3822950382841022,-0.050081886850320785,0.020522239557629218,-0.07831942362379267,-0.04086319820511125,0.7812014602070991,0.3822935073622413,-0.04993737475366325,0.020604871351008303,-0.07822653734128651,-0.00010904208852535018,-0.00020235243653077628,3.8323150876220404e-05,-0.001430334591824748,-0.0004400399174925435,-0.0008659569885890516,-0.00032322519073602887,-0.00016569835434383006,-0.0002520767784458984,-0.0004272016219288125,-0.00032194800332882426,0.0003968492901882318,0.05316126364879966
1781505968.7604506,-0.040897219724390796,0.7811726802597166,0.38229199104101896,-0.05000417890982737,0.020509985811155262,-0.07827092566309021,-0.04086319820511125,0.7812014602070991,0.3822935073622413,-0.04993737475366325,0.020604871351008303,-0.07822653734128651,-4.3550692229058676e-05,-0.00012707937886375834,1.4356645638629094e-05,-0.0004367033551919363,-0.0005520867306779093,-0.00024943467533382867,-0.00014108662392472928,-0.0002279573509209751,-0.000270125183466504,-0.0004561711276590245,-0.00018540693999580403,-0.00013942534613822262,0.04458753610008545
1781505968.7704346,-0.040890603287526604,0.7811764456517031,0.38228936424621685,-0.04993841485989289,0.020500194131038985,-0.07822993211777016,-0.04086319820511125,0.7812014602070991,0.3822935073622413,-0.04993737475366325,0.020604871351008303,-0.07822653734128651,9.57587392813328e-06,-6.504196429907523e-05,-5.0649346029927425e-06,0.00031974596711900074,-0.0006209275692437206,0.00021933004987316522,-0.0003335773277407016,-0.0002322705492961783,-9.4867905050028e-05,-0.0003244588320160991,-0.0013157886467528987,0.00011546904623885838,0.03733539787181584
1781505968.7804623,-0.04088486896738649,0.7811798073195642,0.38228710714122954,-0.04988340001863188,0.020492515759994223,-0.07819568324970387,-0.04086319820511125,0.7812014602070991,0.3822935073622413,-0.04993737475366325,0.020604871351008303,-0.07822653734128651,5.210311887808307e-05,-1.441584570642073e-05,-2.0591879935937056e-05,0.000877776499729944,-0.0006555112549276547,0.0005645542188509182,-8.057584290602117e-05,-0.00015378382972251525,-3.181160743985037e-05,-0.0005305293150289405,-0.0002611605206753278,-0.0008729146441421679,0.031295883198780315
1781505968.7904465,-0.04087991370451682,0.7811828189298023,0.38228517463557926,-0.04983794503673561,0.02048663143513285,-0.07816742524936751,-0.04087066787232796,0.7811943664084595,0.3822933609561438,-0.04993893203856441,0.0205739022607907,-0.07823212217217797,8.558264995370477e-05,2.640810651764364e-05,-3.279557476245426e-05,0.0012718634877457657,-0.0006634805531551628,0.0008077643336432728,9.003971768329976e-05,-0.00017638537032262888,-0.00016200534470830287,-0.0009388314288708494,-0.0006376351626719898,-0.0009288259873089151,0.01690696662881106
1781505968.8004432,-0.04087564614987411,0.7811855225794967,0.3822835266951924,-0.049800897113251044,0.020482252740298357,-0.07814442937248788,-0.04087066787232796,0.7811943664084595,0.3822933609561438,-0.04993893203856441,0.0205739022607907,-0.07823212217217797,0.00011137469958665795,5.8845861818627364e-05,-4.217682009863389e-05,0.001532325709944318,-0.0006512904409749576,0.0009678817695508673,-5.535134183777203e-05,-0.00018017171459507565,-0.00019307030282146375,-0.0007996866526902593,-0.00039681151750597157,-0.0007781592545937397,0.014131852196745369
1781505968.8104413,-0.04087703296595704,0.7811916976672458,0.38228856536451994,-0.04992182502220021,0.020518953519573335,-0.0781950265439348,-0.04087066787232796,0.7811943664084595,0.3822933609561438,-0.04993893203856441,0.0205739022607907,-0.07823212217217797,7.282295670937295e-05,4.055456772273241e-05,-3.939016905882467e-06,5.61896520636985e-05,-0.00015249578783534307,0.00033061911151146433,-8.280179554393175e-05,-5.7101192950180445e-05,0.00016640386426682022,-6.011165640981468e-05,-0.0002768348371845957,-0.0003521365455317997,0.008404421193360875
1781505968.8204474,-0.04087893108578412,0.7811891744887038,0.38228660451441965,-0.04998969277655432,0.020574984650334693,-0.0782746997059166,-0.04087066787232796,0.7811943664084595,0.3822933609561438,-0.04993893203856441,0.0205739022607907,-0.07823212217217797,2.5746061916879603e-05,-6.798693236487547e-06,-1.4169880294930265e-05,-0.0006729888040188901,0.000518508277480464,-0.0005434561109152169,7.096949382974172e-05,3.718515162786706e-05,7.909165784401096e-05,0.0003090677664716786,-0.00038588398942056995,-9.59042773281169e-05,0.011869550629379125
1781505968.830442,-0.04088069023889593,0.7811868967852088,0.3822849381724733,-0.05004615028908116,0.020621657112875447,-0.07834119252045085,-0.04087066787232796,0.7811943664084595,0.3822933609561438,-0.04993893203856441,0.0205739022607907,-0.07823212217217797,-1.2372234072004173e-05,-4.472647347147943e-05,-2.2203395979548875e-05,-0.0012009156194323115,0.0010070765989212656,-0.0011834948777939198,-7.870076188296378e-06,3.576264466685616e-06,0.0002068343029566109,0.0003814142591456521,-0.0004864632743006717,0.0003122210881999915,0.015072703403529484
1781505968.8404462,-0.04088233119269254,0.7811848307907431,0.3822835305629127,-0.050092512355152295,0.020660040772591204,-0.07839598901032276,-0.040873359073466675,0.7811907213295208,0.38229543994893417,-0.04994464619247129,0.020560837306969892,-0.07825184923411062,-4.2815809942955975e-05,-7.460714734535032e-05,-2.83711471196828e-05,-0.0015636006928954147,0.0013455783775259233,-0.0016306585289356445,-0.00012765071991098698,9.326897193571857e-05,0.00016035069175934975,0.0006273260633830269,-0.0007714107810738405,0.0009480924130097165,0.016032181570321977
1781505968.850446,-0.040883866671227155,0.7811829517981201,0.382282349278935,-0.050130040611991916,0.02069116393290593,-0.07844052141027033,-0.040873359073466675,0.7811907213295208,0.38229543994893417,-0.04994464619247129,0.020560837306969892,-0.07825184923411062,-6.671257553249034e-05,-9.764920179922085e-05,-3.296296090509216e-05,-0.001792548117203496,0.001562374534212447,-0.0019210673617016006,-4.1536056950288564e-05,5.2239963623179405e-05,7.53739944097848e-05,0.00031434895101376925,-6.692368093473442e-05,0.0004510154680159482,0.018497050302934945
1781505968.8604414,-0.040881140632298384,0.7811906847069551,0.3822873550643858,-0.05014856235901177,0.02067254939222951,-0.07840245236101895,-0.040873359073466675,0.7811907213295208,0.38229543994893417,-0.04994464619247129,0.020560837306969892,-0.07825184923411062,-3.609073381777857e-05,-5.139834627799329e-05,1.5680939093112246e-06,-0.0018076533837412757,0.001168018718687222,-0.0013065418230917853,2.3251479719847625e-05,-2.51990475682623e-05,3.3108835955010505e-05,0.00018925548025771458,-0.00025598789683587965,0.00026384526364880176,0.011221379470621878
1781505968.8704386,-0.040878845894802965,0.7811972078642566,0.38229165686819155,-0.05016245572488737,0.020655881992638347,-0.07836918073814184,-0.040873359073466675,0.7811907213295208,0.38229543994893417,-0.04994464619247129,0.020560837306969892,-0.07825184923411062,-1.1051035166107707e-05,-1.3618131949557343e-05,2.926882829987939e-05,-0.0017694916075323378,0.0008405651931145294,-0.000810337810174168,-1.8126159111608138e-05,0.00017897933688128728,0.0003194402609546494,0.00046239980539011154,0.00037553992580290963,-0.0001763642586885958,0.009300109739138933
1781505968.8804407,-0.040876915224079394,0.7812026791384685,0.38229533866913906,-0.050172500839676275,0.02064112970158316,-0.07834041440850759,-0.040873359073466675,0.7811907213295208,0.38229543994893417,-0.04994464619247129,0.020560837306969892,-0.07825184923411062,9.190190494659315e-06,1.688336536829908e-05,5.113536840000581e-05,-0.0016924630446150364,0.000572203641323527,-0.00041636987270026723,6.319453356457211e-05,-6.298680243602045e-05,-0.00011115566870035183,-0.0004542939739162494,0.00023966293424920328,-0.00039408244764134795,0.01247580296440969
1781505968.890434,-0.040875292041725374,0.7812072399011707,0.3822984757215965,-0.05017938756841962,0.02062821610736143,-0.07831581116496701,-0.04087508635154791,0.781192988174781,0.3822979085316881,-0.04993056267633558,0.02056082232516876,-0.07824383556481612,2.5322853983869605e-05,4.115521914407275e-05,6.804130269155975e-05,-0.0015884212559917473,0.0003554642836475043,-0.0001097874203842094,-9.456467450437175e-05,-8.844098920903696e-05,-0.0001270296296320581,-0.0004933424341180806,0.0006661449320008186,-0.0006373850615346013,0.014264491506110224
1781505968.900441,-0.040873928789852035,0.7812110160718299,0.3823011353375292,-0.05018371926326838,0.020617033638784088,-0.0782950006464082,-0.04087508635154791,0.781192988174781,0.3822979085316881,-0.04993056267633558,0.02056082232516876,-0.07824383556481612,3.7952856839335214e-05,6.011853330245311e-05,8.075078046658934e-05,-0.001466987174190217,0.00018333702789351676,0.00012292844032907131,-1.365601289433172e-05,-0.00018706142847806214,-3.223492848331254e-06,-0.0005660201761551809,0.00206574318024104,-0.0016882146044429713,0.018350948123188028
1781505968.9104366,-0.04087268358847831,0.7812039567348634,0.38229293246708407,-0.050109413213970735,0.020604838511635304,-0.0782842176866697,-0.04087508635154791,0.781192988174781,0.3822979085316881,-0.04993056267633558,0.02056082232516876,-0.07824383556481612,5.2079735277103655e-05,4.480035026878276e-05,2.1011377697156475e-05,-0.0004980597000715688,2.445397089346105e-05,0.00022037962497451998,-0.00010789377963871838,-0.00036829051099295423,-0.0003925538449338086,-0.002035405302924356,0.0010890267758452599,-0.001708942841954273,0.012281848378559238
1781505968.9204397,-0.04087162580093049,0.781197931648086,0.38228588026723975,-0.05004646223154821,0.02059454805704264,-0.0782753500129072,-0.04087508635154791,0.781192988174781,0.3822979085316881,-0.04993056267633558,0.02056082232516876,-0.07824383556481612,6.276051088946898e-05,3.193565825726303e-05,-2.7212046482494946e-05,0.00024155790009722483,-9.526206782306541e-05,0.00028736389345321355,0.0002635560501562827,-0.00035156460166265254,-0.0004689607027780632,-0.0025986990125567043,-9.976693004016678e-05,-0.0022648502602678464,0.01345706076871109
1781505968.9304454,-0.04087072644051601,0.781192835802684,0.3822798400038357,-0.04999374232765845,0.02058596654068623,-0.07826815999661017,-0.04087508635154791,0.781192988174781,0.3822979085316881,-0.04993056267633558,0.02056082232516876,-0.07824383556481612,7.053951140088466e-05,2.1203571678482663e-05,-6.55797124764326e-05,0.0007891160752995121,-0.00018235438781531206,0.0003296868451326227,0.00015725123940912205,-0.0004917801485855843,-0.000761632653572462,-0.0026894202808603047,0.0010267830629973084,-0.0018452680826456192,0.018587730905502316
1781505968.9404547,-0.04086996183113314,0.781188566711414,0.3822746878163856,-0.049950131289665106,0.020578900492699503,-0.07826242369465344,-0.04087268021604934,0.7811788583322132,0.3822770867605448,-0.05002844854443378,0.020605173326113224,-0.0783319264363054,7.589047693162458e-05,1.2319469920118878e-05,-9.554928311582396e-05,0.0011777825050350355,-0.0002426187234002989,0.00035237345315808696,-0.0001798941800387234,-0.0001992053271623805,-0.0003505854326072377,-0.001611999669321431,0.0011805822635416506,-0.0005612320541947195,0.010363260893053576
1781505968.9504466,-0.0408693125631099,0.7811850263743614,0.3822703132918828,-0.04991453895250337,0.0205731634409847,-0.07825793354557604,-0.04087268021604934,0.7811788583322132,0.3822770867605448,-0.05002844854443378,0.020605173326113224,-0.0783319264363054,7.922447900005255e-05,5.031451351626073e-06,-0.00011839734338225885,0.001436757900230594,-0.0002811320230425054,0.00035972624994441444,-0.00029009760917802965,2.6689382563438517e-05,-0.00019411572527349924,-0.0009799027543989569,0.0002751469760975815,0.0004738655073336077,0.009760415358804257
1781505968.960441,-0.040872115627771086,0.7811850087457446,0.38227180654186416,-0.04989606005815868,0.020534457472390688,-0.07821943029566063,-0.04087268021604934,0.7811788583322132,0.3822770867605448,-0.05002844854443378,0.020605173326113224,-0.0783319264363054,7.559956245390418e-05,1.1321801652619902e-05,-0.00010199662377637402,0.0014730020491718985,-0.0006934309007439058,0.0007191082841486802,-0.00015599613097783114,-1.3197366375488095e-05,-0.0003443960730154297,-0.0007594177877208445,0.00013127654258169257,0.0005581818761100314,0.00812570340622183
1781505968.9704518,-0.04087445748454623,0.78118509892383,0.3822731357691119,-0.04988188557476221,0.020502505024384554,-0.0781877373903105,-0.04087268021604934,0.7811788583322132,0.3822770867605448,-0.05002844854443378,0.020605173326113224,-0.0783319264363054,7.173165355279005e-05,1.6228067271305535e-05,-8.753816560753719e-05,0.0014598383033697692,-0.0009833694843536926,0.0009686992787003629,3.324379379985003e-05,2.0336130624852375e-05,-9.303702501327186e-06,-2.5157907672051645e-05,0.0002153287969199974,0.0004302136437579961,0.007596973103824864
1781505968.9804466,-0.04087639138301016,0.7811852721613525,0.38227431643263077,-0.04987132395581326,0.02047648750784803,-0.07816201464118477,-0.04087268021604934,0.7811788583322132,0.3822770867605448,-0.05002844854443378,0.020605173326113224,-0.0783319264363054,6.771768724598172e-05,1.9961059499303722e-05,-7.48221061211685e-05,0.0014100152700854067,-0.0011736917139491254,0.001129195039041665,2.9622658577111806e-05,0.0001286077150866766,0.00019478087523178448,0.0007565779158750187,-0.0010197817295566347,0.0010993448120092057,0.007911048046222651
1781505968.9904401,-0.04087796861026203,0.7811855066886688,0.38227536293836756,-0.04986375822338342,0.02045562908881604,-0.07814146914217877,-0.04087268021604934,0.7811788583322132,0.3822770867605448,-0.05002844854443378,0.020605173326113224,-0.0783319264363054,6.363733100392947e-05,2.2704878546741814e-05,-6.366592290323885e-05,0.0013340885017741075,-0.0012841655049555872,0.001218541146717396,-0.00013844332664047227,0.00012876092245078346,0.00022601351930089407,0.0008920478765249886,-0.0009684951847324774,0.001098175179529129,0.008668293938718213
1781505969.000449,-0.04087923751108883,0.7811857837031616,0.3822762886344553,-0.0498586441475742,0.02043920721356418,-0.07812536510976142,-0.04087711040973774,0.7811801554255864,0.3822769965885096,-0.05002746801374882,0.020594979776857647,-0.07830350228640028,5.955538096092222e-05,2.46198489483894e-05,-5.3903326643788544e-05,0.001240681437839484,-0.0013317878664019767,0.0012521312798727093,-3.820747543201344e-05,7.15025086989814e-05,3.532728148108999e-05,0.0011447038172703438,-0.001263981145137145,0.0013976110299230113,0.006058322174049401
1781505969.0104463,-0.04088024284578746,0.7811860872628525,0.3822771058260724,-0.0498555068915816,0.020426559035265246,-0.07811302969329104,-0.04087711040973774,0.7811801554255864,0.3822769965885096,-0.05002746801374882,0.020594979776857647,-0.07830350228640028,5.552387390903153e-05,2.5845177290220025e-05,-4.538316658764019e-05,0.0011367338059606715,-0.001331014428923815,0.001243025669286171,6.69113581142339e-05,0.00027034374664647277,0.0003946883976553235,0.0017656764377350065,-0.001061611985031575,0.0009559704706946523,0.006709007512509545
1781505969.0204382,-0.04087894165942495,0.78119369403843,0.38228520230078356,-0.04996967034359033,0.02043482114635209,-0.07812344453714438,-0.04087711040973774,0.7811801554255864,0.3822769965885096,-0.05002746801374882,0.020594979776857647,-0.07830350228640028,5.216114035425651e-05,2.052118506950782e-05,1.2280027748470728e-05,-0.00023136829893415848,-0.0010899429679361336,0.0009982979418169436,-7.610544751754874e-05,0.00031178883953436685,0.0005382766738643313,0.001982044635644844,-0.00034553837789145445,0.0009697110209844954,0.015936788480376773
1781505969.0304432,-0.040877804236161386,0.7812000500676975,0.3822921471043324,-0.05006549922818321,0.020442723691454834,-0.07813317024941316,-0.04087711040973774,0.7811801554255864,0.3822769965885096,-0.05002746801374882,0.020594979776857647,-0.07830350228640028,4.880069352632788e-05,1.598720279916145e-05,5.841489162869367e-05,-0.0012501077199128254,-0.0008794762614957467,0.0007876114170423331,-0.0002605101265666775,0.00020476518065697428,0.0003544719312563707,0.0015021764932405346,4.701501939341866e-05,0.0010768277167715473,0.02501632086326998
1781505969.0404437,-0.04087682246179746,0.781205291353296,0.3822980812655488,-0.05014496755100144,0.020450140460429367,-0.07814211348522036,-0.04087711040973774,0.7811801554255864,0.3822769965885096,-0.05002746801374882,0.020594979776857647,-0.07830350228640028,4.5484662694723024e-05,1.2144869466223991e-05,9.471054575645765e-05,-0.0019791958303102134,-0.0006977030432625794,0.0006081964223799933,-0.000260051976034288,7.605864639722199e-05,0.0003369539300001429,0.0009383007774759681,0.00046895579935763413,0.0008756787625083674,0.03280947091443979
1781505969.0504425,-0.04087598603531611,0.7812095508293797,0.38230313025265467,-0.0502100021969093,0.020456990224182237,-0.07815022567724667,-0.04088285380130596,0.7811904640408371,0.3822912536649547,-0.04995138677880566,0.02056561441233673,-0.07824526405927144,4.224630531014495e-05,8.906459595900755e-06,0.0001226476436617729,-0.0024713008908192665,-0.000542405512040923,0.0004571221132416175,-0.00013192112388480333,-2.5441491731905807e-05,-5.227727872562033e-05,0.0003968587224623265,-0.0008799943724126137,0.0010637981528755706,0.023505851228046014
1781505969.0604475,-0.04087416223623553,0.7812082093168471,0.38230214255103173,-0.05017931133536536,0.02045375457528209,-0.07808936329586945,-0.04088285380130596,0.7811904640408371,0.3822912536649547,-0.04995138677880566,0.02056561441233673,-0.07824526405927144,5.522201942864052e-05,1.314467089438515e-05,0.00010767457597349905,-0.001880043295041311,-0.0005518092282357658,0.0010689052965975475,7.221146812602195e-05,4.6588060580099e-05,0.0001341753674917327,0.0003193019186461349,-0.001124080972060375,0.0008091932273008767,0.022561160520715138
1781505969.0704384,-0.04087259062549643,0.7812069587929286,0.382301239382689,-0.05015179191778861,0.020451487756027786,-0.0780391787296925,-0.04088285380130596,0.7811904640408371,0.3822912536649547,-0.04995138677880566,0.02056561441233673,-0.07824526405927144,6.493885530059323e-05,1.638043681248913e-05,9.429025301567599e-05,-0.0013855709003206434,-0.0005437572682402571,0.0014980335438638944,-8.926027250838822e-05,-1.2382207738171731e-05,5.6706553306860225e-05,-5.0555479507937554e-05,-0.0012323335833653354,0.0010394157833771207,0.02184317245557663
1781505969.0804389,-0.040871240837472,0.7812058139389569,0.3823004146990776,-0.05012740200605424,0.020450009269149305,-0.07799836832864167,-0.04088285380130596,0.7811904640408371,0.3822912536649547,-0.04995138677880566,0.02056561441233673,-0.07824526405927144,7.19164290322689e-05,1.877046605277711e-05,8.235092463548929e-05,-0.0009771517384620846,-0.0005228450921989283,0.0017785585566167852,-0.00010062536455488624,-0.00014835491762581307,-0.0002876933547924708,-0.0010009919057990093,-0.0010494759842770013,0.0009978878231970125,0.021316773852959915
1781505969.0904381,-0.040870086305571776,0.7812047821694664,0.3822996628123175,-0.05010602452631131,0.020449162229542628,-0.07796569872699576,-0.04088285380130596,0.7811904640408371,0.3822912536649547,-0.04995138677880566,0.02056561441233673,-0.07824526405927144,7.660658371606309e-05,2.0451276496844945e-05,7.172288252119717e-05,-0.0006443891209143451,-0.0004928683614491132,0.0019400617146123982,-0.0001165187517476351,-0.00011428911248815863,-0.00023650159638452173,-0.001389244390768829,-0.0008101709838946199,0.000901582823034766,0.02094591879427019
1781505969.1004372,-0.040869103690953514,0.7812038653555051,0.38229897837315424,-0.050087489309481016,0.02044881174352886,-0.07794002297915019,-0.04088467913829724,0.7811907365815396,0.38229158132158225,-0.049951190807300615,0.020513992342840792,-0.07820017061551446,7.940103077760394e-05,2.1541447556985754e-05,6.22821739014064e-05,-0.0003774221779224387,-0.0004569194723494672,0.0020079652342254047,-6.110837372042387e-05,-0.00022407742009073934,-0.0004441013813177068,-0.0015911113618195714,-0.0007896230871467727,0.0009506755360882424,0.02167200124017028
1781505969.1104455,-0.04086932031224161,0.7812068074196145,0.3823012521030358,-0.050039631472735234,0.02043332988957358,-0.07794119327555322,-0.04088467913829724,0.7811907365815396,0.38229158132158225,-0.049951190807300615,0.020513992342840792,-0.07820017061551446,8.177132620704288e-05,6.070922824601298e-05,7.162608633628358e-05,0.00018650651961085556,-0.000575207644116554,0.0017675378265044363,-2.6867754426497272e-05,-0.0001726370212019709,-0.0005950159281952035,-0.002046471166716285,-0.0007522333336858322,0.0010042158762108813,0.024242305751675745
1781505969.120452,-0.040869488958314236,0.7812093639321078,0.38230315838804496,-0.04999958386366628,0.020420754283517306,-0.07794382597496231,-0.04088467913829724,0.7811907365815396,0.38229158132158225,-0.049951190807300615,0.020513992342840792,-0.07820017061551446,8.263801001012686e-05,9.13828234620576e-05,7.821955313755521e-05,0.0006039326694199025,-0.000648095860100769,0.0015390102666426437,-5.096104383773015e-05,-0.00025435827709461336,-0.00029978164188118606,-0.0018931029470032295,-0.0011712572574566135,0.0015457750017387436,0.02667860987739052
1781505969.1304464,-0.04086961428847423,0.7812115909165209,0.38230474491984284,-0.04996648435304898,0.02041070061536332,-0.07794748218191166,-0.04088467913829724,0.7811907365815396,0.38229158132158225,-0.049951190807300615,0.020513992342840792,-0.07820017061551446,8.22866530039886e-05,0.00011484884903166044,8.252149010744832e-05,0.0009001636648989526,-0.0006849713017520493,0.0013256545651698448,-0.00019346767735955563,-0.00015106220580507783,-0.0003651568210922264,-0.0018437142424856919,-0.0012662094892575521,0.0021603742505556566,0.02889867309877531
1781505969.1404452,-0.04086970206526025,0.7812135335556334,0.3823060542539643,-0.04993949680673672,0.020402811849575153,-0.07795180506917034,-0.04088467913829724,0.7811907365815396,0.38229158132158225,-0.049951190807300615,0.020513992342840792,-0.07820017061551446,8.096193758757923e-05,0.00013223149282368292,8.49293385411371e-05,0.0010974788374074743,-0.0006938534788334354,0.0011295069622542224,-6.291537030816594e-05,-0.00011020041665552941,-0.0004524437657979151,-0.0016489794323939167,-0.0010751660231481425,0.0020134952073049,0.030878479825341202
1781505969.1504471,-0.04086975852724056,0.7812152285215901,0.3823071242398387,-0.04991782744932876,0.020396761175180522,-0.07795650906073445,-0.040888359151064035,0.7811831413651005,0.38227740212781647,-0.05002625182491656,0.020463987405364037,-0.07813108155255498,7.887262166104178e-05,0.0001445103053014587,8.578615366500179e-05,0.0012152788685523708,-0.0006815175737309261,0.0009516220576629498,-0.0001649835260378102,-2.4286860779036612e-05,2.6485468693815327e-05,-0.0002812744942812048,-0.0005017498626431067,0.0018281266665992149,0.04752865200353904
1781505969.1604354,-0.04086915498320642,0.7812121193566095,0.3823068811490675,-0.04990832902303532,0.020388528438877618,-0.07793041076784883,-0.040888359151064035,0.7811831413651005,0.38227740212781647,-0.05002625182491656,0.020463987405364037,-0.07813108155255498,8.242532342188889e-05,0.00011906443714725983,7.841420280369555e-05,0.0011804917544934745,-0.0007110921530882399,0.0011277513350009308,-0.00021834175482484758,0.00025246372043681033,0.0003450177094565678,0.0005559940303239163,0.00015408591414375084,0.0019554564284037634,0.04558000382756689
1781505969.170438,-0.04087504839162495,0.7812103642886044,0.38231027407334445,-0.049888034168380405,0.020388743684326638,-0.07797216491544744,-0.040888359151064035,0.7811831413651005,0.38227740212781647,-0.05002625182491656,0.020463987405364037,-0.07813108155255498,3.8956672564882765e-05,0.00011003088723500986,9.470520586880572e-05,0.0012824684120028922,-0.0006083879891285442,0.0005495807360094325,-7.14830650623132e-05,-5.5940521488158215e-06,0.00019346420626335027,0.0010273625721180183,-0.00023806393524045341,0.001884228857603249,0.04470826191810151
1781505969.1804483,-0.0408800797109235,0.7812089057267099,0.3823131262958749,-0.049872152973744935,0.020389457827128643,-0.07800781585578177,-0.040888359151064035,0.7811831413651005,0.38227740212781647,-0.05002625182491656,0.020463987405364037,-0.07813108155255498,3.567586084531013e-06,0.00010138479283040959,0.00010658317463766679,0.0013237703006920148,-0.0005147849938553299,0.00010133287139229435,-2.4664881960550165e-06,0.0001671040881669443,0.00021180107027726677,0.0008313158412404247,-0.0009802232245121746,0.0018988531756279948,0.04481704632889313
1781505969.1904454,-0.04088435858144357,0.7812077040325734,0.38231550839072265,-0.04986001349116162,0.020390526131382813,-0.07803791798584,-0.040888359151064035,0.7811831413651005,0.38227740212781647,-0.05002625182491656,0.020463987405364037,-0.07813108155255498,-2.4887027371611502e-05,9.315929210020638e-05,0.00011476797202761758,0.0013184803754647692,-0.0004305626154611707,-0.00023729834802961093,-0.00019248994689794594,7.581180790944995e-05,-0.00021605686357791486,0.0006596816273997283,-0.0004306822352945631,0.001749010499693708,0.045512816473503415
1781505969.2004497,-0.04088798230185229,0.7812067226511429,0.38231748303192753,-0.049851009830111745,0.020391830480760653,-0.07806303859040854,-0.04089423239357798,0.7811900192988495,0.38228452028191473,-0.04999776505445258,0.02044369473800023,-0.0780374919292317,-4.74142832127241e-05,8.537565812606862e-05,0.00011988428089344714,0.0012784257921153964,-0.0003556736497774296,-0.00048452813808850593,4.716071634389612e-05,0.0002985913833258244,0.00016916228644696835,0.0007316888736783125,-0.00025807805908043175,0.0010422264026335051,0.03747810711367428
1781505969.2104475,-0.040881885848142924,0.781194352539376,0.38231138233965756,-0.04980687364842375,0.020362948944800507,-0.07796884307051126,-0.04089423239357798,0.7811900192988495,0.38228452028191473,-0.04999776505445258,0.02044369473800023,-0.0780374919292317,1.1879790699723835e-05,1.8781851498694507e-05,7.169025572953314e-05,0.0015997453503701722,-0.0006829556637500398,0.0005795116437367307,4.644739748764101e-05,0.00016069109641062284,4.0597523975888534e-05,0.0006646543095226611,-0.0005009337101373874,0.0005672943420878723,0.029879496378276357
1781505969.2204325,-0.04087736861112683,0.781192884294159,0.3823114657515789,-0.0498060486953903,0.02037225155245781,-0.07789963524373518,-0.04089423239357798,0.7811900192988495,0.38228452028191473,-0.04999776505445258,0.02044369473800023,-0.0780374919292317,3.7402822966484746e-05,8.083152846586528e-06,6.768934938942971e-05,0.0014187217530074485,-0.0005445676604373944,0.001275752952642381,2.3153798881878158e-05,0.00012036769241956879,0.0002302934687844213,0.0009318156837222813,-0.0006410303403118793,0.00024136284692033525,0.03191635461808959
1781505969.2304428,-0.04087347768105046,0.7811917113278877,0.3823114947399029,-0.049806681160942425,0.020380517417830868,-0.0778426205319,-0.04089423239357798,0.7811900192988495,0.38228452028191473,-0.04999776505445258,0.02044369473800023,-0.0780374919292317,5.741809629602641e-05,-6.078969519658185e-07,6.361983640749291e-05,0.0012442547138892153,-0.00042596735758061114,0.0017625017462375315,0.00015163946783473145,0.00011020316255606002,7.530252523412951e-06,0.000474470396812658,-0.00030560653731225896,-0.0002653775341822143,0.03407700747015823
1781505969.2404537,-0.04087014345371724,0.7811907840095227,0.3823114800836123,-0.049808388436602354,0.02038778021699339,-0.0777963023574807,-0.04089423239357798,0.7811900192988495,0.38228452028191473,-0.04999776505445258,0.02044369473800023,-0.0780374919292317,7.275827478431848e-05,-7.577135725622801e-06,5.9546812716842245e-05,0.0010794753978110693,-0.0003254408657467009,0.0020789613551057623,2.387007659114797e-05,-6.370695121423058e-05,-0.00010580396243685787,0.0001581836880009036,-0.0005656736145472814,0.0002366310570946476,0.03616203414634351
1781505969.250446,-0.04086730230201914,0.7811900597830124,0.3823114309527678,-0.04981085440266038,0.0203940926247006,-0.07775926659103945,-0.040893877718349125,0.7811960175047868,0.3822923021296961,-0.04996042887022039,0.020426988531579093,-0.07801268695602905,8.415103701125637e-05,-1.3075843503173578e-05,5.552258006927446e-05,0.0009264648318117327,-0.00024120900918467991,0.002259166761387302,-7.796070119940578e-05,0.00014225644959385358,0.0003191534155727408,0.0009720523918559691,-0.0005869040993121069,0.0006356126989115266,0.033281512495115746
1781505969.2604442,-0.04086668712667782,0.7811815745972556,0.38230677043870104,-0.04976509915732605,0.020413589914628716,-0.07778923288206263,-0.040893877718349125,0.7811960175047868,0.3822923021296961,-0.04996042887022039,0.020426988531579093,-0.07801268695602905,7.461776424679082e-05,-4.448457315133972e-05,2.1138225001682243e-05,0.0013315108906329248,1.3983328601606447e-05,0.0016964542310054724,6.31783600366724e-07,5.901296607506863e-05,-4.25235462980235e-06,0.000755562724387558,-0.0010856379401007238,0.001076358535757006,0.03401849230719335
1781505969.2704363,-0.04086621588969382,0.7811744662900832,0.3823027537688367,-0.049727869621519254,0.020429899054837053,-0.07781599207515005,-0.040893877718349125,0.7811960175047868,0.3822923021296961,-0.04996042887022039,0.020426988531579093,-0.07801268695602905,6.601922597836114e-05,-6.913499335703589e-05,-6.732454886645627e-06,0.0015985527323343425,0.0002048021474775889,0.00122839499396308,-0.00011639253802104948,4.9959271871323936e-05,0.0002621766055028432,0.0007336087829155619,-0.0009128028182909956,0.0016972783734194774,0.03659055042604683
1781505969.280442,-0.040865871399476894,0.7811685607440757,0.38229930467275236,-0.04969804716272573,0.020443372941567395,-0.0778396159647501,-0.040893877718349125,0.7811960175047868,0.3822923021296961,-0.04996042887022039,0.020426988531579093,-0.07801268695602905,5.8280019678624674e-05,-8.804767833272236e-05,-2.9020981403622458e-05,0.0017548826183845967,0.00034216619041370475,0.0008440686296036254,-0.0001409917416561747,9.289365316306414e-05,0.00010643486478357022,0.0010933755439848896,-0.0007844812352344276,0.0019012264829584866,0.03984047207020231
1781505969.290438,-0.040865636735418646,0.7811636991971146,0.3822963548620633,-0.04967459087239557,0.020454353592451513,-0.07786024413242792,-0.040893877718349125,0.7811960175047868,0.3822923021296961,-0.04996042887022039,0.020426988531579093,-0.07801268695602905,5.132872561441753e-05,-0.00010211462058750432,-4.654588679888824e-05,0.0018239803064388706,0.00043571936580969503,0.0005330007614289448,-0.00030103413386639165,0.00023176571057178554,0.0003090067403354085,0.0013830617910141926,0.001162686769290675,0.001869485118618807,0.04310975257778798
1781505969.3004463,-0.04086549568691251,0.7811597380652825,0.38229384329022564,-0.04965654657455678,0.020463165521430682,-0.07787806313488456,-0.04090317117480646,0.7812025795342916,0.3823021953024397,-0.049913358376649265,0.02041473484917078,-0.07793897344074976,4.509802629334989e-05,-0.00011211328824041584,-6.0024626703316175e-05,0.0018258262432658502,0.0004938864964828803,0.00028533795072729006,-0.0002017233498786047,0.00018694031182231848,0.00022812161579140297,0.0011998523673851435,0.0007259981036999868,0.0018494956434382773,0.05765925739142909
1781505969.3104563,-0.040870602118008796,0.781154013111747,0.3822946950760697,-0.0497004175795753,0.020462604408234553,-0.0779139305764538,-0.04090317117480646,0.7812025795342916,0.3823021953024397,-0.049913358376649265,0.02041473484917078,-0.07793897344074976,7.286118983942359e-06,-0.0001616551904564074,-4.9686739679316656e-05,0.0011555714932350884,0.00045328801663135237,-0.00013711935054351484,-0.00011045052870839922,0.00025708183396075846,0.00010159369628420055,0.0011968292552487743,0.00041244496827318004,0.0021331869029712165,0.0589550189133157
1781505969.320445,-0.04087501650452783,0.7811492175615328,0.3822954525263483,-0.04973837493021162,0.020461721554482892,-0.07794395185279578,-0.04090317117480646,0.7812025795342916,0.3823021953024397,-0.049913358376649265,0.02041473484917078,-0.07793897344074976,-2.3160587574615555e-05,-0.0001993777640765326,-4.075818008068537e-05,0.0006217419433372829,0.0004104590515186387,-0.0004498999078454699,7.990624921420258e-07,6.984188627799759e-05,1.3842291534874469e-05,0.0012338436366379315,-0.00017385866960499297,0.002008194385010639,0.06070955958194349
1781505969.3304503,-0.04087881903492884,0.7811452114933436,0.38229612549558206,-0.049770862389589374,0.020460622057189015,-0.07796877099687856,-0.04090317117480646,0.7812025795342916,0.3823021953024397,-0.049913358376649265,0.02041473484917078,-0.07793897344074976,-4.730891802083264e-05,-0.00022713411470910334,-3.307412461810948e-05,0.00020474335271139705,0.00036713174983732714,-0.0006719415036396311,0.00020789924137007166,0.00015368361394819298,0.00017752836751597922,0.0016835975135301177,0.0003005780172176882,0.001070204243538535,0.06261758055149116
1781505969.3404348,-0.04088208154579312,0.7811418766085447,0.3822967227616869,-0.04979836218147614,0.020459390543316802,-0.07798901296857548,-0.04090317117480646,0.7812025795342916,0.3823021953024397,-0.049913358376649265,0.02041473484917078,-0.07793897344074976,-6.609509735346003e-05,-0.00024653814794995093,-2.6486488449078612e-05,-0.00011330351416673272,0.0003246174560578143,-0.0008199174092425276,7.32339256089059e-05,0.00013176509199293903,0.000483503748873147,0.001990617383823989,0.0005753692925960997,0.0005854919918562753,0.06449470015779554
1781505969.350439,-0.04088486834896261,0.7811391128206377,0.382297252160029,-0.049821372146282246,0.020458093990196158,-0.07800527132693393,-0.04090530720631924,0.7812119158860409,0.38231589899997553,-0.04983499162141963,0.020447579698721352,-0.07785948673452725,-8.033864576536996e-05,-0.00025899129622405204,-2.0862500291899425e-05,-0.0003485035056347988,0.0002838763594992015,-0.0009083477664506379,3.3146851629606825e-05,7.726889430555803e-05,0.0001498013851295018,0.0015763669214975953,0.00045404377380765055,-0.00010218204503714104,0.07788284703404996
1781505969.3604608,-0.040887236973907025,0.7811368353556727,0.382297720699587,-0.04984038819758603,0.020456784323445998,-0.07801809985366921,-0.04090530720631924,0.7812119158860409,0.38231589899997553,-0.04983499162141963,0.020447579698721352,-0.07785948673452725,-9.075501181155131e-05,-0.00026570666662753973,-1.6083364527464632e-05,-0.0005151911569738456,0.00024557928350405926,-0.000949741982880321,0.00015542875323625732,-6.466481378135669e-06,1.19797200562339e-05,0.0009920796357522842,0.0004314530378829449,-0.0006773643388385533,0.07933517470086703
1781505969.3704364,-0.040887037800019156,0.7811399909063586,0.38229864416455484,-0.049900824750758827,0.020450228319972785,-0.0780512428570477,-0.04090530720631924,0.7812119158860409,0.38231589899997553,-0.04983499162141963,0.020447579698721352,-0.07785948673452725,-8.351056598670029e-05,-0.0002562583069389834,-7.776570018393938e-06,-0.0011113351040296024,0.00016531706808994357,-0.001210925156367275,1.594575079002451e-05,-0.00015920725108642695,6.339002122063545e-05,0.0011184883416948143,0.0002435456375235672,-0.0005309616202858928,0.07618860317828045
1781505969.3803942,-0.04088683711578111,0.781142693482855,0.38229944790138926,-0.049950613667255124,0.020444616319386766,-0.07807800047736803,-0.04090530720631924,0.7812119158860409,0.38231589899997553,-0.04983499162141963,0.020447579698721352,-0.07785948673452725,-7.663675570859558e-05,-0.00024542636450000877,-1.009561364948419e-06,-0.0015275847446161001,0.00010065251717841999,-0.0013734752303235375,0.00011508334177596115,-0.00031876335236110824,-0.00044090000110323847,0.00013089857666643412,0.0003944100138154271,-0.0007656633529647869,0.07350866610140003
1781505969.390437,-0.04088663657631927,0.7811449863792179,0.3823001459402882,-0.04999106186256827,0.020439865679583002,-0.07809924136544416,-0.04090530720631924,0.7812119158860409,0.38231589899997553,-0.04983499162141963,0.020447579698721352,-0.07785948673452725,-7.014757985246181e-05,-0.00023362097068380767,4.4356036723150345e-06,-0.0017976519284524672,4.944521760932221e-05,-0.0014576732537146813,0.00020491049307987748,-0.000344409439768,-0.00022636960415734595,-0.00016467652799709228,0.00041211233152361673,-0.0009491737566988302,0.07124822943535908
1781505969.4004452,-0.040886437595804244,0.7811469143919599,0.3823007506363291,-0.050023404233686466,0.02043589078830821,-0.07811576737073488,-0.0408987931292763,0.7812067853373692,0.38231722283360975,-0.049791229466565376,0.020470743975016026,-0.07789111828135532,-6.404940263082425e-05,-0.0002211837025631848,8.750632372891012e-06,-0.001950797180373708,9.722967082847877e-06,-0.001480859882057142,0.00028847207642690496,-0.00036050076227200483,-2.403651743818148e-05,-0.0002721722042463801,0.0004433780925856195,-0.0013204230343549282,0.06331289438045427
1781505969.4104447,-0.04088624138542024,0.7811485219303201,0.38230127289581994,-0.05004878791596882,0.02043260617424636,-0.07812830834235732,-0.0408987931292763,0.7812067853373692,0.38231722283360975,-0.049791229466565376,0.020470743975016026,-0.07789111828135532,-5.834237871292938e-05,-0.00020839677553067626,1.210374216868593e-05,-0.0020121448662796743,-2.03063919535028e-05,-0.0014576979616141574,0.00027696631750900207,-0.0001667410923136454,0.0003326112028880141,7.143102051610738e-05,0.0006349936302479095,-0.0016179308515700242,0.061697418019652235
1781505969.4204414,-0.04088435377172253,0.7811528160616777,0.3822985273329412,-0.04997984661427925,0.02041543538458024,-0.0780848430837444,-0.0408987931292763,0.7812067853373692,0.38231722283360975,-0.049791229466565376,0.020470743975016026,-0.07789111828135532,-3.105854140345843e-05,-0.00013655761420791967,-8.081159742589998e-06,-0.0010495323642074716,-0.00022902615574656935,-0.0008341143556110324,0.00019070553870688333,-0.00038772850519833716,3.783776711323568e-05,-0.000726602784369094,0.0003088703855988596,-0.0015423518093961826,0.05891264304438183
1781505969.430447,-0.04088267747379792,0.7811565850784441,0.3822961746683679,-0.049920882286532305,0.020401239225602108,-0.07804753148215347,-0.0408987931292763,0.7812067853373692,0.38231722283360975,-0.049791229466565376,0.020470743975016026,-0.07789111828135532,-8.762266058676249e-06,-7.715674057117661e-05,-2.4182660583577934e-05,-0.00029954972047856166,-0.0003791431689105072,-0.0003440539755522518,0.0001451105397678417,-0.00041579972295751407,4.790906782525518e-06,-0.0008206893910533389,-0.0002365619669370445,-0.0015898128031829129,0.05676975962335397
1781505969.440435,-0.0408811859010845,0.7811599081919552,0.38229416600849103,-0.0498710072927557,0.020389660795385955,-0.0780158517064827,-0.0408987931292763,0.7812067853373692,0.38231722283360975,-0.049791229466565376,0.020470743975016026,-0.07789111828135532,9.247611996826746e-06,-2.84936597346484e-05,-3.680209430979589e-05,0.0002705872154398233,-0.0004812421562928107,3.2548104617672626e-05,0.00035719765714879785,-0.0003201297235359243,5.7465076643121e-05,-0.00086746217615633,0.0003887778442642674,-0.001818279125363985,0.05512801856873471
1781505969.450441,-0.04087985742992698,0.7811628486235976,0.3822924580726284,-0.04982930777069601,0.020380360971903544,-0.0779892586545377,-0.04088691148961454,0.7811898584854204,0.3823160076355689,-0.04982613759997392,0.020471571701170088,-0.07796476135682628,2.358828194588895e-05,1.0932798679364862e-05,-4.646631700231573e-05,0.0006903654379958438,-0.0005445682426515122,0.0003138314131828831,2.6766379143618107e-05,-0.00028359989573862926,0.00015711396697077614,-0.0007332690275629204,-0.0003194833670746835,-0.0010648674898634828,0.03652224402265442
1781505969.4604347,-0.0408776490072739,0.7811725010518362,0.38229658721396154,-0.049847723820794526,0.020402821678380256,-0.07803071794613142,-0.04088691148961454,0.7811898584854204,0.3823160076355689,-0.04982613759997392,0.020471571701170088,-0.07796476135682628,2.4258738835038716e-05,6.498260809391536e-05,-1.6312712541146467e-05,0.0004231772666190838,-0.00021767521264387518,-0.00016017132236758008,0.00043076939924202915,-0.0002820337470765857,-0.00017406050785143937,-0.001147288993634716,-0.00034172995506057786,-0.0015909658587145523,0.027644653283205273
1781505969.4704373,-0.04087578254702506,0.7811807538281342,0.38230013847539174,-0.04986359990535924,0.020421919370622987,-0.07806545226614545,-0.04088691148961454,0.7811898584854204,0.3823160076355689,-0.04982613759997392,0.020471571701170088,-0.07796476135682628,2.448958077292643e-05,0.00010754894836382509,8.100490202820488e-06,0.00021139813602983194,3.321209746335159e-05,-0.0005109414673119177,0.00010933076978706451,-0.00013604015919679182,2.407949995558889e-05,-0.000440573013395927,-0.0002875542911041041,-0.0008065526794308555,0.0214144435413908
1781505969.480454,-0.04087422261000662,0.7811877722429306,0.38230318134445185,-0.04987713815775528,0.020437974638673806,-0.0780941969608585,-0.04088691148961454,0.7811898584854204,0.3823160076355689,-0.04982613759997392,0.020471571701170088,-0.07796476135682628,2.436458662875698e-05,0.00014035730915502973,2.7596112496456793e-05,4.6932238157113134e-05,0.0002202836591422073,-0.0007597760023192394,-4.306686463026764e-05,-0.0001963800083579067,-8.871613100693107e-05,-0.00020858487165567962,-0.00013764363576403873,-0.00021245316313031767,0.01816242872662877
1781505969.4904368,-0.040872934569634645,0.781193706083164,0.3823057779179206,-0.04988855405268832,0.020451310945682755,-0.0781176669625903,-0.04088691148961454,0.7811898584854204,0.3823160076355689,-0.04982613759997392,0.020471571701170088,-0.07796476135682628,2.395552063394715e-05,0.00016491651075432775,4.2897003899528317e-05,-7.758147016005424e-05,0.0003544197581984611,-0.0009254223069979202,-7.363595306702101e-05,-1.649622829918487e-05,-5.731312880089204e-06,-6.411763058016238e-05,-0.000607374085820309,0.00017547154760944112,0.01774275693584244
1781505969.500444,-0.04087188529926662,0.7811986905564332,0.38230798359400786,-0.0498980671597101,0.020462245055584027,-0.07813654233822603,-0.040879277309071316,0.7811821966421002,0.38231451274164374,-0.04985337450795465,0.02045928555424026,-0.07800638678701591,2.3323592665570327e-05,0.0001825423188026285,5.4636600131546864e-05,-0.0001687519966328707,0.00044522156865069347,-0.0010242042596913744,3.0741812615123895e-05,-1.2190083071176762e-05,-1.9223461112593067e-05,-0.00010950085723864608,-0.00042960563497042596,9.731190754174423e-05,0.019217720672033603
1781505969.5104394,-0.04087104365410995,0.7812028472434009,0.38230984771054344,-0.04990589410226174,0.020471080045013412,-0.07815145841495277,-0.040879277309071316,0.7811821966421002,0.38231451274164374,-0.04985337450795465,0.02045928555424026,-0.07800638678701591,2.2520764257095534e-05,0.00019437884776772694,6.336853160781762e-05,-0.00023244396086938561,0.0005010690698926955,-0.001070183058832829,1.78760609463689e-06,0.00020146245593670304,0.00036442494193502224,0.0006145741834586126,-0.0002025943414801808,4.5395959608741056e-05,0.022715697728043816
1781505969.5204399,-0.0408700718655508,0.7812007473714012,0.3823066549661953,-0.049930756200129066,0.020484477129625978,-0.07810440923935072,-0.040879277309071316,0.7811821966421002,0.38231451274164374,-0.04985337450795465,0.02045928555424026,-0.07800638678701591,2.126946629488579e-05,0.000156822607731701,3.9490617404710015e-05,-0.000489007870765395,0.0005668154591013507,-0.00043316305550304506,2.705382078077736e-05,7.644012099027042e-05,-0.00015227994690101575,4.034147024398412e-05,-6.176918952974869e-05,-0.00011376004001951007,0.022149816771406115
1781505969.5304406,-0.04086930590967749,0.7811987997748208,0.382303898378663,-0.04995120940057026,0.020495246031610126,-0.07806441371036102,-0.040879277309071316,0.7811821966421002,0.38231451274164374,-0.04985337450795465,0.02045928555424026,-0.07800638678701591,1.9995452150708697e-05,0.00012468636484885414,1.982168272461764e-05,-0.0006678584865473394,0.0006005601312410983,5.599085228508193e-05,0.00010080277870708829,0.00019309260941749722,4.984268320544083e-05,0.00026630326436675165,-5.133316419004055e-05,-0.0002557948610209928,0.022085233154628136
1781505969.5404434,-0.04086871577427705,0.7811969941354013,0.38230152712946375,-0.04996779938178924,0.020503750800028087,-0.07803079795294608,-0.040879277309071316,0.7811821966421002,0.38231451274164374,-0.04985337450795465,0.02045928555424026,-0.07800638678701591,1.8719345118324423e-05,9.730834899486718e-05,3.780829178641853e-06,-0.0007835851725226866,0.0006094037156874004,0.00042096434143180103,0.0002671041358027279,-0.00011759114835282088,-0.00020963822065079467,1.850151047516609e-05,-0.0001244587308004593,-0.000518865609783356,0.0223413954106885
1781505969.5504384,-0.0408682741956237,0.7811953223912365,0.3822994954161747,-0.04998104073116398,0.020510326211232055,-0.07800288244306168,-0.0408760958165576,0.7811845764128663,0.3823140454165866,-0.049844656194571416,0.020459187509488386,-0.07801805331259905,1.745772754329859e-05,7.409701731288481e-05,-9.1442443359049e-06,-0.000848847210287726,0.0005993479842889315,0.0006829034161399896,9.197059518586877e-05,6.840862496719209e-05,2.1938956003331314e-05,-0.00019592973480161716,0.0007182594322482156,-0.0008151926161155404,0.01970675815935493
1781505969.560443,-0.04086795670007556,0.7811937779679117,0.3822977620705758,-0.049991410657063556,0.020515275941983102,-0.07798000202042926,-0.0408760958165576,0.7811845764128663,0.3823140454165866,-0.049844656194571416,0.020459187509488386,-0.07801805331259905,1.622372769131898e-05,5.4524698959526754e-05,-1.9404279487040417e-05,-0.0008745111938360555,0.0005754071123054501,0.0008604723728341413,0.000187911136521981,-6.955166440169547e-05,-3.7554247903543213e-05,-0.00026754997603960597,0.0008087563417296037,-0.0012150178722062797,0.020397578034360906
1781505969.570434,-0.04087158710614325,0.781192466798579,0.38229743675064837,-0.04995767602914564,0.020519847794274293,-0.07807731492791001,-0.0408760958165576,0.7811845764128663,0.3823140454165866,-0.049844656194571416,0.020459187509488386,-0.07801805331259905,-1.1240076056786541e-05,5.951306878852062e-05,-2.0988805193515378e-05,-0.0003889589576206167,0.00061549955702081,-0.0002917902598974084,0.0002053048540330966,-9.887793834943007e-05,-0.00016138393628646177,-0.0006406743623126335,0.0006360180052137754,-0.0012047152827576893,0.018932364895676842
1781505969.580445,-0.04087474651405398,0.7811913307468713,0.382297169355891,-0.049928939066190725,0.020523144830243867,-0.07815886755353393,-0.0408760958165576,0.7811845764128663,0.3823140454165866,-0.049844656194571416,0.020459187509488386,-0.07801805331259905,-3.314485719490477e-05,6.276350715279541e-05,-2.199487041692952e-05,-1.4501657038946025e-05,0.0006286937758730782,-0.0011471532941950417,-2.8723165294919295e-05,-0.00013912377166209642,-0.00012526712516148272,-0.0007601180609286634,0.000900198128980082,-0.0005397331595887571,0.01822753602929534
1781505969.5904381,-0.04087748667828692,0.7811903614004483,0.38229695127603164,-0.04990473323525658,0.020525395915390154,-0.0782263792787182,-0.0408760958165576,0.7811845764128663,0.3823140454165866,-0.049844656194571416,0.020459187509488386,-0.07801805331259905,-5.0309448409096274e-05,6.457759444158905e-05,-2.25238152268256e-05,0.0002664654039153563,0.0006213723505189232,-0.0017566462064566154,5.384115063861505e-05,-0.00010445731458429372,-0.000208537275702117,-0.0008669761945835701,0.00022659068181984053,-0.00011209614376574251,0.018100006049337848
1781505969.600444,-0.040879854077424935,0.7811895466613814,0.3822967751169221,-0.049884584969973896,0.020526801265936312,-0.0782815226987478,-0.04087142878396921,0.7811822156061138,0.3823088087432769,-0.04987285853217005,0.020486686753224292,-0.07805466994435578,-6.345124961549673e-05,6.521563132168687e-05,-2.266303831049853e-05,0.0004696920742664158,0.0005988792410448394,-0.002165233715093075,-0.0001017317479265376,-7.747688956398796e-05,-0.00015904937923156664,-0.0006451959511745555,0.0004169828604548146,0.0002095599303789055,0.01641761567336103
1781505969.6104493,-0.04087949910643087,0.7811911619234795,0.3822990184754246,-0.049921360508889054,0.020543864837407222,-0.07826285211533911,-0.04087142878396921,0.7811822156061138,0.3823088087432769,-0.04987285853217005,0.020486686753224292,-0.07805466994435578,-6.590797944142693e-05,5.475495004457571e-05,-5.777101479670867e-06,1.2747623271307143e-05,0.0007093820268334641,-0.00171603278351913,-5.3939719403338766e-05,-5.244759967169699e-06,-0.00023006114298332404,-0.0007795097289870156,-8.563134574102925e-05,0.00023459070804380516,0.015524691419248006
1781505969.6204324,-0.0408774870012735,0.7811931582574734,0.38229352053828497,-0.04991622921727103,0.020547719082653515,-0.07824466359598538,-0.04087142878396921,0.7811822156061138,0.3823088087432769,-0.04987285853217005,0.020486686753224292,-0.07805466994435578,-4.994183885265309e-05,6.637656113985262e-05,-4.081033418240542e-05,6.329410987030804e-05,0.0006640575889832621,-0.0013283174382239448,-2.7637747727600228e-05,2.768784921004477e-07,-2.9078556493674273e-06,1.0105873693434832e-05,0.00034102431882448596,-6.35796761780701e-05,0.019752792905266534
1781505969.6304455,-0.04087578016744971,0.7811948480152201,0.38228882689185867,-0.049911945831707466,0.020550412669290363,-0.0782281165684407,-0.04087142878396921,0.7811822156061138,0.3823088087432769,-0.04987285853217005,0.020486686753224292,-0.07805466994435578,-3.6491836031203325e-05,7.486502008966731e-05,-6.841696446987016e-05,9.943360628288165e-05,0.0006119208029902055,-0.0010014556783580304,0.0001504652811145945,8.703027387127943e-06,-4.7589787601914095e-05,2.7241607642182968e-05,0.0005898700177869557,-0.0009572574488899195,0.024037193765565835
1781505969.6404395,-0.0408743377617445,0.7811962711172084,0.38228483828539883,-0.049908415001656076,0.02055216288365891,-0.07821325240110019,-0.04087142878396921,0.7811822156061138,0.3823088087432769,-0.04987285853217005,0.020486686753224292,-0.07805466994435578,-2.5232146249826477e-05,8.073071122039311e-05,-8.971191368737762e-05,0.00012378938247745896,0.0005561067954164399,-0.0007291365769879275,0.00019885120560146993,-7.120462828256275e-05,-9.457083044360514e-05,-0.00039264623094441964,0.00011078133671093238,-0.0011018149092518249,0.02793926260140318
1781505969.6504366,-0.040873123610875854,0.781197462594574,0.3822814661274168,-0.049905544685350245,0.020553158355199663,-0.0782000560228647,-0.04086942627221163,0.7811805732769614,0.38230477091671566,-0.04989005113476614,0.02050013978040721,-0.0780780726459896,-1.5873452674872882e-05,8.441659049835656e-05,-0.00010567018616590272,0.00013864947172873582,0.0004990652874120976,-0.0005051385808645521,0.0002817821343597778,-0.00011480370831316057,-0.0002380186677757985,-0.00058784386155473,0.00047644533712373527,-0.0016039827904544251,0.02901779741606794
1781505969.6604462,-0.04087210582043296,0.7811984531955861,0.3822786315036181,-0.04990324783882384,0.020553561077448324,-0.07818847048760198,-0.04086942627221163,0.7811805732769614,0.38230477091671566,-0.04989005113476614,0.02050013978040721,-0.0780780726459896,-8.159411967582509e-06,8.630587151050853e-05,-0.00011714211031894198,0.00014598810777048682,0.0004426653881434775,-0.0003234774044315392,0.00024903802467334213,4.056148762938617e-05,5.938820418013833e-05,-0.00018033082883210205,0.00015632365306057707,-0.001868293758627966,0.03178270576554313
1781505969.6704383,-0.040873213557736016,0.7811940752628038,0.38227664517339816,-0.04994354939585252,0.020575476047650643,-0.07823504635184378,-0.04086942627221163,0.7811805732769614,0.38230477091671566,-0.04989005113476614,0.02050013978040721,-0.0780780726459896,-2.7403667979200163e-05,3.526722693244853e-05,-0.00012123136528240534,-0.00029946683310539334,0.0006586555878895855,-0.0007839550690048716,-1.423168432062576e-05,-8.824403726204312e-05,-0.0002443557792739519,-0.0002355903589662373,0.000543842096444331,-0.0018250418481340679,0.03142776782549814
1781505969.6804376,-0.040874227009825764,0.781190238124634,0.382275012718039,-0.04997715689606784,0.020593338846027986,-0.07827347222738341,-0.04086942627221163,0.7811805732769614,0.38230477091671566,-0.04989005113476614,0.02050013978040721,-0.0780780726459896,-4.250520774706919e-05,-6.152098249460276e-06,-0.00012297798488805278,-0.0006250333840563946,0.0008024597276611633,-0.0011075172327559358,-4.970368262795824e-06,-4.88402640443103e-05,1.0713561286213993e-05,0.0001035041980229488,0.0008848918253066174,-0.0018166805752501739,0.031654490213130056
1781505969.6904368,-0.040875156476315365,0.7811868744452606,0.3822736856229285,-0.05000482865107036,0.02060767688049392,-0.0783047395878781,-0.04086942627221163,0.7811805732769614,0.38230477091671566,-0.04989005113476614,0.02050013978040721,-0.0780780726459896,-5.4089734293508806e-05,-3.932446716879041e-05,-0.00012282186827844348,-0.0008518601133153735,0.0008882411886411097,-0.0013196362630596343,-1.8930245372654998e-05,1.519430191441909e-07,-0.00021333739075294367,-0.00016118549926024612,0.0007998574994403234,-0.0015488478854364985,0.03223097036761103
1781505969.7004347,-0.0408760091354025,0.7811839273075982,0.38227262086010594,-0.05002729536277811,0.020618981721699736,-0.07832978730394405,-0.04086393910878655,0.7811787856895576,0.38229818199666765,-0.049902060255483896,0.0205307657282483,-0.07816833989297371,-6.270410933487205e-05,-6.54560734142593e-05,-0.0001211402642749042,-0.0009984956722777336,0.0009282003010676069,-0.0014424482970396676,0.00018943774659724283,-5.0163080040635185e-06,-0.00018358595431480036,-0.00025286130606390534,0.0005393818452846064,-0.0013085606901067823,0.028731402348516247
1781505969.7104378,-0.04087679004319389,0.7811813482616718,0.3822717803942102,-0.05004524703618615,0.020627704646142497,-0.07834948912492776,-0.04086393910878655,0.7811787856895576,0.38229818199666765,-0.049902060255483896,0.0205307657282483,-0.07816833989297371,-6.882497361053975e-05,-8.560443042761433e-05,-0.00011825534757719044,-0.001081032963509899,0.0009327326038201682,-0.0014949838076302403,-9.450272915791753e-05,2.6039133446243394e-05,-0.00014965856866990424,-9.060614664087366e-05,0.0003563843216138905,-0.00032918224018968603,0.029474699375949525
1781505969.72044,-0.04087422466364866,0.7811848110491965,0.3822730538550864,-0.0500718317111416,0.020608706456440862,-0.07826389809113304,-0.04086393910878655,0.7811787856895576,0.38229818199666765,-0.049902060255483896,0.0205307657282483,-0.07816833989297371,-3.8142947854599376e-05,-7.185362641426512e-05,-0.0001020392046821011,-0.0012725088444574166,0.0005770090286226206,-0.0004091246699372958,-0.00014899639637183356,-0.00011887452504351417,-0.00020236425129432627,-0.0005385699491369454,0.00048545653667221496,-8.068374641332477e-05,0.02781224724695705
1781505969.7304385,-0.04087202225277332,0.7811877032990379,0.38227420869132445,-0.050093016502332784,0.02059221810347389,-0.07819150652879736,-0.04086393910878655,0.7811787856895576,0.38229818199666765,-0.049902060255483896,0.0205307657282483,-0.07816833989297371,-1.302893143481518e-05,-5.990439172232231e-05,-8.772838019798342e-05,-0.0013811449949648158,0.00029467764056953386,0.00041566949679290555,-0.0001512146807449942,1.4103943226136682e-05,-1.7471112306883014e-05,0.00013775043036097186,0.0005268231967066864,-0.00033227859324068534,0.026824994774136315
1781505969.7404385,-0.04087013013899824,0.7811900980415938,0.38227525360590114,-0.050109575220713284,0.020578061313852425,-0.07813098647723991,-0.04086393910878655,0.7811787856895576,0.38229818199666765,-0.049902060255483896,0.0205307657282483,-0.07816833989297371,7.297016488971787e-06,-4.955281745047738e-05,-7.51284268581098e-05,-0.0014247380256925857,7.506608023947174e-05,0.0010222801998343582,-9.69532871779628e-05,-8.084595182603241e-05,5.041851200816204e-05,-0.0001041240694616761,0.0008746251815142984,-0.000720111751758575,0.02630606901106835
1781505969.7504456,-0.040868504122196364,0.7811920624476913,0.3822761969133305,-0.05012221432518858,0.020566038765978956,-0.07808101797751031,-0.04086683222825105,0.7811761591949695,0.3822929389954785,-0.04991968244128882,0.020560340789384846,-0.07819479937098105,2.3521681173278177e-05,-4.0614967027341044e-05,-6.406156914267751e-05,-0.0014184028544041924,-9.153924605165189e-05,0.0014488092424106743,0.0001242855871493655,-7.207623520436535e-05,-0.000332809681039537,-0.0008558312452675317,0.0009896099496441227,-0.0010719547467868003,0.023151803194349528
1781505969.760436,-0.04086710704840149,0.781193657587622,0.38227704653072997,-0.05013157047054881,0.020555944256924752,-0.078040323196611,-0.04086683222825105,0.7811761591949695,0.3822929389954785,-0.04991968244128882,0.020560340789384846,-0.07819479937098105,3.6248362806537636e-05,-3.292526779519911e-05,-5.4365667758940955e-05,-0.0013748313322436453,-0.0002138675874447065,0.0017287342401541392,0.00012941865603963138,-0.00018822643660057172,-0.0005485249909576669,-0.0013711509398023894,0.0007536066346853982,-0.0009452853665141742,0.0236397907630439
1781505969.7704375,-0.04086898003982558,0.7811945533839475,0.3822806624436339,-0.050084900739026134,0.020545450889295713,-0.07803982008737306,-0.04086683222825105,0.7811761591949695,0.3822929389954785,-0.04991968244128882,0.020560340789384846,-0.07819479937098105,2.8433567141314265e-05,-3.794688951436751e-06,-2.88310166105916e-05,-0.0007153589241135323,-0.0003052117583699448,0.0015397528717682068,-6.90354810685164e-05,-0.00016583820022219033,-0.00047843055005789676,-0.0015225307332790792,0.0010149000732874013,-0.0006970230821341668,0.022218753518378435
1781505969.7804475,-0.040870568844656584,0.781195330563471,0.3822837791135118,-0.050045019919239056,0.020536833827965006,-0.07804082378093612,-0.04086683222825105,0.7811761591949695,0.3822929389954785,-0.04991968244128882,0.020560340789384846,-0.07819479937098105,2.1799776822711106e-05,1.9638640223271903e-05,-7.967165955551662e-06,-0.0002016580398192749,-0.0003653016671432322,0.001356007312574015,2.189673558182757e-05,-0.00016201788735346157,-0.00039615795727360116,-0.0014244625696948666,0.0005790149076270493,-0.00040895241996652783,0.02157329622533428
1781505969.7904475,-0.04087190657260915,0.7811960187978712,0.38228645469426786,-0.050011317413955855,0.020529858637221343,-0.07804292889996421,-0.04086683222825105,0.7811761591949695,0.3822929389954785,-0.04991968244128882,0.020560340789384846,-0.07819479937098105,1.6198122748423327e-05,3.820144624633068e-05,8.882725290410708e-06,0.0001887599796484074,-0.0004003281660854375,0.0011812146347196422,0.00013036502056825634,-1.889703561669585e-05,0.00012148274473328086,-0.0005660016433937338,0.0001394842747561184,4.449786952806791e-05,0.021498812996657565
1781505969.8004396,-0.04087302412528811,0.7811966388900242,0.38228874168217053,-0.04998316661726429,0.020524304674311322,-0.07804580158118643,-0.04086521737230542,0.7811686465813517,0.3822805695692811,-0.049978245662122237,0.020580954444236577,-0.07821701681073874,1.1496018585668797e-05,5.261911744412472e-05,2.2296812456585717e-05,0.0004761196650331293,-0.00041561611201042866,0.0010179147867182738,-0.00032400461315594726,-0.0001607586257453432,-0.0002230289402463558,-0.0011180294340421139,0.00025805939085792745,0.0007486208124780688,0.030187715482141567
1781505969.8104355,-0.04087394999986763,0.7811972049706423,0.38229068732655397,-0.04995994607709279,0.020519967683095608,-0.0780491706799904,-0.04086521737230542,0.7811686465813517,0.3822805695692811,-0.049978245662122237,0.020580954444236577,-0.07821701681073874,7.5756293753441794e-06,6.352649915748163e-05,3.278275824560588e-05,0.0006783955236813266,-0.0004156956928313062,0.0008676962286995474,-6.450967283409081e-05,-9.523967736452173e-05,-0.00023977214856149467,-0.0010444451707801406,-0.00046240992979077627,0.0012023202346791145,0.0315310861729744
1781505969.8204403,-0.04087673776809901,0.7811931379797241,0.3822892003106879,-0.049907844647420437,0.02048948170167697,-0.07801366149183628,-0.04086521737230542,0.7811686465813517,0.3822805695692811,-0.049978245662122237,0.020580954444236577,-0.07821701681073874,5.975928539929966e-06,5.597500345417268e-05,1.9621318492181397e-05,0.0011651792814046649,-0.0007220620973628989,0.0011434482564155945,-0.00012506486498158926,-5.835093043870937e-05,-0.00018107078719677424,-0.0009451271515557501,0.0002043972134318018,0.0010940239809506566,0.02840841091492617
1781505969.8304489,-0.04087903478101925,0.7811897507802328,0.3822879048200761,-0.04986511571538653,0.020464448632949717,-0.07798487828467492,-0.04086521737230542,0.7811686465813517,0.3822805695692811,-0.049978245662122237,0.020580954444236577,-0.07821701681073874,4.616010574844902e-06,4.920360531316176e-05,8.80704598163463e-06,0.0014980151394561356,-0.0009318481257787963,0.001318760622385855,8.517258303781204e-05,0.0001733062814748349,0.00023185712235554228,-6.730898905174925e-05,-0.0020463317716282662,0.0018540636642820029,0.026270018998941515
1781505969.8403897,-0.04087797934828143,0.7811902936579134,0.3822912760514023,-0.049871126253886094,0.020435666924660145,-0.0779519030981855,-0.04086521737230542,0.7811686465813517,0.3822805695692811,-0.049978245662122237,0.020580954444236577,-0.07821701681073874,2.4969980524794646e-05,4.5327351870581e-05,2.9765736832535223e-05,0.0012614970010120354,-0.001161876206713527,0.00151859994243129,-3.690687441674087e-05,2.607160980485757e-05,-6.5931566072490875e-06,-0.00016299554736102622,-0.002509289612970114,0.0021708351358881548,0.027314697763160145
1781505969.8504372,-0.04087696785358297,0.7811908009667861,0.38229414562030906,-0.04987737026995258,0.02041245540547787,-0.07792561388733897,-0.040869838793959945,0.7811673070469676,0.3822752359870415,-0.050004912025743836,0.02052433582538682,-0.0781412435085247,4.099320614045019e-05,4.164125610241051e-05,4.621364905033821e-05,0.0010497509341897795,-0.001302422436394692,0.0016267666636320937,-0.00012632333426041044,0.00020288012815687572,9.400998822963319e-05,0.0006509607515353908,-0.0009317561848988801,0.0015151580158035197,0.030989707805328785
1781505969.860439,-0.04087964076615447,0.7811910826897341,0.382296910320581,-0.04987755402049543,0.020420750997395265,-0.07798645147933866,-0.040869838793959945,0.7811673070469676,0.3822752359870415,-0.050004912025743836,0.02052433582538682,-0.0781412435085247,1.597049901442665e-05,4.1677235355619014e-05,6.108972744829169e-05,0.0009466989803288588,-0.0010366830046666146,0.0007904840950168983,-0.0002343638443605533,3.7955191680403515e-05,4.2715066878772255e-05,0.0008545004302618772,-0.00031426076668390496,0.0013627560425698779,0.033632374020385346
1781505969.8704324,-0.04087771682467376,0.7811922956030236,0.3822975761467077,-0.04986175934260548,0.02040400180286661,-0.0779799295417265,-0.040869838793959945,0.7811673070469676,0.3822752359870415,-0.050004912025743836,0.02052433582538682,-0.0781412435085247,3.578258630279351e-05,5.3437685710332655e-05,6.0916927897070985e-05,0.0010143249297462284,-0.0011096811152472017,0.0007661685754479353,-0.00021637887870275946,0.00019228790027374514,0.00018808365927835713,0.001100758526791114,0.0005724906439316381,0.0010180743318520928,0.034432165711786866
1781505969.8804407,-0.040875985029127655,0.7811933855575818,0.3822981075019106,-0.049849421488993066,0.020390896754860943,-0.07797519778874143,-0.040869838793959945,0.7811673070469676,0.3822752359870415,-0.050004912025743836,0.02052433582538682,-0.0781412435085247,5.1233796371922334e-05,6.220154977947323e-05,6.00063297269491e-05,0.0010372296114750058,-0.001134001413563414,0.0007269776560367938,-0.00017720326548713872,0.00013426568417107808,8.726428890353053e-06,0.0005286826060266232,-0.0002998898243048372,0.0008843183790787614,0.035227419931078946
1781505969.8904328,-0.04087442970730336,0.7811943627972501,0.38229852420273935,-0.049840011395780634,0.020380880900794818,-0.07797193681315452,-0.040869838793959945,0.7811673070469676,0.3822752359870415,-0.050004912025743836,0.02052433582538682,-0.0781412435085247,6.298842876782071e-05,6.844878777315685e-05,5.8514984836993073e-05,0.0010259992787864081,-0.0011211832938325269,0.0006777138673631057,-2.9380166506023436e-05,0.00012641451747685004,3.627815851455824e-05,0.0008390938799298776,-0.0011346979646893443,0.0007203379203170272,0.035992097730832076
1781505969.9004436,-0.04087303727374969,0.7811952360053228,0.38229884368270023,-0.04983305252653175,0.020373453861095125,-0.07796986705662245,-0.04087630857556723,0.7811742973632416,0.3822830047277551,-0.04996365599425872,0.02050665163663634,-0.07808869584085162,7.16266047237576e-05,7.259658706986021e-05,5.657632892597665e-05,0.000989500200965108,-0.0010808894303969388,0.0006222513043124805,8.626213515008308e-06,0.00014396413082215964,0.00020632945168695238,0.0009239199005906599,-0.0012059418038477489,0.0007256008195554012,0.02645752523459143
1781505969.9104593,-0.040871795640142095,0.7811960127770919,0.3822990812207065,-0.049828120741958554,0.0203681698463114,-0.07796874646478341,-0.04087630857556723,0.7811742973632416,0.3822830047277551,-0.04996365599425872,0.02050665163663634,-0.07808869584085162,7.765351865844212e-05,7.500645651667037e-05,5.430314847526223e-05,0.0009350672325853925,-0.0010211118368153515,0.0005636623719258664,1.9013459846261413e-05,0.00013762172753510452,0.0002502017378826868,0.0009492228335594475,-0.0016567938228961895,0.0009576502127343475,0.02739305405495832
1781505969.9204364,-0.04087178815890654,0.7811962519623701,0.3822987310431448,-0.0498526949426127,0.020366039932552926,-0.07800369782705784,-0.04087630857556723,0.7811742973632416,0.3822830047277551,-0.04996365599425872,0.02050665163663634,-0.07808869584085162,7.203844257685085e-05,6.064222252904682e-05,4.91145985141825e-05,0.0005724768904799995,-0.0009138556114202942,0.00011995745011104047,6.176050868235177e-05,-9.462358634622405e-06,-3.574124907964158e-05,0.0004143730953919811,-0.0014486195176294894,0.0010401308344410096,0.027381665132241398
1781505969.9304445,-0.04093499993549961,0.7810554187828845,0.3797890269101436,-0.04987313596590895,0.020366935142123177,-0.07799607944337567,-0.04087630857556723,0.7811742973632416,0.3822830047277551,-0.04996365599425872,0.02050665163663634,-0.07808869584085162,6.661801003617674e-05,4.834260259372416e-05,4.4327038072185864e-05,0.00028512852405207495,-0.0008084782305809116,-0.0002157781468451662,-9.680005974521955e-05,-1.5573305004568038e-05,-0.00010230487807899915,0.0003241800579816635,-0.0015439410239850133,0.0012596177136564067,2.497499178645855
1781505969.9404383,-0.04010026197710761,0.7809746436242878,0.3794552548511731,-0.04989122391730014,0.02036687947192317,-0.07802077169154012,-0.04087630857556723,0.7811742973632416,0.3822830047277551,-0.04996365599425872,0.02050665163663634,-0.07808869584085162,6.142251448849999e-05,3.7856248063137405e-05,3.992204450265354e-05,6.202229425770139e-05,-0.0007073928725622294,-0.0004614262466241079,-4.746010875287805e-05,-3.9132812198668087e-05,-0.00013496594061026277,0.0001803833468592173,-0.001692252530125145,0.0011309993731513583,2.939094980256442
1781505969.9504533,-0.040100226597020006,0.7809746412999415,0.3794549707864636,-0.04990648653165276,0.020367502127840664,-0.07804114913772668,-0.04087564197913002,0.7811796465030594,0.3822903887924872,-0.04992574633162728,0.02043056567698054,-0.0780382197694186,5.6473424523747616e-05,2.8958407077302032e-05,3.5879981088578515e-05,-0.00010684218002788556,-0.0006122902151967143,-0.0006328509729055336,4.472086575239157e-05,8.993574052044474e-05,9.476277709222848e-05,0.0004930150462309526,-0.000999482420634754,0.000489568596162995,2.946674637112329
1781505969.960449,-0.039265491847994154,0.780893711873379,0.379121239213049,-0.04991921443435895,0.020368616069479373,-0.07805773588852989,-0.04087564197913002,0.7811796465030594,0.3822903887924872,-0.04992574633162728,0.02043056567698054,-0.0780382197694186,5.178485234060016e-05,2.144852679749182e-05,3.218048530723817e-05,-0.00023044265911418172,-0.0005242733003572056,-0.0007439704238035743,1.154532222709365e-05,0.0001478394683521347,0.00019393983225167585,0.0005127095771441706,-0.0008616066218292603,0.00037303271256717495,3.566209628457172
1781505969.9704487,-0.03842622133021816,0.7808256502268718,0.37878447766562756,-0.04994935611758365,0.02042371647716501,-0.07807435014506929,-0.04087564197913002,0.7811796465030594,0.3822903887924872,-0.04992574633162728,0.02043056567698054,-0.0780382197694186,5.2150098786050284e-05,9.149360357156018e-05,1.1011732518136138e-05,-0.0005306693116113806,0.0001427836662222145,-0.00081383941199508,-0.00017546841733710736,9.444200708113738e-05,-2.6133295607838137e-05,6.923583305698189e-05,-0.0008542689420771678,0.0006645383214515687,4.291431894870154
1781505969.9804382,-0.03758774507349975,0.7807556165726031,0.37844810123387773,-0.04997420620025455,0.020469966669687478,-0.07808757230571553,-0.04087564197913002,0.7811796465030594,0.3822903887924872,-0.04992574633162728,0.02043056567698054,-0.0780382197694186,5.178251412325109e-05,0.0001465645938137753,-6.121503724974616e-06,-0.0007410950892064538,0.000638677668498295,-0.0008439117068220113,-6.636478612063708e-05,0.00010856998580196032,-0.0010218481768636714,0.0011322039780082094,-0.0006036072261624752,0.0015340099240300005,5.074765130232254
1781505969.9904356,-0.03674996750255071,0.7806838611965276,0.37811207474943204,-0.04999441102119348,0.020508319823310472,-0.0780978907008564,-0.04087564197913002,0.7811796465030594,0.3822903887924872,-0.04992574633162728,0.02043056567698054,-0.0780382197694186,5.0831289992345074e-05,0.00018891698404109928,-1.97980401286559e-05,-0.0008784756898056823,0.000992751292049058,-0.0008433428208337788,0.0023740785745521263,0.0005975907546920223,-0.0027770176313761316,0.006101499218678193,0.005273345000868871,0.0007174530116863675,5.892817763961735
1781505970.0004869,-0.035912798311031426,0.780610608462564,0.37777636528230585,-0.050010582071892185,0.02053970625176782,-0.07810575076156032,-0.04087564197913002,0.7811796465030594,0.3822903887924872,-0.04992574633162728,0.02043056567698054,-0.0780382197694186,4.9423588741285376e-05,0.00022052257585151148,-3.0526335102016894e-05,-0.0009573651606694504,0.0012308719025979514,-0.0008198313284156193,0.00653511063844203,-0.00036686238103807883,-0.010106525447248564,0.0017906715315680207,0.002891682202915706,0.0005173521018974968,6.732757965053197
1781505970.010384,-0.03591078154829738,0.7806170164458692,0.37777457304775225,-0.050023287984190076,0.02056501368037056,-0.0781115535753958,-0.04080864059649286,0.7811841819393529,0.3821945818518424,-0.04983926669548224,0.02043665946228934,-0.07799913478051616,4.76672769176202e-05,0.00024310045147778287,-3.875192261747065e-05,-0.0009902695114181919,0.001375594953298567,-0.0007797734569770201,0.010286809968351176,-0.0007925296105465504,-0.013124724032776123,0.0031510964177556933,0.0009438593474266006,-0.0004318782179798647,6.621720152741539
1781505970.0204432,-0.035063549376082276,0.7805332824755867,0.3774227797534916,-0.05005597574967344,0.0205767340145675,-0.07802543906091,-0.04080864059649286,0.7811841819393529,0.3821945818518424,-0.04983926669548224,0.02043665946228934,-0.07799913478051616,0.00012096104455997322,0.0001916963390991196,-0.00015168904145184073,-0.0012583625138079296,0.0013061782914990069,0.0002504927688818082,0.013220412304515181,-0.0020474995783389587,-0.01727296685658039,0.0007379243063610607,-0.0008218338555403666,0.0008873711290109305,7.4966551547070095
1781505970.0304615,-0.03421826056449361,0.7804557625500219,0.37707492082312427,-0.05010453757950284,0.02060288789726905,-0.07806415687608836,-0.04080864059649286,0.7811841819393529,0.3821945818518424,-0.04983926669548224,0.02043665946228934,-0.07799913478051616,0.00016811493381773215,0.00018307991899403907,-0.00023087560795855507,-0.0016424440269338758,0.001469885911647495,-0.00018462656707721376,0.018177836163145354,-0.002900477075606281,-0.021541683178152065,-0.002526491870029215,0.0009487216166919245,-0.0001972264473667059,8.377030071684295
1781505970.040436,-0.03337473617492043,0.7803774363931154,0.37672919404531,-0.050143869943611474,0.020623544880687517,-0.07809648608346004,-0.04080864059649286,0.7811841819393529,0.3821945818518424,-0.04983926669548224,0.02043665946228934,-0.07799913478051616,0.0002038386232396696,0.00017384307979560304,-0.0002915190292120907,-0.001885262824037657,0.00155231410687859,-0.0005055941003298096,0.0229411836041894,-0.004149585393285302,-0.025315827161740384,-0.005517765134023361,0.0002588343629543188,-0.00023038809744057968,9.261978039341331
1781505970.0504425,-0.032532740321857975,0.7802984303419299,0.37638533658339607,-0.05017521018615749,0.020639518082493646,-0.07812314326550344,-0.04080864059649286,0.7811841819393529,0.3821945818518424,-0.04983926669548224,0.02043665946228934,-0.07799913478051616,0.00022993379968793684,0.00016422522493708672,-0.00033650809757065166,-0.002015592220096373,0.0015715854971480368,-0.0007322455262121681,0.027264461883041154,-0.0042158074527660705,-0.026626624313196196,-0.004632663507921403,0.0014351484187816862,-0.0013323855548927443,10.149995656994408
1781505970.0604408,-0.0316920623524571,0.7802188572364034,0.37604311294770065,-0.05019970421691444,0.020651544879031203,-0.07814482068335515,-0.03993870668861116,0.7810519452593365,0.3811742982211004,-0.049923129839468124,0.020457094280065702,-0.07801077524891538,0.000247968812040563,0.00015442336892272684,-0.00036836021452864634,-0.002058070082081159,0.0015430076724001697,-0.0008820248170495688,0.029284030249322923,-0.004123083572294095,-0.027576410793089635,-0.004405445231151157,-2.830057737826595e-05,0.0009745915838338684,9.748345540189408
1781505970.0704372,-0.030852515123021423,0.7801388167512309,0.375702312634931,-0.050218398062210005,0.02066028572419576,-0.07816217340472836,-0.03993870668861116,0.7810519452593365,0.3811742982211004,-0.049923129839468124,0.020457094280065702,-0.07801077524891538,0.0002593048191337204,0.0001445980011886029,-0.0003892627409329938,-0.0020335613563477297,0.0014793599675402658,-0.000970106401620797,0.030950137221159062,-0.0038626096417325407,-0.025362455932436228,-0.002476318084220235,0.0029180236785251038,-0.0007510309836657354,10.645905649316783
1781505970.0804312,-0.02994047378686627,0.7800597276397486,0.3753139986562948,-0.05030795414000786,0.020657346747877225,-0.07817115693001085,-0.03993870668861116,0.7810519452593365,0.3811742982211004,-0.049923129839468124,0.020457094280065702,-0.07801077524891538,0.0007384384757528891,0.00011085467771379637,-0.0007134148046935441,-0.002787216178257399,0.0012906995702900437,-0.0009637477453503254,0.03117817811845738,-0.0039546581529079205,-0.02280952023421712,-0.0037323797415340803,0.004418685255176372,-0.002267594993528316,11.631520448824197
1781505970.0904338,-0.02903994399098374,0.7799799845639896,0.37493387255392985,-0.05038069987635869,0.020653734675642355,-0.07817776956966899,-0.03993870668861116,0.7810519452593365,0.3811742982211004,-0.049923129839468124,0.020457094280065702,-0.07801077524891538,0.0011137173464714602,8.236180222689911e-05,-0.0009645956888536431,-0.0032756098184392388,0.0011140099827446075,-0.0009326086321980167,0.031029909112244975,-0.003377867223593838,-0.019933291815675217,-0.003067798767169174,-0.0016037569248304295,0.0012589544715436902,12.604564275652063
1781505970.1004329,-0.028149484403259203,0.7798996940560394,0.3745609094281249,-0.050438858955872634,0.020649717436675763,-0.07818242461043837,-0.03993870668861116,0.7810519452593365,0.3811742982211004,-0.049923129839468124,0.020457094280065702,-0.07801077524891538,0.0014008692189712666,5.844487908655381e-05,-0.0011540145522802893,-0.003551883750956626,0.0009511268913753038,-0.0008837533180131116,0.034683395689712716,-0.0031393273068831768,-0.018761727655381248,-0.0011598130264852736,0.0024561030618115718,-0.0014000790585073008,13.566515995493914
1781505970.1104631,-0.02810239458921311,0.7799001171268082,0.37452788644476137,-0.05048449678741881,0.02064550678376409,-0.07818548536297401,-0.038348546170351605,0.780862546596582,0.3799913199613727,-0.05008599286191734,0.02048136210131557,-0.07803185538867621,0.0016136365975004754,3.8504459337682754e-05,-0.001291452394287953,-0.003661661333886365,0.0008030476170466591,-0.00082296010376133,0.0358106115004373,-0.002831299307862038,-0.018269679377525088,0.0008230458614643572,0.0060201884102932925,-8.21107564645836e-06,11.651566353859385
1781505970.1204364,-0.027235813302670737,0.7797966651509165,0.37422464342409817,-0.050444833645709355,0.02061049981262908,-0.07805458292525926,-0.038348546170351605,0.780862546596582,0.3799913199613727,-0.05008599286191734,0.02048136210131557,-0.07803185538867621,0.001733038219733744,-0.00010449630929090289,-0.0010170349539252756,-0.002858375747102747,0.0002616120224905547,0.0006745423901824454,0.03818119114974426,-0.0026055752723244895,-0.018351511229357045,0.0015685206054250216,0.00040317682765690134,-0.000537509435312637,12.565169848840139
1781505970.1304314,-0.0263746750450025,0.779696491177034,0.37391768854460383,-0.05040886522612181,0.020580778595782556,-0.07794509066888405,-0.038348546170351605,0.780862546596582,0.3799913199613727,-0.05008599286191734,0.02048136210131557,-0.07803185538867621,0.0018069312825092932,-0.00021796941279205432,-0.0007838531346907424,-0.002178262404574623,-0.00015124640575358764,0.0017781011489003222,0.03993786437593897,-0.0028140132713336415,-0.019954626022848268,0.0019324718552504593,0.0030121610294628646,0.00035946552300766284,13.47673081851412
1781505970.1404393,-0.025518231277456095,0.7795991972849695,0.3736074106306104,-0.05037664894021839,0.020555832274349317,-0.07785463721767552,-0.038348546170351605,0.780862546596582,0.3799913199613727,-0.05008599286191734,0.02048136210131557,-0.07803185538867621,0.0018433549954089542,-0.0003063006800342675,-0.000586728815440159,-0.0016090536934899539,-0.0004564607323745122,0.0025562850683393343,0.04459611462327547,-0.003952900184220441,-0.023638800897561048,-0.00047624968254134163,0.0004770380059729252,-0.0004945242276043362,14.386359166842798
1781505970.1504345,-0.024665825101974452,0.7795044257356011,0.3732941645688748,-0.05034812525114282,0.02053514723917904,-0.07778092466490205,-0.038348546170351605,0.780862546596582,0.3799913199613727,-0.05008599286191734,0.02048136210131557,-0.07803185538867621,0.001849237794760536,-0.00037332950927845105,-0.0004210482544020547,-0.0011385223227901304,-0.0006726630421674494,0.003069376581473639,0.047730630794530784,-0.005353683377272891,-0.02692677301786598,-0.0031980092693511823,0.0009611736993784658,-0.00010319470287154702,15.294222388186563
1781505970.1604438,-0.02381688079028635,0.7794118561969705,0.3729782735269415,-0.05032314860899355,0.0205182218818587,-0.07772177305348853,-0.03624487052695191,0.780685931594062,0.3789062601783283,-0.05008848850806247,0.020586006972251658,-0.0780626660167916,0.0018305286276218019,-0.00042240798988935616,-0.00028270923920614276,-0.0007548058631909827,-0.0008162510773963089,0.0033697993381310107,0.05113059268764949,-0.005917656503242941,-0.027887789356379696,-0.004078521838385671,0.0026905143307052893,-0.001030547960295279,13.828203887387476
1781505970.170436,-0.022907391534951676,0.779326167324855,0.37260147784987957,-0.05041638132868536,0.020547852837533576,-0.07779020829173114,-0.03624487052695191,0.780685931594062,0.3789062601783283,-0.05008848850806247,0.020586006972251658,-0.0780626660167916,0.0021780431751684064,-0.00045553265310965146,-0.0005366177599940982,-0.0016748997656035305,-0.00036647825146571717,0.0022722038055756765,0.05166413505666252,-0.0064684308987419375,-0.028835183870574606,-0.004928431766542445,0.007175508391009784,-4.182787021881788e-05,14.8151133960891
1781505970.1804504,-0.022844433119553514,0.7793219525088598,0.3725647199110305,-0.05049330488507272,0.020573002514141958,-0.07784987129795343,-0.03624487052695191,0.780685931594062,0.3789062601783283,-0.05008848850806247,0.020586006972251658,-0.0780626660167916,0.0024294205054944964,-0.00047635218217963133,-0.0007336492117898461,-0.002318446028235908,-1.9432500466192576e-05,0.0013876203771120402,0.05255236912185593,-0.006880578417053257,-0.02942966245353776,-0.006188229522066518,0.001110340753302211,0.0019956661653919828,14.887823703155217
1781505970.1904361,-0.021957183636781116,0.7792374324182426,0.3721999623600847,-0.05055590274494488,0.020594106647204402,-0.07790132805988857,-0.03624487052695191,0.780685931594062,0.3789062601783283,-0.05008848850806247,0.020586006972251658,-0.0780626660167916,0.0026004362528634375,-0.0004870296753430335,-0.0008825246910516127,-0.0027371694890759475,0.00024114005805765004,0.0006868521299837376,0.054134969729759515,-0.0063530460606016255,-0.028661674459135495,-0.00442415797253987,0.003672139649349788,0.0012163352370288792,15.849623874429536
1781505970.2004464,-0.021078923097081287,0.7791533677214283,0.3718401073039426,-0.05060605320657238,0.020611602384905225,-0.07794522735617307,-0.03624487052695191,0.780685931594062,0.3789062601783283,-0.05008848850806247,0.020586006972251658,-0.0780626660167916,0.0027047729357783544,-0.0004894301196888169,-0.0009908554449444408,-0.0029759796834910902,0.0004297858399145546,0.00014299153326654515,0.05486248918827324,-0.005190101572559062,-0.026399518724451905,-0.0010645863896557375,0.0031003798445203134,0.0028870062315819065,16.8013460744516
1781505970.2104454,-0.020208435239147685,0.7790697137953845,0.3714845231092907,-0.05064550436060509,0.020625915953060847,-0.0779822622320755,-0.03360083571352407,0.7803757465846461,0.37749818545933356,-0.05031834648253332,0.020514084306396674,-0.0779922995795604,0.0027542594042027162,-0.00048515555539475273,-0.001065265321187895,-0.0030734504109547678,0.0005593735066553473,-0.0002684171115895945,0.05867530082658706,-0.00534797147153491,-0.026365769901491736,-0.0009734583462055043,0.001740538155906845,0.0017796973668617708,14.738597184706093
1781505970.220433,-0.019317616122130087,0.7789927829863924,0.3711192279012434,-0.050706293026015634,0.0206555411787952,-0.07801073093540116,-0.03360083571352407,0.7803757465846461,0.37749818545933356,-0.05031834648253332,0.020514084306396674,-0.0779922995795604,0.002924684704135431,-0.00044665290858988407,-0.0011945042087746801,-0.0033951505947991912,0.000837029937143519,-0.0005330568625341834,0.06048322469377068,-0.005692270745393199,-0.026541635674753844,-0.00144372819866316,-0.0006788816234016819,0.0022873258609760593,15.703950131670416
1781505970.23045,-0.01845004767807435,0.7789151368008443,0.3707953736498764,-0.05059386715344845,0.020642848686906135,-0.07793822701492807,-0.03360083571352407,0.7803757465846461,0.37749818545933356,-0.05031834648253332,0.020514084306396674,-0.0779922995795604,0.0029576643266981113,-0.00036273315206554116,-0.0010586742194094983,-0.0018134821937253853,0.0005672339844280381,0.0003084685617285001,0.06044747739026197,-0.005458668967069237,-0.02556977642576146,-0.00022301193842253113,-0.0056357617116051155,0.00425379886534246,16.63151962956669
1781505970.2404368,-0.01758878863030259,0.7788373589446931,0.37047072728310004,-0.05049764820497198,0.02063163150450853,-0.07787750238624427,-0.03360083571352407,0.7803757465846461,0.37749818545933356,-0.05031834648253332,0.020514084306396674,-0.0779922995795604,0.0029466628721289416,-0.0002907684272182287,-0.0009362190733366258,-0.0005787538533206665,0.00034955074239617726,0.0009305529261015336,0.06294016737003486,-0.006082859376720456,-0.02628196755235999,-0.0014327577181653737,-0.0036162298004722413,0.0002782094840827627,17.55384450041566
1781505970.2504356,-0.016732924644937617,0.7787594559591465,0.37014532740194134,-0.05041620617440799,0.020621828086172522,-0.07782726568543923,-0.03360083571352407,0.7803757465846461,0.37749818545933356,-0.05031834648253332,0.020514084306396674,-0.0779922995795604,0.002900493989220096,-0.0002293127469732645,-0.000826052523415777,0.00036222670886888037,0.00017687426308385823,0.001371189016478302,0.062207480068811175,-0.0066777797095368295,-0.027340718043660357,-0.002255218817912817,0.0022078714756342535,-0.000708032863233151,18.47169025335735
1781505970.260437,-0.01588165531027983,0.7786814276461418,0.36981921514493166,-0.05034806514802026,0.020613353360788844,-0.07778626225568577,-0.03050718593696694,0.780078162172612,0.37615710937394886,-0.050390987550740285,0.0204551791996872,-0.07795201596755771,0.002826678645622533,-0.00017707215146250217,-0.0007271468506149784,0.001057355214324329,4.264786814078155e-05,0.0016638103706023409,0.06347495287378689,-0.00707094060944005,-0.028174474562370256,-0.0019088333423801635,0.0006349089702107171,0.0014883087998682645,16.000809876622068
1781505970.2704363,-0.015034281447227963,0.7786032699991469,0.369492433104251,-0.050291755213712645,0.02060610698496923,-0.07775329929455436,-0.03050718593696694,0.780078162172612,0.37615710937394886,-0.050390987550740285,0.0204551791996872,-0.07795201596755771,0.002731604780975577,-0.00013289111996293498,-0.0006385343429400463,0.0015492478461879428,-5.9093978390891794e-05,0.001837519244038587,0.06765111347681585,-0.007421381315036647,-0.030265111435669855,-0.0025139489799487005,-0.0015404852635184088,0.0014619433900704142,16.911652493231028
1781505970.2804358,-0.014178220969496247,0.7785072296777099,0.36919551753982793,-0.050318575941477796,0.020633106165557358,-0.07785470923704269,-0.03050718593696694,0.780078162172612,0.37615710937394886,-0.050390987550740285,0.0204551791996872,-0.07795201596755771,0.0026820903499536943,-0.00021418785905555227,-0.00035615748813666554,0.0011101289911069723,0.0002973769611227307,0.0005462742139728384,0.07041165621619681,-0.00725645562839588,-0.03143632458215008,-0.0008452551286599586,0.006353234383201484,-0.0002545283199496198,17.820400856246863
1781505970.2904332,-0.014161363189216744,0.7784942953723549,0.36922725650954086,-0.05034216584585521,0.02065551432498247,-0.07794049205122394,-0.03050718593696694,0.780078162172612,0.37615710937394886,-0.050390987550740285,0.0204551791996872,-0.07795201596755771,0.002608356686020533,-0.0002767367209309663,-0.00012496005320606441,0.0007507270400121337,0.0005563240561983816,-0.0004361668759931157,0.07234455928808367,-0.0067059790702238215,-0.031558087482735225,-0.0010346105198985546,0.0010830612743335827,-0.0003295625124754417,17.82462947901494
1781505970.3004339,-0.013313799007386523,0.7784024449803315,0.36892085976214367,-0.05036268889939128,0.020673869619274976,-0.07801221773805703,-0.03050718593696694,0.780078162172612,0.37615710937394886,-0.050390987550740285,0.0204551791996872,-0.07795201596755771,0.0025161147525209334,-0.0003234427327198741,6.222241123851475e-05,0.0004608915290213439,0.0007351128752854278,-0.0011603390612173806,0.07097606990300882,-0.006330423981123665,-0.030901177156592075,-0.0006962158098120137,0.005712678571949296,-0.0014412163006284665,18.72922557563772
1781505970.310439,-0.012469542422072277,0.7783122796467113,0.3686105472311856,-0.05038035198888799,0.020688686144413104,-0.07807144745418482,-0.02709119990791392,0.779733075796512,0.3746588166321375,-0.05046701936511257,0.020443098718406327,-0.07794822609542353,0.0024101836760712218,-0.0003568387172070252,0.00021169904718480216,0.00023111297265689378,0.0008489487197078341,-0.0016711761790596255,0.06810699803236779,-0.005697268875526725,-0.028962347472968508,0.0009156828934239131,0.002578456698964061,0.00043621584872366133,15.88688427851883
1781505970.32044,-0.011585546396506332,0.7782472308885762,0.36826016235016806,-0.05050454810970276,0.020699346748784153,-0.07813810559788012,-0.02709119990791392,0.779733075796512,0.3746588166321375,-0.05046701936511257,0.020443098718406327,-0.07794822609542353,0.0025649089034080006,-0.0002650681309592504,9.551619531293084e-05,-0.001134917598207945,0.0009091249786610338,-0.0022094993992118755,0.06793884619262196,-0.005637416947735711,-0.028274518480328456,0.0020422674949217103,0.00406979422494827,-1.26928972731319e-05,16.839709098628493
1781505970.3304381,-0.010710077414888216,0.7781797975628381,0.3679121157387958,-0.050607923497610376,0.020707574704981857,-0.07819210355559492,-0.02709119990791392,0.779733075796512,0.3746588166321375,-0.05046701936511257,0.020443098718406327,-0.07794822609542353,0.002656618161791775,-0.00018803848576863746,1.037433870084117e-06,-0.0021273708506225866,0.0009293187624052585,-0.002552371107923001,0.06909941229684347,-0.006002594567870615,-0.028704218238375132,0.0018633867874407537,0.0017926650527078768,0.0015589314741762076,17.784032735769912
1781505970.3404396,-0.009841971442746178,0.7781102680158811,0.3675661307237242,-0.05069286880111991,0.020713756512293457,-0.07823513720335117,-0.02709119990791392,0.779733075796512,0.3746588166321375,-0.05046701936511257,0.020443098718406327,-0.07794822609542353,0.0026965778426985905,-0.00012381851611946586,-7.482072463853504e-05,-0.002812749470403767,0.000919004535654837,-0.0027394111912756995,0.06922215955756036,-0.005875035323699981,-0.027694041840120913,0.002572543851144104,0.0031379354726093767,-0.00018837952130899794,18.720993059446236
1781505970.3504324,-0.009814745844641625,0.7781202238998527,0.36755570604308785,-0.0507616797804476,0.020718237326948552,-0.07826877743357047,-0.02709119990791392,0.779733075796512,0.3746588166321375,-0.05046701936511257,0.020443098718406327,-0.07794822609542353,0.002694488022422593,-7.069554230983364e-05,-0.0001347695631357091,-0.0032492870529261557,0.0008861157141725461,-0.002804571300242042,0.06785864044686632,-0.00681215524119271,-0.0277719363040544,0.0003480319096123719,-0.001673184061245548,0.000905882834300208,18.74916894908104
1781505970.3604436,-0.008958396706598749,0.7780473070446706,0.3672131236560125,-0.050816518246606976,0.02072132196452281,-0.0782944584688894,-0.02365422706853909,0.7794293342238168,0.3732344978482084,-0.05039993669348594,0.020569304526612875,-0.07791245803349958,0.0026586684716657263,-2.7154060851153663e-05,-0.00018118721399908505,-0.0034874274517140945,0.0008372140407607585,-0.0027766266500385893,0.0651136747408666,-0.006649759461774124,-0.02668743259066209,-0.00070843275958322,0.00043380802509605457,0.0006309434810774458,15.941592652971313
1781505970.370433,-0.008106678576193377,0.7779730023735432,0.3668719285596985,-0.0508593864627696,0.020723276748400465,-0.07831347285094258,-0.02365422706853909,0.7794293342238168,0.3732344978482084,-0.05039993669348594,0.020569304526612875,-0.07791245803349958,0.0025962254689158326,8.143941006564987e-06,-0.00021615423194110573,-0.0035703971600945642,0.0007776540038409804,-0.0026796862197119844,0.0666506027851456,-0.0075194067479653764,-0.02766692600439453,-0.0027083931620188787,0.0019861891355489204,-0.003830740689773313,16.86207147805547
1781505970.3804505,-0.0073011919316979925,0.7778739157180894,0.3665828222202244,-0.05076691214684508,0.020692372932779923,-0.07834383990532041,-0.02365422706853909,0.7794293342238168,0.3732344978482084,-0.05039993669348594,0.020569304526612875,-0.07791245803349958,0.0022566318887759468,-6.620235184494935e-05,7.604268533803335e-05,-0.002164187469817837,0.0003727067218664301,-0.00273530090956602,0.06808040579569934,-0.007394092293089424,-0.027713794755416726,-0.003712878838181478,0.0019615624896321742,-0.004631632260154612,17.722468044113793
1781505970.3904397,-0.0064927872862050135,0.7777774640407076,0.36628736512652893,-0.05068709257203554,0.02066616931482912,-0.07836685743636132,-0.02365422706853909,0.7794293342238168,0.3732344978482084,-0.05039993669348594,0.020569304526612875,-0.07791245803349958,0.001955421462530712,-0.00012504670871647875,0.0003096469877392055,-0.001051318309439686,5.910632070825581e-05,-0.002702099791940989,0.06897517727809423,-0.006692950340492429,-0.02655986563959534,-0.0023888674620365508,0.0028317869890411656,-0.005312058839443152,18.587800933869325
1781505970.4004385,-0.005681698857143905,0.7776833516765838,0.36598631771350626,-0.05061893994530894,0.020644203720256327,-0.07838373776967343,-0.02365422706853909,0.7794293342238168,0.3732344978482084,-0.05039993669348594,0.020569304526612875,-0.07791245803349958,0.0016888406436809747,-0.00017070090982105476,0.0004932547082751905,-0.00018870258234447376,-0.00017747058880406157,-0.0026032604757231783,0.0681214373073984,-0.006167653062200451,-0.025786970432477838,-0.001686490462123635,0.0009692413477013085,-0.004068753711414064,19.45755227745075
1781505970.410441,-0.004868151516736007,0.7775913029142097,0.36568036273446286,-0.0505613947104981,0.02062601408664433,-0.07839555731843327,-0.02023251042321278,0.7790835793642117,0.371873154121222,-0.05052004477037068,0.020539162290671875,-0.07807132262417506,0.0014534373935829992,-0.00020518792291488954,0.0006344000189240516,0.00046279379733435216,-0.00034986344546272005,-0.0024579459370093685,0.06651975609531904,-0.0057350927091372435,-0.025332608694236317,-0.0014158083176317251,0.0006383200117692836,-0.0029792352403036847,16.632530738591196
1781505970.4204333,-0.0040304850419701395,0.7775086019160619,0.3653815451334981,-0.050511880691724576,0.020607432580900698,-0.0783717270484399,-0.02023251042321278,0.7790835793642117,0.371873154121222,-0.05052004477037068,0.020539162290671875,-0.07807132262417506,0.001387920749659807,-0.00018902225292556987,0.0008122010060367362,0.0009474649053833328,-0.0005273767379541555,-0.0019400899881603102,0.06945904952373448,-0.005514791804247635,-0.026683244667825106,-0.000933200664083007,0.0053049437392563405,-0.0037448092099298313,17.52504401324315
1781505970.4304423,-0.004028538382182995,0.7775076987299209,0.3654109621939946,-0.05047106897024867,0.02059237711459505,-0.07834992938041102,-0.02023251042321278,0.7790835793642117,0.371873154121222,-0.05052004477037068,0.020539162290671875,-0.07807132262417506,0.0013177393817252264,-0.0001736497831938412,0.0009446434535485616,0.0012846801424594672,-0.0006459403270986833,-0.0014989728707118103,0.07310343287764416,-0.006342588750790648,-0.029248418960485002,-0.0013761272586262376,0.00195740807896314,-0.002952014318615666,17.516050758784953
1781505970.4404373,-0.0031929408571635086,0.7774258847929574,0.36510200106526414,-0.050437894710704256,0.02058037569497939,-0.07833025113883649,-0.02023251042321278,0.7790835793642117,0.371873154121222,-0.05052004477037068,0.020539162290671875,-0.07807132262417506,0.001244702567782236,-0.00015910885813365003,0.0010389951029439925,0.0015021806172226047,-0.0007170908387592772,-0.001127428052076694,0.07196960913134098,-0.007160984119668478,-0.030718510140115885,-0.002481982434349357,0.002069489485771381,-0.0022932541606954723,18.41041542157608
1781505970.4504533,-0.0023581025417378546,0.777344410046464,0.3647889357651675,-0.050411351002777716,0.020570991098697755,-0.07831269941396246,-0.02023251042321278,0.7790835793642117,0.371873154121222,-0.05052004477037068,0.020539162290671875,-0.07807132262417506,0.0011702989290373095,-0.0001454197230958456,0.0011015729510545432,0.001624028866280146,-0.0007507697635467707,-0.0008181815295565673,0.06976713367039211,-0.00699265532053473,-0.029003856850323764,-0.0009710908810167825,-0.0025732492801469335,-0.00116122494876034,19.30557734814961
1781505970.4604383,-0.0015238777216097738,0.7772632059194758,0.3644723128899684,-0.050390501904257465,0.020563824108425832,-0.0782972213499586,-0.016660098837798232,0.7787548513017619,0.37042686350389464,-0.050608408608221314,0.020635450770648767,-0.07821066468594164,0.001095740809687312,-0.00013258783746013128,0.0011378507196653385,0.0016708725031932292,-0.0007554513700995401,-0.0005640778809093078,0.065995248784353,-0.007331212954211962,-0.028339206388962635,-0.0018077776254071245,0.004127687955094937,-0.002431260051691219,16.33361162261593
1781505970.4704413,-0.000690142343547553,0.7771822128918087,0.36415261704815377,-0.05037449026896848,0.020558514903209257,-0.07828372061330377,-0.016660098837798232,0.7787548513017619,0.37042686350389464,-0.050608408608221314,0.020635450770648767,-0.07821066468594164,0.001022003404531204,-0.00012060672164949404,0.001152555814381392,0.00166023524668769,-0.0007382786868661113,-0.0003582463917776561,0.0659878240291416,-0.006889343011474303,-0.026799992149609136,0.0010039026353083106,-0.0004545687154119861,0.0015764491460174218,17.230173260420123
1781505970.480445,0.00014592353149793806,0.7770996554268237,0.3638081152815063,-0.050344201596997144,0.020553240653263805,-0.0783287744855119,-0.016660098837798232,0.7787548513017619,0.37042686350389464,-0.050608408608221314,0.020635450770648767,-0.07821066468594164,0.0009685046053090214,-9.893730428126398e-05,0.0010066516570369202,0.001819758608134093,-0.0006904237226456251,-0.0008131635275063138,0.07147901275147893,-0.006207339385810135,-0.026627923554421472,0.004163887872544445,-0.002060813528116049,0.000971100525200729,18.138078434417043
1781505970.4904373,0.00014669132095941118,0.7770987324539763,0.36379818756586074,-0.0503203823687184,0.020549476082439178,-0.07836595496627725,-0.016660098837798232,0.7787548513017619,0.37042686350389464,-0.050608408608221314,0.020635450770648767,-0.07821066468594164,0.0009132852688627598,-8.028804168444583e-05,0.0008767684180639197,0.0018894709769094642,-0.0006356714580862214,-0.0011317597421418109,0.07484492869915826,-0.006263731229136722,-0.026383332590094396,0.005309487521497162,0.0001628553413036975,-0.0005454118556410616,18.14249899462511
1781505970.5004423,0.0009814979369127126,0.7770168817101191,0.36345554090146986,-0.05030206250788202,0.020546945474944955,-0.07839621838904395,-0.016660098837798232,0.7787548513017619,0.37042686350389464,-0.050608408608221314,0.020635450770648767,-0.07821066468594164,0.0008573844163859355,-6.42995833475238e-05,0.0007613920947552692,0.0018899831295931249,-0.0005772493432875396,-0.0013394942830939039,0.07487972042268674,-0.0063503576929871824,-0.026258541765548937,0.0049513998132817445,-0.0009397191281407748,-0.0017620478931824506,19.0485121174869
1781505970.5104504,0.0018158443796547903,0.7769352939327128,0.36311372873960734,-0.050288364623200035,0.020545408535988408,-0.07842047066148257,-0.013133846921620895,0.7784238673903984,0.3690912467059862,-0.05047217035694448,0.020505564631168705,-0.07819282820947401,0.0008016447816976879,-5.064973723587695e-05,0.0006591234690335416,0.0018386321373141997,-0.0005176762153476038,-0.0014584775334835637,0.07150099077452826,-0.006518135520623454,-0.02599804475635501,0.002993590739456711,-0.0032212408582690533,-0.0014109301396082836,16.169101458669434
1781505970.5204353,0.0026498225990897644,0.7768539228575645,0.3627726904685857,-0.050278504789139394,0.020544658074194144,-0.07843955510583128,-0.013133846921620895,0.7784238673903984,0.3690912467059862,-0.05047217035694448,0.020505564631168705,-0.07819282820947401,0.0007467408460896649,-3.905022364258335e-05,0.0005686731983540657,0.0017498276526700333,-0.00045887098301480595,-0.0015077054528518073,0.0695477179651742,-0.007357642959645392,-0.027694249593572046,0.0011401652934369968,0.004695036442324833,-0.0018407696075716554,17.073754780375015
1781505970.530447,0.0034941671308207746,0.7767577269849221,0.36249342407187707,-0.05036659679530287,0.020525457412919224,-0.07841709139760883,-0.013133846921620895,0.7784238673903984,0.3690912467059862,-0.05047217035694448,0.020505564631168705,-0.07819282820947401,0.0007653571737687379,-0.00016933707300123451,0.00087723815685677,0.000592069070597119,-0.0006304992604365669,-0.0011087732216346479,0.07151261808898868,-0.007150522161266792,-0.027807368291198384,0.0008733232958159982,0.0006499927644116263,-0.0016732953441672682,17.966583946040526
1781505970.5404413,0.0043367625945115625,0.7766636953130409,0.362205942312919,-0.050441213409493056,0.020509938632878866,-0.07839720795202101,-0.013133846921620895,0.7784238673903984,0.3690912467059862,-0.05047217035694448,0.020505564631168705,-0.07819282820947401,0.0007706040093155201,-0.0002717821851360079,0.0011138303231775345,-0.00029160505286809045,-0.0007418399488022801,-0.0007795135728710548,0.06977693974722886,-0.0075764619898037195,-0.028298785575465054,0.0005154441654394605,0.0009007789608627297,-0.001135461614702675,18.86074810796955
1781505970.5504375,0.0051778519283726164,0.7765715373759454,0.3619112783201703,-0.05050369089288933,0.020497603234865824,-0.078379802448839,-0.013133846921620895,0.7784238673903984,0.3690912467059862,-0.05047217035694448,0.020505564631168705,-0.07819282820947401,0.0007650516927820462,-0.00035057861451783776,0.0012896468012480562,-0.000945728833000773,-0.000804960509300418,-0.0005114707422512691,0.06861394450100962,-0.006638801145177221,-0.026377390835208955,0.0025030901890369757,0.0022166957677276756,-0.001839617781169927,19.75604685347281
1781505970.5604334,0.0060176486905465796,0.7764810031695203,0.3616103532359359,-0.0505553627412894,0.020487990573127668,-0.07836473030583342,-0.009576930491758173,0.7780712762226782,0.36771088148897835,-0.050419057383735706,0.020588920284412726,-0.07832466083358229,0.0007509004603768777,-0.00040939208552589297,0.0014144464151704741,-0.0014099534873445983,-0.0008302228445526506,-0.0002966332451175035,0.06743469408189783,-0.0062919716254965724,-0.026117195246298682,0.002678314582955522,0.003029809287572304,-0.001634144413728043,16.820710841784972
1781505970.5704377,0.006021717824389433,0.7764732187405969,0.3616375379181929,-0.05059752387947863,0.020480680984166888,-0.07835181924873097,-0.009576930491758173,0.7780712762226782,0.36771088148897835,-0.050419057383735706,0.020588920284412726,-0.07832466083358229,0.0007300255596525839,-0.0004514185476487538,0.0014967097224038186,-0.0017191863074120931,-0.0008264272444776643,-0.0001275418258902395,0.0679039437869682,-0.006609536167881171,-0.027142120806212255,0.000635089107188227,0.004159943448468477,-0.0022618123348709077,16.815383407335418
1781505970.5804434,0.006839977673863377,0.7764036272395829,0.36130018686665977,-0.05070036923678316,0.02052993731994035,-0.07834028782610215,-0.009576930491758173,0.7780712762226782,0.36771088148897835,-0.050419057383735706,0.020588920284412726,-0.07832466083358229,0.0005590990187180789,-0.0003836243533549299,0.0013931955999641618,-0.002656869667703814,-0.00020557797565228441,3.931631053806254e-05,0.07159619951896465,-0.007445617008004071,-0.02856620741729733,-0.0008445998470873396,-0.0039717455513576805,0.001139909983037823,17.70290745583603
1781505970.5904393,0.007660171653181523,0.776332312514189,0.3609625761437663,-0.050784432176124494,0.02057155361955343,-0.0783306376654225,-0.009576930491758173,0.7780712762226782,0.36771088148897835,-0.050419057383735706,0.020588920284412726,-0.07832466083358229,0.00041479942834625764,-0.0003243400842027788,0.0012924440387044574,-0.003286718021201541,0.00026522902874745674,0.00016326815955182447,0.07479980742457586,-0.007617379469983715,-0.029509166626428964,-0.0008849054211594349,0.0003104241878305304,0.00023371645481526945,18.592506828471105
1781505970.6004438,0.008482090832256308,0.7762594773795243,0.36062482073689855,-0.050852121131834245,0.02060630616384418,-0.0783226605190214,-0.009576930491758173,0.7780712762226782,0.36771088148897835,-0.050419057383735706,0.020588920284412726,-0.07832466083358229,0.0002937036613466356,-0.00027263854636979155,0.0011951868119734288,-0.0036686754335926546,0.0006107275640293819,0.00025167715213244917,0.0739128157795675,-0.0078214603657545,-0.029108628905652446,-0.002861743448585237,-0.004690464640309107,0.00015784490380482035,19.48391960595787
1781505970.6104414,0.009305549176962613,0.7761853098959527,0.3602870117924204,-0.05090568884693231,0.020634964516778043,-0.07831615471537673,-0.0059358653912055526,0.7777043921427915,0.36627721038597866,-0.05046597233361353,0.02049939301971926,-0.07836587404162183,0.0001927697071105116,-0.00022767933264293918,0.001101967091002568,-0.00385444139824181,0.0008528797633679229,0.00031103379630181995,0.07038039970472547,-0.008124370859654478,-0.028264425378356346,-0.004238500940024004,-0.003324775588517061,0.000656545135847381,16.446604759089247
1781505970.6204393,0.010143588416363557,0.7761173518195591,0.3599511449471561,-0.050903185451580756,0.020628782658949296,-0.07828593811411771,-0.0059358653912055526,0.7777043921427915,0.36627721038597866,-0.05046597233361353,0.02049939301971926,-0.07836587404162183,0.00020444827788085223,-0.00013605245006542875,0.001014997387763169,-0.003413124648816741,0.0006755834844390953,0.0006030210900933649,0.07090077452544544,-0.007838086823779858,-0.027452509391667084,-0.002705312074356528,0.002351171444137083,0.00030717379304014223,17.351848191866477
1781505970.630442,0.010191957282816121,0.776106367863478,0.35995357805487577,-0.050814647737890746,0.02058392192322489,-0.07818021649638257,-0.0059358653912055526,0.7777043921427915,0.36627721038597866,-0.05046597233361353,0.02049939301971926,-0.07836587404162183,0.0005176287828889738,-0.00020529951013474143,0.0009490357618894774,-0.002097709170467521,5.406759089132988e-05,0.0016647157567171236,0.07659496718696497,-0.007903107505980781,-0.028272127173699958,-0.002026953850279784,0.0008651482737923441,-7.538045746515013e-05,17.396800615657263
1781505970.640439,0.011067809926743243,0.7760156954086959,0.3596215070479452,-0.0507382890923965,0.020546053807585007,-0.07809282328994605,-0.0059358653912055526,0.7777043921427915,0.36627721038597866,-0.05046597233361353,0.02049939301971926,-0.07836587404162183,0.0007624828019330077,-0.0002582878375998411,0.0008840582928173052,-0.00105469704007954,-0.0004131097145806089,0.002414635141012608,0.07625083718743646,-0.008181529124935936,-0.02839725270910175,-0.002614127987954085,-8.132964783981098e-05,0.001396241489456709,18.337804064333223
1781505970.6504471,0.011937458910873002,0.7759264971940004,0.35928873425271335,-0.050673145076959164,0.02051446332619644,-0.07802155451929357,-0.0059358653912055526,0.7777043921427915,0.36627721038597866,-0.05046597233361353,0.02049939301971926,-0.07836587404162183,0.0009493836034015447,-0.0002975526751248839,0.0008206942089125726,-0.00024433656198115936,-0.0007518542834715247,0.0029104256968637524,0.0733974112756966,-0.007031795105224896,-0.025709108429133546,-0.0009322626889588825,-0.005734827996806049,0.002084014022770183,19.27317905072818
1781505970.6604445,0.012801689226880695,0.7758385812773138,0.3589553771381416,-0.05061818628987097,0.020488442570504084,-0.0779643175601995,-0.002246919000158498,0.7773124709546926,0.3649008449204386,-0.05059772280535292,0.020407635468250085,-0.07835944696526427,0.0010873928947712822,-0.00032530313800758847,0.0007594281945858953,0.0003695249163878899,-0.000985093087498614,0.0032022358684060466,0.06720068823121988,-0.006827153134033396,-0.025120892968041656,-0.0011501084108826922,0.003966013422315756,-1.0542415407610506e-05,16.247508962986533
1781505970.670442,0.013661197337258736,0.775751778025832,0.35862153996167284,-0.05057236280360582,0.020467308356886704,-0.07791916049395824,-0.002246919000158498,0.7773124709546926,0.3649008449204386,-0.05059772280535292,0.020407635468250085,-0.07835944696526427,0.0011844046765962628,-0.00034345854351780616,0.0007006227567977758,0.0008193538732070573,-0.0011328932894660029,0.003333223466888439,0.0651232704813639,-0.007276248232479617,-0.02651191338910255,-0.002978311435128536,0.007681457072114246,-0.0008707953362704674,17.173630908697703
1781505970.6804395,0.014517306526167879,0.775674019026991,0.3583383335274622,-0.05050960986805417,0.020472828478717675,-0.07795884845142928,-0.002246919000158498,0.7773124709546926,0.3649008449204386,-0.05059772280535292,0.020407635468250085,-0.07835944696526427,0.0012463972937179423,-0.0002665124708244472,0.0009799657863348563,0.0014238454703521062,-0.0009271316872174004,0.00253974316815986,0.06781325536462773,-0.006362782558250649,-0.026035109640179275,-0.0006989449545195698,0.0034043851055471338,0.0004423132172520156,18.07734322293703
1781505970.6904361,0.014535054744430571,0.775676943868955,0.3583809325254361,-0.05045818533721349,0.02047820484391072,-0.07799460206017642,-0.002246919000158498,0.7773124709546926,0.3649008449204386,-0.05059772280535292,0.020407635468250085,-0.07835944696526427,0.0012803701831310987,-0.00020136524586164843,0.0011917977092456024,0.001837795190655174,-0.0007475933619580708,0.0018756924081340402,0.0680826641641811,-0.006359637729896308,-0.027308291048714232,-0.00093242487768598,0.002469277218337926,0.004491336745395204,18.07813179647624
1781505970.7004385,0.015384259424086836,0.7755986118451298,0.35808322941127396,-0.05041665641715544,0.02048332626979077,-0.07802642907778386,-0.002246919000158498,0.7773124709546926,0.3649008449204386,-0.05059772280535292,0.020407635468250085,-0.07835944696526427,0.001291419116395495,-0.0001465153005761813,0.0013467494027099526,0.0020976476136096048,-0.0005926151985811743,0.0013267964920895849,0.06839260402592527,-0.006028848700965235,-0.02676549810998127,0.00021421527516655772,-0.0023476556767191518,0.004976205359579315,18.980928504838953
1781505970.710389,0.016230705800613855,0.7755200429943778,0.3577796509779166,-0.05038367869081508,0.020488116406977452,-0.07805444281921241,-0.002246919000158498,0.7773124709546926,0.3649008449204386,-0.05059772280535292,0.020407635468250085,-0.07835944696526427,0.0012839253119113017,-0.0001006267394591982,0.0014540757797770409,0.002234927439710338,-0.0004602794304015505,0.0008792075722464585,0.06685612674168905,-0.0056532906432295695,-0.02551571262226791,0.0020485303945611206,0.0001383877132485182,0.003758713790109612,19.88333018983611
1781505970.7204382,0.017074785878734334,0.7754412629551701,0.35747097844866066,-0.05035801076097778,0.020492527116539483,-0.07807883257985017,0.0011559338266527996,0.7769864150689074,0.36356350167228774,-0.050647987111809505,0.020482405836081963,-0.0782363810656714,0.0012616408495004436,-6.251359162517568e-05,0.001521809897287551,0.002276610166326095,-0.00034852982609004146,0.0005197767266417171,0.06589771680429184,-0.006108415186088893,-0.026179963978955105,0.001288284997385142,0.0010995495655268194,0.003638990698122299,17.11479432949992
1781505970.7304327,0.01784301588112584,0.7753767031919488,0.35714876440524584,-0.05042596605128982,0.02043408918389833,-0.07809315404950778,0.0011559338266527996,0.7769864150689074,0.36356350167228774,-0.050647987111809505,0.020482405836081963,-0.0782363810656714,0.0007700170448717505,3.0525551128147104e-05,0.0014757661650180234,0.001289421646778938,-0.0009397941378824339,0.00027478909442917114,0.06985026664279523,-0.006823823935824236,-0.02786233094114374,0.0018098089371557404,0.0016349835499415966,0.00381549936201966,17.94989509787491
1781505970.7404377,0.017785698940550564,0.7753908154650081,0.3571575800434386,-0.05048431183418191,0.020385786152780527,-0.07810549147725095,0.0011559338266527996,0.7769864150689074,0.36356350167228774,-0.050647987111809505,0.020482405836081963,-0.0782363810656714,0.0003655977555739191,0.00010482808733487602,0.0014201040371519063,0.0005144583194594661,-0.001357083872070868,8.371277717528368e-05,0.07624447284980732,-0.0074644091229085115,-0.02886052549338065,0.0018455003571264644,-0.003804277350788149,0.0026720301065812245,17.892201031576068
1781505970.7504456,0.018571107844206645,0.7753217086588557,0.3568307997792747,-0.05053386055998549,0.0203463991531887,-0.07811600536139196,0.0011559338266527996,0.7769864150689074,0.36356350167228774,-0.050647987111809505,0.020482405836081963,-0.0782363810656714,3.630831299126244e-05,0.0001631478902587658,0.0013574258152083487,-8.027864192750175e-05,-0.0016325979565395094,-6.174092828184353e-05,0.07422541358273385,-0.0070433767551335656,-0.027057204355750097,0.003487985358643722,0.0009622428954992287,0.0022247383147573894,18.745367648395998
1781505970.76045,0.019363615357533125,0.7752507190138866,0.35650225325078455,-0.05057546175118061,0.02031477085612199,-0.07812486571891361,0.0011559338266527996,0.7769864150689074,0.36356350167228774,-0.050647987111809505,0.020482405836081963,-0.0782363810656714,-0.00022849647410873395,0.00020789821288024038,0.0012899094580176287,-0.0005236982526126814,-0.0017943427528500128,-0.000169030883423152,0.07021699176423245,-0.006949582042417138,-0.02564919893993274,0.0025556981070148335,-0.0032140371560004087,0.0022869495679579363,19.605956666165426
1781505970.7704315,0.019327652061179087,0.7752592520210497,0.3565056097805126,-0.05060996945366356,0.020289821721169332,-0.07813224506501598,0.004692926615520121,0.7766503758352273,0.3622170561635897,-0.05053908857911881,0.02045706179845186,-0.07810513442812478,-0.00043817936551151387,0.00024118828899585357,0.001219364676541967,-0.0008416030950693667,-0.0018664166613764216,-0.00024479010784346375,0.06963018029678118,-0.007274410291851279,-0.026222076935742838,0.0011390168209862736,0.0008258120284216019,0.0002720281531000687,15.771209025403042
1781505970.7804432,0.019297135390555106,0.7752663836413752,0.3565076898869952,-0.050638217726803846,0.02027056004281924,-0.07813831308649907,0.004692926615520121,0.7766503758352273,0.3622170561635897,-0.05053908857911881,0.02045706179845186,-0.07810513442812478,-0.0006009549837937585,0.0002648565678293486,0.0011472826313663556,-0.0010567619024607448,-0.0018693303386633257,-0.00029485135672459154,0.07467421409302734,-0.006745503525286475,-0.027055170909371606,0.0015200571886450707,-0.0003242579207384269,-0.001133709041061814,15.741512367551172
1781505970.7904344,0.01934084787856022,0.7752545656604283,0.35655815687213066,-0.05050093611956229,0.020312962350943042,-0.07818386378571486,0.004692926615520121,0.7766503758352273,0.3622170561635897,-0.05053908857911881,0.02045706179845186,-0.07810513442812478,-0.0002901448347217483,0.0002324511258792149,0.0014122927399579193,0.0005673808382388754,-0.0011777466672181066,-0.0007358156638654144,0.07528117312129455,-0.007334759939173985,-0.028565275890999074,0.0005203866123413012,0.004460041606806779,-0.0018844145778652134,15.764930211173475
1781505970.8004544,0.019378539947660766,0.7752445153283339,0.35660064123587637,-0.05038598037367972,0.020349745713781342,-0.07822155198968875,0.004692926615520121,0.7766503758352273,0.3622170561635897,-0.05053908857911881,0.02045706179845186,-0.07810513442812478,-3.6958361861065656e-05,0.00020349151529786856,0.0016071405572625243,0.0017687613019264576,-0.0006273248018624859,-0.001046082621380636,0.07213368594344584,-0.006651936513962134,-0.026728656794536385,0.00029895921594507113,-0.002886769258340985,-0.0010754162222799217,15.785683366463122
1781505970.810439,0.01941091257728113,0.7752360437813631,0.3566361927635927,-0.05029089894283191,0.02038131100972085,-0.0782523180138175,0.004692926615520121,0.7766503758352273,0.3622170561635897,-0.05053908857911881,0.02045706179845186,-0.07810513442812478,0.00016676124109960404,0.00017766507329834886,0.001743195051116031,0.002620496232224978,-0.00019773812635727803,-0.0012499274681547364,0.06458005018733291,-0.005907044391425033,-0.02491311407712826,-0.000899499234429338,-0.004090259953303314,0.0008257220552753303,15.803970457407459
1781505970.8204353,0.019438597704158764,0.7752289684495318,0.3566657389981616,-0.05021331102205645,0.020408101691491876,-0.07827705580813735,0.008353037056707258,0.776300297407043,0.3608608609474232,-0.050498247782040984,0.020314101464489642,-0.07814889218520063,0.0003281888347459442,0.0001546811021620896,0.0018303278947738274,0.003186940038727001,0.00012955121592834193,-0.0013684524248781696,0.05811285919211852,-0.005458347042786962,-0.02318122554631925,-0.0015606857882621305,0.0018994182221409891,-0.0007813547629852849,11.901111241086008
1781505970.8304336,0.019401586167267573,0.7752228523360567,0.356676778268804,-0.05023382190265903,0.020329242050827867,-0.07821505268288283,0.008353037056707258,0.776300297407043,0.3608608609474232,-0.050498247782040984,0.020314101464489642,-0.07814889218520063,9.122542984873092e-05,7.31067446505667e-05,0.0017530918209025387,0.002601354920464077,-0.0007783952168333463,-0.0005863669149851284,0.05629943684974759,-0.005309753188989987,-0.022748713002489346,-0.0012820273498467928,0.0015300461154503396,0.000408410364453041,11.863299422630154
1781505970.840432,0.019369884921834835,0.7752176209066204,0.35668515138614837,-0.05025345503810508,0.020263656869568658,-0.07816239835459407,0.008353037056707258,0.776300297407043,0.3608608609474232,-0.050498247782040984,0.020314101464489642,-0.07814889218520063,-0.00010015834855217693,6.69470382264261e-06,0.0016688753209866424,0.002091393957026956,-0.0014373755492113707,1.5684246403514313e-05,0.05771342319151984,-0.005163505187764528,-0.02205173192282132,0.0008739683149525368,0.00024816200155954786,-0.00022662656531841023,11.831300673554681
1781505970.8504405,0.01934285861497003,0.7752131369583091,0.3566912632648881,-0.050271892453535263,0.020209812838678287,-0.07811819035994895,0.008353037056707258,0.776300297407043,0.3608608609474232,-0.050498247782040984,0.020314101464489642,-0.07814889218520063,-0.000252526999703087,-4.670392825204326e-05,0.0015801222310139358,0.001652053557606355,-0.0018917775266468115,0.0004663593481292057,0.0538124562647946,-0.004089222940175234,-0.018906651856627828,0.0027835411676213066,-0.0017814758932750338,-0.0006343662133108489,11.804390732178883
1781505970.8603797,0.019319934074009944,0.7752092874556205,0.3566954730345255,-0.05028892875955504,0.020166239731317148,-0.07808152127944498,0.008353037056707258,0.776300297407043,0.3608608609474232,-0.050498247782040984,0.020314101464489642,-0.07814889218520063,-0.0003716446886356204,-8.897913026934642e-05,0.0014888518801068706,0.001277651892442626,-0.0021804588512679365,0.0007912753137790695,0.04677475364125348,-0.003940432092294364,-0.017136197390843013,0.0027314722753178926,-0.0013719573508487353,0.00211210715277052,11.781917898506169
1781505970.870441,0.019300596105199297,0.7752059791610166,0.35669809741614245,-0.05030444853468895,0.020131554834795118,-0.0780515048151615,0.011110936621306688,0.7760582464377888,0.35980693061331803,-0.05047452739338118,0.020305434381803433,-0.07816511258931186,-0.0004625600557370679,-0.00012178907153829566,0.0013967172277230735,0.0009621544102460355,-0.0023370702092990483,0.0010130689032428477,0.041786213488931044,-0.004812210307160894,-0.016707991059936252,0.00032527651608389583,0.00300566017987003,-0.0007316361381909046,8.801234335082192
1781505970.8804426,0.01926823715309844,0.775217594747939,0.35671050070346927,-0.0503035809521818,0.020107800315445123,-0.07804971323331061,0.011110936621306688,0.7760582464377888,0.35980693061331803,-0.05047452739338118,0.020305434381803433,-0.07816511258931186,-0.000633709610237817,-4.0327100192530035e-05,0.0013773560263496073,0.0008662019958251424,-0.0023419152595658336,0.000908963187050212,0.04017137174874305,-0.0043406838125529135,-0.015269374338192318,0.00183541679237469,0.0016651437151009637,-0.0007138390176340484,8.76562179290341
1781505970.8904395,0.019240514886930096,0.7752229581290229,0.3567619474011129,-0.050300291970808264,0.02013990002564281,-0.0780352163818005,0.011110936621306688,0.7760582464377888,0.35980693061331803,-0.05047452739338118,0.020305434381803433,-0.07816511258931186,-0.0007807478212906994,-7.212099143882175e-06,0.001631908070246394,0.0008043505591801138,-0.0017442109438350062,0.0009853800421123298,0.040769015216976214,-0.0044467859780222396,-0.015204873683845408,0.002140763156893358,-0.0010466213350582764,0.0016988411381617585,8.721219645110919
1781505970.9004443,0.019217209337577784,0.7752275232837478,0.3568051196942997,-0.05029828334995664,0.020168452792697078,-0.07802400769648624,0.011110936621306688,0.7760582464377888,0.35980693061331803,-0.05047452739338118,0.020305434381803433,-0.07816511258931186,-0.0008888932818725457,1.9463119262068316e-05,0.0018155776847613117,0.0007359928150890896,-0.001248627111098141,0.0010156626655167624,0.03946975139510842,-0.00372772179366509,-0.01297206439558272,0.0035203414822715033,-0.0017886168292462897,0.0009875753713589552,8.684044397788325
1781505970.9104397,0.019197734009707142,0.7752313894595967,0.35684111659455975,-0.050297289186192355,0.020193566398624352,-0.07801556954094725,0.011110936621306688,0.7760582464377888,0.35980693061331803,-0.05047452739338118,0.020305434381803433,-0.07816511258931186,-0.0009644463737560408,4.063065095223097e-05,0.0019400175074759034,0.0006646305748294697,-0.0008431242870939341,0.0010105499064394406,0.03598472078455369,-0.0033867863809025345,-0.011871995419450034,0.002445985604983332,0.002633176702214888,-0.0016003435132894265,8.653094085775821
1781505970.9204495,0.0191815716396569,0.7752346457877931,0.356870908550285,-0.050297082446502564,0.02021541573438168,-0.07800943822889166,0.013166150060169801,0.7758439273955271,0.3590629438313311,-0.05038012001887927,0.02030072618953538,-0.0781845334698684,-0.0010128778526835337,5.710854549509498e-05,0.0020153324645985943,0.0005929700381632565,-0.0005162159105881367,0.0009790568005657472,0.03058390122720686,-0.0030656692354264193,-0.010512655100760557,0.001696291083470808,-0.003515650502457809,0.0019443347264980235,6.4312937679624484
1781505970.930439,0.019128109975529956,0.7752385014445252,0.3569142363199783,-0.0504060338214292,0.020277860162917216,-0.07802996067088817,0.013166150060169801,0.7758439273955271,0.3590629438313311,-0.05038012001887927,0.02030072618953538,-0.0781845334698684,-0.001312000186038726,5.458360884065978e-05,0.002190341425374901,-0.0006566783737675712,0.00023221905093691276,0.0006827698230398334,0.030590457836228817,-0.0037840575527014835,-0.011683872193876822,-0.0008175055259394529,-0.003948234190769142,0.0010827565606731627,6.366195927227781
1781505970.940434,0.019082899689249512,0.775241652354116,0.3569502836513823,-0.05049708191794698,0.020330135508290326,-0.07804784257403512,0.013166150060169801,0.7758439273955271,0.3590629438313311,-0.05038012001887927,0.02030072618953538,-0.0781845334698684,-0.0015355031900479025,5.186502773611716e-05,0.0023030800706676405,-0.0015750202958708997,0.0007866434400350896,0.00044208352386583734,0.03171709925927554,-0.003588702990826106,-0.012000710710346146,-0.0007123176654513225,-0.0011887643586771404,0.0019565628841974256,6.311417783245122
1781505970.9504404,0.019044874844709164,0.775244187888345,0.35698004441975273,-0.05057222332606283,0.020373360781772654,-0.07806325545313751,0.013166150060169801,0.7758439273955271,0.3590629438313311,-0.05038012001887927,0.02030072618953538,-0.0781845334698684,-0.0016954690166488292,4.9025441248862446e-05,0.0023644012653849795,-0.0022199885229844344,0.001180525195244074,0.0002496449785129093,0.031831074639576545,-0.00305971262911166,-0.011290484594318168,-0.0003364349237327177,-0.0017965018516274823,0.0019578034558305063,6.265585569408961
1781505970.9604468,0.019013092452056107,0.7752461916634742,0.3570043913400818,-0.05063338945074847,0.020408622121823816,-0.0780763956361003,0.013166150060169801,0.7758439273955271,0.3590629438313311,-0.05038012001887927,0.02030072618953538,-0.0781845334698684,-0.001802401973593106,4.612469533305475e-05,0.0023836689094094477,-0.0026424729821397743,0.001443335445300923,9.862426452925241e-05,0.02806165004889177,-0.0029425483478817314,-0.010108233256742854,-0.0007677790457167632,-0.0014567286352883935,0.0022461381592710308,6.227492408557294
1781505970.970445,0.018986719433798458,0.7752477407480186,0.3570240897361436,-0.0506824099908344,0.020436951300201622,-0.07808747263842966,0.014745727637036965,0.7756758139949318,0.3584945722186045,-0.0503749680637152,0.020142771008750948,-0.0781052237484883,-0.0018654066174358464,4.321160766620508e-05,0.002368932951356734,-0.0028866936553523853,0.0016007438771822034,-1.722973092083004e-05,0.023081409373085275,-0.0028648345336794515,-0.009216472709762601,-0.0013586427282622708,0.0038316078785024903,0.0005038015488604447,4.509054984821702
1781505970.98044,0.018965020870310607,0.7752489052401259,0.35703980982763395,-0.05072098835591149,0.02045931111070831,-0.0780967000874532,0.014745727637036965,0.7756758139949318,0.3584945722186045,-0.0503749680637152,0.020142771008750948,-0.0781052237484883,-0.0018923484580754394,4.032552415141988e-05,0.0023270865340190216,-0.0029906625646105084,0.0016748691904342982,-0.00010356333705664445,0.021482176257831286,-0.0028065285640753654,-0.008317253150962232,-0.0018184788320063853,0.0009280155366779365,0.0020201380596940417,4.483416118035549
1781505970.9904487,0.01893996866107367,0.7752696078618178,0.3570372038253746,-0.050766183686704845,0.02046285790250324,-0.07807007099451042,0.014745727637036965,0.7756758139949318,0.3584945722186045,-0.0503749680637152,0.020142771008750948,-0.0781052237484883,-0.0019342357141848275,0.00014666004240981436,0.0021629260829518836,-0.003163521178567964,0.0015159281629229743,0.00019997878882124217,0.02207463583352358,-0.002499696334099306,-0.007510517945957529,-0.0015726962784433332,-6.75106629362229e-05,0.0014099931485548206,4.458764831640853
1781505971.0004566,0.018919460722189686,0.7752870854866517,0.35703387371100287,-0.05080129463003566,0.020464442005676986,-0.07804778672642201,0.014745727637036965,0.7756758139949318,0.3584945722186045,-0.0503749680637152,0.020142771008750948,-0.0781052237484883,-0.0019433529483582914,0.00023016420720046527,0.002003736010491723,-0.0032064459216692345,0.001355340490252158,0.00042193577659846085,0.02027680180784288,-0.0021665234974795446,-0.006352968666047012,-0.002061281835609135,-0.0006733727319056038,0.0005025290562014186,4.439008656148091
1781505971.010438,0.018902864316605067,0.7753017477272784,0.3570299994977053,-0.050827888606188504,0.020464511994653822,-0.07802936772393063,0.014745727637036965,0.7756758139949318,0.3584945722186045,-0.0503749680637152,0.020142771008750948,-0.0781052237484883,-0.0019260477641003266,0.00029428269460950895,0.0018505531243898296,-0.0031508401938529795,0.0011979156340065397,0.0005766889388451033,0.01762625542617722,-0.0018214950980662361,-0.004821993196443644,-0.0013435667529552342,0.004114996862117005,-0.0008049538365344644,4.423424487883636
1781505971.0204382,0.018889622071660065,0.7753139629438266,0.357025732582473,-0.05084737315620504,0.0204634454662056,-0.07801434892019607,0.015813122395179013,0.7755550574018938,0.3581327126693524,-0.05046399163189739,0.020186402756399824,-0.07809160557196422,-0.0018877506459571132,0.00034202643433416325,0.0017041336289226414,-0.003022930660795152,0.0010471703676476767,0.0006768530769742611,0.01574614038103461,-0.00161842844404314,-0.0036805242052770576,-0.001413676407881762,0.001987291151680799,-0.0002842760244264972,3.2784724659277398
1781505971.0304394,0.01883789779445838,0.7753094563880529,0.3570752531171035,-0.05072737349917445,0.020462782302639093,-0.07803982875468513,0.015813122395179013,0.7755550574018938,0.3581327126693524,-0.05046399163189739,0.020186402756399824,-0.07809160557196422,-0.0020953838760579212,0.0003375282065187438,0.001910682501440372,-0.0013771819878007658,0.0009397868156696498,0.00032485264467644134,0.012901675321671807,-0.0014285178523812498,-0.003153444143570961,-0.0012025712428464627,0.004587667910402333,9.502260393952804e-05,3.2136905231723643
1781505971.0404592,0.018794642121179813,0.7753054537513739,0.35711673342338646,-0.05062518375973253,0.02046134993311277,-0.07806151330252002,0.015813122395179013,0.7755550574018938,0.3581327126693524,-0.05046399163189739,0.020186402756399824,-0.07809160557196422,-0.0022355156174512594,0.00032964032490213083,0.0020522841036349397,-0.00010637999152702583,0.0008336032499168618,5.2223797277772994e-05,0.012434029932114914,-0.0013363928818924406,-0.0032648170912340808,-0.0019314982508450373,0.0007098739166999708,0.0012526250740697705,3.159742978015506
1781505971.0504467,0.018758738095867027,0.7753019391741145,0.3571512286875952,-0.05053913560994478,0.020459380026876195,-0.07807976081689641,0.015813122395179013,0.7755550574018938,0.3581327126693524,-0.05046399163189739,0.020186402756399824,-0.07809160557196422,-0.00231968336450727,0.0003191312676868655,0.0021399535448078173,0.0008487015809710308,0.0007312253735641466,-0.00015347333210170396,0.012980858370606875,-0.001380474523993683,-0.0038919889699247914,-0.0027819457753598545,0.0038283847312093255,-0.0006813539978758407,3.115129451534864
1781505971.0604663,0.018729195073974924,0.775298884845304,0.35717967509475324,-0.05046753718918311,0.02045706095025679,-0.07809493373707424,0.015813122395179013,0.7755550574018938,0.3581327126693524,-0.05046399163189739,0.020186402756399824,-0.07809160557196422,-0.0023578582285858573,0.00030665116149840256,0.0021832168342195567,0.0015410811532512844,0.0006345013678090578,-0.0003033912884901237,0.011637871404576781,-0.0010092125592533459,-0.0036155230928400506,-0.0024966225402803677,0.0012292926380050532,0.0009544703297175678,3.078536156254728
1781505971.0704703,0.018705136451061657,0.775296255287449,0.35720290140290295,-0.05040872531494992,0.020454543465309616,-0.07810738773735262,0.016464178791985085,0.7754895385825311,0.3579640436643339,-0.050560303288656364,0.02028701395867749,-0.07809055221507187,-0.0023586275267144766,0.0002927468857294702,0.002190283867386359,0.0020176745552115288,0.0005446612414723914,-0.00040741287706315253,0.010658771498693678,-0.0007902544914847256,-0.0034578094896040718,-0.0019354360948660603,0.0021520228261107683,0.0005399544684787208,2.3745709515758664
1781505971.080445,0.018685788365142637,0.775294010698862,0.3572216395898172,-0.05036110381772974,0.020451946024613532,-0.07811746370238896,0.016464178791985085,0.7754895385825311,0.3579640436643339,-0.050560303288656364,0.02028701395867749,-0.07809055221507187,-0.0023293588929558734,0.00027787550614862455,0.0021682039713327313,0.002319540922247838,0.00046243816128320616,-0.0004741990723936932,0.010448644783940251,-0.0009762852519035587,-0.004083774132760993,-0.0019527080514068842,0.002249950617536179,0.0006964972823358737,2.3505199549666496
1781505971.0904424,0.01864952509511923,0.775297524465156,0.35721675527243846,-0.05039933020227967,0.020408279136727936,-0.07803558895574812,0.016464178791985085,0.7754895385825311,0.3579640436643339,-0.050560303288656364,0.02028701395867749,-0.07809055221507187,-0.0024019054616060058,0.00023790624107921903,0.0019810119426441103,0.00163075552863299,-0.00010916481363377383,0.0004460772726804328,0.01142376687456644,-0.0007398827043017716,-0.003932389490424902,-0.0005989869694187525,0.0020758210020951173,0.000730427763952795,2.317552119490532
1781505971.1004405,0.018619774937903635,0.7753003365778091,0.3572114212606081,-0.050432990579552125,0.020371634155056828,-0.07796713768887335,0.016464178791985085,0.7754895385825311,0.3579640436643339,-0.050560303288656364,0.02028701395867749,-0.07809055221507187,-0.0024297093182038343,0.00020280547451895784,0.0018056377748774078,0.0010700331952792513,-0.0005344526227748307,0.0011234025466206798,0.011083587819901188,-0.0005702792527742468,-0.00380316347885238,0.00043035060365864057,0.0023440921071125665,0.0005359583401769364,2.2910330913104873
1781505971.1104386,0.018595636348322293,0.7753025198088258,0.3572057845559788,-0.050462307853339,0.02034125298980083,-0.07791061813859591,0.016464178791985085,0.7754895385825311,0.3579640436643339,-0.050560303288656364,0.02028701395867749,-0.07809055221507187,-0.00242124262370161,0.0001720577702074187,0.001641972837354079,0.0006206128134334841,-0.0008384718522324063,0.001600151637457628,0.009732146778121713,-0.0003777442985449854,-0.002886089423146504,0.0019430756376911961,0.0005209502162115638,0.0005744979064536093,2.270031764444866
1781505971.1204448,0.018576312498582558,0.7753041490094106,0.35719997000898884,-0.050487568043626065,0.020316396265594117,-0.07786458592986703,0.017008469602705134,0.7754541162815127,0.35777223771785827,-0.050595942069214465,0.02034521063289363,-0.07804474617175197,-0.0023837661861659492,0.0001451941920341661,0.0014897815564454328,0.0002668891781095745,-0.0010433080857807577,0.0019135651666132073,0.008120076303816318,-0.00025631216431921993,-0.0021464966554888398,0.001872666794765158,-0.0004153510666381068,0.00010129767273933074,1.6757421816824107
1781505971.1303897,0.01859841156474532,0.7753161357532672,0.35719736057181656,-0.05056909993646304,0.020384474727112023,-0.0778780788031788,0.017008469602705134,0.7754541162815127,0.35777223771785827,-0.050595942069214465,0.02034521063289363,-0.07804474617175197,-0.0021104946344003683,0.00019495622060126234,0.0014052192294021159,-0.0006493580632616851,-0.00017972935570652207,0.0015951177700002947,0.007594288892249159,-0.00021333374981598324,-0.0012198961529350343,0.0032052794897686272,-0.00044814946832267416,-0.00045655454156436716,1.6963012120116432
1781505971.1404386,0.018618474644826414,0.7753261476314159,0.3571944158973357,-0.05063710949451393,0.020441825224163157,-0.07789090299301664,0.017008469602705134,0.7754541162815127,0.35777223771785827,-0.050595942069214465,0.02034521063289363,-0.07804474617175197,-0.0018643774593498533,0.00023243354788142232,0.001319529309084992,-0.001318091397480295,0.0004722468272678837,0.0013128559354593668,0.007379548980286397,-0.0002531375596557102,-0.0007507424601661872,0.003484154788031691,-0.0006070266036111996,6.301266751500464e-05,1.7153338646851108
1781505971.1504364,0.018636636075852257,0.7753344445496948,0.3571912565981928,-0.050693125673599085,0.020489567696859057,-0.07790287431155175,0.017008469602705134,0.7754541162815127,0.35777223771785827,-0.050595942069214465,0.02034521063289363,-0.07804474617175197,-0.0016431776434069712,0.00025957417099177867,0.0012340199654580107,-0.0017830671413896011,0.0009478284657609575,0.0010654323096629544,0.006646699127640702,-0.00047724264752053845,-0.0010826013412925163,0.002207131347790073,0.00023140516867502253,0.00021859285755558471,1.732854999440056
1781505971.1604433,0.018653031822156503,0.7753412596853737,0.3571879770064772,-0.050738622322907385,0.020528804324684513,-0.0779138782688681,0.017008469602705134,0.7754541162815127,0.35777223771785827,-0.050595942069214465,0.02034521063289363,-0.07804474617175197,-0.0014447836406545724,0.00027807286625669103,0.0011497390741572206,-0.0020826475098613796,0.0012782245153081188,0.0008508839204242164,0.005659232314657196,-0.0005568823596963404,-0.001078446869370428,0.0014315575455023555,-0.00042824504712918185,0.0011428832653016276,1.7489088266122996
1781505971.1704361,0.018667796667282743,0.7753468010991846,0.35718465014105033,-0.05077499167518473,0.02056059378953945,-0.07792385571254104,0.01736206583049127,0.7754363607837054,0.357708295729816,-0.05047449827797193,0.02034319780212357,-0.07803726641024622,-0.0012672113859106288,0.0002893996566094112,0.0010675122758720505,-0.0022501030990197536,0.0014907932078415912,0.0006668402223469858,0.004961479580824447,-0.0005946984174975777,-0.0014726052278000307,0.0001287670612277666,-0.0003268179238932368,0.0017867033095013076,1.4096661512121786
1781505971.180437,0.018681062077356,0.7753512534674829,0.3571813318359287,-0.05080352671223415,0.02058593318955837,-0.07793279054825228,0.01736206583049127,0.7754363607837054,0.357708295729816,-0.05047449827797193,0.02034319780212357,-0.07803726641024622,-0.001108604292225167,0.0002948255123118071,0.0009879763453374828,-0.0023139788789192737,0.0016092586152072982,0.0005106901454945027,0.004895852899757658,-0.0006277386646508864,-0.00175502787590019,-0.0006337261687325329,0.0004252819206983329,0.0014228963202802805,1.4229143684630803
1781505971.190441,0.018637960160365223,0.7753330054284138,0.3572009263510136,-0.05068379496673985,0.02054271656055362,-0.07801450718740559,0.01736206583049127,0.7754363607837054,0.357708295729816,-0.05047449827797193,0.02034319780212357,-0.07803726641024622,-0.0012974683627875834,0.00022603879134584505,0.001031612186549036,-0.0007358781582682639,0.0010076809175417146,-0.00045975404681011746,0.005000724876316283,-0.0006726015595661146,-0.0018207476507049467,-0.0014139690725774147,0.0011624653444486154,0.0012668160742977568,1.3769576453247596
1781505971.2004356,0.018601698859603777,0.7753174015968262,0.35721717417498783,-0.050582401577515604,0.02050547300056027,-0.0780827730784517,0.01736206583049127,0.7754363607837054,0.357708295729816,-0.05047449827797193,0.02034319780212357,-0.07803726641024622,-0.001432643126540866,0.00016795451750626755,0.0010535702944891965,0.0004666868844177079,0.0005293615712304679,-0.0011742859505805721,0.005102549192453854,-0.0006372935087754412,-0.0019657923378683124,-0.0015743346401576488,0.0005865283201742203,0.0018194492721183848,1.3386716238967833
1781505971.2104354,0.018571401738837923,0.7753041587557469,0.35723051460955685,-0.05049752449230478,0.020473722705574682,-0.0781390916067539,0.01736206583049127,0.7754363607837054,0.357708295729816,-0.05047449827797193,0.02034319780212357,-0.07803726641024622,-0.0015230047547021607,0.00011919786761244454,0.0010578478686287338,0.001354957112919295,0.00015648708104725899,-0.0016775138441432838,0.005159032990494889,-0.00040869262695999694,-0.0022306732857994664,-0.002282616236086849,0.0009569200707027187,0.0013892023743935504,1.306998666521527
1781505971.220438,0.01854628630561965,0.7752930071539625,0.35724134081282555,-0.05042734629940694,0.020446956143901573,-0.07818491632142101,0.017619237868554516,0.7754090856093451,0.35761362405758906,-0.050536766925829354,0.020361713966051687,-0.07796381943031468,-0.001576246627151462,7.854698005915219e-05,0.001047877783703544,0.0019834216347897776,-0.00012717557621610623,-0.002008644896824629,0.004842631422792072,-0.00033839118800695756,-0.0020136766715774922,-0.0019061658422264804,0.0023291128999720647,0.00047305040947309094,1.005727511207958
1781505971.2304397,0.018567222796347888,0.7753063965042928,0.3572208282167836,-0.05053410633149204,0.020517476925298928,-0.07825444766714819,0.017619237868554516,0.7754090856093451,0.35761362405758906,-0.050536766925829354,0.020361713966051687,-0.07796381943031468,-0.0013627865472164618,0.000155947256482947,0.0008780315275668362,0.0006168949381336636,0.0006938387157158943,-0.002508470631819179,0.0049715172421556,-0.00019714997990238293,-0.001939532536536057,-0.0012925145692379522,0.0026483622657266755,-0.0007455597469796381,1.0312657505095044
1781505971.2404413,0.018585859921239737,0.7753179558890763,0.3572028535495576,-0.05062442402015191,0.020576264071783923,-0.07831060297649106,0.017619237868554516,0.7754090856093451,0.35761362405758906,-0.050536766925829354,0.020361713966051687,-0.07796381943031468,-0.001174158636628027,0.00021610611030846015,0.0007305579621062112,-0.00042388968074684496,0.001289990626584202,-0.002814314877720104,0.005105833459810477,-0.00027171507567541066,-0.0017450777209507622,-0.000850663796265323,0.002710546088844598,-0.0020265268296804774,1.0542273136862288
1781505971.2504416,0.01860240283245305,0.7753278862547487,0.35718715956364633,-0.05069994867279805,0.020624652095462048,-0.07835519766404007,0.017619237868554516,0.7754090856093451,0.35761362405758906,-0.050536766925829354,0.020361713966051687,-0.07796381943031468,-0.0010078554320636535,0.00026166173919973175,0.000602913231884176,-0.0011921160846643836,0.0017013459863546524,-0.0029664422140265037,0.004465172654174221,-0.0003737721802060872,-0.0018276281673382936,-0.0008657338430798658,0.0011545037721911666,-0.0018825075496925157,1.0747458518265196
1781505971.2604392,0.018617046789179442,0.7753363709032216,0.35717350556276156,-0.05076232126115628,0.02066392515793458,-0.07838990867710158,0.017619237868554516,0.7754090856093451,0.35761362405758906,-0.050536766925829354,0.020361713966051687,-0.07796381943031468,-0.0008615811325939931,0.00029491705509995363,0.0004928039465756075,-0.001735094205719552,0.0019629822698377934,-0.0029992295196063635,0.003402737610475158,-0.00020332150808868241,-0.0010504984608587435,0.000293628999635535,0.0004964444677997938,-0.0016190295530019627,1.0929841536154714
1781505971.270436,0.018629975847887677,0.7753435766440964,0.3571616682305155,-0.050813131540788314,0.02069529461455133,-0.07841626327644777,0.017847872721884983,0.7753944352194998,0.35752687516830034,-0.05059025289624762,0.02045353432036756,-0.07803353184485863,-0.0007332389443051731,0.0003178766313446913,0.0003981668421072438,-0.002094437734436785,0.002105279399922648,-0.0029417011431141994,0.002919954922109632,-0.00042323387681267836,-0.001124024802459293,0.00017746600213443904,0.00022516029423990625,-0.0021473628419887464,0.8646664107049863
1781505971.2804346,0.018641362061330248,0.7753496548939207,0.35715144193063014,-0.050853887328612235,0.02071988417756443,-0.07843563472316659,0.017847872721884983,0.7753944352194998,0.35752687516830034,-0.05059025289624762,0.02045353432036756,-0.07803353184485863,-0.0006209183992804262,0.0003322801430654036,0.00031714953723335846,-0.0023063532039469554,0.0021542661665948284,-0.002818076423446265,0.0025073594908528005,-0.000198201456283031,-0.0007431559816759817,0.0010521196028894868,0.0002633282617663073,-0.0019408311447828624,0.8789657133926094
1781505971.2904286,0.018618263260877618,0.7753493091702105,0.3571736517199321,-0.0509157842954244,0.020690245952054376,-0.07837211910312059,0.017847872721884983,0.7753944352194998,0.35752687516830034,-0.05059025289624762,0.02045353432036756,-0.07803353184485863,-0.0007230842102537371,0.00026433443188153636,0.00042881304446523076,-0.002744644214252281,0.0015606370451248367,-0.0018345380359625053,0.0029341251716856393,-0.0001080042148044629,-0.0006706302039200894,0.0011538858244393184,0.000506180145551487,-0.0025178363990733016,0.8487076925367041
1781505971.3004398,0.01859879455643727,0.775348741826823,0.3571925289960341,-0.050965290314056805,0.02066397370899553,-0.07831694067114225,0.017847872721884983,0.7753944352194998,0.35752687516830034,-0.05059025289624762,0.02045353432036756,-0.07803353184485863,-0.0007959379692650491,0.0002064400534663377,0.0005130200135080903,-0.002997914081836809,0.0010731188665968464,-0.001047398445367689,0.0029659202497011117,-0.0002118842010911372,-0.0010409138604620784,0.0003741327589276704,0.0011063198347452314,-0.002970498893405588,0.8232611072137289
1781505971.3104315,0.01858249518278763,0.7753479776933723,0.35720847949009793,-0.05100415691550201,0.020640942279622765,-0.0782695194877758,0.017847872721884983,0.7753944352194998,0.35752687516830034,-0.05059025289624762,0.02045353432036756,-0.07803353184485863,-0.0008443376688163281,0.00015734819570346496,0.0005741186230331464,-0.0031056207767443706,0.0006784540110411745,-0.00042895779528263575,0.002901868250777194,-0.0001221171634151244,-0.0012059058948973662,-0.0005090337328999727,0.0015250156723080536,-0.0029177324093620344,0.8020001681387127
1781505971.3204293,0.018568953611405207,0.7753470473705251,0.3572218683235588,-0.05103398770777951,0.02062096923001344,-0.0782292086826781,0.017987951876377917,0.7753819401450206,0.35747821530716,-0.05057628247211472,0.02050609786240698,-0.07816093690716679,-0.0008724930326264728,0.00011594480887868264,0.0006158922805186651,-0.003101313384073064,0.00036416651941214694,4.6155682837092406e-05,0.0026583322781637804,-0.0003286270805296414,-0.0013201991226039055,-0.0013176271405583267,0.0020733997733187962,-0.002376163058290641,0.6359986618053226
1781505971.330385,0.018557803232039084,0.7753459841444229,0.35723302308159555,-0.05105623157633321,0.020603834216889938,-0.0781953289338265,0.017987951876377917,0.7753819401450206,0.35747821530716,-0.05057628247211472,0.02050609786240698,-0.07816093690716679,-0.0008840400301658014,8.123814305771693e-05,0.0006416230706773373,-0.003013195305163904,0.0001187078127844918,0.00040087504204120567,0.0026956859080606694,-0.00030347918362865444,-0.0015781928725398895,-0.002059778796811013,0.002394962276081744,-0.0018125091340473487,0.6214037568321458
1781505971.340439,0.0185570029466143,0.7753404472697617,0.35722693370736874,-0.0510768133235264,0.020604793421353795,-0.07819854917012198,0.017987951876377917,0.7753819401450206,0.35747821530716,-0.05057628247211472,0.02050609786240698,-0.07816093690716679,-0.0008331042437183558,3.547628982089129e-05,0.0005619756275859309,-0.0029082114252835297,0.0001179931980559332,0.0003225437511164448,0.0029253741299836568,-0.0002798801689407776,-0.001392399715542928,-0.002609225856238704,0.0026907345394180304,-0.0014198457731045943,0.6234446419916376
1781505971.3504417,0.01855675758231838,0.7753355214205625,0.3572214157459195,-0.05109145999284995,0.020605476799523847,-0.07820154799015663,0.017987951876377917,0.7753819401450206,0.35747821530716,-0.05057628247211472,0.02050609786240698,-0.07816093690716679,-0.0007816580851799572,-1.7096179799294634e-06,0.0004909159967920716,-0.002749944860173972,0.00011422869268831577,0.00025502390937814684,0.0030638012358278773,-0.00016841447796060567,-0.0010750587736760337,-0.002537748997328612,0.0021301440355472236,-0.0012089420360499648,0.6258119875362526
1781505971.3604317,0.01855696146777724,0.7753311552869069,0.35721642589082,-0.051101258790383575,0.02060593480210371,-0.07820429881757354,0.017987951876377917,0.7753819401450206,0.35747821530716,-0.05057628247211472,0.02050609786240698,-0.07816093690716679,-0.0007304540886947084,-3.1539803818199526e-05,0.00042765082882334656,-0.0025560875822361337,0.00010828187032441723,0.00019745291212733786,0.0024774770527808817,-0.00020349069337196625,-0.0008093712858977703,-0.002288373774867339,0.0016165182609646476,-0.0003154171798102998,0.6283985323230076
1781505971.3704329,0.018557524144977935,0.7753273008943402,0.3572119226123358,-0.05110715702219496,0.020606211401104968,-0.0782067885308134,0.01812627986184484,0.7753688815585673,0.35741648962808026,-0.05070579540634862,0.020599741474279343,-0.07822812849214644,-0.0006800933000307464,-5.508703480450574e-05,0.00037144448026454435,-0.0023408697988697366,0.00010086255610365702,0.0001489121143661382,0.002229633026992288,-0.00028878910585557205,-0.0007283733335669988,-0.0025682753741968984,0.000491067485781309,-0.00020269948756868072,0.47911193608919145
1781505971.3804362,0.018558368478835786,0.7753239132825972,0.3572078663684432,-0.051109971241705764,0.02060634450944865,-0.07820901444771494,0.01812627986184484,0.7753688815585673,0.35741648962808026,-0.05070579540634862,0.020599741474279343,-0.07822812849214644,-0.0006310475382948802,-7.329211099140845e-05,0.00032161695392287547,-0.0021155384153779184,9.254293826206171e-05,0.0001084660272123666,0.0016945598707686842,-0.00038270452547292894,-0.0009676077065851963,-0.002743273908483202,-0.00011094729064092893,0.00034506614574830643,0.4819194779612681
1781505971.3904324,0.018564619331146642,0.7753224019518677,0.3572144605312866,-0.05090267376448117,0.020533982331006895,-0.07816437153959942,0.01812627986184484,0.7753688815585673,0.35741648962808026,-0.05070579540634862,0.020599741474279343,-0.07822812849214644,-0.0005247414885785187,-3.446560646893212e-05,0.000311755977906235,0.0003684958979222235,-0.0007312784264285214,0.0005429722720311826,0.0014795319694597422,-0.00026408576772799923,-0.0007836598909896141,-0.0026867207968441983,-0.0007457207089190971,0.0009156644681807738,0.48488926585149356
1781505971.40044,0.018570367640308016,0.7753212198411338,0.35721982174150946,-0.050728670373935025,0.02047375702215337,-0.07812736728428635,0.01812627986184484,0.7753688815585673,0.35741648962808026,-0.05070579540634862,0.020599741474279343,-0.07822812849214644,-0.000432752838450644,-2.8600168034149722e-06,0.00029988958631492143,0.0022196113743540974,-0.00132852721717485,0.0008536647730710502,0.001263571442535363,-0.000333227299501479,-0.0008091503854621513,-0.0020620035160216787,-0.0005536159673755949,0.0010465503507523653,0.4880203396348326
1781505971.4104314,0.018575653092461536,0.7753203448474989,0.35722410934952775,-0.050584375445452585,0.02042427562052529,-0.07809709676116577,0.01812627986184484,0.7753688815585673,0.35741648962808026,-0.05070579540634862,0.020599741474279343,-0.07822812849214644,-0.0003534234019256753,2.2548341365865376e-05,0.0002865636601709502,0.0035458322526645144,-0.0017396634098892495,0.00106308475084529,0.0013711669286012257,-0.00031354630180973985,-0.0005452499711037462,-0.0014416285567424,-0.00038444041139645146,0.0005005754925342866,0.49122528873436916
1781505971.420429,0.018580508789347205,0.7753197470880178,0.35722747047433784,-0.050466289331592966,0.020384199970723715,-0.07807269818523821,0.018205984436605316,0.7753539679230825,0.3573855227521595,-0.05080492620762278,0.020568181250817386,-0.07820341581688237,-0.0002852616267224075,4.2659778773465175e-05,0.000272234911887841,0.004442465211827746,-0.0020000969868235055,0.0011908933290498535,0.0014433769276800837,-5.071178629465173e-05,-7.191841758360497e-05,-0.00013578924048724203,-0.0007405377954785284,0.00038600494642355277,0.40794617153967827
1781505971.430434,0.018561732166379328,0.7753205916890905,0.35724149988249654,-0.0506360197862566,0.020384213216027236,-0.0780364595335827,0.018205984436605316,0.7753539679230825,0.3573855227521595,-0.05080492620762278,0.020568181250817386,-0.07820341581688237,-0.0003921012948491796,-2.042298005193296e-05,0.0003474975853712606,0.0020964659095860753,-0.001801636870927339,0.0014559407564742972,0.0013433657895623207,-0.00016396456407682583,-0.0002564827159072089,1.9090615483347006e-05,-2.522863804793786e-05,0.000426966571559877,0.38524408784666864
1781505971.4404314,0.01855824885286114,0.775314916882811,0.3572460767030154,-0.05054837593069857,0.020369396472027512,-0.07804816587240657,0.018205984436605316,0.7753539679230825,0.3573855227521595,-0.05080492620762278,0.020568181250817386,-0.07820341581688237,-0.000382671574898683,-2.4694943209664585e-05,0.0003474231383084211,0.0028270127875080634,-0.0017600106700575934,0.0011611994785688195,0.0017503503963963874,-0.00010846502602227495,-0.00024284921487792508,0.0010716364385720324,-9.052516093800906e-05,9.388099006780412e-05,0.380867960490578
1781505971.4504251,0.018555567400982857,0.7753101911592292,0.3572496912447851,-0.05047727892810829,0.020358494668692773,-0.07805916014372305,0.018205984436605316,0.7753539679230825,0.3573855227521595,-0.05080492620762278,0.020568181250817386,-0.07820341581688237,-0.0003702528114796899,-2.7811450536222003e-05,0.00034296117027975923,0.00329700197564501,-0.001680651581601368,0.0009085693857508791,0.0017683727940538566,-5.6849824496086636e-05,-0.0005582386539236579,0.0012781761948068228,-0.0007758041466954472,0.0006373310565272282,0.37759085321557057
1781505971.46044,0.01855356227423868,0.7753063025092083,0.3572524902043666,-0.050420526021575394,0.020350824664350675,-0.07806931947697401,0.018205984436605316,0.7753539679230825,0.3573855227521595,-0.05080492620762278,0.020568181250817386,-0.07820341581688237,-0.00035559188255467983,-2.9960899630483862e-05,0.0003350335558791839,0.0035588996818605497,-0.0015751912154225172,0.0006944082680093445,0.001711834629947243,4.842496846246618e-05,-0.000552079764515917,0.0021229356097377905,-0.0009627298444507451,0.0007195761014520328,0.3752066146351339
1781505971.4704394,0.018552123230674154,0.7753031448904838,0.3572546025454566,-0.05037607413199503,0.02034578610403992,-0.0780785748067309,0.018288512182998262,0.7753532483707442,0.3573636654408634,-0.05075089045209033,0.020540988228066714,-0.0781772456118093,-0.000339316772213718,-3.1306784636285024e-05,0.00032442426453902466,0.00365771297675309,-0.0014530596014236913,0.0005149338095557331,0.0016414356950102595,0.00017077589714592378,-0.0006799497033388424,0.002416324501281943,-0.0013654299414769945,0.0007877140025920181,0.2896478177813444
1781505971.4804347,0.01855115398960396,0.7753006195111868,0.3572561410478234,-0.0503420557419219,0.020342857112979562,-0.07808689923526678,0.018288512182998262,0.7753532483707442,0.3573636654408634,-0.05075089045209033,0.020540988228066714,-0.0781772456118093,-0.00032195206254202724,-3.199053623610244e-05,0.0003117966254417257,0.003631628113557534,-0.0013217789753430587,0.0003663623333369722,0.0013213314123510364,0.00019844630120329247,-0.0006426547062656374,0.00253356610881216,-0.001980814317896786,0.0015575221314290484,0.2886382000602777
1781505971.4904346,0.018567678011311095,0.7753109974136986,0.3572466779879655,-0.050395087082327206,0.020395044435095988,-0.07810574500041037,0.018288512182998262,0.7753532483707442,0.3573636654408634,-0.05075089045209033,0.020540988228066714,-0.0781772456118093,-0.00021151048451737976,2.9212304917094135e-05,0.000252219277178942,0.002660385232096094,-0.0005981384859298697,0.00014960765844808605,0.001444204555823971,0.00021123137670593179,-0.0005256828654591596,0.0028260512266057194,-0.002065536438294091,0.001278806163213806,0.305621935083847
1781505971.5004306,0.018581960828081844,0.7753199682217027,0.3572384372787194,-0.05044213809918942,0.02043947927232881,-0.07812176358512844,0.018288512182998262,0.7753532483707442,0.3573636654408634,-0.05075089045209033,0.020540988228066714,-0.0781772456118093,-0.0001201708981589518,7.797415308710278e-05,0.0002011963071585657,0.0018598438125865605,-3.956814864193071e-05,-1.6899472380101468e-05,0.0011971551752280579,-9.69702577841568e-05,-0.0009578095562377671,0.0023416232619743733,-0.0019806254084009265,0.0012059509351150528,0.3207830547513006
1781505971.5104349,0.018594251375840306,0.7753276842256895,0.3572312977111083,-0.050483420207494745,0.020476889273969512,-0.07813522500338846,0.018288512182998262,0.7753532483707442,0.3573636654408634,-0.05075089045209033,0.020540988228066714,-0.0781772456118093,-4.53232431721116e-05,0.00011613084397223342,0.00015768707516488112,0.0012091162294148876,0.0003800315349161406,-0.0001411988060012382,0.0010574659996190753,-3.3429140218884085e-05,-0.0004585023228645326,0.002880975680374157,-0.0014669463389220352,0.0008408801645530805,0.33414247774355177
1781505971.5204453,0.018604777909117888,0.7753342854087151,0.357225143927962,-0.05051924974862257,0.02050801191172713,-0.07814640161773156,0.018350407173791994,0.7753565691586469,0.3573372946075493,-0.050608236652149766,0.02047009157077162,-0.07811939065114278,1.5336736289974428e-05,0.00014529051529426826,0.00012076097648130573,0.0006884512746833807,0.0006840199380791263,-0.00023046991122448098,0.0008581224589162591,0.0001261530144268558,5.8031908905886766e-05,0.002900728518551958,-0.0010556361262785946,0.0005153927997080263,0.27888852868692265
1781505971.5304408,0.01860155445274793,0.775315513294508,0.35672061140680034,-0.05055001302156765,0.020533571829765007,-0.07815556009715545,0.018350407173791994,0.7753565691586469,0.3573372946075493,-0.050608236652149766,0.02047009157077162,-0.07811939065114278,6.383860721226838e-05,0.0001668581382150082,8.958753164243442e-05,0.00027948986561516137,0.0008930639669152469,-0.00029105125079992295,0.0007457912649613322,-0.00016381107856337015,-0.0004682144392371835,0.0013565746558501812,-0.00017487948257719697,0.0003190391113800418,0.6671272066054357
1781505971.5404341,0.018571791452043216,0.7752838131418205,0.3562193532493471,-0.05068718959529478,0.020616014358743495,-0.07819813778440218,0.018350407173791994,0.7753565691586469,0.3573372946075493,-0.050608236652149766,0.02047009157077162,-0.07811939065114278,-7.949371792220926e-05,8.688453658908328e-05,0.00010531911347033123,-0.0012390552612402547,0.0017178989890936716,-0.0006778750020981497,0.0008176745711288901,-0.0001710473561748146,-0.0005192646178099489,0.00027367790872840205,0.00018152147783674784,4.012417384315439e-06,1.1419708039263727
1781505971.5504322,0.01854434143072691,0.7752529220229422,0.3557185154882923,-0.05080141785204483,0.02068380718925189,-0.07823325694122242,0.018350407173791994,0.7753565691586469,0.3573372946075493,-0.050608236652149766,0.02047009157077162,-0.07811939065114278,-0.00019354979430440767,2.1582960996330484e-05,0.0001166135049026774,-0.0023429329116477103,0.0022888942614420816,-0.000949159578875066,0.0008344763741724608,-0.00024002684720618862,-0.0003750120839930113,-4.693692256773671e-05,0.0002973635280338332,-0.0001056795131192338,1.6336459413517956
1781505971.560435,0.018518935549656623,0.7752227549654401,0.3552180491401073,-0.05089532429286135,0.020738768897068827,-0.07826182421844406,0.018350407173791994,0.7753565691586469,0.3573372946075493,-0.050608236652149766,0.02047009157077162,-0.07811939065114278,-0.00028265847788542896,-3.111286873618244e-05,0.00012420272760548366,-0.0031058982391684786,0.00265406683493531,-0.0011264472805681306,0.0011362685320288521,-0.0002709849967706383,-0.0006528594795973551,0.0006599739146324266,0.0011115390767821231,-0.0008646950146102236,2.1301430475554235
1781505971.5704362,0.018495336435947626,0.7751932386227822,0.3547179041826362,-0.0509714332966902,0.020782613049540544,-0.07828469879351994,0.018393306929421704,0.7753506525186309,0.35731275361602166,-0.05056256327545202,0.020493835870725174,-0.07812477364153275,-0.0003506109668014752,-7.302143445634414e-05,0.0001287213771692186,-0.003592545158093454,0.002855028058784014,-0.001228452347147721,0.0007078511485373502,-0.0001540051157661869,-0.002146171364567298,0.0003606411015177365,0.0013690130568374881,-0.00033568979218204806,2.6016211747195177
1781505971.5804386,0.018473333816225866,0.7751643088302103,0.3542180316930024,-0.0510321235974113,0.02081692767115162,-0.07830268066878851,0.018393306929421704,0.7753506525186309,0.35731275361602166,-0.05056256327545202,0.020493835870725174,-0.07812477364153275,-0.00040071880359988086,-0.00010573925015803307,0.00013071779717607098,-0.0038588352689457902,0.002927450721920383,-0.0012712576953427981,0.000822869342009312,-0.0002679893166998589,-0.004999310155616202,-0.0004632098136490456,0.0014169375845677515,-0.0006796231401601337,3.1013597104563138
1781505971.5904298,0.018482221180945373,0.7751683749611686,0.35422329398667113,-0.05095677625700899,0.020770959649506038,-0.07833583038149684,0.018393306929421704,0.7753506525186309,0.35731275361602166,-0.05056256327545202,0.020493835870725174,-0.07812477364153275,-0.0003029677361536589,-3.940086264785432e-05,0.00013704248499085407,-0.0026074432388285725,0.002125163678700316,-0.0015193990256999695,0.0007779078264571668,-0.00032034937641147604,-0.007787031982554324,-0.001885870506238543,0.0017055279180186185,-0.000807764184994641,3.096109115238859
1781505971.6004298,0.01847765553025222,0.7751474159003681,0.3537285570579158,-0.05089097557678174,0.020730421546657274,-0.07836222175594332,0.018393306929421704,0.7753506525186309,0.35731275361602166,-0.05056256327545202,0.020493835870725174,-0.07812477364153275,-0.00022065689473798244,1.4353062761945654e-05,0.00014038330713283699,-0.0015984382666627327,0.0014658752357810433,-0.0016637306914114632,0.000385448754260563,-0.0008856639768722443,-0.010523933634268852,-0.0032708283795291455,0.0023703394747829664,-0.0006755820281737724,3.590944830626475
1781505971.610431,0.018472127859721788,0.7751261019794861,0.35323313465764916,-0.05083412941808963,0.02069506089763462,-0.0783828267020475,0.018393306929421704,0.7753506525186309,0.35731275361602166,-0.05056256327545202,0.020493835870725174,-0.07812477364153275,-0.0001517840141848798,5.73234030438051e-05,0.00014128643041332964,-0.000798666553680437,0.0009317749224417413,-0.0017263310776332518,0.0002923157035451897,-0.0011967036849289668,-0.01281759656367571,-0.003993833231409649,0.002195854830237045,-0.0010606397926072927,4.086554359016398
1781505971.6204286,0.018465753936610978,0.7751044762557068,0.35273709803770986,-0.05078554891719132,0.020664546959965113,-0.07839853182982849,0.018393306929421704,0.7753506525186309,0.35731275361602166,-0.05056256327545202,0.020493835870725174,-0.07812477364153275,-9.457145716467753e-05,9.109249285493365e-05,0.0001402211910050143,-0.00017755938596234432,0.0005060918163086385,-0.001725979844320055,0.00014669172777259805,-0.0017616007336173558,-0.015517048765356851,-0.004778732189333129,0.0024551656710692037,-0.0014574077076844453,4.582845763563711
1781505971.6304424,0.018458634386525292,0.7750825718161943,0.35224051564558506,-0.05074449160681781,0.020638499370847274,-0.07841013558656447,0.018421467322569995,0.7753130924306957,0.3568490292223694,-0.05068866269915613,0.020594960643032678,-0.0781773851589216,-4.7444436015537784e-05,0.00011704717716273734,0.0001375893005406341,0.00029267818134207785,0.00017329280897969548,-0.001678471011227178,0.00019606555040045857,-0.0013814470193394008,-0.017083067852126127,-0.0037233243159521968,0.0020594455003062283,-0.001941607940237327,4.614425048882968
1781505971.640429,0.018431767919293664,0.7750610492324108,0.35167791912043134,-0.050883168889650776,0.020653346271066075,-0.0784289483798993,0.018421467322569995,0.7753130924306957,0.3568490292223694,-0.05068866269915613,0.020594960643032678,-0.0781773851589216,-0.00014467534763555812,9.890030918227106e-05,-0.0002705226826235005,-0.001248986907338369,0.0003266096740837254,-0.0016920718561012531,0.00034714743331921044,-0.001390656798425806,-0.019032420265264163,-0.002624668892852424,0.0014340367563956812,-0.00225248901831432,5.177259078166772
1781505971.6504414,0.018407007316895336,0.7750388965167921,0.35112451629906766,-0.05099862982616297,0.020665610366698672,-0.07844320597074116,0.018421467322569995,0.7753130924306957,0.3568490292223694,-0.05068866269915613,0.020594960643032678,-0.0781773851589216,-0.00022089652952399282,8.307932342780625e-05,-0.0005947162288530355,-0.0023699170510171888,0.00043253489544513226,-0.0016559470602362505,0.0002044098999467067,-0.001417589717486298,-0.021007809673919863,-0.0024112476151238686,0.0015549667926192169,-0.002213572026729211,5.731094197447291
1781505971.6604397,0.018384093617088048,0.7750161929129035,0.3505791834898491,-0.051093534963717685,0.020675604395232083,-0.07845365985949387,0.018421467322569995,0.7753130924306957,0.3568490292223694,-0.05068866269915613,0.020594960643032678,-0.0781773851589216,-0.00027928586467535063,6.932596143388561e-05,-0.0008474344455044001,-0.0031449216140199614,0.00050005413749919,-0.0015835530689723239,0.00026945575472388483,-0.0014698301823849742,-0.020851242246775408,-0.0013628932584098755,0.0011226375966852445,-0.0019773773543603785,6.276982684947382
1781505971.6704264,0.018362796646301922,0.7749930146683263,0.35004091497992346,-0.051170440455995184,0.02068362458380113,-0.07846097732544692,0.018421467322569995,0.7753130924306957,0.3568490292223694,-0.05068866269915613,0.020594960643032678,-0.0781773851589216,-0.0003226204198435051,5.740670134562078e-05,-0.0010395719900966945,-0.0036395217050880562,0.0005369507201576605,-0.0014859652009845516,0.00021227467213778833,-0.0011028573326395872,-0.021233305612071086,-0.0013899942702258802,0.0009818920286742104,-0.0018912270040405247,6.815886703900841
1781505971.6804361,0.01835521787418627,0.7749941494525803,0.3500080499090371,-0.051231754262629006,0.020689946734775866,-0.07846574426426904,0.01843419316985251,0.7752392723559752,0.3558486347651142,-0.05083563022021276,0.020662321566527586,-0.0782826169503199,-0.0003533203090097217,4.711083815391625e-05,-0.0011806424198187832,-0.003910485549754209,0.0005498941895008666,-0.001372171497140631,0.0004769291174260246,-0.0011335810124235735,-0.023348034535937846,-0.0014743433108355076,-0.0005961783172578096,-0.0019153494034264626,5.846259812575154
1781505971.6904297,0.0183670107995238,0.7749717508690317,0.34948388254848495,-0.05122713637596662,0.020706096188594758,-0.07843676013135616,0.01843419316985251,0.7752392723559752,0.3558486347651142,-0.05083563022021276,0.020662321566527586,-0.0782826169503199,-0.00018021449893511633,4.9150394601207906e-05,-0.0012587087311825608,-0.0034397193449248213,0.0006497310314130016,-0.0008974015575690787,0.0005299076319378812,-0.0014372719950634038,-0.026006403999035557,-0.0019961803675927446,0.00012799289855142354,-0.00233612800286212,6.3707261749306365
1781505971.7004476,0.01837542515177909,0.7749489035674005,0.34896400834495606,-0.05122007604267409,0.020719124965160596,-0.07841152789853811,0.01843419316985251,0.7752392723559752,0.3558486347651142,-0.05083563022021276,0.020662321566527586,-0.0782826169503199,-3.896630137908714e-05,5.016491035466152e-05,-0.0013054291523814372,-0.0029928371973203583,0.000706745946162732,-0.0005171057890621446,0.00041759973368840284,-0.0014856242246201496,-0.02775254134200118,-0.00034993093258031894,0.00017263657221739382,-0.0024143677657952204,6.890997653349335
1781505971.7104285,0.01838086557696865,0.7749256753896788,0.348447842845967,-0.051211378968094474,0.020729458914768406,-0.07838979754389869,0.01843419316985251,0.7752392723559752,0.3558486347651142,-0.05083563022021276,0.020662321566527586,-0.0782826169503199,7.491770206201216e-05,5.034369601410541e-05,-0.0013263939393395492,-0.002576082571803609,0.0007301163270488196,-0.0002180066536065082,0.00031837847381061327,-0.0016499802848383301,-0.029702623639225285,-0.0014152145920909248,0.0005587085576280513,-0.0023537781964101953,7.407624985104677
1781505971.7204316,0.01838369512701161,0.7749021264467252,0.3479348689278636,-0.051201693635699874,0.020737490883473653,-0.07837128588181866,0.01843419316985251,0.7752392723559752,0.3558486347651142,-0.05083563022021276,0.020662321566527586,-0.0782826169503199,0.00016539143916979263,4.9849314595691155e-05,-0.0013264171494657842,-0.0021933089061787953,0.0007276391410400091,1.20669837308193e-05,0.00022077378567637903,-0.0013371283585093892,-0.029962221988608123,-0.0024173023602267235,0.0008426253129495457,-0.002081623357188846,7.921105171836119
1781505971.73043,0.018384238675241023,0.774878309584213,0.3474246303115385,-0.05119153297637921,0.020743578232293336,-0.07835569262622932,0.018451911621452655,0.7751721570340657,0.35451982166166557,-0.050902317030724197,0.02066302245342233,-0.07839049826150374,0.00023592564885878306,4.8820797034426004e-05,-0.0013096287298444125,-0.001846473369441805,0.0007058636957197433,0.00018412407208018717,-0.00017127491396311294,-0.0017534009309744154,-0.031344482222839025,-0.004170585687234981,0.0015636314163748571,-0.0017012789779089468,7.101596035142541
1781505971.740426,0.018382786181512033,0.7748542709117817,0.3469167255443501,-0.05118129431604918,0.020748041949991247,-0.07834271289564826,0.018451911621452655,0.7751721570340657,0.35451982166166557,-0.050902317030724197,0.02066302245342233,-0.07839049826150374,0.00028955920120731085,4.737652167968772e-05,-0.0012795571115348531,-0.0015360587300326401,0.0006702252509752204,0.00030800140048596033,-0.0004455401921581321,-0.0022813444434028186,-0.03344669537841676,-0.0063613248307323195,0.0013455455440643366,-0.000895120814752541,7.610052593926356
1781505971.7504337,0.01837934942043576,0.7748533224391638,0.3468999128057211,-0.05118634689056355,0.020681523304435512,-0.0782954957466722,0.018451911621452655,0.7751721570340657,0.35451982166166557,-0.050902317030724197,0.02066302245342233,-0.07839049826150374,0.0002633429022564029,1.7395340983267523e-05,-0.0013312708840138214,-0.0014341776441730348,-0.00015455191015150988,0.0007519040173020219,-0.0005513901332702416,-0.0016258255369508033,-0.03405567056245111,-0.00393059980818982,0.0012099045739303088,-0.00036755393289830413,7.626921511647012
1781505971.7604327,0.018364024396638826,0.7748276532682142,0.34638691240576436,-0.051189296695701034,0.020625681483221303,-0.07825647915838348,0.018451911621452655,0.7751721570340657,0.35451982166166557,-0.050902317030724197,0.02066302245342233,-0.07839049826150374,0.00023896033933862022,-6.893162593048234e-06,-0.001355916758341924,-0.001318586318801539,-0.0007683016244372789,0.0010639190380597693,-0.0003376135182045792,-0.0013684031781368788,-0.03492246749881468,-0.0019332635001119295,0.0004669534313132579,-0.0002000401199779318,8.140676874418668
1781505971.7704413,0.018349098746213637,0.774801967839182,0.34587651963314187,-0.051190589651515774,0.020579367957975547,-0.07822467498506677,0.018451911621452655,0.7751721570340657,0.35451982166166557,-0.050902317030724197,0.02066302245342233,-0.07839049826150374,0.00021635880230648787,-2.6303977809318613e-05,-0.0013585209624873684,-0.0011958859075135706,-0.0012071349582698679,0.0012685755809955291,-9.948666107287988e-05,-0.000681118721973892,-0.03329052537294493,0.0005430111699269689,-0.0010699219343661825,0.00029397887160600007,8.651836827148646
1781505971.7804413,0.018334530718680464,0.774776280950734,0.34536835100322943,-0.05119060535270647,0.02054146137739843,-0.07819914540140632,0.018437539656966595,0.7750861223754881,0.35285140558938155,-0.05111796732998042,0.020679097564187288,-0.07842610200287736,0.0001954734094623827,-4.15531610260801e-05,-0.0013433977076631662,-0.0010712171557657759,-0.0015028968153396223,0.0013871908945128424,-0.00019092516696389724,-0.0014593893166102163,-0.03264500750003167,-0.0009574667005671595,-0.00010258573942123111,0.0008318320529443343,7.490174796971877
1781505971.7904391,0.018333155259446947,0.7747574875166615,0.3448524144742427,-0.05125463490603757,0.020576270102107497,-0.0781721549978307,0.018437539656966595,0.7750861223754881,0.35285140558938155,-0.05111796732998042,0.020679097564187288,-0.07842610200287736,0.00024335140454163136,-2.537015589955317e-05,-0.001350035652683811,-0.0016593512190136981,-0.0009744213542045584,0.0015494211413355,-0.00031736244354908783,-0.0019197000750038504,-0.03291206589385138,-0.0015936329063763622,-0.0008754410819590221,0.0019481706582244233,8.00641966380428
1781505971.8004425,0.018330063666598884,0.7747376039803131,0.3443395885952853,-0.051306994829563565,0.02060636947303629,-0.07815092184564569,0.018437539656966595,0.7750861223754881,0.35285140558938155,-0.05111796732998042,0.020679097564187288,-0.07842610200287736,0.00027870306419972745,-1.2057408221786173e-05,-0.0013382580942292496,-0.0020545954975469756,-0.0005517776452350256,0.0016285683156999733,-0.0003358398640622775,-0.0019123942680390838,-0.03509368312957618,-0.002232984402479319,-0.0012474139696612922,0.0020456829610886345,8.519627028295705
1781505971.8104455,0.018325471887584665,0.774716783229929,0.34382944372670987,-0.05134917811377591,0.02063211593723957,-0.07813458340122843,0.018437539656966595,0.7750861223754881,0.35285140558938155,-0.05111796732998042,0.020679097564187288,-0.07842610200287736,0.0003035509766595976,-1.2175121951467782e-06,-0.0013118462976192038,-0.002294496007814344,-0.00021999959162449768,0.001643296326156738,-0.00037213381594119414,-0.0016763057305114034,-0.03617122804781495,-0.0017831561671781695,-0.0005962019865651512,0.0017084513855857666,9.030214086104428
1781505971.820438,0.018319574307166894,0.7746951635434035,0.3433215981261102,-0.051382581908394426,0.020653895844142678,-0.07812235944466522,0.018437539656966595,0.7750861223754881,0.35285140558938155,-0.05111796732998042,0.020679097564187288,-0.07842610200287736,0.0003196519145873717,7.499892426650879e-06,-0.0012740211917913924,-0.0024114366589232405,3.461378737681947e-05,0.0016093530760195422,-0.0001734630912359991,-0.0015615159201669462,-0.03689930129106002,-0.00012826546000675412,-0.0007248187192000934,0.0010834853606500059,9.53855308310233
1781505971.8303685,0.018312545108840454,0.7746728686459247,0.3428157138218614,-0.05140849332008119,0.020672107344105406,-0.0781135527966898,0.01842722545440839,0.7750014988554453,0.35108779003939683,-0.0511834512219172,0.02063506864808562,-0.07835684341925167,0.0003285270009631947,1.4402959564335974e-05,-0.0012275130702396446,-0.0024330471896332265,0.00022444049273539978,0.0015398704560160082,3.0187564399690077e-05,-0.0019688792719297905,-0.03705414427859482,-0.002463305129702466,-0.000711582061387282,0.0007403194853687136,8.27939577173267
1781505971.8404286,0.018317666913497257,0.7746524761296896,0.34279143628252107,-0.0512735275115778,0.020692154895032067,-0.07813563595736314,0.01842722545440839,0.7750014988554453,0.35108779003939683,-0.0511834512219172,0.02063506864808562,-0.07835684341925167,0.0003388527358769071,-7.968696421410554e-05,-0.0012982967600449896,-0.0006890239911620975,0.0004309255471229383,0.0011422845814054359,-0.0001850039723692372,-0.0023658067653399236,-0.03753445137534867,-0.003300060999130357,-0.000744745591742465,0.0011338048844323342,8.30441482563384
1781505971.8504283,0.01830954627843557,0.7746103598838212,0.3422721299073136,-0.05115939812593469,0.020708569434419788,-0.07815523482203653,0.01842722545440839,0.7750014988554453,0.35108779003939683,-0.0511834512219172,0.02063506864808562,-0.07835684341925167,0.0003428483504211163,-0.00015421011419613985,-0.0013386692676547643,0.0006365754339821897,0.0005738357524720433,0.0008131228769782453,-0.00032655871876637765,-0.0024640682172015938,-0.03808943118104611,-0.002919851375212251,-0.00039864853291848894,0.001545739894790078,8.82511765632519
1781505971.8604283,0.018300613603145915,0.7745709650329917,0.34175645483406414,-0.05106400478625204,0.020721812409076668,-0.07817243635324723,0.01842722545440839,0.7750014988554453,0.35108779003939683,-0.0511834512219172,0.02063506864808562,-0.07835684341925167,0.00034171168578728245,-0.0002120812995144898,-0.001354116933997659,0.0016123784601601572,0.000665201251016492,0.0005442382968398078,-0.00039209338888075007,-0.0018505326615350915,-0.03855714366988594,-0.003642790676933399,-0.00023644020728805646,0.0017527289755715275,9.342120029599167
1781505971.8704307,0.01829098788572941,0.7745339571688205,0.3412439043104866,-0.05098526089208349,0.02073231637619477,-0.07818737120683178,0.01842722545440839,0.7750014988554453,0.35108779003939683,-0.0511834512219172,0.02063506864808562,-0.07835684341925167,0.0003364693679131969,-0.0002558514479859074,-0.0013493598693234,0.0022993802319800417,0.0007154463353457953,0.0003278767965480361,-0.00043683572607725453,-0.0012022048715144833,-0.038109333794029705,0.0002905034976000167,0.0005368554765981417,0.0010603739661556523,9.855924215805112
1781505971.8804438,0.01828077346212193,0.7744990315245035,0.3407340311009186,-0.05092114728417981,0.020740480424228602,-0.07820019922024699,0.018413163026521573,0.7749059145900408,0.34918020314093084,-0.05129426214095173,0.0206036111393888,-0.07829214210880306,0.00032799756733471226,-0.0002877470504300334,-0.0013284432658746193,0.002751187693751621,0.0007335068492104841,0.00015679099114145574,-0.00020350659962091116,-0.0005441912818702269,-0.03706383915572343,0.0036745552542372497,0.00028422427613590095,0.0006872776936711149,8.457003189976195
1781505971.8904305,0.0182742646968231,0.7744866489475207,0.3402399047654098,-0.05102818321195959,0.020773000436114186,-0.07822019004108619,0.018413163026521573,0.7749059145900408,0.34918020314093084,-0.05129426214095173,0.0206036111393888,-0.07829214210880306,0.0003367896056169456,-0.00020397049104380172,-0.0011964624971575793,0.0012868408621740858,0.0010190631440843989,-6.015611662329095e-05,-0.00043639467815436117,-0.000926519728046269,-0.03818965940837515,0.0019221201063897302,0.0005433071567827842,0.001060835826008285,8.95120167733559
1781505971.900442,0.01826666375133435,0.7744725625780952,0.33974580658313497,-0.05111938983194854,0.020799419144356346,-0.07823690455643888,0.018413163026521573,0.7749059145900408,0.34918020314093084,-0.05129426214095173,0.0206036111393888,-0.07829214210880306,0.0003395801516365564,-0.00013413240513243912,-0.001075351484694015,0.0001544318711378754,0.0012051248800730554,-0.0002210675566183749,-0.00021002833911711524,-0.0009713955876791647,-0.04054416612059534,0.0020724649335439223,0.0006074954282832738,0.0005382291269295403,9.44548010498346
1781505971.9104288,0.018258125848117084,0.7744569661961863,0.3392516702704612,-0.05119623939745762,0.02082054355248042,-0.07825070597620429,0.018413163026521573,0.7749059145900408,0.34918020314093084,-0.05129426214095173,0.0206036111393888,-0.07829214210880306,0.00033751750174127793,-7.63686709735971e-05,-0.0009645010202254027,-0.0006982704232158945,0.0013115460451276972,-0.00033558703936506225,-0.0004986686364998288,-0.0017336807903599594,-0.041627196024514056,0.0014981332778235125,0.0014816596615247152,0.0007638978884052873,9.939887129491362
1781505971.9204314,0.018248788618801574,0.7744400375178039,0.33875744075586883,-0.05126022803793288,0.020837123169379135,-0.07826194635229042,0.018413163026521573,0.7749059145900408,0.34918020314093084,-0.05129426214095173,0.0206036111393888,-0.07829214210880306,0.00033158497233021233,-2.902982739880583e-05,-0.0008632920361560996,-0.0013180573340140043,0.0013553824526279913,-0.00041221058272426314,-0.0004878591484351812,-0.002751583179522153,-0.0448562183725193,-0.0015377582048448077,0.0014401166428302833,0.0005647573728816005,10.434463863937278
1781505971.9304292,0.018251157264625825,0.7744466910266999,0.3387623065646235,-0.051312828814725826,0.020849843916896038,-0.07827095971126559,0.018397056451719462,0.7748359426176115,0.34712913139907753,-0.05120671903222654,0.0206495763189094,-0.07825645932448058,0.00032262097871179967,9.340362682717865e-06,-0.0007711053942944079,-0.0017463634989560606,0.0013511264958840185,-0.00045834160820003636,-0.00046553632199417336,-0.0029266843142778894,-0.042279165500038775,0.0014928653376403403,0.001724876420937455,0.0001477746750510999,8.377145169104924
1781505971.940436,0.018240577283659017,0.7744275886685577,0.3382677641848555,-0.051355457178693865,0.020859325307236665,-0.07827805740314267,0.018397056451719462,0.7748359426176115,0.34712913139907753,-0.05120671903222654,0.0206495763189094,-0.07825645932448058,0.0003113369899158649,4.0024569257442727e-05,-0.0006873297448856356,-0.002019475809992054,0.001310953204249891,-0.00048036215769051225,-0.0002577696086691186,-0.0032922593906419585,-0.042652255272156776,-0.0004395276368056775,0.001619697582746985,-0.0005189569041890322,8.872151237610526
1781505971.9504302,0.018241123495687846,0.7743924042405287,0.33775930844280594,-0.0513301333884163,0.020853803114445624,-0.07823592005350502,0.018397056451719462,0.7748359426176115,0.34712913139907753,-0.05120671903222654,0.0206495763189094,-0.07825645932448058,0.00037487818160389006,-4.127272239893913e-05,-0.0007048161163578732,-0.001532141267826989,0.0010840323531947956,2.8295252303001312e-05,-0.0003394176975883808,-0.002893237171075152,-0.04278283505569583,0.0016183798652595076,0.0020916121275747525,-0.0010978546835583942,9.381610928331874
1781505971.9604306,0.01823960504688877,0.7743586773372493,0.33725260676023255,-0.05130742693740509,0.02084816185797389,-0.07820045374464005,0.018397056451719462,0.7748359426176115,0.34712913139907753,-0.05120671903222654,0.0206495763189094,-0.07825645932448058,0.0004211372571681892,-0.00010601303821204032,-0.0007099229700672058,-0.0011250612354035082,0.0008843323665617229,0.0004086411531035179,-0.0004890863477340884,-0.002348106788484557,-0.04445521538713111,-0.001346629704686829,0.0014094417701525001,-0.0004433445185932972,9.889302909428661
1781505971.970435,0.01823629490018526,0.7743262303826277,0.3367474020513885,-0.051287303064926244,0.020842585979564676,-0.07817095666249435,0.018397056451719462,0.7748359426176115,0.34712913139907753,-0.05120671903222654,0.0206495763189094,-0.07825645932448058,0.0004529365644324618,-0.0001566415327947121,-0.0007050271702537667,-0.0007892555506439786,0.0007104951281155816,0.0006824363190817584,-0.0006743566831785205,-0.0013451955714591526,-0.0409265792738023,0.0018772208818586202,0.0009062545962984798,-0.0001253980664314712,10.395477626718838
1781505971.9804368,0.018231434416886075,0.7742949063138437,0.3362434696996254,-0.051269665035910725,0.020837211859523475,-0.07814673955516742,0.01837501876273767,0.7747156433590492,0.34501318234227274,-0.05117554687202833,0.02073708721364853,-0.07827898572600858,0.00047272502840296234,-0.00019529992172763396,-0.0006921635434931145,-0.0005160448408945127,0.0005607949267094389,0.0008689019869704642,-0.0004804128477898764,-0.0010643740258114629,-0.03954220333296327,-0.0007568808934720315,0.0015021006116556078,-0.0001406883267022606,8.780973520071162
1781505971.9904315,0.018225236580724016,0.7742645661829675,0.3357406139521429,-0.051254372329479506,0.02083213613455115,-0.07812714145357579,0.01837501876273767,0.7747156433590492,0.34501318234227274,-0.05117554687202833,0.02073708721364853,-0.07827898572600858,0.00048262076990719,-0.0002238591901721049,-0.0006730665543878781,-0.00029721264999392645,0.0004332779090610357,0.0009848304557170029,-0.0006316253548694258,-0.001548469957545331,-0.03983643621654685,-0.0009034354415275896,0.0014095064024041433,0.0003251563470026491,9.284741777263706
1781505972.0004542,0.018216149561874787,0.7742435371590229,0.3352449463436001,-0.05130118002261207,0.020863750522604585,-0.07821309850325452,0.01837501876273767,0.7747156433590492,0.34501318234227274,-0.05117554687202833,0.02073708721364853,-0.07827898572600858,0.00046897380887747246,-0.0001597375929005844,-0.0005942116329022759,-0.000756215787806722,0.000778731554071763,-4.195386501490992e-05,-0.0005448120005296429,-0.0018799173335997477,-0.04118361741718147,-0.003214047583918605,0.0022100060403658925,0.00026416445637930414,9.780928289934984
1781505972.010428,0.01820627307817531,0.774222088185174,0.33474917939082505,-0.051339855298207254,0.0208896260504976,-0.07828532200812482,0.01837501876273767,0.7747156433590492,0.34501318234227274,-0.05117554687202833,0.02073708721364853,-0.07827898572600858,0.0004520760206092643,-0.00010623845862063428,-0.0005233797542575066,-0.0010794286418519304,0.001016255084876951,-0.0008101404969476727,-0.0007220287844281866,-0.0015311215866017475,-0.04135451009798893,0.00010136098119074463,0.0025829105029786313,0.00029520100737370417,10.27724809484739
1781505972.0204258,0.018208150571181816,0.7742250575815748,0.3347525244184604,-0.05137137817082119,0.020910493966071142,-0.07834527818229484,0.01837501876273767,0.7747156433590492,0.34501318234227274,-0.05117554687202833,0.02073708721364853,-0.07827898572600858,0.0004327826676454305,-6.194464079655902e-05,-0.0004598860708296833,-0.0012920519624205497,0.0011664078639449208,-0.0013635411989961523,-0.0004112973675206778,-0.0017863734480114632,-0.04162497004480493,-0.0007882597758266895,0.0015656910239096502,0.0003815110141638336,10.27373449276877
1781505972.0304391,0.018197065858093667,0.7742029473429131,0.3342565015350924,-0.051396678807233476,0.020927039106840795,-0.07839440147429372,0.01834631589370378,0.7746392522507709,0.3429846963626267,-0.0512350323264428,0.02080966718908206,-0.0782643872504066,0.0004118106860307973,-2.56018515299919e-05,-0.00040308782294849087,-0.0014159947694952113,0.0012469860785916298,-0.0017408619360591172,-0.0002626280472297737,-0.0022972674039660784,-0.041680048089904796,-0.0011690634551707797,-0.0004525983434775372,0.0006263456875719921,8.740367411793782
1781505972.0404315,0.018209696775827174,0.7741745741115297,0.333764666475469,-0.05144054379969347,0.020926755701108135,-0.07835866796174136,0.01834631589370378,0.7746392522507709,0.3429846963626267,-0.0512350323264428,0.02080966718908206,-0.0782643872504066,0.0005450599085683546,-6.772584125232551e-05,-0.0003294350315924264,-0.0017484503976390355,0.0010876917297192757,-0.001161470210136041,-7.38854417739386e-05,-0.002853676106772655,-0.04233223834571812,-0.0014651441204799626,-0.0008474671284016304,2.6037254170221557e-05,9.232742911862069
1781505972.0504346,0.018218440919509735,0.7741466823444172,0.3332720236849526,-0.05147580952633596,0.020925575347912506,-0.07832749645207801,0.01834631589370378,0.7746392522507709,0.3429846963626267,-0.0512350323264428,0.02080966718908206,-0.0782643872504066,0.0006451223445344985,-0.00010068369410228003,-0.0002661342717361904,-0.0019496899380125143,0.0009385595495530276,-0.0006955614381038706,-0.00022875722189960162,-0.003213855322860472,-0.043825967837515405,-0.0006021048532571273,-0.0005587373862116852,-0.00015919838171438952,9.725995458836419
1781505972.0604355,0.018236227458179783,0.7741440495835705,0.3332778726267311,-0.05150366678899444,0.020923755124546473,-0.07830059626405604,0.01834631589370378,0.7746392522507709,0.3429846963626267,-0.0512350323264428,0.02080966718908206,-0.0782643872504066,0.0007172754265591967,-0.00012586560889883079,-0.00021194592974294719,-0.002047104822037797,0.0008011250061552148,-0.0003274341854061672,-0.00029710881776164814,-0.0034800817451374386,-0.04571089115790226,-0.00238106225637496,0.0015207436272973885,-0.0009745914503774787,9.720070585391069
1781505972.070437,0.018251070602749855,0.7741417984199206,0.3332830517146262,-0.05152521060297112,0.020921505184875677,-0.07827763271181719,0.01834631589370378,0.7746392522507709,0.3429846963626267,-0.0512350323264428,0.02080966718908206,-0.0782643872504066,0.0007661093757246904,-0.00014448612896121786,-0.0001657594134787844,-0.002064060588897146,0.000676218047907709,-4.2647503716576086e-05,-0.0003341697716312457,-0.0022396142936874958,-0.04318087131476016,-6.817544582323387e-05,0.0009128491239088986,-0.001150801273947679,9.714856707916654
1781505972.0804343,0.018250936971231584,0.7741150109449169,0.3327883972655388,-0.05154143424108733,0.020918994775134037,-0.07825824729014332,0.01833147126138074,0.7744924031065152,0.3408259135751746,-0.05131228547268609,0.020815671912557843,-0.07827848328662315,0.0007956045753707295,-0.00015760339659213538,-0.0001265817781384322,-0.002020266708403655,0.0005641173659089137,0.00017189986532692192,-0.0006127308499832847,-0.0022776535604230957,-0.04123201881499415,-0.002056324306644442,0.0010439591956882374,-0.0005509451973619848,8.046774449628058
1781505972.090429,0.018240311275927255,0.7740916110670327,0.33225721439372763,-0.05151180937315799,0.020919756400091805,-0.0783235693394691,0.01833147126138074,0.7744924031065152,0.3408259135751746,-0.05131228547268609,0.020815671912557843,-0.07827848328662315,0.0007577823000253494,-0.00010836795277358075,-0.0003236833970174813,-0.0014613800912980563,0.000547576133481184,-0.0005584580635965804,-0.00045532332041212824,-0.002216794009449203,-0.040573446788483854,-0.0030060245619334984,0.0007698518111716665,-0.000553481718867382,8.578551746302553
1781505972.100434,0.018229004190712578,0.7740681722167702,0.33173078022021035,-0.05148553901316514,0.020919923283097663,-0.07837797272351474,0.01833147126138074,0.7744924031065152,0.3408259135751746,-0.05131228547268609,0.020815671912557843,-0.07827848328662315,0.0007178177216409495,-6.746992832927935e-05,-0.0004778098876699077,-0.0010026218194936587,0.0005201988661695774,-0.001090402909971355,-0.0005625639161845191,-0.0020568090766954284,-0.03986106240591006,-0.003968646217388364,0.0008169519358303711,2.9816479468084458e-05,9.105598392910188
1781505972.11044,0.018229566665059715,0.774069525100454,0.3317077296506137,-0.05146250116267041,0.020919639632447362,-0.07842270598776925,0.01833147126138074,0.7744924031065152,0.3408259135751746,-0.05131228547268609,0.020815671912557843,-0.07827848328662315,0.0006766397516792553,-3.378317981610158e-05,-0.0005954841600246905,-0.0006314441690193711,0.00048545062012392883,-0.001459123048219793,-0.0001862425769682549,-0.0018591828673702577,-0.03967931320708831,-0.001524257172393215,0.0014320049198603799,-0.0006860027204934263,9.128553469026897
1781505972.1204314,0.0182296754996781,0.7740708275452737,0.3316883056659231,-0.05144251593506468,0.020919025891198872,-0.07845896931309594,0.01833147126138074,0.7744924031065152,0.3408259135751746,-0.05131228547268609,0.020815671912557843,-0.07827848328662315,0.0006350094702261117,-6.312295323837816e-06,-0.0006824045176673023,-0.0003360481390640011,0.0004461297330695442,-0.0016954517728142741,-0.00017262952811330492,-0.001367610972549536,-0.03795204278448742,0.0005221572221565851,0.0011185773483123477,-0.0003557005784330021,9.147894109255546
1781505972.1304417,0.018229419898506793,0.7740720806969,0.3316720373794893,-0.05142536499202614,0.020918181394834923,-0.07848789379231931,0.018314862710524016,0.7743969871312906,0.3387908994320176,-0.05144047578909515,0.020858968061895578,-0.07830854487855847,0.0005935435831872036,1.5820576413042525e-05,-0.0007435350890569897,-0.00010551871676351914,0.00040445831362120025,-0.0018261152896366082,0.00011897407675432106,-0.002068046452111085,-0.038636483126643924,-0.0017720757130303356,0.0010101494210294558,-0.0006162100985558455,7.126784800185949
1781505972.1404266,0.018228875817456344,0.7740732825722338,0.3316585069378774,-0.05141080715955337,0.0209171869380802,-0.07851052779365031,0.018314862710524016,0.7743969871312906,0.3387908994320176,-0.05144047578909515,0.020858968061895578,-0.07830854487855847,0.0005527350824624639,3.338778886423929e-05,-0.0007831877260243849,7.009797674320441e-05,0.00036216583525471583,-0.0018740309456469297,9.96441553134447e-06,-0.001962105159987599,-0.03671145266003079,0.0011311108289547402,0.000828710804947209,-0.0007912277914731327,7.1402521718634855
1781505972.1504357,0.01825016143470298,0.774077532808715,0.3317179713010166,-0.05137127611274163,0.020890865412773074,-0.07844275261073368,0.018314862710524016,0.7743969871312906,0.3387908994320176,-0.05144047578909515,0.020858968061895578,-0.07830854487855847,0.0006564296793825082,3.7674495995404794e-05,-0.00036135342142390616,0.0004785553751341507,-2.3255396606328203e-06,-0.0009454360751335804,-7.82668600441151e-06,-0.0025456320311678235,-0.03897867599523122,-0.003075394209005698,0.00039510652981186587,-0.0004739016067513873,7.080434285099372
1781505972.1604319,0.018268071381873426,0.7740811653161876,0.3317691535412012,-0.051338449602068306,0.02086877166606782,-0.07838488144571888,0.018314862710524016,0.7743969871312906,0.3387908994320176,-0.05144047578909515,0.020858968061895578,-0.07830854487855847,0.000731355287292916,4.0638375275134365e-05,-1.8137452129079177e-05,0.0007715005831640063,-0.00027535979523123864,-0.00022379162580140645,0.0002346082754336924,-0.0023980479561826864,-0.039272079402953165,-0.0030881963619179605,-0.00022096105279877218,-0.0009195877851291275,7.029000512343801
1781505972.1704268,0.018283045686429147,0.7740842391603688,0.3318130324718594,-0.05131154489888933,0.02085045074562797,-0.07833601495300097,0.018314862710524016,0.7743969871312906,0.3387908994320176,-0.05144047578909515,0.020858968061895578,-0.07830854487855847,0.0007822365396723142,4.250276851050114e-05,0.00025761693346578975,0.0009698773903730121,-0.0004723954217410618,0.0003230383539063308,8.642975073855109e-05,-0.0021441081271770237,-0.035492679957065454,-0.0005303339549768808,-0.000830829430549965,-0.0011300618338219118,6.984944590331821
1781505972.180427,0.018295474346368853,0.7740868129583356,0.33185048833335556,-0.051289813475763016,0.020835458436222698,-0.07829523283656982,0.018317047913580797,0.7742887069329418,0.33691633076091493,-0.05150368045988231,0.020874065374564266,-0.07835358733466931,0.0008131709118312485,4.34609001124545e-05,0.00047572088278288076,0.0010919669447235134,-0.0006070950358612303,0.000723917432361457,-0.0001413866552954468,-0.0022454504850234554,-0.03341332919966963,-0.0024869898846766906,-0.0003846911989209362,-0.0012699630344296864,5.069909870662899
1781505972.1904364,0.018305702345260466,0.7740889435360876,0.331882310710236,-0.05127255291865522,0.020823370730325808,-0.07826162428954615,0.018317047913580797,0.7742887069329418,0.33691633076091493,-0.05150368045988231,0.020874065374564266,-0.07835358733466931,0.0008277004941679206,4.367936870572549e-05,0.0006447810111320635,0.0011535549416393537,-0.0006914017329214073,0.0010044672071108356,-5.296614376968949e-05,-0.0017188552929478127,-0.029454575941921055,0.00033853486081496427,-0.0001039658303727475,-0.0014447780733585435,5.037994839941858
1781505972.200429,0.01831421084247662,0.7740951471170221,0.3319072125241747,-0.051269693164865474,0.020783030201122932,-0.07824864048207904,0.018317047913580797,0.7742887069329418,0.33691633076091493,-0.05150368045988231,0.020874065374564266,-0.07835358733466931,0.0008344032139482863,7.56754235694104e-05,0.0007476512116755232,0.0010559071941012301,-0.0010630026728259629,0.0010137695851057007,-0.00011359411407998683,-0.0011309337620040221,-0.02879322825289608,-0.0015608732109033902,0.00039582684204822157,-0.0011034489432486284,5.012857364912227
1781505972.2104356,0.018321081680425354,0.7741003756802355,0.3319280651976246,-0.051268278264779144,0.020750027414049965,-0.07823869972242914,0.018317047913580797,0.7742887069329418,0.33691633076091493,-0.05150368045988231,0.020874065374564266,-0.07835358733466931,0.0008292112414881986,0.0001004021129447936,0.000820759146870098,0.0009538386179553009,-0.0013123329634619494,0.0009929917641433909,3.318591091776006e-05,-0.0006192668826008021,-0.025618628640197916,0.0005724120555081811,-0.0003610218718901511,-0.00018389841428012005,4.991821136812626
1781505972.2204337,0.018326552736021837,0.774104754863169,0.33194539758194946,-0.051267984516094975,0.020723425931156836,-0.07823131110463706,0.018317047913580797,0.7742887069329418,0.33691633076091493,-0.05150368045988231,0.020874065374564266,-0.07835358733466931,0.0008145363170030327,0.00011897983860927443,0.0008690483827143865,0.0008512519045607525,-0.0014632252571330972,0.0009502441500348175,-0.00012376973472979404,-0.0005013070925564583,-0.02309588828704793,-0.000949272387136576,-5.43417122423369e-05,0.0010279144269220327,4.974344718187818
1781505972.2304335,0.018330831810477607,0.7741083970565806,0.331959681487648,-0.05126853873657215,0.020702348884630073,-0.07822603696217297,0.01831271421484698,0.7742323751474418,0.33551738605691883,-0.05151527165865626,0.020872707367632026,-0.07838245672290557,0.000792434679419367,0.00013238594264353287,0.0008968019593906328,0.0007510853045870189,-0.0015362310423870096,0.0008922050846994951,-0.000150908293257826,-1.1634735027783875e-06,-0.01928294301905612,0.0026483837444163205,-0.0007371566273637494,0.0016991562205678338,3.559910197813378
1781505972.2404308,0.01833410012429252,0.7741114023903158,0.33197133636824044,-0.05126971306358061,0.020685988045038517,-0.07822249149503252,0.01831271421484698,0.7742323751474418,0.33551738605691883,-0.05151527165865626,0.020872707367632026,-0.07838245672290557,0.0007646511261383981,0.0001414705387279083,0.0009077183942212424,0.0006554740397454109,-0.00154888079921137,0.0008242970794342131,-0.00017297835398091336,-0.00019840556242923835,-0.017098759114439237,0.0037309341248618435,-0.0016377337033003818,0.0022634387484962047,3.548177019212199
1781505972.2504437,0.018346610698333377,0.7741041386456844,0.3320230942535141,-0.0511521041682408,0.020660023882985268,-0.0782017829712467,0.01831271421484698,0.7742323751474418,0.33551738605691883,-0.05151527165865626,0.020872707367632026,-0.07838245672290557,0.0008002632656476005,9.43363888733125e-05,0.001170972117814037,0.001863194839422001,-0.0016743960634896045,0.0009455209804466995,-8.564712281141496e-05,-6.644518149943453e-05,-0.016903148085362956,0.0036522852441134876,-0.002122679042490087,0.0026803163843080765,3.496808370402515
1781505972.2604325,0.018356944849690433,0.7740978567179075,0.33206673050061797,-0.05105491546415565,0.020639674650616113,-0.07818531410735603,0.01831271421484698,0.7742323751474418,0.33551738605691883,-0.05151527165865626,0.020872707367632026,-0.07838245672290557,0.0008187115870099086,5.530302097060872e-05,0.0013674677337083638,0.0027170986657191463,-0.0017226110430553778,0.001010461752435378,7.060501520398714e-06,0.0005137078512798235,-0.01671986820737707,0.004925871250698075,-0.0023791863057597775,0.0027604170302337103,3.453559804777245
1781505972.2704296,0.018365401394776316,0.7740924492338743,0.3321032937297155,-0.05097568709605941,0.020624090100246573,-0.07817247185607407,0.01831271421484698,0.7742323751474418,0.33551738605691883,-0.05151527165865626,0.020872707367632026,-0.07838245672290557,0.00082314749700592,2.326733573772624e-05,0.0015078819340613712,0.0032825256790101815,-0.0017115869050322423,0.001031455558593221,2.918374206024845e-07,0.0001092093446155104,-0.015513912110617917,0.0049185045144965805,-0.0021459724827010995,0.0024797412788239424,3.417364718446865
1781505972.280435,0.01837224332736702,0.7740878172138582,0.33213371699372846,-0.050912084397384996,0.020612502590058757,-0.07816269783504744,0.018310135033336672,0.7742335779352001,0.33466937130803065,-0.05131894868536617,0.02079424383172146,-0.07825965829528765,0.0008162784118714982,-2.7448730580508144e-06,0.0016014962891726867,0.003616329463509986,-0.0016564780215502055,0.0010189479948810249,0.0003682473756879327,-0.0006243131326159493,-0.015030353698218354,0.0021121559086065894,-0.002353108443754897,0.0015035386209811155,2.5405996201119114
1781505972.2904458,0.018377701726672923,0.7740838699623049,0.332158828303376,-0.05086193039687697,0.020604227418054455,-0.0781554898552635,0.018310135033336672,0.7742335779352001,0.33466937130803065,-0.05131894868536617,0.02079424383172146,-0.07825965829528765,0.000800421018440504,-2.3591995587865992e-05,0.0016563547960502037,0.003767448656069954,-0.0015698459310106183,0.0009816823003419026,0.0006536968669811909,-0.001065493652289908,-0.01381998761160511,0.0007477088971912372,-0.0019092833152657923,0.0007599964895118293,2.51591015607019
1781505972.3004382,0.018387639129946266,0.774083782475705,0.3322035765951619,-0.05081826323269861,0.02055714992893587,-0.0780973994443446,0.018310135033336672,0.7742335779352001,0.33466937130803065,-0.05131894868536617,0.02079424383172146,-0.07825965829528765,0.0008183922384883487,-3.937885239429896e-05,0.0018188268877138642,0.003819842501072826,-0.0019439424362655967,0.0014816222810797816,0.0005068454920874562,-0.0010805454078780905,-0.013846584742450119,0.00039880169230116665,-0.0014894002861348561,0.0007758961674228222,2.4715560140704893
1781505972.3104398,0.018395764773153557,0.7740836741665962,0.3322408069262698,-0.05078507439915379,0.02051926618071387,-0.07804999103820189,0.018310135033336672,0.7742335779352001,0.33466937130803065,-0.05131894868536617,0.02079424383172146,-0.07825965829528765,0.0008224491908281013,-5.155314715696825e-05,0.0019262087374833058,0.0037545414981208862,-0.0021710223919779873,0.0018156592818067612,0.00033951264294655525,-0.000980643027079699,-0.014687430841347437,0.0004274291926566622,-0.0017426716511250151,0.0008186650208783732,2.4346927010488004
1781505972.3204355,0.018402333892524565,0.7740835412475479,0.332271526445943,-0.05076064455121696,0.020489308436707265,-0.07801188356056762,0.018310135033336672,0.7742335779352001,0.33466937130803065,-0.05131894868536617,0.02079424383172146,-0.07825965829528765,0.0008152847369096163,-6.067311342299495e-05,0.00198800498302628,0.00360284281223618,-0.002281733757795068,0.0020162460575584395,0.0004636218852770307,-0.0001314659398066299,-0.012786459726175306,0.0026301166197508783,-0.0016000478546709768,0.0007572289381565269,2.4043027305057483
1781505972.3304353,0.01840757021990442,0.7740833840265344,0.3322966291504167,-0.05074344583282572,0.020466109718302983,-0.07798178776889222,0.01833086245219251,0.7741972349896352,0.3339739188986123,-0.0512459125447882,0.020715837317301755,-0.07820943791082048,0.0007992028202194057,-6.722558754045675e-05,0.0020124233081785952,0.0033905613860009975,-0.002302224904431119,0.0021113515660379895,0.00021048421823819443,5.1535092495473324e-05,-0.010676236963877959,0.0030170008365418177,-0.001715646733252133,0.0015307516964444322,1.6828983994372146
1781505972.3404343,0.01841166958497082,0.7740832055053449,0.33231690614702036,-0.050732135654798706,0.020448610521439425,-0.07795851848199586,0.01833086245219251,0.7741972349896352,0.3339739188986123,-0.0512459125447882,0.020715837317301755,-0.07820943791082048,0.0007761659780411632,-7.163392139147823e-05,0.002006526237371581,0.0031386978685599984,-0.002254557169070245,0.0021248195425076135,0.00044238693563085997,-0.00023712114599881744,-0.00847560112304175,0.003700774533315291,-0.0016409657126698221,0.0016893503047674117,1.66289620088975
1781505972.3504324,0.01841327094208192,0.7740905768378088,0.3323190387254693,-0.050751962492390834,0.02044270128073844,-0.07797294626888698,0.01833086245219251,0.7741972349896352,0.3339739188986123,-0.0512459125447882,0.020715837317301755,-0.07820943791082048,0.0007375036308392661,-1.6996470879716517e-05,0.001889166324203466,0.0025828143780977663,-0.002064875601045873,0.0017323102448065348,0.0002720889182917173,-0.00016012841376499747,-0.007327131238200561,0.004976409665521705,-0.0014975977504030212,0.00233165664575303,1.660360053728885
1781505972.360434,0.018414277160776288,0.7740968662221672,0.33231970906837194,-0.05077104469417652,0.020439543792290182,-0.07798676610637033,0.01833086245219251,0.7741972349896352,0.3339739188986123,-0.0512459125447882,0.020715837317301755,-0.07820943791082048,0.0006971216166512208,2.708037005603345e-05,0.0017710152812020355,0.0020956092630631464,-0.00186623255525375,0.0013908007560760347,0.0005321931653242274,-5.928354293021423e-05,-0.0069238248579959845,0.005882071546214161,-0.0027142343015309463,0.0025526940243922524,1.6593498924443062
1781505972.3704355,0.01841479092756791,0.7741022124193514,0.33231920344387106,-0.05078904662992168,0.020438534498054883,-0.07799975224750771,0.01833086245219251,0.7741972349896352,0.3339739188986123,-0.0512459125447882,0.020715837317301755,-0.07820943791082048,0.0006558707810978895,6.212093882113046e-05,0.0016537262340920542,0.0016731991093218031,-0.0016663123318552318,0.0010968511215116202,0.00027216094365653716,0.0002539186344494514,-0.006203564406597927,0.005543892910157194,-0.002074363205510057,0.0026445013697250484,1.6595651581066708
1781505972.380439,0.018414900902445488,0.7741067380642236,0.33231776647878203,-0.050805746396985874,0.02043916238444332,-0.07801175834600929,0.018351576430765792,0.7741971795585469,0.33358970639405006,-0.05100654334042876,0.02063046259317125,-0.07809165856256228,0.0006144451690494955,8.946343130347736e-05,0.00153861534545999,0.0013109004782144752,-0.001470907488120698,0.0008465822117915716,0.0005533878962898069,0.0002874961823617332,-0.0054505562969363285,0.004792834834193082,-0.0015183131292338735,0.0018389408351794458,1.2767226796219264
1781505972.3904314,0.01841468341902408,0.7741105513509583,0.33231560612033595,-0.05082101337606652,0.020440999762253886,-0.07802270155646156,0.018351576430765792,0.7741971795585469,0.33358970639405006,-0.05100654334042876,0.02063046259317125,-0.07809165856256228,0.0005734041556901346,0.00011027965767764201,0.0014267115958149286,0.0010035587267866722,-0.0012842346014492446,0.0006358919825203637,0.0006233300801716589,5.354735753106315e-05,-0.0051104113354094125,0.003537347845099017,-0.0016703084941130295,0.0014381453144700546,1.2786001899716017
1781505972.4004445,0.018426359654950056,0.7741082727133775,0.3323534535329153,-0.0508141798891225,0.020463622455180408,-0.07801162179714712,0.018351576430765792,0.7741971795585469,0.33358970639405006,-0.05100654334042876,0.02063046259317125,-0.07809165856256228,0.0006083242166830462,8.548350051263375e-05,0.0015869407137837702,0.0009661202369798235,-0.0009035198984845673,0.0006997916625522766,0.000289873049359484,-0.00045140593901172774,-0.005052315585627404,0.0022754464861427627,-0.001383258834931176,0.0017004675595319696,1.2416996796332376
1781505972.4104414,0.018436048709269223,0.7741062403382041,0.332385021451662,-0.050809333085484215,0.02048344605939989,-0.07800298677427009,0.018351576430765792,0.7741971795585469,0.33358970639405006,-0.05100654334042876,0.02063046259317125,-0.07809165856256228,0.0006286490186325371,6.44946485064866e-05,0.0016954601977631897,0.00091162471746282,-0.0005935311557315953,0.0007285130691085097,0.00037385056049345233,-0.0005507762484360419,-0.004830169103776511,0.002217287045168896,-0.0014736743155393615,0.001383333891111823,1.211062062013616
1781505972.4204404,0.018444016696285172,0.7741044310886286,0.33241115696800655,-0.05080610758016076,0.02050062979320244,-0.07799641988473813,0.018351576430765792,0.7741971795585469,0.33358970639405006,-0.05100654334042876,0.02063046259317125,-0.07809165856256228,0.0006369996025902522,4.682814893159673e-05,0.0017610935238006793,0.0008458403305971324,-0.0003450202949216102,0.0007300907192774521,0.00048106035128692626,-0.0005677058194593161,-0.005390260092147537,0.0012176269921395642,-0.0011956134702305176,0.0007920713542003557,1.1858019358176852
1781505972.4304411,0.018450499722930586,0.7741028240369479,0.332432607112255,-0.05080418520628632,0.020515365206615677,-0.07799158233923423,0.018374612256293776,0.7741802778413616,0.3333333676007225,-0.050898035528736084,0.020566717224705267,-0.07802586264279246,0.0006356317954442822,3.205259717920376e-05,0.0017914673527453838,0.0007733980481774192,-0.00014937520684403264,0.0007112875240837775,0.0002637418923220478,-0.00026416359440656486,-0.00499964368590582,0.00048641746230112046,-0.0007589461907719229,0.0006319576178184582,0.9072637196510172
1781505972.4404352,0.018455706712170235,0.774101400171272,0.33245002939492135,-0.050803291887963106,0.020527862833755517,-0.07798817295454959,0.018374612256293776,0.7741802778413616,0.3333333676007225,-0.050898035528736084,0.020566717224705267,-0.07802586264279246,0.0006264796563401177,1.97850419675335e-05,0.0017931509367998524,0.000697950002219217,1.3039655690481899e-06,0.0006777285236775777,0.000457860191490995,-0.0003410456102487896,-0.0048958502369706525,-9.721169759616564e-05,-7.091505029401169e-08,8.461009339618837e-05,0.8905528526935788
1781505972.4504385,0.018446449957574513,0.7741022686636709,0.33242849958395704,-0.05082060319068582,0.020545736707557438,-0.07804485839716604,0.018374612256293776,0.7741802778413616,0.3333333676007225,-0.050898035528736084,0.020566717224705267,-0.07802586264279246,0.0005254385556901097,4.377158921585733e-05,0.0015466964492944755,0.0004454667110317737,0.00022745566602750154,-4.2577727095501235e-06,0.0004747886249745204,-4.720117080116393e-05,-0.0043641720711007186,0.0006746829028759997,-0.00010828564587209582,7.483153255149661e-05,0.9110610379630794
1781505972.4604332,0.0184382118290019,0.7741030514205304,0.33240920757755027,-0.05083557299151338,0.020560560947917583,-0.07809252163832979,0.018374612256293776,0.7741802778413616,0.3333333676007225,-0.050898035528736084,0.020566717224705267,-0.07802586264279246,0.00043766763277392075,6.247271488834681e-05,0.0013292511889299238,0.00024409648560438796,0.00039067624001800825,-0.0005151310156594893,0.00026386922005184493,-0.00042344630959007673,-0.00479176537684878,-0.00039989740858423467,-0.00046850324936251425,0.0006684983813114867,0.9295593440726546
1781505972.4704328,0.018430895307517323,0.7741037665626714,0.3323919598819163,-0.050848378467260716,0.020572694575218486,-0.07813212011796421,0.018374612256293776,0.7741802778413616,0.3333333676007225,-0.050898035528736084,0.020566717224705267,-0.07802586264279246,0.0003616617989846778,7.669388376925373e-05,0.0011378490095250505,8.653545359240894e-05,0.0005022771500798592,-0.0008838109104888971,0.000491452033385017,-2.9057215648929144e-05,-0.0035894602410229117,0.0007981990211611713,-0.00023122337271532677,0.00027117205753788616,0.9461872175472479
1781505972.4804301,0.018424411050830036,0.7741044258949882,0.3323765740076722,-0.050859211647135805,0.02058248021269926,-0.07816459197969264,0.01839316787954981,0.7741669366531425,0.33311668775629194,-0.05088493274697344,0.020560487281706452,-0.07800955607913836,0.00029606373397148374,8.713846696412143e-05,0.0009697787762801043,-3.388806957324937e-05,0.0005721465905531111,-0.0011358582683363956,0.0002863519969560302,-9.311991006605724e-05,-0.002761422600534664,0.0011731951992800724,0.00036246874947968,0.00010142256357898223,0.743405738162327
1781505972.4904268,0.01841867696386457,0.7741050366987051,0.332362878867313,-0.05086827042828154,0.02059023882131039,-0.07819083522815687,0.01839316787954981,0.7741669366531425,0.33311668775629194,-0.05088493274697344,0.020560487281706452,-0.07800955607913836,0.00023965194039917258,9.441896508784494e-05,0.0008225684235166736,-0.0001231894784791646,0.0006088357003151167,-0.0012936175163186599,0.0005187020039450364,-2.6659591105661306e-05,-0.002261263296893367,0.0011315233327421888,0.0004421131906659833,-0.0004036234891173374,0.7567761616525406
1781505972.5004334,0.018426080029638945,0.7741052796225999,0.3323702277003636,-0.05089003883706283,0.020572452097498584,-0.07821480692674704,0.01839316787954981,0.7741669366531425,0.33311668775629194,-0.05088493274697344,0.020560487281706452,-0.07800955607913836,0.00027454542207748717,9.588584136439208e-05,0.0008101869638425676,-0.00034199296910046074,0.00036173828254172034,-0.0014235749553124625,0.0001833407872038717,-0.0002560071499066011,-0.0024614872929421146,0.0007253192587480902,0.0007334406525856684,-0.0003101176085548604,0.7497248923007268
1781505972.510436,0.01843228535915661,0.7741055234354305,0.33237608443573624,-0.050908006282857035,0.020557226158748332,-0.0782336463479504,0.01839316787954981,0.7741669366531425,0.33311668775629194,-0.05088493274697344,0.020560487281706452,-0.07800955607913836,0.00029907820310335194,9.58484392875161e-05,0.0007899815689561982,-0.0004965722285174793,0.00016669380697899452,-0.0014819811430200104,0.00030978234286224016,-0.00014039198355128923,-0.0023021730390048864,0.0015528133016950196,0.00023952744444265717,-0.0005819463453903885,0.7441740649462739
1781505972.5204384,0.018437452301268677,0.7741057635041279,0.33238066396033666,-0.050922634095090104,0.020544335841614414,-0.07824812468945674,0.01839316787954981,0.7741669366531425,0.33311668775629194,-0.05088493274697344,0.020560487281706452,-0.07800955607913836,0.00031498283655887095,9.460391685704068e-05,0.0007637513518036419,-0.0005987995692092735,1.5989984848221447e-05,-0.0014851775151634133,0.00011979685773324293,-0.0002735375750586453,-0.0025363703705382247,0.0007952356855690409,0.00035397051804993964,-0.0007028854964814347,0.7398880269201268
1781505972.5304337,0.018441721420106423,0.7741059953628133,0.3323841562841449,-0.05093435931861884,0.020533548469113594,-0.078258939148969,0.01839316787954981,0.7741669366531425,0.33311668775629194,-0.05088493274697344,0.020560487281706452,-0.07800955607913836,0.0003237594969341214,9.240611997765594e-05,0.0007330169325719145,-0.0006590034329497333,-9.736552763793129e-05,-0.0014469194368407399,0.00021529864196632596,-0.0003465461159838613,-0.0026603193997211086,0.0002743179410353006,8.797027188878687e-05,-0.0009659488824109865,0.7366638615090709
1781505972.5404377,0.01844521651409472,0.774106214994746,0.33238672881337605,-0.05094358884501167,0.020524632111902585,-0.07826671239480985,0.01840884954396993,0.7741585985720673,0.3329941256781443,-0.05083801166154704,0.02059131119699753,-0.0780364323942276,0.0003267028026902514,8.947090828173103e-05,0.0006990560971360344,-0.0006860727975004109,-0.00017963422861925108,-0.0013786480866481467,0.00025548303017847005,-0.0005114050861623156,-0.003190757804738406,-0.0006794461966596229,3.623800228233311e-05,-0.0011095160590519964,0.6107352511680653
1781505972.550427,0.018436345943540187,0.7741091106526126,0.33239050523947195,-0.05097945839758873,0.020524942469736907,-0.0782975706686262,0.01840884954396993,0.7741585985720673,0.3329941256781443,-0.05083801166154704,0.02059131119699753,-0.0780364323942276,0.00024899302820574913,0.0001091316364032918,0.0006787906845139178,-0.0009958506029267577,-0.0001394985802381714,-0.0015643403177039417,0.00032954594396908805,-0.00038401350298513054,-0.003102380934725182,-0.0009271197529458653,7.047838501571069e-05,-0.0014373039200357488,0.6062695276395466
1781505972.5604267,0.018428607166782917,0.7741116171819444,0.3323933608362952,-0.05100868416304021,0.020525403656056707,-0.0783220968494365,0.01840884954396993,0.7741585985720673,0.3329941256781443,-0.05083801166154704,0.02059131119699753,-0.0780364323942276,0.0001834547130751773,0.00012353193245575477,0.0006539211881401214,-0.0012006977912177572,-0.00010560896687707815,-0.0016606526380734082,0.00027310133871116126,-0.000527829033931338,-0.0033238326140073767,-0.0012909175263786576,0.00025650363628835685,-0.0015231496591077102,0.6029228888332463
1781505972.5704336,0.018421874665679176,0.7741137792443938,0.33239544200646415,-0.05103213197131324,0.020525965495398424,-0.07834120727232813,0.01840884954396993,0.7741585985720673,0.3329941256781443,-0.05083801166154704,0.02059131119699753,-0.0780364323942276,0.00012851775573904784,0.00013352682849985297,0.0006256707787093753,-0.0013213167186031723,-7.732666524757519e-05,-0.0016873593709057892,0.0001019392748261949,-0.00042715749772221143,-0.0033673076200464664,-0.0016034700355711555,0.00022219099834447625,-0.0012302941298749227,0.6005002620024883
1781505972.5804403,0.018416034907060657,0.7741156360752532,0.3323968759763086,-0.0510506087173907,0.020526587563749477,-0.07835573675539068,0.01840884954396993,0.7741585985720673,0.3329941256781443,-0.05083801166154704,0.02059131119699753,-0.0780364323942276,8.27873908511478e-05,0.00013985854220979773,0.0005950642244176934,-0.0013755245362861892,-5.40196848298696e-05,-0.0016611820207852385,0.0003453204389230438,-3.626262083781154e-05,-0.0025262438185035753,-0.001133271600357905,-4.524714230012394e-05,-0.0014341634901259813,0.5988360476107238
1781505972.5904336,0.01841098543309323,0.7741172223386247,0.33239777297085543,-0.051064855051861015,0.020527237866618586,-0.07836643618908788,0.018422626759220517,0.7741403453656396,0.3328395602030996,-0.05088787903595726,0.020592197059057238,-0.0781039425551634,4.502728136308204e-05,0.0001431693222474239,0.0005629540364080868,-0.0013784888999558978,-3.507836134803539e-05,-0.001596097010634495,0.0002170949250487117,-0.00023036986857631885,-0.0025905161062940323,-0.001689480283762613,-0.0007709560843050063,-0.0010102657551997424,0.4425450863203887
1781505972.6004379,0.018406633986916627,0.7741185688203096,0.3323982281770257,-0.051075541717316965,0.02052789161543145,-0.07837397302695531,0.018422626759220517,0.7741403453656396,0.3328395602030996,-0.05088787903595726,0.020592197059057238,-0.0781039425551634,1.414393785627741e-05,0.00014401302689285558,0.0005300436403043737,-0.0013429771041804748,-1.992643373795419e-05,-0.0015036413976942807,0.0001872965201277168,-0.00022860287299109202,-0.0021519944554315535,-0.001602796202695809,0.00036015261699880283,-0.0016599889163304569,0.44215827927451395
1781505972.6104321,0.018406273716129004,0.7741157114381885,0.3323887603416708,-0.05097900907660713,0.020486079208120733,-0.07840797275529693,0.018422626759220517,0.7741403453656396,0.3328395602030996,-0.05088787903595726,0.020592197059057238,-0.0781039425551634,1.8469055906605892e-05,0.00014303390366526923,0.00041821531563216693,-0.00013488228190687134,-0.0004546466335583972,-0.001733388846367817,0.00027021993440506454,-0.0001940572098460844,-0.001831182440035574,-0.0011697479226935492,-0.0004381570264589542,-0.0014241484877467424,0.4517684887907321
1781505972.6204326,0.018405989919727684,0.7741133410939154,0.33238033285185453,-0.0508976593836554,0.020451412601809382,-0.07843500426097613,0.018422626759220517,0.7741403453656396,0.3328395602030996,-0.05088787903595726,0.020592197059057238,-0.0781039425551634,2.1707122867556106e-05,0.00014043550503342703,0.00032314332620369114,0.0007739967184429832,-0.000767914855695236,-0.001858085518740006,0.0004433966032713327,-1.7382668629200825e-05,-0.0014885294531488994,-0.000847859096958351,-0.0009864421588825281,-0.0015635072581519428,0.46032138257010224
1781505972.6304312,0.018405774627428397,0.7741114016616822,0.33237283927303873,-0.05082991285465033,0.02042304820502494,-0.07845607408077254,0.018422626759220517,0.7741403453656396,0.3328395602030996,-0.05088787903595726,0.020592197059057238,-0.0781039425551634,2.403150480233196e-05,0.00013657011992953378,0.00024272753148253708,0.0014338043457687473,-0.0009816102209227093,-0.001900657348280727,0.00031271449107700985,-7.93150474157486e-05,-0.0014048109234187007,-0.000641917788219697,-0.00041230585003042877,-0.0017801955299408731,0.46792110328731096
1781505972.6404333,0.018405619226747067,0.774109838071838,0.33236618530989354,-0.050774213366840286,0.02040018163934887,-0.07847209972178253,0.01844105165116644,0.7741338255156549,0.33274240127875165,-0.05094462843829536,0.02056557127794245,-0.07818481296185911,2.5592952649028153e-05,0.0001317366104554416,0.00017509628616119442,0.001888930051510247,-0.001114851092911979,-0.001880530083795561,0.0004315549833911914,-7.874350690312837e-05,-0.0010308273976181379,4.16481526560048e-05,-0.0004835583983884899,-0.002247015403911947,0.3786413994599076
1781505972.6504254,0.018402162287768798,0.7741025639150174,0.3323948953632093,-0.050637400190274,0.02036699291180155,-0.07840468911079647,0.01844105165116644,0.7741338255156549,0.33274240127875165,-0.05094462843829536,0.02056557127794245,-0.07818481296185911,6.2225140362242975e-06,6.97407838544799e-05,0.00033440873659334173,0.0031613326826305296,-0.0013922155801455367,-0.0009587744555454025,0.0003149155796241746,-1.0355493553144177e-05,-0.0012582733628969521,-3.704876176720502e-05,-0.0007207821286492638,-0.002302257691298707,0.35106983863158586
1781505972.6604438,0.018399240749546155,0.7740963786141162,0.3324192216157026,-0.05052521561284636,0.020340394129988004,-0.07834718002127507,0.01844105165116644,0.7741338255156549,0.33274240127875165,-0.05094462843829536,0.02056557127794245,-0.07818481296185911,-9.406399605331333e-06,1.908851214776344e-05,0.00045806319641858407,0.004028172334677662,-0.001561911162873953,-0.00024189330841161262,0.00032290265181030426,-1.736849827355704e-05,-0.0014492206832790854,0.0006691371307803068,-9.526133407618568e-05,-0.002669951031879094,0.3280175552278579
1781505972.6704316,0.018396786302684032,0.774091134187284,0.3324397177714613,-0.05043455491918444,0.0203194621824363,-0.0782986629416729,0.01844105165116644,0.7741338255156549,0.33274240127875165,-0.05094462843829536,0.02056557127794245,-0.07818481296185911,-2.1833683245587222e-05,-2.18156425225205e-05,0.0005515255511514333,0.004567408178674656,-0.001646292938720147,0.00030186018582024237,0.0002745580935674646,0.00021143842296250832,-0.0015166894776745751,0.0013003225392248813,-0.0006619478666737614,-0.0023523306438933207,0.3088677325003759
1781505972.6804383,0.018394737510806787,0.774086701624437,0.33245687906651444,-0.05036250274896991,0.020303350067495618,-0.07825821055042025,0.01844105165116644,0.7741338255156549,0.33274240127875165,-0.05094462843829536,0.02056557127794245,-0.07818481296185911,-3.153331797454295e-05,-5.437597337588817e-05,0.0006195662315652313,0.004846420155008726,-0.0016644451228582195,0.0007010116157668687,7.386238795749082e-05,8.38845634243256e-05,-0.001639459173291023,0.0014850321293892802,-0.0010453770980359829,-0.0016225643840094555,0.2930675594493476
1781505972.6904385,0.01839303941525639,0.7740829686238871,0.33247114698612046,-0.05030636541363567,0.02029129101191396,-0.07822490750545749,0.018457639239873536,0.7741367993888653,0.3326735731182541,-0.050916194376384075,0.020543446175866897,-0.07830010082215245,-3.892036516731833e-05,-7.982553402720286e-05,0.0006663369298367526,0.00492281707900446,-0.001632479025706944,0.0009808922331085703,0.0001703538233317853,0.00023984101480505936,-0.0016240171596608394,0.0022281421257910844,-0.0012269138271201996,-0.0012627451087940116,0.21919677819089964
1781505972.7004282,0.01839126602941905,0.7740851957237646,0.33245190366821786,-0.0502399247169701,0.020290151836388937,-0.07821741397890626,0.018457639239873536,0.7741367993888653,0.3326735731182541,-0.050916194376384075,0.020543446175866897,-0.07830010082215245,-4.709154783397789e-05,-5.3742727109961096e-05,0.0004989731481031461,0.0051090683110567685,-0.001470766088971604,0.0009548643309905559,0.00024046653149559802,0.00042547844625399184,-0.0009043179838437902,0.0038189166773924103,-0.001829502481836494,-0.0009162519820287275,0.23707738482870397
1781505972.7104244,0.018389804914631682,0.774087199716995,0.3324350333812448,-0.05018875255212049,0.02029049812768502,-0.07821205539529522,0.018457639239873536,0.7741367993888653,0.3326735731182541,-0.050916194376384075,0.020543446175866897,-0.07830010082215245,-5.3054456176579533e-05,-3.212317505368008e-05,0.0003582955009973031,0.00510877135389344,-0.001309342360225199,0.0009092211466908935,0.0001965323566505538,0.00018201695109055987,-0.001185413984639916,0.00391486799201386,-0.0019265442636981851,-0.0004929466327121279,0.25290873702405775
1781505972.7204282,0.01838861121915175,0.774089000057777,0.3324202870687203,-0.050150421299439266,0.020291948139608218,-0.07820844295299771,0.018457639239873536,0.7741367993888653,0.3326735731182541,-0.050916194376384075,0.020543446175866897,-0.07830010082215245,-5.7169065075203894e-05,-1.436054584895893e-05,0.00024082329494343538,0.00496870818645608,-0.0011525536406708846,0.0008501313086302354,2.9620811110578284e-05,6.897351375106454e-05,-0.0009103051738955848,0.004593087727096813,-0.0010052764474608696,-0.0004885452441458157,0.26683977699301153
1781505972.730431,0.01838764555350926,0.7740906139063468,0.3324074376871245,-0.05012276053983075,0.02029418556394269,-0.07820623760823658,0.018457639239873536,0.7741367993888653,0.3326735731182541,-0.050916194376384075,0.020543446175866897,-0.07830010082215245,-5.974777252982849e-05,8.077869174162735e-08,0.0001434682860864661,0.004727756767993817,-0.001003529292043295,0.0007825845732611017,3.383132454729228e-05,0.00022758057247830067,-0.0005355242771524948,0.005017235884591053,-0.0011654224252881935,-5.946196957890949e-05,0.27903455454270915
1781505972.7404242,0.01838687345970121,0.7740920566301573,0.3323962786533887,-0.050103851973803924,0.020296951801079155,-0.07820514685643504,0.018462645320971194,0.7741478097145589,0.33261942240540276,-0.050718980968030444,0.020488844021173458,-0.07833095158246291,-6.106082469853376e-05,1.1672862771464843e-05,6.349640985635391e-05,0.004417808641298979,-0.000864401561756563,0.0007105508899936399,0.00012766728581830786,0.00034903248410109015,0.00012758178325748322,0.005978092994603311,-0.0007324913787344955,-0.0003680411492314598,0.24216299354671666
1781505972.7504282,0.018393473917191268,0.7740958452332141,0.3324027015413547,-0.050166721207378966,0.020326169014755813,-0.07817995489753886,0.018462645320971194,0.7741478097145589,0.33261942240540276,-0.050718980968030444,0.020488844021173458,-0.07833095158246291,-1.9991419714072612e-05,1.6758057479586172e-05,0.00011248175144721429,0.0032435739372618554,-0.00046526629415629143,0.0009235801664337819,-5.4303622175012314e-05,0.0002614963874730952,-6.056736351542347e-06,0.00596083074695041,-0.0017571560751991925,0.000668100880540486,0.2333515016794582
1781505972.7604458,0.01838705287554248,0.7740748211175298,0.3319088875826002,-0.05022259500833981,0.020351129428335613,-0.07815963661425532,0.018462645320971194,0.7741478097145589,0.33261942240540276,-0.050718980968030444,0.020488844021173458,-0.07833095158246291,1.3231307583186747e-05,2.062797366267573e-05,0.00015038061054112455,0.0022749759989471965,-0.0001534655188801082,0.0010579120685414683,0.00012345482540966393,0.0003510025427637517,6.19519457568114e-05,0.005772223555847601,-0.002050694376631673,0.0005560612746269601,0.7182626869866442
1781505972.7704303,0.01839188796236939,0.7740774838827373,0.3319135018343527,-0.05027169811326032,0.02037221675586931,-0.0781435259389752,0.018462645320971194,0.7741478097145589,0.33261942240540276,-0.050718980968030444,0.020488844021173458,-0.07833095158246291,3.973396700861325e-05,2.3473261105561045e-05,0.00017889932210473361,0.0014869674407055158,8.436197856838705e-05,0.0011296023697045577,-0.00012455921085021142,9.272123773844514e-05,-0.00011274112419484588,0.0052505738200886885,-0.0020255178146412287,0.000911043957239415,0.7129349051977664
1781505972.7804394,0.018383887243216882,0.774055414516975,0.3314181268064114,-0.050314384203858975,0.020389824593865846,-0.0781310086670006,0.018462645320971194,0.7741478097145589,0.33261942240540276,-0.050718980968030444,0.020488844021173458,-0.07833095158246291,6.050612075860897e-05,2.545995142369843e-05,0.00019952654203192705,0.0008558379921415956,0.00026025257166339163,0.0011523956117055754,-1.821371099105503e-05,7.885084037252488e-05,-0.0008113095064934755,0.004223119963575511,-0.0012803719942041558,0.0006113420840578798,1.2074149342724296
1781505972.7904282,0.018375235392175882,0.774032909132707,0.33092212670264654,-0.05035109390153498,0.020404343159869942,-0.07812152626766722,0.018462056152283135,0.7741592097717614,0.33261187994411195,-0.05044164505410758,0.020428184051625164,-0.07829778045956116,7.641477412267038e-05,2.6732209637580086e-05,0.00021355731651949433,0.00035952822532049134,0.00038492040211210617,0.0011379284273469556,-0.0002311526011810344,4.705571071511506e-05,-0.001510880932444225,0.0036872049401240805,-0.0007960700685306047,0.0007137774257785713,1.6966896336260404
1781505972.8004425,0.018361491214090416,0.7740043044637573,0.33042646522262964,-0.05036140383861531,0.020423762827380454,-0.078170934514284,0.018462056152283135,0.7741592097717614,0.33261187994411195,-0.05044164505410758,0.020428184051625164,-0.07829778045956116,5.975244674133367e-05,1.5290912917562412e-05,0.00023057599244824978,0.00021872827384820725,0.0005817755149259548,0.0004857751054230681,-0.00019865903453868404,-9.122894819809004e-06,-0.0028212244670239115,0.0022078536074185123,-0.00032687151995825035,0.0005054925297806996,2.193204611091536
1781505972.8104327,0.018347746032228718,0.7739788074887938,0.3299292704054646,-0.050466786446591715,0.02039334890888478,-0.07813500851560046,0.018462056152283135,0.7741592097717614,0.33261187994411195,-0.05044164505410758,0.020428184051625164,-0.07829778045956116,4.73065510925866e-05,-2.1086900153949386e-05,0.0002179223986002216,-0.0009636092853615743,0.00016685462589442036,0.0008076336702811332,-0.0001223678606740021,-0.0002650211520699653,-0.0034994171633138645,0.0023182310865787923,0.00016109912600157904,0.0002131810906946545,2.69109749434846
1781505972.8204296,0.018334222877533373,0.7739532600307935,0.3294316489421846,-0.05055455358721918,0.020367580792472362,-0.07810552243204923,0.018462056152283135,0.7741592097717614,0.33261187994411195,-0.05044164505410758,0.020428184051625164,-0.07829778045956116,3.671589817094117e-05,-5.0022839398454244e-05,0.00020500313511429035,-0.0018231195598342564,-0.00014859637285240523,0.0010266820048528823,-0.00039918916396623294,-0.00032760760805171835,-0.004887056834104223,0.0012663211980041495,0.0008638173724296346,0.0005436010693852886,3.1894554186503474
1781505972.8304362,0.01832089681611337,0.7739276796120644,0.3289336565859913,-0.05062671942458871,0.020345998233846974,-0.07808166910738226,0.018462056152283135,0.7741592097717614,0.33261187994411195,-0.05044164505410758,0.020428184051625164,-0.07829778045956116,2.7748778627930743e-05,-7.261799439958516e-05,0.00019203429936180002,-0.002417218793982092,-0.000380883808192306,0.0011627027314643518,-0.00010169898016930775,-0.0005387524776625084,-0.006953532610084707,0.0011258764883971888,0.0005711002978603909,0.00011224093139956748,3.6882054234087596
1781505972.8404255,0.01830774487629384,0.7739020855776807,0.3284353448751854,-0.05068522020034734,0.02032814199182309,-0.07806268949532348,0.018452322906642227,0.7741528245961442,0.33243072959805264,-0.05032622746308273,0.020433525995162904,-0.07827259689634102,2.019861060303699e-05,-8.983663448797941e-05,0.00017918999664170678,-0.002796192149083127,-0.000544501719835004,0.0012327908498495728,-0.00025336624045926533,-0.0006914002941252529,-0.009617459050303364,0.0008930015462303498,2.0844086467073565e-05,0.0003662529283829115,4.00585470854355
1781505972.850438,0.018294746079188528,0.7738764972223134,0.327936760947542,-0.050731880763815136,0.020313566117443616,-0.07804788138184168,0.018452322906642227,0.7741528245961442,0.33243072959805264,-0.05032622746308273,0.020433525995162904,-0.07827259689634102,1.388160151036768e-05,-0.00010252097509719244,0.00016660841605386294,-0.0030036052418066605,-0.0006521895585859249,0.0012515597134871116,-0.0004980601948203548,-0.0011435765666475712,-0.01320107883781769,-0.0016186361731915294,-0.00022618567923020718,0.000997711659532725,4.505212703730112
1781505972.8604314,0.018283521233424253,0.7738558864463093,0.3274128210725002,-0.0506589679644128,0.0203027926538768,-0.07807590597871361,0.018452322906642227,0.7741528245961442,0.33243072959805264,-0.05032622746308273,0.020433525995162904,-0.07827259689634102,2.098210041048356e-05,-5.211211957183178e-05,-7.285028288961528e-06,-0.001873493505441698,-0.0006829232864368622,0.0008034727219613043,-8.73813761588152e-05,-0.001281332250074149,-0.015535118189719376,-0.0011145586758536975,-0.0005514376256571703,0.000411077731926186,5.029520080536564
1781505972.8704288,0.01828426166345419,0.7738592132476335,0.3273916008729726,-0.0505959371046839,0.020294321653006264,-0.07810024676756852,0.018452322906642227,0.7741528245961442,0.33243072959805264,-0.05032622746308273,0.020433525995162904,-0.07827259689634102,2.6416325780079985e-05,-1.0984930239591935e-05,-0.0001467897080981696,-0.0009754577313915048,-0.0006872578118819351,0.00044573999350980417,-0.00043558986467195655,-0.00173514858527122,-0.018299839346086543,-0.003971801465250091,-0.0008336255965250327,0.0011099654810396795,5.0504723059693255
1781505972.8804333,0.018272823833162814,0.7738376807905784,0.3268741728075013,-0.0505420357954648,0.02028780748564385,-0.07812116091558882,0.018452322906642227,0.7741528245961442,0.33243072959805264,-0.05032622746308273,0.020433525995162904,-0.07827259689634102,3.0444054341463714e-05,2.217006341412871e-05,-0.0002569203450500588,-0.0002758899807312554,-0.0006716935981456853,0.00016549954867359044,-0.0002523679774311828,-0.0016991355423066406,-0.019357095389600835,-0.0024723595744064785,-0.0006899476267853777,0.0005328751451287776,5.568380276363017
1781505972.8904333,0.018261299889742812,0.7738157957334265,0.32635942202574075,-0.05049645039231127,0.020282937640434984,-0.07813893495668922,0.018438246762916777,0.7740857761364666,0.33167437028680746,-0.05040313733906504,0.020408593397140296,-0.0782446923797587,3.329164961563794e-05,4.850508497648017e-05,-0.00034207482202214164,0.00025582356874607006,-0.00064164592079409,-4.900702809467657e-05,-0.00042515073581678305,-0.0018866773609743307,-0.021395125004580882,-0.002403628982948567,-0.0009915001475337914,0.0007008064601765847,5.324741743199172
1781505972.9004297,0.01826377609559108,0.7737995468906227,0.32629444983907757,-0.05049815637696885,0.020225765721347377,-0.07801510688221315,0.018438246762916777,0.7740857761364666,0.33167437028680746,-0.05040313733906504,0.020408593397140296,-0.0782446923797587,4.9551505106253346e-05,-0.00010751433235146498,-0.0007596648811379501,0.00018192233776181163,-0.0012631708500883613,0.0012746757319630137,-0.0005987412876602237,-0.0017169035245722317,-0.02335036746865015,-0.002945225147487809,-0.0011386041859146132,0.0008685804339965946,5.390353533752274
1781505972.9104292,0.018253881231918765,0.7737610891330234,0.3257397442455122,-0.050499788146225605,0.02017877872762064,-0.07791218426856883,0.018438246762916777,0.7740857761364666,0.33167437028680746,-0.05040313733906504,0.020408593397140296,-0.0782446923797587,6.197661267490701e-05,-0.00023140021609387482,-0.0010852692439635113,0.00012157423789998262,-0.001694280716363455,0.0022315757538249204,-0.0007531620932383848,-0.0014352529625957452,-0.02429459120899633,-0.0024662682543261072,-0.0005062873953687821,0.0007244409349063895,5.946360109280693
1781505972.9204333,0.018243712310288537,0.7737245205988753,0.32519338016712096,-0.05050131845284072,0.02014070907387766,-0.0778277426773778,0.018438246762916777,0.7740857761364666,0.33167437028680746,-0.05040313733906504,0.020408593397140296,-0.0782446923797587,7.11658488362152e-05,-0.00032792040184182256,-0.0013329042215071887,7.303210517349459e-05,-0.001970918695508318,0.002887464751888853,-0.0005014563960583912,-0.00098497766305026,-0.02306425645569434,0.00010873619180309891,-0.00048277479706387936,0.0003263727336772945,6.4939650559711035
1781505972.9304671,0.018233296598389955,0.7736896078703094,0.3246543044056555,-0.050502729942871784,0.020110362914251834,-0.07775945968612606,0.018438246762916777,0.7740857761364666,0.33167437028680746,-0.05040313733906504,0.020408593397140296,-0.0782446923797587,7.764097735412128e-05,-0.0004012491311829996,-0.001514809683222805,3.466389447609368e-05,-0.002124244029140719,0.0032998627843417597,-0.0008820676531216908,-0.001444953100116682,-0.023973727740740955,-0.0013736613950971373,-0.0006287259492988088,0.0009836140589101437,7.034221978354339
1781505972.9404266,0.018222659028503417,0.7736561495095692,0.32412158211425174,-0.05050401310415981,0.020086634332750597,-0.07770515287934786,0.01840831992906472,0.7740160719773532,0.330530187283005,-0.05048274555735266,0.020371414174404023,-0.07821735457960899,8.185524666992004e-05,-0.0004550312324969385,-0.0016416443274033753,4.968436995097664e-06,-0.0021809786247688695,0.003518532728713361,-0.0006867324342948167,-0.0013102975525305907,-0.02465565803951722,-6.172118027995047e-05,-0.0010779411232012229,0.0014185925890394563,6.421388818766841
1781505972.9504306,0.018223771485369432,0.7736483590903243,0.3240936464920365,-0.05050516451390793,0.020068513568195945,-0.07766280448195136,0.01840831992906472,0.7740160719773532,0.330530187283005,-0.05048274555735266,0.020371414174404023,-0.07821735457960899,8.420115984541674e-05,-0.0004924403517763272,-0.0017226624740545975,-1.7416322729496343e-05,-0.0021637882089239596,0.0035860631146437593,-0.000798400618377981,-0.0014292076557476093,-0.02626256112523533,4.89263203023179e-05,-0.0015489359941282459,0.0023619466315347947,6.449676600354392
1781505972.9604402,0.01822100432110564,0.7736369637498431,0.32357978626302625,-0.050365687365180385,0.02006676629409032,-0.07767256986274199,0.01840831992906472,0.7740160719773532,0.330530187283005,-0.05048274555735266,0.020371414174404023,-0.07821735457960899,0.00013913277641419995,-0.00036107404840621113,-0.001707083702441124,0.0015093011095009018,-0.0019412144599714623,0.0030871409302320363,-0.000743698054641724,-0.0015394376981956925,-0.028306985903927478,-0.0005359730594766235,-0.0020041883438793725,0.0028223637092105033,6.963252438600253
1781505972.9704347,0.018216879943113398,0.7736239335445679,0.3230688317733391,-0.05024981935796474,0.020066933275299625,-0.07768370606902367,0.01840831992906472,0.7740160719773532,0.330530187283005,-0.05048274555735266,0.020371414174404023,-0.07821735457960899,0.0001814674498708273,-0.0002510415321001147,-0.0016729469990097415,0.002611903963862617,-0.0017213316486152088,0.0026287996397137765,-0.0008470948463113215,-0.0014681507537435358,-0.02830528331424054,-0.00014673582814127506,-0.0015168303586749607,0.0031980665919263333,7.474105154485689
1781505972.9804418,0.018211564137941304,0.7736094619422046,0.32256036448011255,-0.05015481249294371,0.020068530614495428,-0.07769556404963548,0.01840831992906472,0.7740160719773532,0.330530187283005,-0.05048274555735266,0.020371414174404023,-0.07821735457960899,0.00021315321229536726,-0.00015952943099565792,-0.0016243450328428553,0.0033665511644044577,-0.0015094787228967317,0.0022134133869462723,-0.0006497086023481003,-0.0018359859936323342,-0.028403242300803593,0.001102810139765319,-0.001923008149464514,0.0030466113126894926,7.982613611564098
1781505972.9904325,0.018205205275798,0.7735937188622306,0.3220540166727896,-0.05007803677016408,0.02007115635044654,-0.0777076379027933,0.018373424428612506,0.773938673976013,0.32917286667485735,-0.05049517803972942,0.020277827081086608,-0.07809034942433678,0.0002358888240572716,-8.404457322773833e-05,-0.00156474657836827,0.0038398304417195423,-0.0013094374630172952,0.0018415844634269143,-0.0005998091380698538,-0.002162173421464136,-0.02931832847067206,0.0021040368788475374,-0.0031629986196730067,0.0036649049825136296,7.129187686254177
1781505973.0004306,0.01819793590104518,0.7735768539601047,0.3215494659771432,-0.05001702258765291,0.020074480995759147,-0.0777195427833849,0.018373424428612506,0.773938673976013,0.32917286667485735,-0.05049517803972942,0.020277827081086608,-0.07809034942433678,0.0002511514118702772,-2.2382425912106287e-05,-0.0014970756112410802,0.004089335482691928,-0.0011237190756513088,0.0015125712803621104,-0.00043703496287498324,-0.0015724347906355422,-0.03001532369540914,0.005100370583017341,-0.002967923538674631,0.003371087884294885,7.633999485533681
1781505973.0104256,0.01818585462657794,0.7735474360632606,0.3210447454559636,-0.05003910921609797,0.020099563200050907,-0.07776394904089853,0.018373424428612506,0.773938673976013,0.32917286667485735,-0.05049517803972942,0.020277827081086608,-0.07809034942433678,0.00023346899769634632,-3.918052227063264e-05,-0.0014261006795758886,0.0034115061931225556,-0.0007033399778752878,0.0008770508954498842,-0.0006321810848486062,-0.0018743395796059804,-0.032684341721312356,0.001576173618094,-0.003084084134558381,0.004260735586677688,8.139693119770582
1781505973.0204437,0.018173642381713925,0.773518796346544,0.3205415739437376,-0.050060836248122936,0.02012126293747052,-0.07780213623045726,0.018373424428612506,0.773938673976013,0.32917286667485735,-0.05049517803972942,0.020277827081086608,-0.07809034942433678,0.00021631574106790593,-5.2169126040569334e-05,-0.0013510537663046548,0.0028102491857980414,-0.00036911774319523135,0.0003768661691538487,-0.0007997528849881354,-0.0013638176210323638,-0.03259389645143348,0.0026236875453176877,-0.002045556387926999,0.003605408139979547,8.643808437272998
1781505973.0304267,0.018161327444638057,0.7734908451743472,0.3200397039764479,-0.05008169898851695,0.020139834457303607,-0.07783461832629952,0.018373424428612506,0.773938673976013,0.32917286667485735,-0.05049517803972942,0.020277827081086608,-0.07809034942433678,0.00019980462708880372,-6.193499263770075e-05,-0.0012736888961141076,0.002282823308588735,-0.00010859701895357161,-8.22382019895348e-06,-0.0006615058662482613,-0.0013334237827731198,-0.033882877857792974,0.0017825969015812662,-0.001662705727216982,0.0024425433794784167,9.14659481128527
1781505973.0404265,0.01816091585552275,0.7734876810911472,0.3200381895566742,-0.05010134296194135,0.020155553883047794,-0.077861936597312,0.018344004934854607,0.773853495947068,0.32760338572394593,-0.05036472020950954,0.020166005887189753,-0.0779191131635,0.00018401822056767736,-6.898998890913795e-05,-0.0011954435237992965,0.001825153731423221,8.957160883685494e-05,-0.0002965355909774203,-0.0005461457775245861,-0.0013761429001389206,-0.03469312481749612,0.0021598793261959695,-0.0005295008713992373,0.0007539190132545955,7.576248093158387
1781505973.0504313,0.018148472891851723,0.7734608733040518,0.31953829800875705,-0.050119535952147735,0.020168706164063854,-0.07788463795065362,0.018344004934854607,0.773853495947068,0.32760338572394593,-0.05036472020950954,0.020166005887189753,-0.0779191131635,0.0001690136195368922,-7.377937729704289e-05,-0.0011174827563336512,0.0014322778884351735,0.00023559834029266406,-0.000504442341749576,-0.0005877130874436287,-0.0023200248052406267,-0.03725656111534002,0.000779948936850012,-2.368182045189061e-05,0.00041765660681272623,8.07700595352885
1781505973.0604281,0.01814114026350495,0.7734396335696977,0.3190230775510796,-0.05023727858161307,0.02017269066062588,-0.07793516938151847,0.018344004934854607,0.773853495947068,0.32760338572394593,-0.05036472020950954,0.020166005887189753,-0.0779191131635,0.00018867786746411136,-3.773675942679998e-05,-0.0011462613203323262,1.6387344955277536e-06,0.0002809314410465228,-0.0009980396537399333,-0.0004985221107680465,-0.0010742863450313139,-0.03609733291563502,0.003858175796588383,-0.0013512464819282006,8.712706455449923e-05,8.592678539526592
1781505973.0704253,0.01813303141768909,0.773417976838081,0.31851077894595614,-0.05033629340556793,0.020175825243979206,-0.07797674283896606,0.018344004934854607,0.773853495947068,0.32760338572394593,-0.05036472020950954,0.020166005887189753,-0.0779191131635,0.00020207305760567643,-8.324550395863435e-06,-0.0011548396840703318,-0.001070335167263032,0.00030720278478670114,-0.0013405578198422154,-0.0007153718104944762,-0.0016213379673736205,-0.036705269059713476,0.0007295124930463506,-0.00033555457386411373,3.53645082321136e-05,9.105475536092763
1781505973.080427,0.018124251290597537,0.7733959601414656,0.3180009910502445,-0.05041856577588302,0.02017823834436583,-0.078010466287387,0.018344004934854607,0.773853495947068,0.32760338572394593,-0.05036472020950954,0.020166005887189753,-0.0779191131635,0.00021026588580526408,1.5392261875962702e-05,-0.0011470931727851203,-0.0018442305980630295,0.0003184740240643578,-0.0015605014716088897,-0.0008095623032665586,-0.001585415625619147,-0.03484774314461903,0.002775235918622664,0.00010463756824346297,-0.0002882084413386704,9.615800234359192
1781505973.0904334,0.01811489249031449,0.7733736319741182,0.31749335170023524,-0.05048604154707874,0.020180045679620617,-0.0780373847952908,0.018314622191529073,0.7737740250611896,0.32577454244546916,-0.050274183801449525,0.020148974356335447,-0.07790656334148072,0.00021417858605618886,3.4236446443877976e-05,-0.0011263396462768442,-0.0023736023787761205,0.0003181986747714589,-0.0016825834569163544,-0.00042452837007175506,-0.0020905668891708484,-0.03640963984398121,-6.458671736144268e-05,-4.618899653263869e-05,-0.000927714201205099,8.293269966464967
1781505973.1004367,0.018110820268299067,0.7733492497372156,0.31699472664906014,-0.05061180627043896,0.020202635091103094,-0.07805134854151086,0.018314622191529073,0.7737740250611896,0.32577454244546916,-0.050274183801449525,0.020148974356335447,-0.07790656334148072,0.0002504468854166507,3.137612624424564e-05,-0.001040857469565376,-0.0034843874114699564,0.0005373954565670851,-0.001638650796307277,-0.0007115431732648653,-0.0015372698062015673,-0.035741455460625085,0.002794100612962437,0.0003193433030111604,-0.0010688010825178212,8.792447595444786
1781505973.110435,0.018107656798262414,0.7733216517788198,0.31650793506144226,-0.05068910981191026,0.020238888564435564,-0.07806876110787082,0.018314622191529073,0.7737740250611896,0.32577454244546916,-0.050274183801449525,0.020148974356335447,-0.07790656334148072,0.0002901926989944773,1.2369605943933264e-05,-0.0008797163039432765,-0.0039440956832569474,0.0008835879199826502,-0.001629527021697378,-0.0006152568440828883,-0.0016021897024622916,-0.03817270637306128,0.002643395668995206,-2.5372295395050665e-05,-0.00130372178476005,9.279950898055118
1781505973.120429,0.018103031976241548,0.7732945065272583,0.31601994350190366,-0.050750477014021626,0.020268645066094937,-0.0780818725549728,0.018314622191529073,0.7737740250611896,0.32577454244546916,-0.050274183801449525,0.020148974356335447,-0.07790656334148072,0.000318422534909994,-3.0450537426836183e-06,-0.0007392096036105248,-0.004180580993745682,0.001118789038467704,-0.0015780826983687421,-0.0009964560328268467,-0.0020669518468540804,-0.03887614422616922,-0.0014597045045942813,0.0006353277311353568,-0.0007184499894840312,9.768669765807338
1781505973.1304233,0.01809714217341968,0.7732677633561634,0.3155308508979134,-0.05079822365238592,0.020292719518073765,-0.07809140190759206,0.018314622191529073,0.7737740250611896,0.32577454244546916,-0.050274183801449525,0.020148974356335447,-0.07790656334148072,0.0003370499524486159,-1.5380944771288246e-05,-0.0006170480605877519,-0.004243339126580656,0.0012643907490460338,-0.0014963380958859353,-0.0006835270683500148,-0.002228911984933247,-0.039363978664508574,-0.0028369466588953887,0.0006623888183569283,-0.0013459026505871238,10.258499646328335
1781505973.1403644,0.01809016109756117,0.7732413755337934,0.31504074822551176,-0.050834457754343705,0.02031187791105382,-0.07809798610289637,0.0182820676065103,0.7736784956107495,0.32385300588066435,-0.050270394524472815,0.02016089294133483,-0.07796338609720922,0.00034773277802123534,-2.508897471359896e-05,-0.0005111614281211684,-0.004174211114816888,0.0013388736997359942,-0.0013941287697985542,-0.0005205380265679954,-0.002502769118111652,-0.03839036877237837,-0.003722183135605105,0.0008433280830478084,-0.0016658946113956795,8.825179151192945
1781505973.150443,0.018095878639856615,0.7732318825203472,0.31502764166273367,-0.05078145646470645,0.02030803914621515,-0.07817088375806035,0.0182820676065103,0.7736784956107495,0.32385300588066435,-0.050270394524472815,0.02016089294133483,-0.07796338609720922,0.00036444200540114424,-5.453821761452095e-05,-0.0005641022200426005,-0.003123726042584831,0.0011913059405342407,-0.0020386913420708027,-0.0007963227556594604,-0.003031279109172831,-0.0415135693651002,-0.007287943930251419,0.0007216768732277981,-0.0011121476934322031,8.838618849285977
1781505973.160426,0.018088502884471436,0.7731994604764072,0.3145175112100411,-0.05073396973570672,0.02030381749925181,-0.07823027157934444,0.0182820676065103,0.7736784956107495,0.32385300588066435,-0.050270394524472815,0.02016089294133483,-0.07796338609720922,0.0003732378742889822,-7.748822458321716e-05,-0.0005994539185691471,-0.002251124313336784,0.0010481447007206293,-0.0024658327160764575,-0.0006798692487818897,-0.0021384456684737114,-0.04247622817609159,-0.00188639241494214,0.0007124809444519753,-0.0015948775389023617,9.34978089084375
1781505973.1704328,0.018080267525788358,0.7731684429412733,0.3140093013907719,-0.050691914799841684,0.020299423675479433,-0.07827791141991931,0.0182820676065103,0.7736784956107495,0.32385300588066435,-0.050270394524472815,0.02016089294133483,-0.07796338609720922,0.0003755696588433873,-9.493001954278769e-05,-0.0006202376232259726,-0.0015356910313950368,0.0009121999267422838,-0.0027183764790151633,-0.0009319510170079158,-0.0022349323168653957,-0.04409389347677554,-0.005117374835664826,0.0011143551173905671,-0.0012114670027997094,9.858975356625473
1781505973.1804357,0.018071295371199815,0.7731386425237923,0.3135027423365275,-0.05065508095476176,0.020295020422818277,-0.07831544492258247,0.0182820676065103,0.7736784956107495,0.32385300588066435,-0.050270394524472815,0.02016089294133483,-0.07796338609720922,0.0003726827039614694,-0.00010772896453102824,-0.0006290631828772321,-0.0009576028469356884,0.0007853804604236098,-0.002833187919384513,-0.0008851190835839288,-0.001725433789610629,-0.04099670588737588,-0.00126029133207435,0.0014914960880058933,-0.0016337932345298317,10.36647585844697
1781505973.1904345,0.01806169374484428,0.7731098888933056,0.31299759704072666,-0.050623167405412346,0.02029073008476079,-0.07834437873195957,0.01824637073192209,0.7735594019255789,0.3217644600296262,-0.05048739571703567,0.02019415356356813,-0.07804421308635573,0.0003656428658198394,-0.00011663857858261069,-0.000628177235962265,-0.0004982470977429301,0.000668867480872029,-0.002841658917320993,-0.0006102087266043041,-0.0029842010388712063,-0.04181783002925887,-0.004860556247021959,0.001418972581046035,-0.002070486733683429,8.780321988507977
1781505973.200436,0.018050985803003523,0.7730887263593116,0.31248266292736526,-0.05050031993827919,0.02030657958586879,-0.07837306467430413,0.01824637073192209,0.7735594019255789,0.3217644600296262,-0.05048739571703567,0.02019415356356813,-0.07804421308635573,0.0003518125750292663,-7.474473806189655e-05,-0.000682543936927984,0.0009036252831167082,0.0007845496986610591,-0.002835384877227969,-0.0005846261274856901,-0.0028812673081683466,-0.04095567399249883,-0.004342860419426415,0.001697603951373371,-0.002362334383206492,9.295776901726372
1781505973.2104256,0.01804532446221055,0.7730709945354426,0.31195594302403346,-0.05055414778555725,0.020331872223113168,-0.07843474421661284,0.01824637073192209,0.7735594019255789,0.3217644600296262,-0.05048739571703567,0.02019415356356813,-0.07804421308635573,0.0003720175301557647,-4.4301436327951615e-06,-0.0008053155947714652,0.00023100317267167017,0.0010086374081994514,-0.0031842626229903,-0.0005677486255670065,-0.0029321650395103226,-0.04099677377490123,-0.0036968102409328284,0.0012597925204455992,-0.002369791339403651,9.822727077054884
1781505973.2204247,0.01803853241600637,0.7730525136455092,0.3114336448235174,-0.05059957487937776,0.020352364971564674,-0.0784836559094811,0.01824637073192209,0.7735594019255789,0.3217644600296262,-0.05048739571703567,0.02019415356356813,-0.07804421308635573,0.0003835236858364207,5.2072659422057756e-05,-0.000893669219297664,-0.0002792942989110602,0.0011489212472549236,-0.003358505673975107,-0.0005082947113190423,-0.0019279990966639695,-0.04012376084273258,0.001101633711338836,0.0012076470536873355,-0.0027833535886867193,10.34533108782916
1781505973.2304296,0.0180307678648766,0.7730333594971094,0.3109151907174172,-0.05063746372503584,0.02036870122473622,-0.07852166193656866,0.01824637073192209,0.7735594019255789,0.3217644600296262,-0.05048739571703567,0.02019415356356813,-0.07804421308635573,0.00038790088418746895,9.677177928787816e-05,-0.0009532734405803923,-0.0006539988523709372,0.0012225758253723144,-0.0033971306787523208,-0.0005783883037295589,-0.0013007855722896216,-0.03940048062737552,0.002282152946223425,0.0003330293657274119,-0.002489835609588482,10.864154354650388
1781505973.240411,0.018034302434869063,0.7730380449725619,0.31089932130047937,-0.05066866702001316,0.020381476619098615,-0.07855045615941555,0.018218537227907394,0.773441020452003,0.31970732088501985,-0.050587241949768345,0.02024532820005187,-0.07817160373349803,0.00038649968344138606,0.0001314288359539444,-0.0009890431667848752,-0.0009168512925524465,0.0012442927961034704,-0.0033330838964355015,-0.0007821592010915363,-0.002044093420504356,-0.040667636915230614,-0.0005753340003670463,0.001056625992342729,-0.0025003629059143035,8.819137620950361
1781505973.2504256,0.018024998774252985,0.773017746569825,0.3103870705988176,-0.05069400674749883,0.020391234745885223,-0.07857155994284608,0.018218537227907394,0.773441020452003,0.31970732088501985,-0.050587241949768345,0.02024532820005187,-0.07817160373349803,0.00038047749367187367,0.0001575852537897287,-0.001005225961486534,-0.0010887015603414313,0.0012265013988152947,-0.003193861376946441,-0.0005179188797965527,-0.002683852282703193,-0.041872540533815235,-0.0015913110253903111,0.0011253721798385166,-0.0031833905608943777,9.331863871158335
1781505973.260429,0.018030473763840725,0.7729864251195089,0.30990814228400676,-0.050857076119857694,0.02066016778425883,-0.07857648095639123,0.018218537227907394,0.773441020452003,0.31970732088501985,-0.050587241949768345,0.02024532820005187,-0.07817160373349803,0.00047056495637779323,0.00010464144181364618,-0.0007063738940958511,-0.0027491365835165815,0.004027403793883583,-0.0027498129753056686,-0.0004880889250464206,-0.0024958674589933643,-0.04225548157168862,0.002736025493909626,0.00022748682333014597,-0.003515672371886339,9.81152006762434
1781505973.2704322,0.01803294528189334,0.7729560546408882,0.3094272127301785,-0.05099165671032099,0.020882796505681922,-0.07857794266403761,0.018218537227907394,0.773441020452003,0.31970732088501985,-0.050587241949768345,0.02024532820005187,-0.07817160373349803,0.0005369222170204845,6.081365765058355e-05,-0.00045751300335575827,-0.003918028476241071,0.006015762352273486,-0.0023418288954802535,-0.0005453613674639721,-0.0018893671699159531,-0.04488730143695793,0.0007158275178932669,0.0007686881552532261,-0.0035421141422077333,10.293214263951352
1781505973.280431,0.01803283448349636,0.7729265197543248,0.30894449153182607,-0.05110120592737148,0.021064638041492723,-0.07857676467853496,0.018218537227907394,0.773441020452003,0.31970732088501985,-0.050587241949768345,0.02024532820005187,-0.07817160373349803,0.000583388694673852,2.485931839989396e-05,-0.00025193700726429684,-0.004686619066158188,0.007340887956718728,-0.0019720351807146347,-0.0005475996089967696,-0.0021231135045148104,-0.04430743994212973,0.0014645574523169023,0.0013628205292152322,-0.0033690666238071166,10.776719916707627
1781505973.2904265,0.018043077573081902,0.7729223904116224,0.30895938411971297,-0.051189000053189895,0.021210942315327275,-0.07857363521998002,0.01818717583408741,0.7733276160044802,0.31752680875246897,-0.05056642120433453,0.02030265152241917,-0.07833220374081515,0.0006132986083085986,-4.318852672088669e-06,-8.371381911180095e-05,-0.005134232354568125,0.008132807353989292,-0.0016409791883354396,-0.0011510902558436956,-0.002203903643990946,-0.045714215312251213,-0.0050974070254686,0.0024634115561486636,-0.0018693403509549872,8.578212921575574
1781505973.3004303,0.01804249955199318,0.7728995204897618,0.3084440251004977,-0.05116619833392038,0.021155750889077174,-0.07849324204985775,0.01818717583408741,0.7733276160044802,0.31752680875246897,-0.05056642120433453,0.02030265152241917,-0.07833220374081515,0.000647645149786315,-2.3413570482509445e-05,-0.0002031951171256339,-0.004343394116369166,0.00659830940551329,-0.0006163527110013081,-0.0013987139817326856,-0.0021400916477843585,-0.04503243862926529,-0.004931378206907929,0.003955455507889623,-0.0016117942244433833,9.09401758656973
1781505973.3104439,0.018047227734092827,0.7728908183698388,0.30792324429749,-0.05109294205180287,0.021153004547743715,-0.07837475960545132,0.01818717583408741,0.7733276160044802,0.31752680875246897,-0.05056642120433453,0.02030265152241917,-0.07833220374081515,0.0007132122733008939,3.445325682816561e-05,-0.0003295913576207151,-0.003096881544002632,0.005781938279127267,0.0007409241692169352,-0.00129048117541109,-0.0026579367780288185,-0.04392662637366355,-0.005064491031494548,0.004580338785497819,-0.0015153571973056089,9.614511318067894
1781505973.3204427,0.018049127943459576,0.7728797522104859,0.30740602119404165,-0.05102849603032403,0.021145348896627114,-0.07827551227293555,0.01818717583408741,0.7733276160044802,0.31752680875246897,-0.05056642120433453,0.02030265152241917,-0.07833220374081515,0.0007568106760683495,8.047063446689322e-05,-0.00042688260890927924,-0.0020781735271909714,0.0050119724709527195,0.0017376221245704985,-0.0013552991245448748,-0.0030131706485180217,-0.04223188033609546,-0.007579657052627475,0.006299370114999891,-0.0010235569550381886,10.131632642417268
1781505973.3304336,0.01804857894052904,0.7728665908002497,0.30689185928212487,-0.050972415138512445,0.021134225868516543,-0.07819339464898115,0.01818717583408741,0.7733276160044802,0.31752680875246897,-0.05056642120433453,0.02030265152241917,-0.07833220374081515,0.000782220743593619,0.00011639250513777836,-0.0004995763773185374,-0.0012580286165119717,0.004297857472955511,0.0024368637800677253,-0.0012675082667632372,-0.0028208791032889053,-0.03943593487716179,-0.005544726118139346,0.00791733007758892,-0.0007191593434251151,10.645839730834394
1781505973.3404298,0.018058415440591464,0.7728761346518602,0.3068795632777431,-0.050924136810800075,0.021120810515379285,-0.07812636008926299,0.018129308538460454,0.7732040572308028,0.31540180885627905,-0.05085431001354034,0.02053950587396214,-0.07841129528300475,0.0007927077325415765,0.00014375480727859825,-0.0005516028429964111,-0.0006091039607244607,0.003645140475312838,0.0028940880733767196,-0.0010571387150421136,-0.002276194381458206,-0.0387340097622502,-0.003763467622820767,0.007636380493602576,-0.0002890797940252775,8.528846859334612
1781505973.350433,0.018066411736523198,0.7728840256143715,0.3068695138725088,-0.0508830259267784,0.021106045775904025,-0.07807246206232304,0.018129308538460454,0.7732040572308028,0.31540180885627905,-0.05085431001354034,0.02053950587396214,-0.07841129528300475,0.0007910819938568308,0.00016389900945537226,-0.0005863789247605964,-0.0001062272140412181,0.003056296263823238,0.0031574590227396717,-0.001097651286384938,-0.0017522973163645573,-0.03908451723208404,-0.0020829322901407795,0.006520497176903008,0.0011551085131439112,8.538526449761699
1781505973.3604352,0.01807262450547497,0.7728637010662737,0.30686973163480663,-0.05083810317207534,0.02122147716974654,-0.07815501443738354,0.018129308538460454,0.7732040572308028,0.31540180885627905,-0.05085431001354034,0.02053950587396214,-0.07841129528300475,0.0007854503291830293,5.354041759527037e-05,-0.0005028233234046229,0.00041484998137670983,0.00402699713110777,0.0019769710039099636,-0.0011444165661978806,-0.0009455166703504864,-0.037581343083975816,0.001237132882328225,0.005980937773285743,0.002321808590441256,8.539051300437128
1781505973.3704305,0.018077540706588655,0.7728462168909276,0.30687053872818887,-0.050800739389525035,0.021314782344240557,-0.07822606921108549,0.018129308538460454,0.7732040572308028,0.31540180885627905,-0.05085431001354034,0.02053950587396214,-0.07841129528300475,0.0007709769267857398,-3.573090855237889e-05,-0.00042937584783565727,0.0007939448755684311,0.00464407479211146,0.0010383626391964199,-0.0013653850184542208,-0.0007869692755915476,-0.036088966886143346,0.0018963196070438705,0.006742850423118147,0.00352886194713689,8.538928481706742
1781505973.3804333,0.018081356773800378,0.7728312595702124,0.3068718199803929,-0.050770061058156214,0.021388954672336702,-0.0782865653679447,0.018129308538460454,0.7732040572308028,0.31540180885627905,-0.05085431001354034,0.02053950587396214,-0.07841129528300475,0.0007495890074267923,-0.00010694278558057457,-0.00036497355836241565,0.0010562741169934564,0.004979304905112854,0.0003066771746623072,-0.00112380695080648,-0.0016737800949843471,-0.036640820009288796,-0.0007465912072368235,0.0044005266219497175,0.0044128951613025035,8.538266082186524
1781505973.3904321,0.018084243320170654,0.7728185393196533,0.3068734696603405,-0.050745230868606266,0.02144676077337726,-0.07833749519460381,0.018077410423533447,0.7731414514880959,0.3136908443914658,-0.05088243275017328,0.020804315405412055,-0.07830147283479315,0.0007229213061434294,-0.00016275469491828224,-0.0003086485438459936,0.0012239294521254555,0.005094181117147759,-0.00024994094643785044,-0.0006865904399900374,-0.001331766939590662,-0.03467774452723485,0.001269234661705052,0.003450466940910849,0.004225436121086787,6.825021405211118
1781505973.4004297,0.01808634827059542,0.7728077900822931,0.3068753926668101,-0.050725461558294854,0.021490721638596222,-0.07837986380851555,0.018077410423533447,0.7731414514880959,0.3136908443914658,-0.05088243275017328,0.020804315405412055,-0.07830147283479315,0.0006923530445329111,-0.0002054967300836861,-0.0002595214439349779,0.001316056138258746,0.005040809952075699,-0.0006601517845090672,-0.0006171599384321908,-0.0011112040148751855,-0.036115948016935746,0.001914855231616767,0.0031387210506336177,0.003385275524681737,6.823620155749054
1781505973.410424,0.018094586328030814,0.7728090209719951,0.30692937670624115,-0.05065968795974579,0.021456142428576186,-0.0783592768929054,0.018077410423533447,0.7731414514880959,0.3136908443914658,-0.05088243275017328,0.020804315405412055,-0.07830147283479315,0.0006992411738337553,-0.0001932736608272616,9.071704535155197e-05,0.0018856196300892254,0.004102129637769059,-0.0003827828571585556,-0.0005385422072830953,-0.000579352302455828,-0.03604230163700761,0.002792920737278974,0.004115696172351056,0.002101188390902126,6.769656587897727
1781505973.4204323,0.018101280518227167,0.7728101871958518,0.30697582900392983,-0.050606087399988266,0.021423313627980223,-0.07834141988387282,0.018077410423533447,0.7731414514880959,0.3136908443914658,-0.05088243275017328,0.020804315405412055,-0.07830147283479315,0.0006959106834466348,-0.00018101233546011125,0.0003707296244479958,0.002260756771186345,0.003286524629549664,-0.00016446653459214957,-0.0001881727589125973,-0.0009814710159699576,-0.034729678756666126,-0.00010459829660192826,0.003081598095058141,0.0011667252486947679,6.723223740705129
1781505973.4304338,0.018106648458297767,0.7728112795377495,0.3070156231186683,-0.05056307480342573,0.02139269508899999,-0.07832609726374437,0.018077410423533447,0.7731414514880959,0.3136908443914658,-0.05088243275017328,0.020804315405412055,-0.07830147283479315,0.0006844191602132577,-0.00016887566255649645,0.0005908186845403455,0.002479949047279221,0.0025854604095320996,3.6239040735128463e-06,-3.9908192621024774e-05,-0.0015814751130525217,-0.030577852095492027,-0.001095301953050862,0.002977931391578115,0.00011916674659684788,6.683445774469943
1781505973.44043,0.018110882011605517,0.7728122933013775,0.3070495481007275,-0.05052917270571655,0.021364570841927888,-0.07831309306608192,0.018055918182680042,0.7730773385131089,0.31182716317601217,-0.0508847940438866,0.020980955080462493,-0.07819029248021753,0.000666521788181718,-0.00015699284127297788,0.0007600140005095185,0.0025762977835394334,0.0019894072336218253,0.00012947780804544546,-1.5040910229843421e-05,-0.002263042906605718,-0.027816170287208192,-0.001529444585957753,0.0036461375013713787,-0.0005622562746299269,4.7852769819874945
1781505973.4504464,0.018114149891139124,0.7728132271826139,0.3070783148496422,-0.050503024718808534,0.02133908540349183,-0.07830218195827977,0.018055918182680042,0.7730773385131089,0.31182716317601217,-0.0508847940438866,0.020980955080462493,-0.07819029248021753,0.0006437087505921076,-0.00014546437266591455,0.0008862093086171488,0.002577967105474968,0.0014883504799239693,0.0002202381794884279,-9.398841289852382e-06,-0.002468038461899933,-0.026296487523201875,-0.0006123626426982184,0.0048063643746890814,-0.0012079884738410516,4.756543509065449
1781505973.4604402,0.018135664034711552,0.7728285724690448,0.3070831685682301,-0.05052570415921618,0.02129450772947883,-0.07829406271991883,0.018055918182680042,0.7730773385131089,0.31182716317601217,-0.0508847940438866,0.020980955080462493,-0.07819029248021753,0.0007392716573242673,-4.0200628526835925e-05,0.0008432739841855389,0.0020470649021987995,0.0008353483710247987,0.0002601313538636872,-7.088483341502331e-06,-0.001373014442013409,-0.02497926066474163,0.0037891346145311035,0.005112446303567376,-0.0015418269961297482,4.751181830267176
1781505973.4704263,0.018153711434275997,0.7728417354181217,0.3070868696716319,-0.050546663835475375,0.021256236184136634,-0.0782874324292665,0.018055918182680042,0.7730773385131089,0.31182716317601217,-0.0508847940438866,0.020980955080462493,-0.07819029248021753,0.0008066196706916107,4.481166198191033e-05,0.0007981215208233099,0.00159324338505902,0.0003232111042339624,0.00028290479859663045,-2.2444491719430013e-05,-0.0005395886991105135,-0.023140177944700423,0.005530411591676832,0.0044044903724159866,-0.0015907768267824,4.747152288066498
1781505973.4804256,0.018168746274925315,0.772852979188414,0.30708958506411055,-0.0505657611549819,0.02122373716233361,-0.07828209937337646,0.018055918182680042,0.7730773385131089,0.31182716317601217,-0.0508847940438866,0.020980955080462493,-0.07819029248021753,0.0008504641574524448,0.00011248943717734649,0.000751761325409423,0.0012095983339209518,-6.936252834790265e-05,0.00029222680030769764,8.013149118798006e-05,-0.001186447836516655,-0.02053699410769177,0.004711440834874014,0.0030348440670614494,-0.000832678655215896,4.744229510821179
1781505973.4904256,0.01818117158044487,0.7728625397782758,0.3070914646012599,-0.05058294027193139,0.021196452848856406,-0.07827788438843294,0.018052726909637273,0.773006363291245,0.3106268171934926,-0.050775181201551854,0.02119719303213219,-0.07823564528658351,0.0008748850898988121,0.00016539398273804844,0.0007050190258777439,0.0008890356817793958,-0.0003616055301592887,0.0002912142947879642,0.000298187774478772,-0.0012430261192526004,-0.018814665831288966,0.0018393549260671616,0.0015367791552817298,-8.18640640426375e-05,3.540607460274031
1781505973.5004318,0.018191344152638508,0.7728706282874834,0.30709264198404207,-0.05059821186305434,0.021173822557276845,-0.07827462261412,0.018052726909637273,0.773006363291245,0.3106268171934926,-0.050775181201551854,0.02119719303213219,-0.07823564528658351,0.0008834038764049709,0.00020576862186221827,0.0006585622558145847,0.0006245133117896148,-0.0005706748223564494,0.0002824857375626194,0.000373823518541222,-0.0015660865996338963,-0.018968516869452196,-5.0457232961307154e-05,0.0007120796299496676,0.0007082115599119384,3.5394961706997474
1781505973.5104296,0.01819917851541062,0.7728643810090187,0.30716524098204445,-0.05049688353764931,0.0212102228096831,-0.07823146147833585,0.018052726909637273,0.773006363291245,0.3106268171934926,-0.050775181201551854,0.02119719303213219,-0.07823564528658351,0.0008763997443737144,0.0001341577579056252,0.0010967706362227181,0.0016525436929960028,-0.00013525987268843723,0.0007422049312404543,0.0006814777618079111,-0.0012522353160194552,-0.018685104292408144,0.001917627176245826,-0.0005885531900433982,0.0012579523554992183,3.4675808438973075
1781505973.5204325,0.018203013706149292,0.772853352240903,0.30720869920838945,-0.05051864772855805,0.02120984382847979,-0.07822252749516098,0.018052726909637273,0.773006363291245,0.3106268171934926,-0.050775181201551854,0.02119719303213219,-0.07823564528658351,0.0008444757607512591,5.1603226948975455e-05,0.0013053450082390198,0.0012324661137053973,-0.00012955575392416705,0.0007583558447505228,0.000783603835586267,-0.0005186981021790063,-0.017742823896837224,0.002833221515817791,-0.0007578338658782769,0.0011171618352878697,3.424840005433582
1781505973.530434,0.018205833843929344,0.7728438095428869,0.307245256777971,-0.05053809987733913,0.021209609038903787,-0.07821571482741432,0.018052726909637273,0.773006363291245,0.3106268171934926,-0.050775181201551854,0.02119719303213219,-0.07823564528658351,0.0008081476784343403,-1.5323199402312007e-05,0.0014562428677315994,0.000883980302222003,-0.00012173428918236536,0.0007496990879145637,0.00043261050030441844,-0.0001814838426391501,-0.016128849451773918,0.0017851628155005031,-0.0006611759514961182,0.0012107077837190845,3.3889255374316414
1781505973.5404375,0.01820780350347468,0.7728355819373183,0.30727581170252694,-0.050555287232390736,0.021209488648650243,-0.07821067807601094,0.018081315199630354,0.772961222467761,0.30974442807352737,-0.05071044820444907,0.021190093905904428,-0.0781870999522285,0.0007687444176139275,-6.885577717503848e-05,0.0015589275423432574,0.0005986747739942493,-0.0001125407816694431,0.0007226916997493624,0.000878318222532863,-0.0005398732415217106,-0.015279287350756936,-0.000967190308904909,-0.0006186509892581396,0.00045889833826873703,2.4750457816110565
1781505973.5504267,0.018209065607908033,0.7728285158835689,0.30730116094971466,-0.05057030718931439,0.021209457218506422,-0.0782071098321054,0.018081315199630354,0.772961222467761,0.30974442807352737,-0.05071044820444907,0.021190093905904428,-0.0781870999522285,0.0007273717653752248,-0.00011095782078429597,0.0016216068474455938,0.0003685176739638991,-0.00010257113862706167,0.0006826740385026933,0.001035575675830965,-0.0008337042160792268,-0.013200613978729703,-0.0008570399873394222,-0.0008254960917387436,9.016586828591494e-05,2.4502011024826245
1781505973.5604508,0.01821444949219058,0.7728550118630746,0.3072764370041393,-0.05049313489422092,0.02113452066278909,-0.0781534595569418,0.018081315199630354,0.772961222467761,0.30974442807352737,-0.05071044820444907,0.021190093905904428,-0.0781870999522285,0.00071166974107672,4.471253948675539e-05,0.0013297934850807392,0.001158408881442077,-0.0009379628636217594,0.0011516492199700953,0.0010829873880106725,-0.001078351868863417,-0.01191333411945885,-0.0007603106085900629,-0.0006075810523825878,-0.00023127474590483874,2.473860414611656
1781505973.5704339,0.018218657780360165,0.7728775927328245,0.30725437039379716,-0.050429316440344873,0.021072295968487254,-0.07810943917838817,0.018081315199630354,0.772961222467761,0.30974442807352737,-0.05071044820444907,0.021190093905904428,-0.0781870999522285,0.0006900469993025518,0.00016911397207779757,0.0010786837185444932,0.0017185368069223147,-0.0015382203206947345,0.0014715134889174263,0.0009007054177193813,-0.001044392241154119,-0.011618982166403554,-0.00035995521565317047,-6.649528536702422e-05,-0.00014058353912915945,2.4952443097681734
1781505973.580432,0.018221867572098885,0.7728967362124426,0.3072347025377387,-0.05037724965910595,0.021021299891473832,-0.07807383810727175,0.018081315199630354,0.772961222467761,0.30974442807352737,-0.05071044820444907,0.021190093905904428,-0.0781870999522285,0.0006639452465887274,0.00026683725655527845,0.0008634315216611138,0.002091179159943217,-0.0019458686183444925,0.0016708982381601991,0.0006384248325451836,-0.0007970460361245488,-0.01078651114683063,0.0006031890154701689,0.001110303449064553,-0.00011333362410538904,2.514485178226583
1781505973.5904305,0.018224234281797817,0.7729128730636117,0.30721720059925905,-0.0503354126166136,0.02098011353478224,-0.07804551906679434,0.018119579589176982,0.7729240006595227,0.3091598475547703,-0.05071740119224507,0.021191135486650525,-0.07818345089553277,0.000634578599852591,0.00034190578672914644,0.0006796922829040825,0.0023131450635623324,-0.002198042703138721,0.0017745539061999767,0.0005196801830698678,0.0001856740160509676,-0.008595392481935754,0.0027893895513958935,0.00024102245627869497,0.000555664525087775,1.9454957265014294
1781505973.60043,0.018225893821221664,0.7729263900904141,0.3072016543147225,-0.05030238512196965,0.020947405088581617,-0.07802343080358261,0.018119579589176982,0.7729240006595227,0.3091598475547703,-0.05071740119224507,0.021191135486650525,-0.07818345089553277,0.0006029630890817299,0.0003978364938720043,0.0005235789636051613,0.002416138678545845,-0.0023268223490425797,0.0018036455632641367,0.00038995938153000464,0.0004285862141460742,-0.0076386834965892466,0.003057747732035884,-0.0003168390766177162,0.0010324768720742763,1.9610785784062723
1781505973.6104317,0.018232559913389176,0.7729133066253796,0.3072751961940373,-0.05035827294871699,0.02095815687936131,-0.07799582295626602,0.018119579589176982,0.7729240006595227,0.3091598475547703,-0.05071740119224507,0.021191135486650525,-0.07818345089553277,0.0006065283862862796,0.00027849841609199264,0.0009665116288876548,0.0015359242125458643,-0.0019707463952944233,0.0019136002111784119,0.0006174855069342474,0.0004545023430839009,-0.007107256203248754,0.0035484163209560456,-0.00076413932526622,0.0011662454776218433,1.8880650591380421
1781505973.6204286,0.018237927408612048,0.7729017901287982,0.30733766202600094,-0.05040672788669873,0.020968920872277197,-0.07797444878842114,0.018119579589176982,0.7729240006595227,0.3091598475547703,-0.05071740119224507,0.021191135486650525,-0.07818345089553277,0.0006017051806579604,0.00017916815346812493,0.0013098393972383984,0.0008343703050744622,-0.001649999120125624,0.0019436094968782046,0.0004345590787643307,0.0002817181177570605,-0.007151210702128755,0.0036403472187440484,-0.0011425904000577386,0.0017442443392875681,1.826159800043931
1781505973.630439,0.01824218517369332,0.7728916793605307,0.3073904543091431,-0.05044828737533707,0.02097939890358158,-0.07795833049010323,0.018119579589176982,0.7729240006595227,0.3091598475547703,-0.05071740119224507,0.021191135486650525,-0.07818345089553277,0.0005902090250783669,9.715824297619123e-05,0.0015688567170447881,0.00028588329283657694,-0.001364503893318679,0.0019128958826491744,0.0007836060448388336,0.000300980441469559,-0.00684311318986193,0.0042453783242147915,-0.0017504687690928055,0.0014970237793465165,1.773930453370215
1781505973.6404543,0.01824549891343518,0.7728828283882712,0.3074348202998899,-0.05048354283168604,0.020989375508425834,-0.07794659150698444,0.018147747550434967,0.7729424690075487,0.30879182736953315,-0.05055610580466956,0.02115046863620207,-0.0781137134103752,0.000573501672393938,3.009179500413138e-05,0.0017569098598440402,-0.00013290293481334442,-0.0011132379172776664,0.0018375245386206421,0.0006892807350601064,0.00033062824122862206,-0.0070072709304390786,0.0030478372169321457,-0.0021075672450942586,0.0015729610076839825,1.3618298423437443
1781505973.6504273,0.018248013611436464,0.7728751049987178,0.307471866901624,-0.05051310992754898,0.020998703062298896,-0.077938455161435,0.018147747550434967,0.7729424690075487,0.30879182736953315,-0.05055610580466956,0.02115046863620207,-0.0781137134103752,0.0005528226097039904,-2.4128642458463948e-05,0.0018856120422896874,-0.0004430459176101543,-0.0008944975694982471,0.0017307551652642672,0.0004733743444011493,0.00034107641804387794,-0.007057827831644461,0.0029982736492519322,-0.001984572040914902,0.0019044631522743478,1.3254760765541964
1781505973.660438,0.018242767262234078,0.772880104449028,0.30746634272869255,-0.05055704523534619,0.020970811234303444,-0.07799627461327029,0.018147747550434967,0.7729424690075487,0.30879182736953315,-0.05055610580466956,0.02115046863620207,-0.0781137134103752,0.00048476533539129423,3.248825571470141e-05,0.0017182025403340098,-0.000861072109807926,-0.0010690862686813347,0.0008961555146267942,0.00086771467672285,0.00019304313106158254,-0.0077007591461714766,0.0020834722442954314,-0.0024750552991520272,0.001531661631768898,1.3303486824491462
1781505973.6704235,0.018237994601606203,0.7728843857221581,0.30746057215171946,-0.050593225429867106,0.020948289003382525,-0.07804577643303445,0.018147747550434967,0.7729424690075487,0.30879182736953315,-0.05055610580466956,0.02115046863620207,-0.0781137134103752,0.00042398831372505606,7.75271223585422e-05,0.0015620393158931826,-0.0011507189945147878,-0.0011706317587176487,0.0002462892000134802,0.0006027795488358314,-0.0001798386946845653,-0.007262665631213922,9.988268743300088e-05,-0.0020703273087660425,0.0019157839784990688,1.3355742784446831
1781505973.6804578,0.01823366394219563,0.7728880533896298,0.3074546742271905,-0.05062260482058148,0.020930406821408454,-0.0780876914036858,0.018147747550434967,0.7729424690075487,0.30879182736953315,-0.05055610580466956,0.02115046863620207,-0.0781137134103752,0.00036982579000249837,0.00011270076796038296,0.001416883047723912,-0.0013362462088809188,-0.001214669899807829,-0.0002473743583210473,0.0006378157372592627,-0.0003599987490489166,-0.006231400834933111,-0.0012163695380336336,-0.0013983491042479277,0.0014113324512492328,1.3410149931762134
1781505973.6904266,0.018229743988246998,0.7728911947202254,0.3074487479032065,-0.050646084555807436,0.020916490995177117,-0.07812277467860032,0.01818101504213926,0.7729416799344455,0.30844577193223965,-0.05051190108818915,0.021064130582135743,-0.07803535944066087,0.0003216595018169674,0.00013950919316216585,0.0012824021458452703,-0.0014386809625572961,-0.0012144150605634513,-0.0006104877817371922,0.0007062106238904642,-0.0007871117801084793,-0.0059385611895081845,-0.002776031293262339,-0.000618350849566314,0.0005539855167032863,0.9994899606865365
1781505973.700451,0.01822620419154338,0.772893882755019,0.30744287431552436,-0.05066450128813646,0.020905928125200868,-0.0781517790145573,0.01818101504213926,0.7729416799344455,0.30844577193223965,-0.05051190108818915,0.021064130582135743,-0.07803535944066087,0.0002789171463145575,0.00015926255404417905,0.001158195150992442,-0.0014760528827599767,-0.0011809805458583395,-0.0008658451701033677,0.0006009733063528252,-0.0006045705037255836,-0.004793918090278419,-0.0021654055277333857,-0.0007510311019530316,0.0003778015964953516,1.0050523663960054
1781505973.710427,0.018249696049667433,0.772898685658435,0.3074383793767462,-0.050690179863641854,0.020912450112015035,-0.07818964688105218,0.01818101504213926,0.7729416799344455,0.30844577193223965,-0.05051190108818915,0.021064130582135743,-0.07803535944066087,0.00041328172713060577,0.0001948199273776935,0.0010573978033259464,-0.0015866085492950736,-0.0009600145696451268,-0.0011804955511111968,0.0004331536064820603,-0.0004176469903760218,-0.00427358329227197,-0.001435920328302993,-0.00013667225706634085,4.677024253567286e-05,1.0106460059924236
1781505973.7204225,0.01826962693745275,0.7729028036719033,0.30743389072787736,-0.05071029962879989,0.02091887034856721,-0.07822045893309118,0.01818101504213926,0.7729416799344455,0.30844577193223965,-0.05051190108818915,0.021064130582135743,-0.07803535944066087,0.0005159093061405428,0.0002208958657692621,0.000963082094957831,-0.0016260164691457254,-0.0007681726635520485,-0.0013839373163420903,0.00042170078910035315,-8.013152593859147e-05,-0.003031811510965245,9.949821124962459e-05,-0.00044313198062505954,-0.00020165531751494074,1.0164974193385787
1781505973.7303839,0.01828644734622484,0.7729063241691148,0.30742946932337617,-0.050725703572731935,0.020925038796314466,-0.07824514091533029,0.01818101504213926,0.7729416799344455,0.30844577193223965,-0.05051190108818915,0.021064130582135743,-0.07803535944066087,0.0005917588765285959,0.0002390299541261053,0.0008751647483930423,-0.0016110365650484088,-0.0006034040173373684,-0.0014984859118215127,0.00037764359339184607,-0.00017909186380105213,-0.0027634976822616445,-0.00013723346988973994,-0.0002948787700980314,-0.0006367610541169642,1.0223683258345018
1781505973.7404275,0.01830055808153872,0.772909322381904,0.3074251625474115,-0.050737152410629406,0.02093084987239835,-0.07826455424209046,0.018203118642218352,0.7729247882975065,0.30825989012087895,-0.0505553145174101,0.02103334983895211,-0.07803731768015501,0.0006451506894453288,0.00025055876118148667,0.0007934978369535919,-0.00155571535412161,-0.0004634308726884605,-0.0015432946850330407,0.0004745867405868706,-0.00031587583775326435,-0.002887221471233196,-0.0007733391630206513,-0.00032851128357019117,-0.0010209615425030875,0.8405377807019694
1781505973.7504432,0.018312315033930913,0.7729118634089018,0.30742100633772934,-0.050745324390463066,0.020936234206056614,-0.07827948855281898,0.018203118642218352,0.7729247882975065,0.30825989012087895,-0.0505553145174101,0.02103334983895211,-0.07803731768015501,0.0006798374891165759,0.0002566389440520042,0.0007178834097142537,-0.0014716817659789095,-0.0003458677970418194,-0.0015346234779002033,0.00013358738098429485,-0.0002740058542783229,-0.003109728132335775,-0.0007311683407959724,-0.0004986033560346969,-0.0006924547217262451,0.8460596352148556
1781505973.760427,0.018302901005940887,0.7729058757598952,0.3074537940420424,-0.05073005862199405,0.020944466451365162,-0.07822103898881556,0.018203118642218352,0.7729247882975065,0.30825989012087895,-0.0505553145174101,0.02103334983895211,-0.07803731768015501,0.0005740508065636132,0.00017898946838691365,0.0008855924070199388,-0.0011577230971452847,-0.0002507055541977744,-0.0007253945093438275,0.000521241088125215,-2.475966646369572e-05,-0.003892891570714322,-0.0006520263925281259,-0.0010545559198627222,-0.001157902615787789,0.8124685178544336
1781505973.770425,0.018294506366598347,0.7729006228538653,0.30748142659380956,-0.050716141589386976,0.020951653142513127,-0.07817122393869244,0.018203118642218352,0.7729247882975065,0.30825989012087895,-0.0505553145174101,0.02103334983895211,-0.07803731768015501,0.00048185429132474795,0.00011438657571197434,0.001009003332489491,-0.0008907939794467932,-0.00017254387616283138,-9.921055161948931e-05,0.00038364705716667117,8.538432652753958e-05,-0.004198036549379792,-0.0005552971008896413,-0.0010297114823365101,-0.0010734754053226406,0.7841818333849973
1781505973.7804258,0.018287035330903426,0.7728960098402133,0.30750457358403177,-0.05070361613043842,0.020957859840982973,-0.0781292420236579,0.018203118642218352,0.7729247882975065,0.30825989012087895,-0.0505553145174101,0.02103334983895211,-0.07803731768015501,0.0004017358210052976,6.107571383962319e-05,0.0010952892134478383,-0.0006664092122746456,-0.00010925897671435562,0.000372683597408911,0.0005405048611992559,0.00034188260349862207,-0.003945394973522837,-0.0006624738585355411,-0.0012147802408638303,-0.0011967245340375877,0.7605085673934698
1781505973.7904298,0.018280399606710025,0.7728919568458611,0.30752382872367207,-0.05069247624118775,0.020963162480371667,-0.07809427838285543,0.018203118642218352,0.7729247882975065,0.30825989012087895,-0.0505553145174101,0.02103334983895211,-0.07803731768015501,0.0003323284632506939,1.7505293882839616e-05,0.0011506787756633107,-0.00048004360054375593,-5.885252389109235e-05,0.0007160565755432085,0.0004970000337937697,0.00024124460254916665,-0.0039068900597200446,-0.001473867423182897,-0.0008115271357735099,-0.0009880878122208979,0.7408350910614778
1781505973.8004339,0.018274517980684957,0.7728883962673534,0.3075397173869465,-0.05068267948641696,0.02096764268551099,-0.07806553035815296,0.018227189391169518,0.7729242207666149,0.3080667263215745,-0.050592983271862416,0.0209851012576725,-0.07809160161630845,0.00027239916079347775,-1.7693679349515e-05,0.0011805637606867002,-0.00032726585752190036,-1.9474842283526614e-05,0.0009537339293700356,0.0006802683902095271,-0.00016843662200670897,-0.0036984498203084053,-0.002383988220162608,-0.00021965450886321291,-0.0012192523517142748,0.5303412178122507
1781505973.8104277,0.018282458426257434,0.7728893685889306,0.30750477240779955,-0.05074773094161746,0.02096465332902908,-0.07819114466888859,0.018227189391169518,0.7729242207666149,0.3080667263215745,-0.050592983271862416,0.0209851012576725,-0.07809160161630845,0.00030980002443013055,3.894846883842091e-05,0.0008790052879833192,-0.0009729592966451623,1.9540934665128523e-05,-0.0005213122208510925,0.0007450544415121538,-0.00028603634962380976,-0.0036283837056124584,-0.0025232998763552268,-0.00026098908145915994,-0.000988453024939474,0.5657398180576196
1781505973.8204355,0.01828911158263201,0.7728903410211494,0.307474305734637,-0.05080154121167782,0.02096213950400605,-0.07829631813534102,0.018227189391169518,0.7729242207666149,0.3080667263215745,-0.050592983271862416,0.0209851012576725,-0.07809160161630845,0.0003358989527669553,8.392574805647937e-05,0.0006257843526730538,-0.001430122912819271,4.8243359994500917e-05,-0.0016122444428954528,0.00044999534864102064,-0.00029205208326480114,-0.0029302834486023012,-0.0017989633411695386,0.00040620036905941135,-0.0005748699134068484,0.5966107162762637
1781505973.8304327,0.01829464940696668,0.7728913287111416,0.30744781937537513,-0.05084545596906828,0.020960052068380364,-0.0783832971165642,0.018227189391169518,0.7729242207666149,0.3080667263215745,-0.050592983271862416,0.0209851012576725,-0.07809160161630845,0.0003525942909516613,0.00011896887584188805,0.00041457606100334175,-0.0017335137189430608,6.843164513433154e-05,-0.0023855113582074423,0.0007865538082144784,-0.00021421614361846706,-0.0022009710970669867,-0.0010558083694364086,-4.678249598845734e-05,-0.0007625680061088448,0.6234408946311135
1781505973.8403633,0.01829922331932609,0.772892334645757,0.30742486336615965,-0.05088075433523803,0.020958342242531014,-0.07845426275936773,0.018227189391169518,0.7729242207666149,0.3080667263215745,-0.050592983271862416,0.0209851012576725,-0.07809160161630845,0.00036152913253836193,0.00014559310155347398,0.00023977061522400118,-0.0019133831464130697,8.168719222681932e-05,-0.0028995960275715934,0.00038465489318684063,-5.216921082896692e-06,-0.0012894964335721272,0.00010638273044543452,0.00023989287051740318,-0.0005801211022490242,0.6466789505178897
1781505973.8504293,0.018302966478756656,0.7728933537569102,0.30740503195412955,-0.0509086305555569,0.02095696289346405,-0.07851128764601022,0.01826063309263215,0.772914198989658,0.3079149987916058,-0.05068302417637811,0.02097183971713168,-0.07813722259016634,0.00036412084229101846,0.00016512150273338528,9.640335929033455e-05,-0.0019957786826880542,8.938485409399149e-05,-0.0032054123462668263,0.0004077462966267694,-0.0002460176804258318,-0.001460730091305109,-0.00029774880405222684,-5.480520168398096e-06,-0.0005897525667760094,0.5121453061725573
1781505973.8604314,0.018298268562922795,0.772895105399622,0.30744747841196696,-0.05089788237948836,0.020953394276102655,-0.07835301741081041,0.01826063309263215,0.772914198989658,0.3079149987916058,-0.05068302417637811,0.02097183971713168,-0.07813722259016634,0.0003055401110100979,0.00010485654135243525,0.00036154573026125,-0.0016967590520761465,-4.71900190516342e-05,-0.001132233959441157,0.0004974092668837961,8.796545768681362e-05,-0.0007330871957706704,0.0005333357371400313,-8.277345016772866e-05,-0.0007949968431591161,0.46942123852898276
1781505973.8704243,0.018294060557587744,0.772896456998165,0.3074836841169449,-0.05088726284303275,0.02095048620887363,-0.0782188619676277,0.01826063309263215,0.772914198989658,0.3079149987916058,-0.05068302417637811,0.02097183971713168,-0.07813722259016634,0.0002546415692411044,5.514880947213436e-05,0.0005698137557626912,-0.0014262679197772484,-0.00014824113090863603,0.00045211971051391004,0.00018369063640539276,-2.246165330301787e-05,-0.0011304831054513471,0.0002681682670909389,7.222868747815566e-05,-0.000610984070409701,0.4329717337810063
1781505973.8804045,0.018290296099234753,0.772897429190178,0.3075144207085083,-0.05087703030259659,0.020948152950885923,-0.07810644711016139,0.01826063309263215,0.772914198989658,0.3079149987916058,-0.05068302417637811,0.02097183971713168,-0.07813722259016634,0.00021055501916977064,1.454598543439888e-05,0.0007297856163028901,-0.0011845565409529697,-0.00021990646194381888,0.0016268457420987074,0.00020864312734493782,-4.566238759765806e-05,-0.0009089708161224343,0.000522419494579681,-5.185083593805878e-05,-0.0008573424033649907,0.4020247763426255
1781505973.8904302,0.018286933238191794,0.7728980549079237,0.3075403771674206,-0.050867367759154195,0.02094631450643658,-0.07801339882804177,0.01826063309263215,0.772914198989658,0.3079149987916058,-0.05068302417637811,0.02097183971713168,-0.07813722259016634,0.00017249557450194135,-1.823318402401019e-05,0.0008489596063396772,-0.0009710253325304204,-0.00026759011087425905,0.0024624963934602247,0.0002387276836019789,-0.00024404582959341778,-0.0018928404589731167,-0.0009713062579412358,-0.00045118403384009954,-0.0009386457228473746,0.37589052972725007
1781505973.9004245,0.018283933932980886,0.7728983744481613,0.3075621673368062,-0.05085839674136538,0.020944897365816395,-0.07793740824112949,0.018276924598430278,0.7729090330847058,0.3078504124160868,-0.05068907218852912,0.02097179007121963,-0.0781769033057681,0.00013975678004770888,-4.4316388271560445e-05,0.0009338721057976252,-0.0007844536343970304,-0.00029599819082813005,0.003021215455869333,0.00032039900381834394,-9.451371126347747e-05,-0.0017793436064424241,-0.0013330066141967387,-0.000395018325349024,-0.0010030490959594524,0.2885272310082888
1781505973.9104424,0.01828065700536116,0.7728927637215439,0.3075753823925785,-0.05075748382322265,0.020968948435878598,-0.07790751493959608,0.018276924598430278,0.7729090330847058,0.3078504124160868,-0.05068907218852912,0.02097179007121963,-0.0781769033057681,0.00010925826881481358,-9.064856901398537e-05,0.0009681206819598959,0.0003960122997285131,-1.8003610670943226e-05,0.003030575891422403,0.00011146941637387966,-0.00010828023901818094,-0.002247414890039979,-0.0019431341446915764,4.086428903071364e-05,-0.0006727913479561861,0.2755360899595121
1781505973.9204257,0.01826962140686402,0.7728979547617372,0.30757203876754086,-0.05074746876156309,0.02088491868966269,-0.07799074211112333,0.018276924598430278,0.7729090330847058,0.3078504124160868,-0.05068907218852912,0.02097179007121963,-0.0781769033057681,3.1872455186508354e-05,-1.953254064041796e-05,0.0008520936847594824,0.0004811461223703376,-0.0008861286351234195,0.0017459644704339791,8.535542568347946e-05,3.8157960809525454e-06,-0.0019518425787949563,-0.0020187297633839788,7.35123006820538e-05,-0.00017299645751975333,0.2786897092675442
1781505973.9304466,0.018260126554656298,0.7729024032812913,0.3075685723065925,-0.05073951687149325,0.020814973932038017,-0.07806238660527878,0.018276924598430278,0.7729090330847058,0.3078504124160868,-0.05068907218852912,0.02097179007121963,-0.0781769033057681,-3.065465474843487e-05,3.7804994773237944e-05,0.0007481534342653695,0.0005317537850810468,-0.0015123323895826675,0.000735658180257185,5.53787461458509e-05,-0.00018787846505299613,-0.001950346350652823,-0.002165323933398091,-0.0001419126872297854,0.0005173616557357845,0.2824180870406409
1781505973.9404337,0.01825199009490339,0.7729062253255051,0.30756503469829116,-0.0507333292685222,0.02075749707195973,-0.0781233913690203,0.018276924598430278,0.7729090330847058,0.3078504124160868,-0.05068907218852912,0.02097179007121963,-0.0781769033057681,-8.046131430633629e-05,8.335500116432045e-05,0.0006552331280397484,0.000555109390279519,-0.0019401311161181094,-4.1466061655181705e-05,4.011952571030518e-05,-0.0003952177235694823,-0.0018179569940716667,-0.0020041694815691384,0.0006710117576758695,0.000820513649222116,0.28647871612408615
1781505973.950426,0.01824504824887313,0.772909515655045,0.3075614741374804,-0.05072863358856322,0.020710935215500825,-0.07817475419203199,0.018285960873653417,0.7729042471990257,0.30775794355264874,-0.050770758631112294,0.020959000079632917,-0.0781908586328956,-0.00011942523686503238,0.0001188651308905339,0.0005723367318432847,0.0005574085144278579,-0.002207561127517462,-0.0006226031356441194,0.00018730476640943988,-7.992384416544198e-05,-0.0009068529146697492,-0.0005538510042704142,-0.00036903479899681117,0.0012274263538738731,0.20075315836076196
1781505973.9604187,0.018250909076130174,0.7729030106610463,0.30754704888428297,-0.05069551909652838,0.020786245506448253,-0.07816030079443727,0.018285960873653417,0.7729042471990257,0.30775794355264874,-0.050770758631112294,0.020959000079632917,-0.0781908586328956,-7.278219470876082e-05,6.32182045507969e-05,0.0004719164961902606,0.0008547640267594786,-0.0011534338371042997,-0.00035541210104419004,-0.00012477728731230547,-4.299178719467731e-05,-0.0005568844964356427,-0.00024105663986639274,-0.0010778038546794186,0.0024478781258110913,0.2137912970185938
1781505973.9704232,0.018255977453582973,0.7728973937407992,0.3075344251706187,-0.05066844519342064,0.02085066213407072,-0.07814787044593033,0.018285960873653417,0.7729042471990257,0.30775794355264874,-0.050770758631112294,0.020959000079632917,-0.0781908586328956,-3.441618840684485e-05,1.7745307224416006e-05,0.00038532216586353147,0.001054164956391349,-0.0003320381362431087,-0.0001454909848803161,-6.667797652280297e-05,6.927297135057776e-06,-0.00019900918545942401,0.0005720908985154522,-0.0014777242071890417,0.0024129998663082,0.22562456088403884
1781505973.9804294,0.01812532071270295,0.7718559909720071,0.3075774812601316,-0.05064663851544143,0.020905153302354318,-0.07813729644803949,0.018285960873653417,0.7729042471990257,0.30775794355264874,-0.050770758631112294,0.020959000079632917,-0.0781908586328956,-3.1809005266319695e-06,-1.898396497627962e-05,0.0003109241392322853,0.001174713755040392,0.00029249552536543273,1.5774779297073922e-05,2.635758943632197e-05,0.0001852410113489829,7.791538967609817e-05,0.0008710243590502999,-0.0020360370692151042,0.0016440357190325818,1.0757383593672314
1781505973.9904215,0.017994070439496513,0.770815267030511,0.3076219686405484,-0.05062937540965676,0.0209507161309761,-0.07812840302698215,0.018285960873653417,0.7729042471990257,0.30775794355264874,-0.050770758631112294,0.020959000079632917,-0.0781908586328956,2.193425523376739e-05,-4.8228692497989046e-05,0.00024725967630652673,0.0012328816242142308,0.0007524317150084227,0.00013617133069597894,0.00013035593190123098,0.0002034335703637424,0.0001654348842275104,0.0015477958326453097,-0.001359753860553795,0.00038121365738083676,2.113652607861807
1781505974.0004346,0.01786229546788788,0.7697751385433169,0.30766774204907765,-0.050615989277208256,0.02098834211146494,-0.07812101242418162,0.018285056422539803,0.7729058327850857,0.3077368300265315,-0.05075131122367176,0.02089819056050679,-0.07810334688019513,4.181809871395767e-05,-7.109446810077388e-05,0.00019301852354238364,0.001242717400950751,0.0010764507192271885,0.0002226510416110385,4.3763046720606056e-05,0.00019116841496879107,-4.963981001285196e-05,0.0019359593677496208,-0.0006043683264355383,-0.00018177447525587719,3.1598649352229113
1781505974.0104303,0.01786492536555534,0.7697745361989817,0.3076847739687788,-0.050480831701072336,0.020906053720806117,-0.07802910658023293,0.018285056422539803,0.7729058327850857,0.3077368300265315,-0.05075131122367176,0.02089819056050679,-0.07810334688019513,4.9363531838178486e-05,-0.00010731349634396671,0.00026127107634934534,0.002561583658328777,1.1109808145454885e-05,0.0011548056976674907,-0.00012730764486245543,-0.0007989864357114794,-0.0004839583567831763,0.0019719762388107054,-0.0007928072729496573,-0.0004134765097176923,3.1597845256185155
1781505974.0204227,0.017732282319002056,0.7687373094781554,0.3077529372809108,-0.050369532969872496,0.020836769257744026,-0.07795287202950456,0.018285056422539803,0.7729058327850857,0.3077368300265315,-0.05075131122367176,0.02089819056050679,-0.07810334688019513,5.479531690368361e-05,-0.00013502938886579275,0.00031275182350847116,0.003479643248706194,-0.0007874148743643945,0.0018216376706606534,-8.898082095177497e-07,-0.004524307414232342,-0.0025164082818160995,-0.0008528452416007605,-0.002150304387879044,-0.0009772858760249384,4.205045209460497
1781505974.0304306,0.017599383506587518,0.7677000312411879,0.3078185956624762,-0.05027915604776236,0.020779126834921113,-0.07789046453846925,0.018285056422539803,0.7729058327850857,0.3077368300265315,-0.05075131122367176,0.02089819056050679,-0.07810334688019513,5.846149582176016e-05,-0.00015556800381816174,0.000350116302036029,0.0040722633622445915,-0.00136416621644198,0.0022714167653512534,-0.0006857518500243717,-0.00925192059413906,-0.0023760267440364165,-0.0006837329815412561,-0.0006780750388678659,-0.000988189362879911,5.251400068680821
1781505974.0404234,0.01746624306591865,0.7666627114519254,0.30788209711223213,-0.05020692792732783,0.02073178685109367,-0.07784012416743305,0.018285056422539803,0.7729058327850857,0.3077368300265315,-0.05075131122367176,0.02089819056050679,-0.07810334688019513,6.0663839317369374e-05,-0.00017008464792398858,0.00037567517321096376,0.004404821957099452,-0.0017589636672877527,0.0025462518879935283,-0.001331615786137481,-0.013187369639307557,-0.001107519744915902,0.0006564069009055421,0.0008937339210566715,-0.0012004491976585186,6.298263397138162
1781505974.0504348,0.01722514570258232,0.7656452388511723,0.30794543197283664,-0.050150274364022834,0.02069346315577092,-0.07780020226324688,0.018267768483163804,0.77265502870671,0.3076705555106448,-0.05072433566946575,0.020868697499140776,-0.07814257555980446,6.166314910785675e-05,-0.00017958307488858316,0.0003914329629047204,0.004533422895884526,-0.002006623012652674,0.002682482992927383,-0.0017276133244672857,-0.01730702570035321,-0.0008936664551724219,0.000790509026911629,0.0003899220731860098,-1.9328363248500874e-05,7.092233297830353
1781505974.0604196,0.016983838424837007,0.7646277467078216,0.30800718822641465,-0.05010684045806206,0.020662944936907346,-0.07776917862978432,0.018267768483163804,0.77265502870671,0.3076705555106448,-0.05072433566946575,0.020868697499140776,-0.07814257555980446,6.168403346860271e-05,-0.00018493265714472553,0.00039912304032447134,0.004505685613632526,-0.0021372579972120335,0.0027111327084330386,-0.0026288379069298283,-0.021287801396928718,5.352338246452906e-06,0.00201243625217275,0.0009490154158452923,0.001167049350653966,8.136280124828465
1781505974.0703619,0.016981085253324976,0.7645916560000818,0.30798264938459435,-0.05015804621515894,0.020652433602139197,-0.07787720811945595,0.018267768483163804,0.77265502870671,0.3076705555106448,-0.05072433566946575,0.020868697499140776,-0.07814257555980446,4.885692693372264e-05,-0.0003636481860936594,0.00020904391270317013,0.0034791325657042645,-0.001959493527981637,0.0012317844573205264,-0.003210732016153107,-0.026151859314427685,0.0004985947866564318,0.0025654729328403077,6.485548018383317e-05,0.002184003496610579,8.171348464366284
1781505974.08042,0.016736092490906157,0.7635442092718759,0.30801663999686446,-0.05020433470591029,0.020645327114393153,-0.07796928950977716,0.018267768483163804,0.77265502870671,0.3076705555106448,-0.05072433566946575,0.020868697499140776,-0.07814257555980446,3.7940603311128024e-05,-0.0005025084229140745,5.380469356682123e-05,0.002614727805775092,-0.001772678508577996,8.964690594181167e-05,-0.004453887004514176,-0.031838539214405576,0.0008261053104193961,0.0035866130599282306,-0.0010557292820905003,0.0032307033463126215,9.245152058836577
1781505974.0904193,0.01649127390990639,0.7625015265767924,0.3080536169882217,-0.05024567193207214,0.02064096705294305,-0.07804690130180283,0.018267768483163804,0.77265502870671,0.3076705555106448,-0.05072433566946575,0.020868697499140776,-0.07814257555980446,2.8696525815181033e-05,-0.0006076144010335258,-7.149894387055498e-05,0.0018954788916846306,-0.0015841922080941082,-0.0007685679921095149,-0.005432341389611874,-0.036847055284404726,0.0019057738571681315,0.004710723465840028,-0.0019834994817642753,0.0035198508677362905,10.314856982365676
1781505974.10043,0.016246635118478188,0.7614630180501651,0.30809322857175586,-0.050282167903186924,0.020638784814597244,-0.07811154728939317,0.0180951405309554,0.7713366474078437,0.3076846552816983,-0.05060489184294867,0.020866403925521304,-0.07804068988690915,2.0912014462116643e-05,-0.0006842915670210185,-0.00017118337569956265,0.0013046800194376866,-0.0013996103246587664,-0.001390558574085615,-0.006067472150936372,-0.03887958840640233,0.0018465052597418997,0.004249119338232373,-0.002613164127048156,0.003384527492870343,10.053480048526366
1781505974.1104274,0.016002177095597123,0.7604281505783385,0.3081351583226226,-0.05031403752720309,0.020638294648708255,-0.07816470906716011,0.0180951405309554,0.7713366474078437,0.3076846552816983,-0.05060489184294867,0.020866403925521304,-0.07804068988690915,1.4397841285852009e-05,-0.0007371752683226306,-0.00024903829410985863,0.000826297595391453,-0.0012230043503819168,-0.001818529445238778,-0.005972544751433885,-0.03861177196005493,0.0030946004319496304,0.0063337479445724106,-0.002883282593504274,0.0018165442909410965,11.116598041260396
1781505974.120418,0.015629808299768486,0.7593282096230541,0.308248990653011,-0.05015687491388723,0.020710938825583725,-0.07818983985498003,0.0180951405309554,0.7713366474078437,0.3076846552816983,-0.05060489184294867,0.020866403925521304,-0.07804068988690915,-0.00013948152635989046,-0.0014170863046832924,0.00017672102610080816,0.002457474037542763,-0.0002835772074456307,-0.0018541399224060048,-0.006338580492913286,-0.039670278998229884,0.0022465280903917434,0.004119408259010654,-0.002517281983607297,0.0002498786692819627,12.271874977060554
1781505974.1304228,0.015260996294246383,0.7582454104370262,0.30835443124121453,-0.05002691074527477,0.02077238847086793,-0.07820928174535349,0.0180951405309554,0.7713366474078437,0.3076846552816983,-0.05060489184294867,0.020866403925521304,-0.07804068988690915,-0.00026124437886572004,-0.001944944708417211,0.000516269942955956,0.003612384905392868,0.0004280769752938526,-0.0018300791664739725,-0.007119808285629969,-0.04332229103913148,-0.00044944787987231103,5.3250897706137745e-05,-0.0018705633575055464,-0.0014942004317467267,13.411243746070515
1781505974.1404202,0.014895311738566083,0.7571776002647882,0.3084525522212669,-0.04992088241808651,0.020823767253064007,-0.07822393053451732,0.0180951405309554,0.7713366474078437,0.3076846552816983,-0.05060489184294867,0.020866403925521304,-0.07804068988690915,-0.0003556820962897106,-0.002344050838964177,0.0007823090329866183,0.004378834711006717,0.0009495859267860812,-0.001761964784015218,-0.007949556158938638,-0.0469799133313096,0.0013322825373567155,0.0024795901507083783,-0.0008741311336830253,-0.003291400181843598,14.536408979169181
1781505974.1504297,0.014532368951622117,0.7561228602943713,0.3085442989102908,-0.049835690317448104,0.020866193081078066,-0.07823458828184501,0.01776314982635424,0.769280538567874,0.3077877729498787,-0.050398120934222024,0.020784220781668195,-0.07802433431915687,-0.00042698730711251997,-0.002634741021358553,0.0009859654221986516,0.004833245228757146,0.0013143483160273231,-0.0016627050391543599,-0.009749383156050475,-0.04986542091895435,0.003371262819268886,0.0044204461765598125,5.2434696748677545e-05,-0.002806106241687568,13.569626897535521
1781505974.1604266,0.014508770944986567,0.7560819152374757,0.30854469532513623,-0.04973321494141196,0.020778999268663334,-0.07825097461720902,0.01776314982635424,0.769280538567874,0.3077877729498787,-0.050398120934222024,0.020784220781668195,-0.07802433431915687,-0.0005504080706444426,-0.0027236120840476,0.0009038682199356256,0.00542809478679278,0.00022908733063512995,-0.001707156800467889,-0.011369791810332812,-0.051819633564301214,0.003814277586461825,0.004604849638920015,0.00017692009194882156,-0.0025184328809453715,13.61497598982065
1781505974.1704364,0.014158163076641146,0.7551021182358346,0.3085582953372478,-0.04981083474799161,0.020734508018104503,-0.07828273305683262,0.01776314982635424,0.769280538567874,0.3077877729498787,-0.050398120934222024,0.020784220781668195,-0.07802433431915687,-0.0005284996541010902,-0.0024990369576894426,0.0005489966888060258,0.003995346703780426,-0.0002638364895202425,-0.0018911432248987984,-0.012783008598458191,-0.056031799524010904,0.002822156197389214,0.0037522892220850086,0.00045716923658040105,-0.002151435241274219,14.64982038548708
1781505974.1804316,0.013808213606735871,0.7541230223744614,0.3085777067917592,-0.0498797512410691,0.020697412338994692,-0.07830771834533547,0.01776314982635424,0.769280538567874,0.3077877729498787,-0.050398120934222024,0.020784220781668195,-0.07802433431915687,-0.0005042155382462076,-0.0022870887398286125,0.0002571590055457857,0.0028124769458084857,-0.0006259585706281893,-0.0019772234759144686,-0.014720769388908641,-0.05896894145790323,0.0020556985785451145,0.002275540469620011,0.00146292200097571,-0.0009301552862810993,15.684891237409467
1781505974.19043,0.013357578652877988,0.7531862747561544,0.30860269692587217,-0.04994026058860247,0.020666874012277514,-0.07832694544492898,0.01776314982635424,0.769280538567874,0.3077877729498787,-0.050398120934222024,0.020784220781668195,-0.07802433431915687,-0.00047833197917085277,-0.002087962664234763,1.9621082824034463e-05,0.0018492100820128492,-0.0008801598403096042,-0.001987591905078108,-0.01523428708794064,-0.06092520708821712,0.0018289103918667313,0.0008184000533603101,0.002918710225370606,-0.0024129584078292766,16.706240932431275
1781505974.2004263,0.012907417510062635,0.752249823676739,0.3086321729964541,-0.04999281472529506,0.02064208534687695,-0.07834133234241687,0.017128856168064643,0.7665064960422795,0.3078817431977124,-0.050296513560552085,0.0208397418754791,-0.07812760624477111,-0.00045149240099401193,-0.0019016529897747654,-0.00017131660328035235,0.0010768508361573678,-0.001046539100283934,-0.001940949873864936,-0.015857256623913074,-0.0626217672316369,0.0035618852330584357,0.004000889780204352,0.001035647874694948,-0.0023662112487409545,14.887457679687282
1781505974.210422,0.012457652534220981,0.7513135139371115,0.30866558480795553,-0.05003796994697217,0.020622283656976936,-0.07835169924365908,0.017128856168064643,0.7665064960422795,0.3078817431977124,-0.050296513560552085,0.0208397418754791,-0.07812760624477111,-0.0004242254410568112,-0.0017279927108053276,-0.0003224254961727473,0.0004686733045135622,-0.0011425602369441203,-0.0018528697958121482,-0.01683056297920784,-0.06505667238182455,0.0035752450095504055,0.004546048430558787,0.00027495473798647596,-0.0023964091814893413,15.914184123188232
1781505974.2204263,0.01244445108869229,0.7512814425647805,0.3086569436815605,-0.04975280337861209,0.020753206548614234,-0.07835918610035841,0.017128856168064643,0.7665064960422795,0.3078817431977124,-0.050296513560552085,0.0208397418754791,-0.07812760624477111,-0.00047776337301862063,-0.0018232608418848357,-0.0002706969483155055,0.0035323073197707734,0.0004139056440163344,-0.0016609421081454985,-0.017782797241636287,-0.06620548728977359,0.006275500340827999,0.006906811488781794,-0.002845755088064539,-0.0011263427762323599,15.948255081058651
1781505974.2304323,0.011984128053333295,0.7503113076013382,0.3087061744104393,-0.049516165766416584,0.02086302420285846,-0.07836391380835013,0.017128856168064643,0.7665064960422795,0.3078817431977124,-0.050296513560552085,0.0208397418754791,-0.07812760624477111,-0.0005146884403954674,-0.0018766369736540687,-0.00022574065368503326,0.005731085623266479,0.0015688046646963483,-0.0014716885353802957,-0.018695157637665553,-0.06464326190016752,0.005802410402473515,0.006407857518860993,-0.001880658008341049,-0.0007049928013204668,17.012702396639483
1781505974.240421,0.011525698956570263,0.7493460150699354,0.308756585692208,-0.04932236622117232,0.02095402117387679,-0.07836645051001374,0.017128856168064643,0.7665064960422795,0.3078817431977124,-0.050296513560552085,0.0208397418754791,-0.07812760624477111,-0.0005378092680010774,-0.0018957070032863176,-0.0001867905840272415,0.007221672755664521,0.0023912050743725767,-0.0012896150001402667,-0.019782089119902948,-0.06405468958745647,0.005974398460226299,0.007120835988702811,0.0006892681284594079,-0.0013682551809704197,18.073262774858378
1781505974.2504401,0.011068908894872087,0.7483848774011317,0.3088080740916,-0.04916596830141452,0.02102842475416078,-0.07836728060852881,0.016237270821394534,0.7632986555494583,0.3081430325793963,-0.04999839559694561,0.020802139229879613,-0.0781712832685959,-0.0005495554581656733,-0.0018869953785173163,-0.0001531556874566648,0.008140836678569428,0.0029419601395529833,-0.0011179020962839435,-0.01936304483129722,-0.06281046505460332,0.003871288598735313,0.004272372949995318,0.0005976208630604981,-0.002980092711610318,15.797943659666135
1781505974.260432,0.010501973629915584,0.7474752746159413,0.30891731214890905,-0.049141573903985845,0.021007376778532816,-0.07835689860319897,0.016237270821394534,0.7632986555494583,0.3081430325793963,-0.04999839559694561,0.020802139229879613,-0.0781712832685959,-0.0006533253709316378,-0.001885663896100571,0.00019653416698226642,0.007516039395209834,0.002385728858175957,-0.0008939580218609575,-0.020047277020830288,-0.06466948234597532,0.002008379319834503,0.001898862061913984,-0.0005361832714579726,-0.0030496600159558005,16.848517053246557
1781505974.2704175,0.009938478749119987,0.746611782066328,0.3089771846244611,-0.04902865839585927,0.020921726618126524,-0.07831398921676062,0.016237270821394534,0.7632986555494583,0.3081430325793963,-0.04999839559694561,0.020802139229879613,-0.0781712832685959,-0.0007355018237282515,-0.0015995093991765519,0.00019967444921046069,0.007918428376471073,0.00116844525998047,-0.0003744156393459436,-0.02181472589808808,-0.06753538597932182,0.0012895528742250966,0.002214576816379078,-0.0013587402590594666,-0.0017376362298419405,17.85559682133402
1781505974.2804384,0.009377979079415708,0.7457451092311596,0.3090363248883057,-0.04894095213481284,0.020848631010357277,-0.07827750613406512,0.016237270821394534,0.7632986555494583,0.3081430325793963,-0.04999839559694561,0.020802139229879613,-0.0781712832685959,-0.0007921513188883576,-0.0013495248433969156,0.0001996653054596806,0.008003175266130931,0.000224408395051523,2.5146493980688907e-05,-0.024008677558322967,-0.06824601794490708,0.0026402892664445722,0.005131866426140827,0.0004279605885360216,-0.0006059306746041592,18.867295585202328
1781505974.2904267,0.008820064993224037,0.7448755606211563,0.3090948364107572,-0.048874534550074844,0.02078694351451804,-0.0782468355831201,0.016237270821394534,0.7632986555494583,0.3081430325793963,-0.04999839559694561,0.020802139229879613,-0.0781712832685959,-0.0008275906511689353,-0.0011317441034441344,0.00019712800294773255,0.007847604097247357,-0.0004890571019989806,0.0003238648945375189,-0.025634398277373738,-0.06753507525368324,0.003532148273855873,0.00552787601006252,0.002411194200366263,-0.00046821413504264536,19.882939912600076
1781505974.3004227,0.008264376385017163,0.7440034200075846,0.30915281099434094,-0.048825885453748157,0.020735492718875426,-0.07822135886206008,0.014972073325174973,0.759609708338437,0.30830208650005747,-0.049771752223236335,0.020871673593277462,-0.07825215858670238,-0.00084555398180559,-0.0009425752253484725,0.0001925933126562085,0.007516229271675397,-0.0010102367996282354,0.0005388406547441111,-0.027059414183355956,-0.06801100737299182,0.0023419458593088947,0.0038074029005112603,0.004935388218285951,-0.0012186561833724104,17.008032392721883
1781505974.3104222,0.008256110456102762,0.7440205651991961,0.3091550196002394,-0.0487918810041337,0.02069312058796524,-0.07820047047570419,0.014972073325174973,0.759609708338437,0.30830208650005747,-0.049771752223236335,0.020871673593277462,-0.07825215858670238,-0.0008492604338708169,-0.0007787721435565805,0.00018651263221041253,0.007062201441532132,-0.00137307941052417,0.0006851810917930612,-0.02781713502656162,-0.07134706563678517,0.0019284398358326927,0.004901710251874107,0.002766685546723165,-0.0013066769030346658,16.995676978216643
1781505974.320424,0.007681442343654755,0.7430766988905981,0.3091517268330997,-0.048876693529381315,0.020746387714300152,-0.07825959399242396,0.014972073325174973,0.759609708338437,0.30830208650005747,-0.049771752223236335,0.020871673593277462,-0.07825215858670238,-0.0009686476552436274,-0.0010451307999803127,-0.00020058716295579755,0.005378663992003626,-0.0006109052299169663,-5.79495263099139e-06,-0.02961657373852192,-0.07378797869883527,0.0009511677139252933,0.0034368329960900858,-0.0016392187494943214,0.000202983494561672,18.08910142065005
1781505974.3304238,0.007021053677866746,0.7422029208689286,0.30915648530265705,-0.04895297027403066,0.020791745277153773,-0.07830934897188958,0.014972073325174973,0.759609708338437,0.30830208650005747,-0.049771752223236335,0.020871673593277462,-0.07825215858670238,-0.0010522147619861782,-0.0012457135098641434,-0.0005087988428298396,0.003970016190243786,-2.3125782911084846e-05,-0.00052337275162472,-0.030344441167476397,-0.07230543411983903,0.005159228060918124,0.008578507558955605,-0.0003477013292594671,0.00036345420382428637,19.155807494188284
1781505974.3404355,0.006364704386618051,0.7413362318117612,0.3091689061411997,-0.049020763050947984,0.020829935724388182,-0.07835072185438151,0.014972073325174973,0.759609708338437,0.30830208650005747,-0.049771752223236335,0.020871673593277462,-0.07825215858670238,-0.001105967562290043,-0.0013909514691852853,-0.0007497759067629792,0.0028058928120282363,0.00041789997731363004,-0.0008968587241129395,-0.03098282484135017,-0.07107444133273044,0.004053755687974819,0.007211119424928143,0.0015964219008966101,0.0004169432919780772,20.217767451073193
1781505974.3504395,0.005711865841224695,0.7404757094141383,0.30918800948390557,-0.04908034300597581,0.020861711409171813,-0.07838468126993334,0.013494254361671842,0.7560477592488557,0.3084557349683141,-0.0494810690450496,0.020955747256328205,-0.07825579179954306,-0.0011351051352656133,-0.0014899198362079596,-0.0009337254020190582,0.00185684882231531,0.0007368987219390304,-0.0011521560866969303,-0.0313193741284357,-0.06801078518758238,0.008015119683545947,0.011969248908458102,-0.0009204673720102183,0.001070906842046638,17.42384954894566
1781505974.3604295,0.005062067046381701,0.7396205321925812,0.3092129228539423,-0.049132138193299854,0.020887811513159438,-0.0784121559955576,0.013494254361671842,0.7560477592488557,0.3084557349683141,-0.0494810690450496,0.020955747256328205,-0.07825579179954306,-0.0011441130619642516,-0.0015504901870565767,-0.0010695638693070243,0.0010949346694369409,0.0009557368623037812,-0.0013119089281821243,-0.03207803229902105,-0.06827858994896127,0.00513646876927008,0.006285032924196266,-0.0042859460485827165,0.00027329733960405845,18.48050067429668
1781505974.3704216,0.004354156082366284,0.7386758179538293,0.3093312780220537,-0.04912733365083029,0.020843567999943913,-0.07843215798370622,0.013494254361671842,0.7560477592488557,0.3084557349683141,-0.0494810690450496,0.020955747256328205,-0.07825579179954306,-0.001528051364683709,-0.0021851269020753176,-0.0006067735582453802,0.0010324293441321974,0.0003796958596019584,-0.001410456526751739,-0.03412173449658919,-0.07229728557207171,0.0055382261975910445,0.006376117912675317,-0.0046418272355428685,-0.0005333824493650926,19.64923195832752
1781505974.380439,0.003657332029315965,0.737748779257229,0.30944092415801344,-0.049124212302249934,0.020806070725815085,-0.0784476703768416,0.013494254361671842,0.7560477592488557,0.3084557349683141,-0.0494810690450496,0.020955747256328205,-0.07825579179954306,-0.001816904763996769,-0.002666908441923986,-0.0002275694842041369,0.0009573390038071298,-6.230614431270158e-05,-0.001445684721642593,-0.03572421490715105,-0.07124111255489604,0.003422915751928407,0.004140998773682479,-0.0006956160237891461,-0.0007894053714308071,20.798757353415496
1781505974.3904212,0.002886814575214421,0.7369082400855029,0.30954155874102407,-0.049122437811000334,0.020774654561058092,-0.07845939423575102,0.013494254361671842,0.7560477592488557,0.3084557349683141,-0.0494810690450496,0.020955747256328205,-0.07825579179954306,-0.0020257664897845307,-0.003019877289628604,7.972890218796967e-05,0.0008748737675462393,-0.00039177829558299505,-0.0014325060799391285,-0.03582789078906631,-0.0697997133213537,0.004356988486364571,0.0051053703547574245,-0.0038363148462403083,-0.0010159530846120778,21.90931276633409
1781505974.4004278,0.002844157512328068,0.7368395054696618,0.30958181503795656,-0.04912172123825855,0.020748654700549762,-0.07846795855252622,0.011769555538955978,0.7525888220237971,0.30873531899330453,-0.04912360623329981,0.020909762665805465,-0.07825822098436896,-0.0021677665575047874,-0.0032649662926840526,0.0003254095504460364,0.0007891394720165361,-0.0006279169613418529,-0.001383418974889468,-0.03706679538639388,-0.06928165766813851,0.0009399460479321017,-0.00037691533422954207,-0.0025718819596195213,-0.0016076571425244523,18.12236897896364
1781505974.4104195,0.002089362144429187,0.7360240183214147,0.3096697310823219,-0.04912181708149259,0.020727424776282533,-0.07847392110132782,0.011769555538955978,0.7525888220237971,0.30873531899330453,-0.04912360623329981,0.020909762665805465,-0.07825822098436896,-0.0022542925961560284,-0.0034203467262343776,0.0005185121095419732,0.0007033021143913329,-0.0007876601536962414,-0.0013087708253391277,-0.03980031207871314,-0.07112350908472767,0.002735726614698266,0.0002789418715435602,0.0010745039536788968,-0.00136849214002541,19.20864367429417
1781505974.4204252,0.0013822112201634224,0.7353445790358072,0.3096347318489707,-0.049191982851930244,0.02073663875825238,-0.07845318146385999,0.011769555538955978,0.7525888220237971,0.30873531899330453,-0.04912360623329981,0.020909762665805465,-0.07825822098436896,-0.00203619404781248,-0.002698908551776412,-9.81971082723562e-05,-0.00014417696421728727,-0.0006123589778078385,-0.0009348530133767583,-0.04214767618769239,-0.07607081502922998,0.0020158985423581505,-0.0011848367455456576,0.005696432795686456,-0.004876113996404526,20.151173209292995
1781505974.4304194,0.000674486209680157,0.7346554075677839,0.30961242087108315,-0.049250848648768455,0.020744993166275316,-0.07843490800107507,0.011769555538955978,0.7525888220237971,0.30873531899330453,-0.04912360623329981,0.020909762665805465,-0.07825822098436896,-0.0018353097425267725,-0.002085559442389576,-0.0005920304541666416,-0.000775217529857613,-0.00046425298947411973,-0.0006290975675642548,-0.04307318216667617,-0.07827729244916808,0.0016114433353776715,-0.002470534601143659,0.0003105933547177615,-0.002534810634446591,21.106331400235838
1781505974.440429,-3.3853184964670996e-05,0.7339575396930489,0.30960124825982155,-0.049299636455360035,0.02075247474394515,-0.07841898254521265,0.011769555538955978,0.7525888220237971,0.30873531899330453,-0.04912360623329981,0.020909762665805465,-0.07825822098436896,-0.0016507899775283722,-0.0015667530885131143,-0.0009809649790771579,-0.0012268148201913646,-0.0003405767024262829,-0.00038278374174427265,-0.04327672046212786,-0.07594178934966438,0.0013814460804544206,-0.004069726504826671,-0.001991771695613183,-0.0026266988598832104,22.072493567483175
1781505974.4504285,-0.0007428306716917496,0.7332519185765684,0.3095998308352023,-0.04933953772452552,0.020759097455737896,-0.07840525227679057,0.011769555538955978,0.7525888220237971,0.30873531899330453,-0.04912360623329981,0.020909762665805465,-0.07825822098436896,-0.001481745278903994,-0.0011304169238079908,-0.0012807613514297955,-0.0015315999485336583,-0.0002385895233414322,-0.0001877501691674787,-0.043932539547142144,-0.07358662454703535,0.003663165166375952,-0.0009738515036751532,0.0007607702657299657,-0.002583862366557382,23.04827595150307
1781505974.4604256,-0.000733075478191386,0.7332978308817534,0.3095531232624381,-0.049371688419294915,0.020764895286173424,-0.07839354260227079,0.009625377474755836,0.7487989911798012,0.3088482565028262,-0.049189878157907305,0.020951204953044256,-0.0783613155496941,-0.0013272655160723266,-0.0007658144351007676,-0.0015052012836032922,-0.0017180409389141041,-0.0001556444779037416,-3.647803816844887e-05,-0.04598043217040838,-0.07419712294225866,0.001682831753246201,-0.003418325946729711,-0.006388866999635275,0.0005550391633432996,18.65691173032131
1781505974.4704173,-0.0015593723880387655,0.7326142617099618,0.30963692474230237,-0.04921005073958415,0.02084394735034878,-0.078352416858093,0.009625377474755836,0.7487989911798012,0.3088482565028262,-0.049189878157907305,0.020951204953044256,-0.0783613155496941,-0.0014540367887155383,-0.0007569733442556981,-0.0011386690455048407,0.00022475251276166445,0.000701258701590642,0.0004583607432560157,-0.048157342889851754,-0.0764186241944831,0.005780742698044694,0.002086756198674023,-0.0013402140161823362,-0.0025878387686933484,19.6892380527315
1781505974.4804204,-0.0023803919597478723,0.7319316369964299,0.3097169131126735,-0.049074310997675716,0.02090976787480381,-0.07831820490470882,0.009625377474755836,0.7487989911798012,0.3088482565028262,-0.049189878157907305,0.020951204953044256,-0.0783613155496941,-0.0015373812404041358,-0.0007402843330069802,-0.0008299987122559259,0.0016742698508525654,0.0013241089170211494,0.000816584463139895,-0.05089964968040447,-0.0783940972577397,0.005630006947014467,0.0030157930037387937,0.0014805595258497335,-0.001147011212866299,20.721985936863938
1781505974.4904237,-0.0031968509850422025,0.7312498127394551,0.30979352322616144,-0.04896169186518437,0.0209638739034661,-0.07829011186422663,0.009625377474755836,0.7487989911798012,0.3088482565028262,-0.049189878157907305,0.020951204953044256,-0.0783613155496941,-0.0015848077473034903,-0.000717506688673102,-0.0005716895293096675,0.0027145148318329848,0.001754542803034403,0.0010626404891825774,-0.04997451551281575,-0.07477318775526395,0.008548621252314098,0.007310180663827208,-0.0020099795815506083,-0.000392111881671397,21.754924403100272
1781505974.5004222,-0.004009380866446663,0.7305686652894668,0.30986713551687994,-0.04886947937495785,0.0210077225143519,-0.07826737419545969,0.009625377474755836,0.7487989911798012,0.3088482565028262,-0.049189878157907305,0.020951204953044256,-0.0783613155496941,-0.0016027993504351017,-0.0006901298690445447,-0.00035708196538283853,0.0034196315398539543,0.002029024057374609,0.0012179170180284286,-0.04701404589843496,-0.067767953411412,0.004000557946341953,0.0010027393537982033,-0.0029513109381900664,0.0005495119803621912,22.787925125734137
1781505974.5104332,-0.0048185366842637125,0.7298880883021002,0.30993808386880906,-0.04879508134292184,0.02104268600546888,-0.0782492728023402,0.007156759287925418,0.7450128492552437,0.3091218661436912,-0.049077828079214875,0.020900453960344123,-0.07836291090248049,-0.0015969334311956504,-0.0006594078470681359,-0.0001802761836666546,0.0038543470085448854,0.002179142404859535,0.0013009245897280626,-0.04756338417288304,-0.06628344702813431,0.0034283472343535335,0.0006880250895689275,-0.006425015289942726,0.001339946603440378,19.308866328349286
1781505974.520445,-0.005650172715856187,0.7292357372698891,0.31000505859675026,-0.04876412788403408,0.020918367694537254,-0.07829532240805001,0.007156759287925418,0.7450128492552437,0.3091218661436912,-0.049077828079214875,0.020900453960344123,-0.07836291090248049,-0.001717834357442337,-0.00043384725748843076,-9.351255431834625e-05,0.0037820802726830894,0.0006101781928702671,0.0005907377904745508,-0.05328025052490548,-0.07044223026701671,0.0016066069287289468,-0.0005678322950356301,-0.0006126696471794829,0.00156534697425696,20.33998030621085
1781505974.5304263,-0.0065424654567193055,0.7286667059519397,0.3100673777660358,-0.048741572592777886,0.020813219266796246,-0.0783345691642663,0.007156759287925418,0.7450128492552437,0.3091218661436912,-0.049077828079214875,0.020900453960344123,-0.07836291090248049,-0.0017931236696000726,-0.00024727598664330463,-2.2676143050807458e-05,0.003624405569119376,-0.0005821056219875249,4.247087038911567e-05,-0.05578609893881367,-0.07333691003907251,0.0033323882604072916,0.00240663832478603,-0.00015967890816233316,-0.00042265182251762813,21.348516382278756
1781505974.540418,-0.00742943134858854,0.7280945815099747,0.31012772863126403,-0.04872592789144724,0.020725312226845816,-0.07836764403696865,0.007156759287925418,0.7450128492552437,0.3091218661436912,-0.049077828079214875,0.020900453960344123,-0.07836291090248049,-0.001830843210493344,-9.436834155319461e-05,3.447675589160792e-05,0.0034070540211189517,-0.0014595170461235971,-0.0003694729467537202,-0.05748891282905397,-0.07229329070653495,0.0012750336843136362,-0.001122555929271777,0.0022691721270637266,0.0002782469439263879,22.360601515371656
1781505974.5504174,-0.007450120325617677,0.7281119693824342,0.310137480274707,-0.04871588989927559,0.020652729723698915,-0.07839518887883992,0.007156759287925418,0.7450128492552437,0.3091218661436912,-0.049077828079214875,0.020900453960344123,-0.07836291090248049,-0.0018379248027874243,2.957755344378359e-05,7.992071324650958e-05,0.0031509384890683724,-0.002076986263779017,-0.0006680026063150633,-0.05612833773227591,-0.06937966354900503,-0.0004172868713931944,-0.003985072358323276,0.0008908975913980093,0.0019508631895743412,22.361398538168363
1781505974.5604177,-0.008328495590011803,0.7275346756882537,0.3101946376422812,-0.04871032806875062,0.020593616092180245,-0.07841783610008232,0.004493194075521678,0.7415175397205707,0.30921400922672293,-0.04909569109002775,0.020998747403058626,-0.07836272247631576,-0.001820321341533511,0.00012870321267613715,0.00011538922556856912,0.00287278925899915,-0.0024827863936396906,-0.0008733864199664296,-0.054250335603415495,-0.06371917895995143,0.00020371929004332713,-0.002219934074876617,0.004456587625855359,0.00016274164554787724,18.996785109984057
1781505974.570426,-0.009203471117282288,0.7269552572896123,0.3102504638103108,-0.04870827268409053,0.02054621229684095,-0.07843619369501595,0.004493194075521678,0.7415175397205707,0.30921400922672293,-0.04909569109002775,0.020998747403058626,-0.07836272247631576,-0.001783124435751278,0.00020664783024605183,0.00014240029636926975,0.0025857448239041602,-0.0027188811562087337,-0.001003359623380237,-0.05532750852705776,-0.06356996531173222,0.004655874875201814,0.003671091340114498,0.0010887364740980563,0.0007518834185056821,20.018315241463416
1781505974.5804262,-0.010054727064489276,0.7263986358354586,0.3102107943066929,-0.048862386897465124,0.02056586145558703,-0.07837697078490156,0.004493194075521678,0.7415175397205707,0.30921400922672293,-0.04909569109002775,0.020998747403058626,-0.07836272247631576,-0.0016215761771870188,0.0004100001717216624,-0.000477892442761859,0.0006076986995732702,-0.0022393898987270035,-0.00023770765884726383,-0.05822332753147519,-0.06703611961467977,0.0038253410466870604,0.0009294797250036311,-0.006336531424322794,0.0002786023911340278,21.005162334028384
1781505974.5904195,-0.010906550212552768,0.7258366185867725,0.31018401511119803,-0.048992564468699165,0.020584459768337116,-0.07832704237967746,0.004493194075521678,0.7415175397205707,0.30921400922672293,-0.04909569109002775,0.020998747403058626,-0.07836272247631576,-0.0014713425557136583,0.000568050853479345,-0.0009697914179415147,-0.0008910125597702725,-0.0018188251758126223,0.0003424916048463191,-0.06148133981450731,-0.06632243406682099,0.00869944485266564,0.007725231010417346,-0.002169500004897761,0.0005219831182527392,21.99964370526022
1781505974.600427,-0.011816318374922348,0.725363185846078,0.31016549451891506,-0.049101244009148434,0.0206017602806694,-0.07828544492305649,0.004493194075521678,0.7415175397205707,0.30921400922672293,-0.04909569109002775,0.020998747403058626,-0.07836272247631576,-0.00133209563365392,0.00068773191643403,-0.0013523864669972427,-0.001989552142665962,-0.0014539241062006133,0.0007678519230685584,-0.059795100354933954,-0.06332085663812231,0.006757404070709181,0.005250507553233361,-0.0014862125742087719,-0.0019833439054703994,22.975392700338865
1781505974.6104198,-0.012726698956160682,0.7248856340688647,0.3101568139299137,-0.04919084112428408,0.02061761374911608,-0.07825122828827562,0.0016365393112485194,0.7382931652228268,0.3094413477196379,-0.04895534477995474,0.021028211296210797,-0.07836649829120411,-0.0012034329388076648,0.0007750943989536716,-0.0016423873909505798,-0.002758187760692643,-0.0011407182581342514,0.0010655504856614778,-0.05831109219257526,-0.059521751812647364,0.007649553577282947,0.0050933171366600955,-0.00542864417384129,-0.0011085679855314945,19.66154615153342
1781505974.6204174,-0.013654057241983339,0.7243964290864983,0.3102389786663847,-0.049022015791259345,0.020525458531904572,-0.07825269852204567,0.0016365393112485194,0.7382931652228268,0.3094413477196379,-0.04895534477995474,0.021028211296210797,-0.07836649829120411,-0.001179045375490306,0.0007887604958000257,-0.0012700677435234769,-0.0006136404180249596,-0.0020201876979783,0.000883787410327852,-0.06025573453903036,-0.06109286149968405,0.003017315067326862,-0.0011888755201807562,-0.003211811542808067,-0.0012370878150919115,20.67747163759764
1781505974.6304204,-0.014579628049504953,0.7239053606556322,0.31031640256724363,-0.04887947439168823,0.020449760322518218,-0.07825485051976026,0.0016365393112485194,0.7382931652228268,0.3094413477196379,-0.04895534477995474,0.021028211296210797,-0.07836649829120411,-0.0011445279923296844,0.0007897368750825152,-0.0009550864785208152,0.001009988912803485,-0.0026238529722010665,0.0007233885801003396,-0.06350802782232329,-0.06391873263148902,0.002911200917125769,-0.001278709645241672,-0.00425978780106474,-0.0009025530755677408,21.69651412374976
1781505974.6404357,-0.014584723743248316,0.7239117589530127,0.31034398804655006,-0.04876052818598367,0.020388465142123557,-0.0782574514188337,0.0016365393112485194,0.7382931652228268,0.3094413477196379,-0.04895534477995474,0.021028211296210797,-0.07836649829120411,-0.0011023160320517522,0.0007805139180749185,-0.0006901260599864497,0.00219886994489052,-0.0030043418922106593,0.0005833923844855833,-0.06621982060512692,-0.06449365122889654,0.002592803721933806,-0.0008847090876051831,-0.0017946021011409428,-0.0009081304146497442,21.69721136322363
1781505974.650423,-0.01550747682407975,0.723417740999044,0.3104136972920761,-0.048662516796633346,0.020339639665991616,-0.07826031514273292,0.0016365393112485194,0.7382931652228268,0.3094413477196379,-0.04895534477995474,0.021028211296210797,-0.07836649829120411,-0.00105446194024165,0.000763220071950312,-0.0004686783515979243,0.0030294667073539052,-0.00320719606236954,0.0004625186977954028,-0.06728529535751189,-0.06344726589172775,0.00065687070740407,-0.004276175621491448,-0.0034768193344006447,6.629656253278113e-05,22.718736733738574
1781505974.6604273,-0.01642914343524081,0.7229225729908407,0.310480185029901,-0.048582873898933794,0.020301493921351277,-0.0782632956544124,-0.0015578973125334739,0.7351471183682995,0.30966607093918425,-0.04889081294224716,0.020777316604605023,-0.07835162827326224,-0.0010026848566474576,0.0007396662633157566,-0.00028496744602371363,0.003568878123464593,-0.003271400926565952,0.000359284070072057,-0.06728172790267467,-0.060493144998468064,0.00071489876645643,-0.00454549849957569,-0.004364436678559214,0.0019360812866788025,19.26801112415056
1781505974.670427,-0.017401107269976693,0.7225571448805956,0.31044324817555763,-0.04850556156993209,0.02029267618139019,-0.07824519698021472,-0.0015578973125334739,0.7351471183682995,0.30966607093918425,-0.04889081294224716,0.020777316604605023,-0.07835162827326224,-0.0009808646517993228,0.00091318766737312,-0.0007493982635128681,0.004019280887428836,-0.0030199636110740365,0.0005126883743623534,-0.06792961665331991,-0.05879575226728308,0.0002740145478201636,-0.004320989954270843,-0.002771633892659939,-0.0006900539821378986,20.251388560625934
1781505974.6804204,-0.018364863805698694,0.7222174481583498,0.3104106369474369,-0.048513113440415825,0.020253006833288234,-0.07828805474280591,-0.0015578973125334739,0.7351471183682995,0.30966607093918425,-0.04889081294224716,0.020777316604605023,-0.07835162827326224,-0.0008869386702408473,0.00125049641637017,-0.0011900745513570533,0.003507541704329306,-0.0031001647562035875,-3.150600588084707e-05,-0.07049465429645992,-0.059184355134402115,0.0038245055237412515,0.0016701869960916403,-0.0018009280868301523,0.0005110081407078155,21.2180317885775
1781505974.6904304,-0.019328483372607334,0.7218685408169869,0.3103892868034477,-0.048522687386479704,0.020222485210131147,-0.07832421001755967,-0.0015578973125334739,0.7351471183682995,0.30966607093918425,-0.04889081294224716,0.020777316604605023,-0.07835162827326224,-0.0008002990004005619,0.0015054337648577527,-0.0015287581912517023,0.0030280956089838284,-0.003075404007978606,-0.0004383829918753987,-0.0706345461087645,-0.05793962236710832,0.0028388344694150304,0.000660071609018273,-0.0030723971338813415,0.002658650234527887,22.195436285214935
1781505974.7004266,-0.020292015521686753,0.7215115903677967,0.31037777990159865,-0.0485335145681511,0.02019965320067607,-0.07835435381888886,-0.0015578973125334739,0.7351471183682995,0.30966607093918425,-0.04889081294224716,0.020777316604605023,-0.07835162827326224,-0.0007206063985765903,0.001691015249421223,-0.0017812734060131234,0.002585970957451063,-0.0029726748344651864,-0.0007312371348130141,-0.06862693279777607,-0.05452995903923414,0.0030624299017808403,0.0009656705107042819,-0.0045887052758778225,0.002309028224462166,23.18191835405789
1781505974.7104254,-0.021255503915763595,0.7211476345316657,0.3103748537846711,-0.0485449845522189,0.02018320781149585,-0.07837916844893095,-0.005000261677107265,0.7322429108865699,0.30978349948000933,-0.04892059892230444,0.02062791925305496,-0.07828871811041316,-0.00064750050262729,0.001818568202614551,-0.001961415298316767,0.0021839133399028598,-0.002814337187386913,-0.0009306429279533037,-0.06693950629215396,-0.05055184793058741,0.005922868584141454,0.006304149064100043,-0.004233398118093512,-0.0008589240770409952,19.689788153830758
1781505974.7204216,-0.022218986506386686,0.7207775941421164,0.3103793865034986,-0.048556622314349145,0.02017199793404134,-0.07839931099598582,-0.005000261677107265,0.7322429108865699,0.30978349948000933,-0.04892059892230444,0.02062791925305496,-0.07828871811041316,-0.0005806085632488016,0.0018979211833142825,-0.002081175249707722,0.0018228828926848697,-0.0026186671152677037,-0.0010545737476470942,-0.07032905689845584,-0.04872421610948717,0.00618200983575651,0.006762422148509706,-0.008574425665829015,0.0005675671596121519,20.695242306913258
1781505974.7304237,-0.023224038923829304,0.7204797890420874,0.31043019165302066,-0.04820513280930036,0.020159380896323853,-0.07830015173234414,-0.005000261677107265,0.7322429108865699,0.30978349948000933,-0.04892059892230444,0.02062791925305496,-0.07828871811041316,-0.0005903273106154209,0.0017588313177992075,-0.0017418089061732194,0.005439297049364571,-0.0025225363077793577,0.000134884060274646,-0.07309397615188899,-0.05115395405918618,0.00332026337253458,0.0043399272401096365,-0.005008567648131573,-0.0012252786814225501,21.70012219857111
1781505974.7404346,-0.024228521101816714,0.720180906317854,0.310480407466978,-0.047914498164918246,0.02015105201153844,-0.0782169923553101,-0.005000261677107265,0.7322429108865699,0.30978349948000933,-0.04892059892230444,0.02062791925305496,-0.07828871811041316,-0.0005906492136513003,0.001624887529317866,-0.0014473042292992779,0.008000076587295697,-0.002381437656479662,0.0010223762206434197,-0.07543854393641385,-0.051570152106419624,0.0018300942584046735,0.0022644247922090125,-0.0025709633187593803,0.0005018477890169819,22.70910820490208
1781505974.750413,-0.025232547634427036,0.7198811808897937,0.3105300718648646,-0.047677415278722886,0.020146169432064154,-0.07814809511659854,-0.005000261677107265,0.7322429108865699,0.30978349948000933,-0.04892059892230444,0.02062791925305496,-0.07828871811041316,-0.000583423503501902,0.0014967720771223785,-0.0011925449672840957,0.00969980645824448,-0.0022105139960750097,0.0016593317128307896,-0.07375635040306838,-0.04880684337964757,0.0013807881185286305,0.0021543072128721004,-0.0002113713464582395,-0.0027041973711666753,23.72161743848391
1781505974.7604487,-0.02523330561277947,0.7198781332858564,0.3105417148164978,-0.04748694640175222,0.020144006860375097,-0.078091768297359,-0.00864204090806453,0.7296968795751999,0.309989990271447,-0.04865127801331437,0.02055712147718114,-0.07833098931855262,-0.0005702303292062429,0.0013749588096847291,-0.0009729203157772482,0.010707852615626961,-0.0020219263243398972,0.002091140144633773,-0.07424131376237031,-0.04615132404840114,0.002080008252907577,0.004202361931491908,-0.002015001728206571,-0.0008927682631527619,19.286841192119272
1781505974.7704265,-0.026236689415337373,0.7195773466081827,0.3105903607877178,-0.047336617418794746,0.020143944618411513,-0.07804640078702646,-0.00864204090806453,0.7296968795751999,0.309989990271447,-0.04865127801331437,0.02055712147718114,-0.07833098931855262,-0.0005524138058197244,0.0012597482647568293,-0.0007842836536449466,0.011170049053420965,-0.0018252689215185241,0.002357424150531879,-0.07791284057652785,-0.04812806655444802,-6.669886889718474e-05,0.002536218829936382,-0.0057807736566714545,-2.9882652711473692e-05,20.30608402232772
1781505974.7804234,-0.027252667183047533,0.7193217169295443,0.3105922794134315,-0.04744047788010565,0.020176379197676786,-0.07798922670338536,-0.00864204090806453,0.7296968795751999,0.309989990271447,-0.04865127801331437,0.02055712147718114,-0.07833098931855262,-0.0006230580902274359,0.0014413657442460927,-0.0009958186720843074,0.008804176380897503,-0.0013018663577125948,0.0027401734699251347,-0.08540165462119045,-0.051536710193393336,-0.0009360845225607399,0.0010516687908414882,-0.0034351076431351473,0.0021936904093017204,21.315772622202747
1781505974.7904155,-0.02826660512931228,0.7190592099720944,0.3106002791642885,-0.047535967550070043,0.020204743001282166,-0.07794371225312442,-0.00864204090806453,0.7296968795751999,0.309989990271447,-0.04865127801331437,0.02055712147718114,-0.07833098931855262,-0.0006718746464902111,0.0015688998133064696,-0.001153015272002192,0.00679052115832947,-0.0008740260237471404,0.0029519428221779958,-0.08782930451064455,-0.05094746812402754,0.0010972707083918283,0.004397119042470761,-0.0032480260226674614,0.001973729801220426,22.330606529860273
1781505974.8004184,-0.028275926552802148,0.7190882504764754,0.3105758716590555,-0.04762257192525249,0.02022927871523117,-0.0779081795285437,-0.00864204090806453,0.7296968795751999,0.309989990271447,-0.04865127801331437,0.02055712147718114,-0.07833098931855262,-0.0007025499332833955,0.0016514011863296234,-0.001264598607847886,0.005095887949118959,-0.0005295076407364691,0.003029807410011399,-0.08435302718023288,-0.045840423656191905,0.004639235186133865,0.011289083828381547,-0.001967528065041686,0.0027326891279913926,22.324330535657374
1781505974.8104188,-0.02931231224431642,0.7189210885521429,0.31058920407254903,-0.047700148615706206,0.020250273256166018,-0.07788109810751653,-0.012714974707868143,0.7272775040557334,0.3100739737274566,-0.04839139055240986,0.020429428966826313,-0.07828818904895722,-0.0007182732089636424,0.001696706143823627,-0.001338150965734927,0.0036866724882392288,-0.0002568569123387286,0.003005211406605649,-0.07882729233148511,-0.041880815459619206,0.0018966657507977934,0.007995647986995707,-0.004958811345574353,0.004982775676265169,18.589425910338054
1781505974.820427,-0.030347368872774293,0.718749502775438,0.31060632352349554,-0.04776883795821741,0.020268038798445964,-0.07786108998335191,-0.012714974707868143,0.7272775040557334,0.3100739737274566,-0.04839139055240986,0.020429428966826313,-0.07828818904895722,-0.0007217941816786891,0.0017115767577486833,-0.001380241092496051,0.002529883916664563,-4.552256982809591e-05,0.00290451922193181,-0.07900345958309501,-0.041126071038438856,0.0013546897245501688,0.005923066358943048,-0.003903859139216425,0.00544069669059891,19.593660355550703
1781505974.8304257,-0.03143440304310726,0.7185769617167986,0.3105941117276148,-0.04756397664884963,0.02031839177403194,-0.07783859501509374,-0.012714974707868143,0.7272775040557334,0.3100739737274566,-0.04839139055240986,0.020429428966826313,-0.07828818904895722,-0.0010579214224181995,0.001719730301300456,-0.0015035027374878714,0.004485179381298816,0.0004968833188912073,0.00285886597676947,-0.08148093729451708,-0.042475506073247016,0.0036248779795634914,0.00923384081324062,-0.0029157384212401584,0.0027304421803505613,20.649139878671914
1781505974.8404288,-0.03251270544871527,0.7184007557827414,0.31058966900450896,-0.047395839922465065,0.02036015710141381,-0.07782226830413681,-0.012714974707868143,0.7272775040557334,0.3100739737274566,-0.04839139055240986,0.020429428966826313,-0.07828818904895722,-0.0013143504085053332,0.0017044850180820683,-0.0015834029705254886,0.005827450283405858,0.0008896668988452305,0.002746399124809515,-0.08237202052384499,-0.04146101601416315,0.005612700208423016,0.012000943067202174,-0.006622491452635551,0.003889414840454421,21.702828018668995
1781505974.850425,-0.033583363657690324,0.718221427724109,0.3105919763085315,-0.04725982251817239,0.020394346536008134,-0.07781101194089325,-0.012714974707868143,0.7272775040557334,0.3100739737274566,-0.04839139055240986,0.020429428966826313,-0.07828818904895722,-0.001503550559832233,0.0016706489581503408,-0.0016274814091108045,0.006673659567587973,0.0011595974399395289,0.0025869509993522856,-0.08061722614597062,-0.038937271910191806,0.003531650650783347,0.006463884922340433,0.00010656760643777501,0.003457967847158158,22.754571025604257
1781505974.8604264,-0.03464734677970824,0.7180394520044935,0.3106001158698062,-0.047151594539418494,0.020421924995226437,-0.07780386407912036,-0.016791234598480975,0.7251866396484161,0.31023046386982667,-0.04796444554309306,0.020371206365069394,-0.07809932929212522,-0.001636383849514126,0.0016223174590244372,-0.001642244554262526,0.007125022540810893,0.0013300937085430867,0.002396666957358284,-0.07461818673056882,-0.035131870578245426,0.0032663710051410192,0.004717713109297762,0.0023495612052406587,0.0011918954417750374,19.236935204109354
1781505974.8704221,-0.03565001709825632,0.7179916524108482,0.31066134007932356,-0.04735502726011342,0.02033692928987718,-0.07778847975223488,-0.016791234598480975,0.7251866396484161,0.31023046386982667,-0.04796444554309306,0.020371206365069394,-0.07809932929212522,-0.0012792969379623815,0.0017413961164781653,-0.0014118114476435796,0.00412289782916399,0.0002500376497400769,0.002258939269293286,-0.07084400389300677,-0.03125353457531668,0.0031354269450725556,0.00432948390012961,0.0007836320920184636,0.0013412468474672263,20.189283618556374
1781505974.880427,-0.03665785975004825,0.7179378952920303,0.3107186496772981,-0.04752996130584043,0.020265117767772844,-0.07777758677220932,-0.016791234598480975,0.7251866396484161,0.31023046386982667,-0.04796444554309306,0.020371206365069394,-0.07809932929212522,-0.0009764271610950331,0.0018149240087612904,-0.0012089368516497241,0.0017606435807447215,-0.0005660326825104102,0.002093925132980433,-0.07282201745871353,-0.030490427478131365,0.0014441047446460138,0.002865257393856228,0.0008533098745666615,0.0009177545118417687,21.153378336325773
1781505974.8904185,-0.03767029738967059,0.7178789953329358,0.3107723939914024,-0.047678753321113175,0.020205149002610723,-0.07777035970692606,-0.016791234598480975,0.7251866396484161,0.31023046386982667,-0.04796444554309306,0.020371206365069394,-0.07809932929212522,-0.000720919111955667,0.0018509532966364487,-0.0010307561152326638,-5.751379866920079e-05,-0.0011619752158321685,0.001912979593808265,-0.07751631365697313,-0.0319001383565758,0.0006843491196893178,0.0014798076854778339,-0.0020685768536780735,0.0014111692514664081,22.127598530719105
1781505974.9004192,-0.03764375680109638,0.717898406298514,0.310794257605866,-0.047803884789260884,0.020155694109573075,-0.07776607928943054,-0.016791234598480975,0.7251866396484161,0.31023046386982667,-0.04796444554309306,0.020371206365069394,-0.07809932929212522,-0.0005066693327102275,0.0018564231839761417,-0.0008746566771652383,-0.0014182282140964985,-0.0015766752500947603,0.0017250475613118156,-0.08174745287325351,-0.030832232133563935,-8.44852106271613e-05,0.0009836909964881788,-0.0006762036493921048,0.002384830177445862,22.096694118125257
1781505974.910432,-0.038663866881565805,0.7178312908978112,0.31084190885148905,-0.04790786276842704,0.020115469893613236,-0.07776412551480175,-0.020540367087285794,0.7235999088087282,0.31030052605607217,-0.04784020567654133,0.020483192003754924,-0.07805957634303969,-0.0003282553471001406,0.0018372914959826736,-0.0007382614509642811,-0.002398948393100596,-0.0018442282305547969,0.0015370230459774232,-0.08221197325383861,-0.029192186415374848,0.00024676034091267846,0.0019659507984377197,0.0024682421839439445,0.0008521547021493131,19.027119927266796
1781505974.9204192,-0.03864410127506241,0.7178436722667599,0.31085835836813547,-0.04799314482378079,0.020083262448761907,-0.07776396977227677,-0.020540367087285794,0.7235999088087282,0.31030052605607217,-0.04784020567654133,0.020483192003754924,-0.07805957634303969,-0.00018087006087299883,0.001798652741715062,-0.0006194125030484978,-0.003068105841854919,-0.0019942077144038087,0.0013540745171498941,-0.08404466529465864,-0.027272687025824135,0.00058888837721727,0.0013805702460731437,-0.0012276178117650272,0.0025316341596314114,19.0050158525886
1781505974.9304302,-0.03968905189441223,0.717812316600733,0.3107992286876484,-0.04800886984251755,0.02008338174173363,-0.07780627573910674,-0.020540367087285794,0.7235999088087282,0.31030052605607217,-0.04784020567654133,0.020483192003754924,-0.07805957634303969,-0.00016527923618574403,0.0020138895791226336,-0.0011493422636530389,-0.0028955604786975128,-0.0017530397145267098,0.0007450831572879097,-0.08523457627010123,-0.026731017093234742,0.001659992623298083,0.0009586317622137985,-0.004021434217453222,0.003990571583627058,20.010423726734587
1781505974.9404213,-0.04073365412607586,0.7177726306632832,0.3107530232869404,-0.04801945279781892,0.020085057130614148,-0.07784261942728643,-0.020540367087285794,0.7235999088087282,0.31030052605607217,-0.04784020567654133,0.020483192003754924,-0.07805957634303969,-0.0001506690849594301,0.0021611579078130412,-0.001560192314690836,-0.002687022037233158,-0.0015243491149444536,0.0002683931167728369,-0.08411215933809046,-0.025545968490413944,0.00276971550680286,0.0019304365611495793,-0.004120018607101317,0.0036900501960469667,21.02214940864255
1781505974.950429,-0.04178099301266453,0.717835117500519,0.31071315211997663,-0.04802589328504323,0.02008785264771573,-0.077873500998343,-0.020540367087285794,0.7235999088087282,0.31030052605607217,-0.04784020567654133,0.020483192003754924,-0.07805957634303969,-0.00013703131750967586,0.00225199690323341,-0.0018702424845692001,-0.0024572226345136493,-0.0013112688286836518,-9.612009940719097e-05,-0.08205880760415706,-0.024966626257617777,0.002022733053820408,-0.0004930228351546662,-0.005854338507816818,0.003133955307214721,22.012888697253906
1781505974.960425,-0.04282804976732664,0.7178913439166164,0.31068319436048114,-0.04802905365116835,0.02009141095343714,-0.07789944469816625,-0.024713665643439187,0.7222759100419981,0.3103819962965478,-0.04775925184899275,0.02035172328256718,-0.07786186438538203,-0.00012434695801062938,0.0022963849225836577,-0.0020954445656094227,-0.0022177827257049026,-0.0011157185593384691,-0.000366605584975787,-0.08035525387064343,-0.023328224178560328,0.00329277397386154,-0.0004963017878513452,-0.0021924860805539676,0.0009842343529022136,18.639904843354433
1781505974.9704328,-0.043874860864161834,0.7179421693150149,0.3106618847406291,-0.04802966980547942,0.020095443406903613,-0.07792097847685668,-0.024713665643439187,0.7222759100419981,0.3103819962965478,-0.04775925184899275,0.02035172328256718,-0.07786186438538203,-0.00011258869253196081,0.0023029209041618855,-0.0022496793398590386,-0.0019776731672861377,-0.0009386565428524774,-0.0005592355656322084,-0.08141945176416795,-0.023014098149610203,0.0023995018919533008,-0.002885353248221062,-0.003249863192389034,-0.0017541874817181432,19.6471638797178
1781505974.9804237,-0.044919446668214236,0.7179786495263327,0.3106741570263579,-0.04745913925172474,0.020055706872090795,-0.07793477852565286,-0.024713665643439187,0.7222759100419981,0.3103819962965478,-0.04775925184899275,0.02035172328256718,-0.07786186438538203,-8.568021292615412e-05,0.002217684213427506,-0.0019589946393719537,0.004469776135309501,-0.0012620543147784206,-0.0006693746574305908,-0.083696902040445,-0.022416996323574575,0.002993055020058195,-0.0023726015404032753,-0.004292508664915832,-0.0006582281403505751,20.659752966884653
1781505974.9904284,-0.04491802660092999,0.7179857192088126,0.31066630725587246,-0.04698336570656367,0.020023479085488294,-0.07794584635508718,-0.024713665643439187,0.7222759100419981,0.3103819962965478,-0.04775925184899275,0.02035172328256718,-0.07786186438538203,-6.299315262907371e-05,0.0021211581757442483,-0.0017008183147927728,0.009178282421859307,-0.001469805161399672,-0.0007336006246365608,-0.082019045131378,-0.0214382959096673,0.00021653444707612612,-0.0056319817353792725,-0.0005586349544980252,-0.00106201482636615,20.65678512758749
1781505975.000416,-0.04596281547687162,0.7180174924111437,0.3106849407950868,-0.04659161365854857,0.019997757674905525,-0.07795455925446963,-0.024713665643439187,0.7222759100419981,0.3103819962965478,-0.04775925184899275,0.02035172328256718,-0.07786186438538203,-4.398240250821353e-05,0.0020167924363279823,-0.0014720101978007757,0.012454972451332381,-0.0015852225414839227,-0.0007616611069093496,-0.07884811395165796,-0.018386550355460295,0.000841412355938981,-0.0027399254362696236,-0.0024233813709033563,0.0011759641827943491,21.673769047667477
1781505975.010438,-0.04700769957761276,0.7180474775785751,0.310706068384987,-0.04627353942479845,0.01997761396487796,-0.07796126556769788,-0.028840565867630008,0.721183987099457,0.31047817810694134,-0.04788022356151515,0.020249425390500342,-0.0778525857950924,-2.8163781004063408e-05,0.0019074556147251418,-0.0012696773205640713,0.014569158900595068,-0.0016283009759007212,-0.0007618512114143232,-0.07623284889982145,-0.014851952802065601,0.0011346784421328408,0.0010475934791836004,-0.002611086221596618,-0.001318840532151271,18.437309271957282
1781505975.0204272,-0.04804424728831813,0.7181851046058165,0.31072424148157624,-0.046019376054107525,0.019962199827840532,-0.07796628219209452,-0.028840565867630008,0.721183987099457,0.31047817810694134,-0.04788022356151515,0.020249425390500342,-0.0778525857950924,-1.5108152648956145e-05,0.0017955135503510623,-0.001091161818006275,0.015754449669180454,-0.0016160011291385709,-0.0007411502530429117,-0.07972282010216526,-0.0137976194897295,0.0009561499297983045,0.004716133734773321,-0.0019920451749171992,-0.0013296033701272983,19.43798403904793
1781505975.03043,-0.049087924320991905,0.7183603569731618,0.31072693316479666,-0.04632373150971642,0.02005096003296125,-0.07796308656412479,-0.028840565867630008,0.721183987099457,0.31047817810694134,-0.04788022356151515,0.020249425390500342,-0.0778525857950924,-5.6414443572342836e-05,0.0019321701769459026,-0.0012399894397463235,0.010711132199377714,-0.00047335509060768364,-0.0005807209034758027,-0.0857722787443499,-0.014408251947806868,3.7390820997387444e-05,0.0069775471558169225,0.00044083847845152534,-0.002533943258228708,20.44481084548976
1781505975.0404296,-0.05013068303635898,0.718528959859613,0.3107329527645522,-0.04658954662723583,0.020126074609551292,-0.07795991125714824,-0.028840565867630008,0.721183987099457,0.31047817810694134,-0.04788022356151515,0.020249425390500342,-0.0778525857950924,-8.88591966735388e-05,0.0020173918898788216,-0.0013437523335807816,0.0066391500767041395,0.00039574340086571567,-0.0004446576189482091,-0.08824994918338434,-0.013233655973337465,-0.0002337021971469173,0.010880100826288357,-0.0037682774979423076,-0.0006414958668251214,21.456541399505248
1781505975.0504248,-0.051172645936425884,0.7186918096087446,0.3107416842261293,-0.046819208552055055,0.020188909066519267,-0.07795683413122403,-0.028840565867630008,0.721183987099457,0.31047817810694134,-0.04788022356151515,0.020249425390500342,-0.0778525857950924,-0.00011377903715596923,0.0020602431893883126,-0.0014100236925051251,0.0034064185360425095,0.0010360934926226888,-0.00033056617307227127,-0.08721227471442114,-0.011625187594170033,-0.0008272606837198456,0.010907300702808152,0.001068234634947934,4.135800876312334e-05,22.472253654655404
1781505975.060435,-0.05221392050772502,0.7188496990295377,0.3107526228277678,-0.04701549554091631,0.020240822602673125,-0.07795391148585516,-0.03297311805340308,0.7205241606619843,0.31049404293457683,-0.04748433811912387,0.020232397306761296,-0.07789175793774755,-0.0001323423201313645,0.002068537689066325,-0.0014453581283500518,0.0008909981637160841,0.0014875228684319813,-0.0002360535430091394,-0.08300301487849765,-0.009181035061904113,0.0004051885980558501,0.013490455021066798,-0.00413487989199803,0.0014743974187527765,19.315257295877256
1781505975.0704222,-0.05325460091592382,0.7190033277363721,0.3107653562653447,-0.0471814028393074,0.0202831325068209,-0.07795118190475898,-0.03297311805340308,0.7205241606619843,0.31049404293457683,-0.04748433811912387,0.020232397306761296,-0.07789175793774755,-0.00014556751375387618,0.002048985817870207,-0.0014554095097460951,-0.0010181110124011213,0.0017850441338314424,-0.00015879252993591242,-0.08474514671571982,-0.008579662880777909,0.0011670611708338898,0.01295584748216111,-0.004812184224426016,0.0006602295582448576,20.340233302836058
1781505975.0804317,-0.05434894785212339,0.7192671447074481,0.3107412040618339,-0.04723227398319803,0.02025037609904845,-0.07797393240516097,-0.03297311805340308,0.7205241606619843,0.31049404293457683,-0.04748433811912387,0.020232397306761296,-0.07789175793774755,-0.0006191215450074817,0.002045384661574094,-0.0016200911019834921,-0.0014572770097872568,0.0012446638257767404,-0.00040637929793038626,-0.09088398245498255,-0.009285859847748395,0.0013099622230758276,0.009829944047862015,-0.002147087138723572,-0.0002572698407041292,21.41418402173299
1781505975.0904183,-0.0554320348919552,0.7195269935321676,0.3107230453823262,-0.047273713591879755,0.020221700217907035,-0.07799264000831785,-0.03297311805340308,0.7205241606619843,0.31049404293457683,-0.04748433811912387,0.020232397306761296,-0.07789175793774755,-0.0009914331089449018,0.0020165766494976865,-0.0017317648636895047,-0.0017464375741241696,0.0008057060346602554,-0.0005807689536474772,-0.09249714541333173,-0.008913882181129405,0.002039402009836836,0.009703199575560215,-0.002280191281942571,-0.002720078259838965,22.482209187863674
1781505975.1004183,-0.055487374837505106,0.719539786638615,0.31069695611257564,-0.04730695230715719,0.020196866887460363,-0.07800780645787007,-0.03297311805340308,0.7205241606619843,0.31049404293457683,-0.04748433811912387,0.020232397306761296,-0.07789175793774755,-0.0012777523726787434,0.001967898277105597,-0.0017994703422215164,-0.0019152895388659904,0.00045475599487222187,-0.0006955397227576582,-0.09047409530877297,-0.008414452405755108,0.001304040595869287,0.005208067312174722,0.0002587919748554127,-0.0026846589719478845,22.536679536173335
1781505975.1104262,-0.056551971967352295,0.719793338140308,0.31068853687413256,-0.047333136658299316,0.02017559256453505,-0.07801990460799606,-0.037206441822958236,0.7201035912776008,0.3105605833607332,-0.046974264728060884,0.020239746051670338,-0.07792643993512156,-0.0014914113706957324,0.0019038853173263593,-0.0018310213663006382,-0.0019893767841088943,0.00017935350838171893,-0.0007624975548785466,-0.08876998888067261,-0.007402697559373347,-0.0005863224223330656,-0.0015897387962286653,0.0068860950368497265,-0.0011131724685262876,19.348440910793055
1781505975.1204255,-0.05760905295656412,0.7200444432638373,0.31068400874298524,-0.0473533187716235,0.02015756733563001,-0.07802937271897611,-0.037206441822958236,0.7201035912776008,0.3105605833607332,-0.046974264728060884,0.020239746051670338,-0.07792643993512156,-0.0016440333816937428,0.0018283732716852185,-0.0018331487814905955,-0.0019904323482791706,-3.1905338837064675e-05,-0.0007917972534301436,-0.08888878117524086,-0.00594145345425878,-0.0012887076490198637,-0.006370326459077517,-0.000729078070427778,-0.0010495775991710336,20.403070194989162
1781505975.1304262,-0.058539397409404705,0.7202996340947966,0.31069228574801955,-0.04711628056527407,0.020143624945699656,-0.07800562852432211,-0.037206441822958236,0.7201035912776008,0.3105605833607332,-0.046974264728060884,0.020239746051670338,-0.07792643993512156,-0.000983008120210068,0.0017875646100203033,-0.0016555677582044356,0.000809403544890007,-0.00019259528340054776,-0.00045367072897896415,-0.09343595125073707,-0.004300184103753362,-0.0011329560940606218,-0.006824515861084505,0.002458936490796241,-0.0009616241100955326,21.334262873563
1781505975.1404192,-0.05948164166332768,0.7205521659403611,0.3107024863957234,-0.0469176458150482,0.020132090661404645,-0.07798525243396862,-0.037206441822958236,0.7201035912776008,0.3105605833607332,-0.046974264728060884,0.020239746051670338,-0.07792643993512156,-0.0004398990761649218,0.0017321542533981272,-0.0014920327558064184,0.0028850706070944862,-0.0003077171704505841,-0.00018790731593703463,-0.09328746202272069,-0.0025557164745009676,-0.0012995727616499856,-0.007374302821528533,-0.0018241246240196555,0.0018897435759412846,22.280167944335716
1781505975.1504245,-0.06040345604100132,0.720907410989118,0.3107088521426328,-0.04675322259965451,0.02012267706096127,-0.07796795710289413,-0.037206441822958236,0.7201035912776008,0.3105605833607332,-0.046974264728060884,0.020239746051670338,-0.07792643993512156,1.6682512313103033e-06,0.0016657241535636223,-0.001341845676405785,0.004361325696639757,-0.00038554670577940585,1.6362583864544322e-05,-0.0896372004344301,-0.0010726357248358883,-0.0018042913573145288,-0.007967277511214786,0.00023205141131677436,-0.00036912951218420786,23.21141052138802
1781505975.1604264,-0.06133454502971015,0.7212607735845493,0.3107166058443435,-0.04661893359969581,0.02011511063011917,-0.07795344303987464,-0.042130958189193435,0.7198866838920461,0.3105027809522831,-0.04726589162129792,0.02029743921059768,-0.0779339358950696,0.00035612550825050575,0.0015912894365467877,-0.0012042769740205521,0.005348052488302668,-0.0004333050260223761,0.00016896634236874316,-0.08702380147449562,0.0020066408629608786,7.077988866795618e-06,-0.0018790025676473179,-0.0011185607263220223,0.00033995184625424193,19.25387210689774
1781505975.17042,-0.06227373443648526,0.7216645644850301,0.3106975464601215,-0.04682527029199621,0.02015240066600943,-0.0780636917988428,-0.042130958189193435,0.7198866838920461,0.3105027809522831,-0.04726589162129792,0.02029743921059768,-0.0779339358950696,0.0006784194101108879,0.0018295374842945957,-0.0013793911681410703,0.0025358290713599963,7.674140579454035e-05,-0.0010325069135621704,-0.08633056169561235,0.004354701578108547,-0.000590374896670113,-0.0009161367897011345,-0.007792433653694652,0.0006915246295850626,20.22202333977529
1781505975.1804228,-0.06326118802435043,0.7220565630504803,0.31064723276986894,-0.04675988997878651,0.020128814530584238,-0.07806953584026294,-0.042130958189193435,0.7198866838920461,0.3105027809522831,-0.04726589162129792,0.02029743921059768,-0.0779339358950696,0.0006340074986722709,0.001989573391593209,-0.0016367271888692327,0.002974046803394763,-0.00018583245703872553,-0.0009955453574650645,-0.08945132208709163,0.0059326506127919424,-0.0003325236272451222,0.0016446068632745437,-0.001077215521181353,0.00034406979141807866,21.24184207587397
1781505975.190414,-0.06424884828690362,0.7224412992592742,0.3106062825445348,-0.04670761179808605,0.02010919028232072,-0.07807354676135116,-0.042130958189193435,0.7198866838920461,0.3105027809522831,-0.04726589162129792,0.02029743921059768,-0.0779339358950696,0.0005903212897577895,0.0020928360063848087,-0.0018225706421155247,0.0032209817239559884,-0.0003774813580669732,-0.0009405979076385066,-0.08940095420550649,0.006455050441178645,-0.00025301159963715236,0.0039037750279109574,-0.002433908157607533,0.0008330373888930027,22.265170887025846
1781505975.2004242,-0.06424976550870054,0.7224710555086439,0.310565793062208,-0.04666658165708721,0.020093071537642615,-0.07807607415006462,-0.042130958189193435,0.7198866838920461,0.3105027809522831,-0.04726589162129792,0.02029743921059768,-0.0779339358950696,0.0005477712039709923,0.0021492141039935464,-0.0019486669563313185,0.0033178353889448883,-0.0005107431514895069,-0.0008736789562683142,-0.085745416647568,0.008231657764744925,0.0010395178023629662,0.007681097822709874,-0.0026799113877486254,-0.001881578240343481,22.269364257116866
1781505975.2104247,-0.06523770556514168,0.7228440734969105,0.31054003048104645,-0.0466351024394714,0.0200800204453373,-0.07807742061384854,-0.04650790152316869,0.7201785566275417,0.3104986710042313,-0.04711257110185889,0.020242039055692773,-0.07792189795141836,0.0005066723201200257,0.0021672402021983227,-0.002025202103059167,0.003299586922874644,-0.0005966101118459056,-0.0007996224112760424,-0.0842364131515598,0.0095410819125368,0.0007082209892523202,0.007176931192631721,-0.0015235464077522035,-0.0007692767909323223,18.918568926795693
1781505975.2204192,-0.06618283585522737,0.7232939013542887,0.3105421658579233,-0.0466351024394714,0.0200800204453373,-0.07807742061384854,-0.04650790152316869,0.7201785566275417,0.3104986710042313,-0.04711257110185889,0.020242039055692773,-0.07792189795141836,0.0005066723201200257,0.0021672402021983227,-0.002025202103059167,0.003299586922874644,-0.0005966101118459056,-0.0007996224112760424,-0.08749588700096704,0.010022490304849615,-5.713372429109578e-05,0.004105282276905103,-0.001915053448156641,-0.0017785032555736942,19.92009803037097
1781505975.230426,-0.06712908961985964,0.7237633897263523,0.3105169449362131,-0.04661164110546495,0.020069625009041747,-0.07807784526431398,-0.04650790152316869,0.7201785566275417,0.3104986710042313,-0.04711257110185889,0.020242039055692773,-0.07792189795141836,0.000467259186810961,0.002154249935969424,-0.0020609810971004843,0.003195595703524552,-0.0006446156069436176,-0.000722245407829704,-0.09169890993135024,0.011345497295178017,0.00018233908393199282,0.003592964809485596,0.0018841309084791937,-0.0021798520505649354,20.930474452387042
1781505975.2404249,-0.0680703914622409,0.7242175630768545,0.3105192121188818,-0.04644879894221698,0.020034478661803412,-0.07816772499754554,-0.04650790152316869,0.7201785566275417,0.3104986710042313,-0.04711257110185889,0.020242039055692773,-0.07792189795141836,0.0004943999870216739,0.0020288868544826462,-0.0018643006001445026,0.004644170501388712,-0.000911833290928954,-0.0016412065770745191,-0.09068592280680471,0.012397891844788523,-1.780979711192473e-05,0.0025262029114985042,0.0032169367210501537,0.00026130430600614687,21.937524185914224
1781505975.2504208,-0.0690122631884975,0.7246700855945212,0.3105229587661473,-0.04631606715265163,0.020005834325687477,-0.0782418592477473,-0.04650790152316869,0.7201785566275417,0.3104986710042313,-0.04711257110185889,0.020242039055692773,-0.07792189795141836,0.0005099233429339216,0.0019025406818334136,-0.001682788196009016,0.00560241337448254,-0.0010870981597201808,-0.002284829018834155,-0.08532969725415944,0.01341540617012551,-0.000294735733516464,0.002911147486109375,-0.0020495721160356797,0.0007748372978899544,22.948218151318745
1781505975.2604244,-0.06900959863761026,0.7246711856030782,0.31052569005682223,-0.04620952982136953,0.01998284317162602,-0.07830216555671173,-0.05089720555489108,0.7207778631504113,0.3104942324260817,-0.046937326046591184,0.020359754863569668,-0.07796837494854701,0.0005159238297813044,0.0017770062442879818,-0.0015157522760271011,0.006167037815564353,-0.0011886666486150266,-0.002704531710936583,-0.08040933865321306,0.015561681674953897,-4.451312537570893e-05,0.0030520801449409113,-0.00203688582402263,0.001823052158444518,18.526136469482942
1781505975.2704248,-0.06995240607954879,0.7251211527381027,0.31053152970545145,-0.046125535733571484,0.019964715123571786,-0.0783504594791756,-0.05089720555489108,0.7207778631504113,0.3104942324260817,-0.046937326046591184,0.020359754863569668,-0.07796837494854701,0.0005142035807475519,0.0016537140946783929,-0.0013624542035756753,0.006421282285982845,-0.0012322354025518015,-0.0029449704657331845,-0.07999307768661397,0.016433681630476878,-0.0007940517440251511,0.0021450900713408895,-0.0022990589573864744,-0.0013365280073331018,19.543956164618084
1781505975.2804267,-0.07093617347325172,0.7255971811687428,0.31051881579359186,-0.04626236067021586,0.01995475832401139,-0.07829574628792661,-0.05089720555489108,0.7207778631504113,0.3104942324260817,-0.046937326046591184,0.020359754863569668,-0.07796837494854701,0.00021263846227080618,0.0017241879088169079,-0.0014174868782746365,0.004214634281889144,-0.0012339304137332246,-0.0020319225070027642,-0.08414249422290249,0.017926956941006524,-0.0012827693181006856,0.000534744211892557,-0.0006662397877696787,-0.001028431614877708,20.610353362736422
1781505975.2904212,-0.071821438505151,0.7261840708955039,0.31049818991238975,-0.04669491301504215,0.019940809683858474,-0.07833425388303845,-0.05089720555489108,0.7207778631504113,0.3104942324260817,-0.046937326046591184,0.020359754863569668,-0.07796837494854701,0.0002578597277640215,0.0018674455426541138,-0.0015861763417364502,-0.0009592817741975344,-0.0012320392342762844,-0.002236991393184124,-0.08398709678812179,0.018686934320816546,-0.0011708501988810032,0.0032141881079444487,9.16156513257857e-05,-0.002994891138931728,21.61135401592275
1781505975.3004193,-0.07270776825602056,0.7267641287424379,0.31048008220394624,-0.04705780647305642,0.019930286765858174,-0.07836463564539024,-0.05089720555489108,0.7207778631504113,0.3104942324260817,-0.046937326046591184,0.020359754863569668,-0.07796837494854701,0.00029089480105044894,0.0019587864938164956,-0.0017014972493084421,-0.004809664812689052,-0.0011969405978645145,-0.0023293861478881008,-0.08111280286437689,0.01916266625798266,-0.0009118335998085257,0.005126389070651984,-0.0016158112924874607,-0.0019330608133516357,22.617166518089064
1781505975.310418,-0.07359504077710062,0.7273382649852946,0.31046411131164,-0.04735857365385482,0.01992262299557157,-0.07838809938425453,-0.055024632334782164,0.7216748701749336,0.31043109573329075,-0.046794505617079124,0.020303750028039635,-0.07804518372416193,0.00031372853848066743,0.002007292743364509,-0.0017725140800319659,-0.007562973491217118,-0.0011379107934467688,-0.0023348348718296363,-0.07772871296571919,0.018836389166832897,-0.00043945904571912674,0.006199672590374188,0.0008187382335133825,-0.0023949486709301257,19.414819095757004
1781505975.320419,-0.07448314717867083,0.7279072876984042,0.31044997150489884,-0.047604559006952936,0.019917314477113424,-0.07840573888479135,-0.055024632334782164,0.7216748701749336,0.31043109573329075,-0.046794505617079124,0.020303750028039635,-0.07804518372416193,0.0003280835907279282,0.0020207978210274864,-0.0018070649319614194,-0.009418915706039959,-0.0010625579740809682,-0.002274993217737926,-0.07798174302819587,0.021095731894558916,-3.555176153118569e-05,0.005786549782812029,-0.004670099588541123,-0.004254020482562516,20.4322584266021
1781505975.3304346,-0.07536352727208266,0.7284536277524579,0.31040539542934487,-0.047276775148036874,0.019919410592958542,-0.07835803308758874,-0.055024632334782164,0.7216748701749336,0.31043109573329075,-0.046794505617079124,0.020303750028039635,-0.07804518372416193,0.00037386340934201265,0.0019011295403372043,-0.0018412843574289678,-0.004822589104205418,-0.0009482448814498753,-0.0015054481291968335,-0.08466348878467872,0.023075294762183795,-0.0008635891691383972,0.0019367496509830784,-0.0015649453704854872,-0.003923077576745885,21.43881671340595
1781505975.3404155,-0.07624589642433176,0.7289988354248024,0.3103679693576958,-0.04699662484164788,0.019922097281735995,-0.07831656925446862,-0.055024632334782164,0.7216748701749336,0.31043109573329075,-0.046794505617079124,0.020303750028039635,-0.07804518372416193,0.0004058769896458944,0.0017809738157672733,-0.0018454238510953417,-0.0012467077204234003,-0.0008366258905731815,-0.0008876601005405023,-0.08521512332536575,0.02487606577476501,-0.0005738397855837149,-0.0017620634450086557,-0.0004134376689879874,-0.004649768305785322,22.44964368267319
1781505975.3504155,-0.07706807818825075,0.7296333660300505,0.3103312598907228,-0.046759833232604804,0.01992515439915743,-0.07828091674761306,-0.055024632334782164,0.7216748701749336,0.31043109573329075,-0.046794505617079124,0.020303750028039635,-0.07804518372416193,0.0004264337588553137,0.0016619492793701943,-0.001825363531494748,0.0014667063913641303,-0.0007300838288902794,-0.0004004854761196636,-0.08371316508607121,0.02642009791015922,-3.818827925158866e-05,-0.004942248704033529,-0.003958255570986744,-0.003789375553746216,23.43632071307642
1781505975.3604314,-0.07706080306395731,0.7296308153583305,0.3103090372289782,-0.0465620104725027,0.019928406693582312,-0.07825059401740417,-0.059114487274395056,0.7228525490198072,0.3103984752100112,-0.04678501974189508,0.020159757087065078,-0.078221291912489,0.0004375328325662012,0.0015453409921987573,-0.0017861304361258018,0.003459629025783297,-0.0006302643433715672,-2.4507674123580635e-05,-0.08342307254700126,0.027547880627632856,-0.0004934723611160379,-0.006320944696229806,-0.0011892556712419311,-0.0029689936994059143,19.183929319279216
1781505975.370439,-0.07792146330750345,0.730287621274808,0.31026928617461813,-0.04637332770247281,0.01991667240063366,-0.07831691836764529,-0.059114487274395056,0.7228525490198072,0.3103984752100112,-0.04678501974189508,0.020159757087065078,-0.078221291912489,0.00024054782443118144,0.001561680205509617,-0.001804635126708467,0.0051562229192802025,-0.0006557319257072494,-0.0007509281419868108,-0.08629875393312005,0.029727816926051965,-0.0003754277855839961,-0.004896577093769002,-0.0008770478744026425,-0.001188454871298589,20.22373201844459
1781505975.3804262,-0.07877786197818583,0.7309407134198994,0.3102354991590206,-0.04621934987795671,0.01990744496202068,-0.07837204396029399,-0.059114487274395056,0.7228525490198072,0.3103984752100112,-0.04678501974189508,0.020159757087065078,-0.078221291912489,7.936556327427821e-05,0.001555008813401981,-0.0017966236360762934,0.00628628160552598,-0.0006568740116334831,-0.0012746590900009785,-0.09167308040580945,0.033191549891505884,0.0007200443477245551,-0.002264533974052785,-0.005292054026704429,0.0017238169482247,21.262485021694758
1781505975.3904166,-0.07963051084250869,0.7315905994657824,0.31020682304471703,-0.04609559019939591,0.019900346316712447,-0.07841726919896976,-0.059114487274395056,0.7228525490198072,0.3103984752100112,-0.04678501974189508,0.020159757087065078,-0.078221291912489,-5.10328709142888e-05,0.001529949658353473,-0.001767427180778896,0.006960922309144241,-0.0006397562441988918,-0.0016321847863005519,-0.09293310696097197,0.035922306143280375,-0.002070465400051867,-0.0036280304029617997,-0.00310330738422214,0.0008371731161312952,22.30016769435296
1781505975.4004161,-0.0804798720355735,0.7322377305870151,0.31018249806553594,-0.04599785967483744,0.01989503543676774,-0.07845383809322526,-0.059114487274395056,0.7228525490198072,0.3103984752100112,-0.04678501974189508,0.020159757087065078,-0.078221291912489,-0.0001550665947175748,0.0014904468258201576,-0.0017215939533453278,0.007275867329753187,-0.0006094238083813832,-0.0018553913804470576,-0.08950775271699464,0.036851146249341264,-0.0032255072123440367,-0.0037759142411863443,0.0020937424233349626,-6.229246270883401e-05,23.33683665730192
1781505975.4104254,-0.08049553738818199,0.7322458926836567,0.3101705585713738,-0.045922307120090655,0.019891208291046514,-0.0784829198080775,-0.059114487274395056,0.7228525490198072,0.3103984752100112,-0.04678501974189508,0.020159757087065078,-0.078221291912489,-0.00023661722393676052,0.001439849537776768,-0.0016629859254257287,0.00731268391348079,-0.000570019047892172,-0.001971846937143336,-0.08303919871968043,0.036203564993068406,-0.0007613114720379298,0.004034913398914268,-0.0011578005709236888,-0.0008738459756711212,23.35457460862041
1781505975.4204285,-0.08133954124216279,0.732888646397285,0.31015296961608285,-0.04586543988228628,0.01988859680529287,-0.07850559539575584,-0.06361529263926807,0.7245673999037953,0.3103302951365522,-0.046943818307792554,0.020086609883326334,-0.0782322580064866,-0.0002990856991624008,0.001380987037722746,-0.0015948652538699483,0.0071401007049634885,-0.0005248943414161019,-0.002005129469191587,-0.08284752531133094,0.03669724717714046,-0.0012522247046321145,0.006412250405113493,-0.004909839495829375,0.0009822941508284492,19.581204663728954
1781505975.4304216,-0.08205730529724947,0.7336417436255426,0.31009498855130896,-0.04624677970465163,0.019898396982475974,-0.07837780946333749,-0.06361529263926807,0.7245673999037953,0.3103302951365522,-0.046943818307792554,0.020086609883326334,-0.0782322580064866,-4.9322912350565024e-05,0.0015393151922365245,-0.0018945425014545824,0.0021697617469045756,-0.00042507884136482434,-0.0003880042154408359,-0.08729196751632126,0.03920777486531605,-0.001321508112804657,0.010298956434100167,-0.0006446054888973314,-0.0019255632714697362,20.55497297606153
1781505975.4404173,-0.08278127427205595,0.7343891490536799,0.31004364893709385,-0.04656950446902333,0.019907084762483374,-0.07826999457868969,-0.06361529263926807,0.7245673999037953,0.3103302951365522,-0.046943818307792554,0.020086609883326334,-0.0782322580064866,0.00015180491877678115,0.0016469120975058972,-0.002111109573076868,-0.0016137349026742569,-0.00033864898111139117,0.0008342808534272115,-0.0888110706145919,0.04030359694372218,-0.0027710428692146504,0.009292257574649417,0.0006502154988254204,-0.0024529015836072584,21.53796123952511
1781505975.450429,-0.08351069804412399,0.7351316609242303,0.30999804521302615,-0.046839477272111976,0.019914694094230967,-0.07818009428398733,-0.06361529263926807,0.7245673999037953,0.3103302951365522,-0.046943818307792554,0.020086609883326334,-0.0782322580064866,0.00031134141936794497,0.001712419955848457,-0.002258213902043738,-0.004404406646229658,-0.0002646158345676465,0.0017272664381631072,-0.08402555166164488,0.03966021049656015,-0.0024518450186257717,0.009108546491642753,-0.001414241682022375,-0.0004190704973139625,22.528674109745936
1781505975.4604225,-0.08424489747837632,0.7358699766848704,0.3099574016466571,-0.047062535077065065,0.019921281328737717,-0.07810607737328401,-0.06361529263926807,0.7245673999037953,0.3103302951365522,-0.046943818307792554,0.020086609883326334,-0.0782322580064866,0.00043546802697675546,0.0017433098062238468,-0.002347691444894267,-0.0063748004220011475,-0.00020189872785656508,0.0023490742700094593,-0.07635711403988497,0.03832247451271066,-2.1350663645103014e-05,0.009153447010430554,-0.0012475885091120173,-0.0018150215582972294,23.52589822439653
1781505975.470416,-0.08498326092089453,0.7366047045615095,0.3099210511313139,-0.04724433548940728,0.019926917935584543,-0.07804598718290219,-0.06782475910157132,0.7265032904963625,0.310252239051773,-0.04650849460189106,0.0201403826879496,-0.07828396044034913,0.0005295957130135169,0.0017460178434411272,-0.00238977397966493,-0.007676652985844556,-0.00014937791827017842,0.002750676218984079,-0.0720449987439473,0.038294523011521954,-0.0006211433686309216,0.005160013792828821,4.766651984343857e-05,-0.0025224802025110285,19.913875470081788
1781505975.4804206,-0.08573513997612911,0.7373119547470671,0.3099264450024676,-0.04708642894317094,0.019878679917163744,-0.07803246850027447,-0.06782475910157132,0.7265032904963625,0.310252239051773,-0.04650849460189106,0.0201403826879496,-0.07828396044034913,0.0005458268111572276,0.0015586348779997256,-0.0020481475920331314,-0.005117641970106349,-0.0006660222918638079,0.002572923863249529,-0.075945273531813,0.041470770182397865,0.0009784266604044329,0.003024889639206191,-0.0027473754485209147,-0.0008565292327085157,20.921642089442877
1781505975.4904203,-0.08640926803985076,0.7380955632168785,0.309924895261486,-0.04694896514981567,0.019838603222243067,-0.07802349477577969,-0.06782475910157132,0.7265032904963625,0.310252239051773,-0.04650849460189106,0.0201403826879496,-0.07828396044034913,0.0005519405210692358,0.0013884593776120938,-0.0017479469902375736,-0.00306018339910267,-0.0010349168199615714,0.0023692958260600095,-0.0822757138148701,0.043771594411272714,-0.004464584124427199,-0.007258487706153456,-0.000378960835498971,-0.002078255255564265,21.90597893865616
1781505975.5004234,-0.0864039678790062,0.7380852712999026,0.30994183249675367,-0.04683058081349978,0.019805739693451452,-0.07801817069411504,-0.06782475910157132,0.7265032904963625,0.310252239051773,-0.04650849460189106,0.0201403826879496,-0.07828396044034913,0.0005498547964231299,0.001234253864573034,-0.001484805743572009,-0.0014348379694246536,-0.0012830044160373074,0.002151857956161669,-0.08278852060615803,0.04620584835225811,-0.006349906869879404,-0.011097624586386412,-0.0035403540384524096,0.002525439467324708,21.895790242840835
1781505975.5104282,-0.08708058616164181,0.738870692421864,0.30993734856272653,-0.046729732312401295,0.019779181156600822,-0.07801572578980037,-0.06782475910157132,0.7265032904963625,0.310252239051773,-0.04650849460189106,0.0201403826879496,-0.07828396044034913,0.0005412132140971097,0.0010948225690492431,-0.0012547490190347758,-0.000177749384360275,-0.0014337806455884036,0.0019300277742666796,-0.07745673581251912,0.04669482146376181,-0.001523196574091727,-0.005527850430811984,-0.0036849312586508,0.004306492685801416,22.887521975398123
1781505975.5204163,-0.08775816441499312,0.7396569358653152,0.30993159279113713,-0.046644783138893635,0.019758074323443342,-0.07801550420559714,-0.07169047480761376,0.7286173659826142,0.3101387805390257,-0.04658530778341359,0.020054561868137144,-0.07830092659178042,0.0005274182628564977,0.0009690183547845075,-0.0010541667129181193,0.0007690076563771979,-0.001507514619131213,0.0017109809717455002,-0.07359837446305602,0.04644411457625021,-0.0003844986505869624,-0.0028810115459411245,-0.0027604914055503202,0.004556672309758822,19.495786192841827
1781505975.5304208,-0.08840612584836822,0.7404816056340235,0.3098837593691284,-0.04674421725693684,0.01974233660602609,-0.07803356831457711,-0.07169047480761376,0.7286173659826142,0.3101387805390257,-0.04658530778341359,0.020054561868137144,-0.07830092659178042,0.0007083203875732647,0.0010934363321723163,-0.0011882808462733878,-0.00039657382899628546,-0.001505389120702034,0.0013192283785731268,-0.0733853804559894,0.04848405443966297,0.000865915075501409,-0.000835691462266138,-0.0035421426988387307,0.004140574751663343,20.49971238870063
1781505975.5404282,-0.08905915430875122,0.7413014972696618,0.3098403819907567,-0.04682751104728332,0.019730423194190383,-0.07805003487139371,-0.07169047480761376,0.7286173659826142,0.3101387805390257,-0.04658530778341359,0.020054561868137144,-0.07830092659178042,0.0008445686180089805,0.0011794607955372457,-0.001280887347035421,-0.0012590513926821934,-0.0014625836123037437,0.0009895971500817249,-0.07752969165391815,0.05219596903713974,-0.0006098292556914319,-0.0028508036859916843,-0.0030459684711232064,0.0043029780744234525,21.509236523268356
1781505975.5504262,-0.08971659442826137,0.7421172304447071,0.30980087126728295,-0.04689643146966446,0.019721701313210493,-0.07806485421347802,-0.07169047480761376,0.7286173659826142,0.3101387805390257,-0.04658530778341359,0.020054561868137144,-0.07830092659178042,0.0009432434975392096,0.001233573959316718,-0.0013389992163332846,-0.001870814554677763,-0.0013904712458336448,0.0007155326094327385,-0.0749062600714161,0.05266096390809894,-0.005039784166874322,-0.007098186899581457,-3.837344803815136e-05,0.0005475748615093584,22.523354806704674
1781505975.5604265,-0.0896971350321994,0.7421344843489982,0.30978485169353565,-0.04695269588665178,0.019715609516637977,-0.07807803407914023,-0.07169047480761376,0.7286173659826142,0.3101387805390257,-0.04658530778341359,0.020054561868137144,-0.07830092659178042,0.0010105051887978043,0.001261383919797697,-0.0013686833851971568,-0.0022779798813370436,-0.0012983753482470703,0.0004906029610971634,-0.07133683469676165,0.050468677902155645,-0.0019409217973657515,-0.001119419569127887,-0.004721651037641351,0.001937770017880951,22.518382868274106
1781505975.5704165,-0.09027492822941216,0.7430101436945705,0.30974657079456364,-0.04699793748778364,0.01971165515113049,-0.07808962503527783,-0.07549411920640353,0.731158914548607,0.3100608124514409,-0.04675772958349533,0.019990830669817994,-0.07815937691358232,0.0010516969419536787,0.001267725994409204,-0.0013751704308053007,-0.0025207014560940846,-0.0011938282771785658,0.0003086444325767244,-0.06743866881126792,0.05080496233075877,-0.0007342645479789271,0.0020077286475396203,-3.6294391448205964e-05,0.0007211117266140459,18.94789422241175
1781505975.5804145,-0.09085558353095408,0.743883115458403,0.3097107696786684,-0.04703368168863106,0.019709410581586706,-0.07809970838135566,-0.07549411920640353,0.731158914548607,0.3100608124514409,-0.04675772958349533,0.019990830669817994,-0.07815937691358232,0.0010714385073759204,0.0012567538660786593,-0.0013629532511937959,-0.0026335667230978107,-0.0010828143713968027,0.0001638627135975744,-0.06753711330840693,0.05290654631834513,0.0015529478127653325,0.005323566369335247,-0.0030240443603886777,0.000534329997773189,19.94999761729465
1781505975.590424,-0.09141046854266148,0.7447554963092125,0.3096487883943926,-0.0469624147409173,0.01967854189882967,-0.07811287620439761,-0.07549411920640353,0.731158914548607,0.3100608124514409,-0.04675772958349533,0.019990830669817994,-0.07815937691358232,0.0012565522566687598,0.0012411118249846932,-0.0014847913576727459,-0.0015651929478723385,-0.001294442787674949,-1.34341618132108e-05,-0.07180333842419229,0.05429848209918846,-0.0023944673451991552,-0.0005907260625537068,-0.0015386080740607763,0.0011004687317994347,20.937215086782984
1781505975.6004229,-0.09197156083004308,0.7456256635912151,0.3095929858341231,-0.04690103641231491,0.01965376723475698,-0.0781239973292715,-0.07549411920640353,0.731158914548607,0.3100608124514409,-0.04675772958349533,0.019990830669817994,-0.07815937691358232,0.001389234811803062,0.0012128286673341007,-0.001563785904391837,-0.0007218539712508253,-0.0014175752619790779,-0.00014591538887102765,-0.06935336233448694,0.05483297884017825,-0.00249828025917308,-0.0011727137626913462,0.0024553552501239613,-0.0006265254487865605,21.93198057782563
1781505975.6104183,-0.09253805059078322,0.7464939411929861,0.3095425493430474,-0.04684874742821604,0.01963423662319319,-0.07813327999438777,-0.07549411920640353,0.731158914548607,0.3100608124514409,-0.04675772958349533,0.019990830669817994,-0.07815937691358232,0.0014781457892178195,0.001174755937019595,-0.0016073858504625082,-7.021020990581107e-05,-0.0014710305312148504,-0.00024118978820561286,-0.06413667543179774,0.05458159955728013,0.000523911945960472,0.0010115603328220274,-0.004168409128938139,-0.0005070672898966739,22.933103494049366
1781505975.620413,-0.09310922000609793,0.7473606138648441,0.30949675266652066,-0.046804700108127095,0.019619169694100602,-0.07814093066887932,-0.07896967434231189,0.7338510413745729,0.3099849910684638,-0.04673823768741516,0.01989896518347245,-0.07811648652494677,0.0015307915268352678,0.0011293068207469169,-0.001622019505802303,0.0004199657228037964,-0.0014708160231435084,-0.0003059772471600473,-0.06213985632922161,0.05552601374103103,-0.0007040660207441312,7.872948329145087e-05,-0.0038977848554685238,-0.001514125649304001,19.562046855718204
1781505975.6304183,-0.09359111865726115,0.7482831462100352,0.30945020142883445,-0.046768033707466364,0.01960785958281641,-0.0781471488244448,-0.07896967434231189,0.7338510413745729,0.3099849910684638,-0.04673823768741516,0.01989896518347245,-0.07811648652494677,0.0015536574286238451,0.0010785120263153624,-0.0016132143773439592,0.0007757419572056144,-0.0014303945970885721,-0.0003461475625863402,-0.06574964108983133,0.05867589860429799,-0.0012295134515602848,0.0002682970607074723,-0.0059273976373223625,0.0011602623406096358,20.55135722514675
1781505975.6404233,-0.09355859939734498,0.7482816573082134,0.30946055142179346,-0.04659655293469513,0.019551491762487938,-0.07816231432994558,-0.07896967434231189,0.7338510413745729,0.3099849910684638,-0.04673823768741516,0.01989896518347245,-0.07811648652494677,0.0016664278023522184,0.00099358264203619,-0.0013873246426311292,0.002566380193215704,-0.0018811404254558196,-0.0005024363678512428,-0.06913994237837151,0.06350845679326085,-0.004429168238254278,-0.004280353682949986,-0.0005781038812634916,-0.0009145207834220736,20.52692006679547
1781505975.6504185,-0.0940321081551821,0.7491986160591133,0.3094408675686156,-0.04645467105374873,0.0195058305901874,-0.07817469755042517,-0.07896967434231189,0.7338510413745729,0.3099849910684638,-0.04673823768741516,0.01989896518347245,-0.07811648652494677,0.0017358414984828892,0.000912813911549895,-0.0011884076163080235,0.0038377956268078528,-0.0021673751825248304,-0.0006057935028540193,-0.06924793193793065,0.0641878479532316,-0.005153033202618285,-0.003971523523062855,0.002594150113183099,0.002555093573047339,21.510951430555746
1781505975.6604369,-0.0945103613893657,0.7501153156259892,0.3094209252940501,-0.046338850440144935,0.019469440896110468,-0.07818465508182323,-0.07896967434231189,0.7338510413745729,0.3099849910684638,-0.04673823768741516,0.01989896518347245,-0.07811648652494677,0.0017695700758458555,0.0008364086640507871,-0.0010136640368283126,0.004685372973696626,-0.002322512813791729,-0.0006666594877602025,-0.06190200870653812,0.06153753990091322,-0.004599783529673559,-0.0028827477018657796,0.0006438309139215566,-0.0009557906233050696,22.50239411746257
1781505975.6704185,-0.0949927074028264,0.7510318307900857,0.309400653009577,-0.04624572706915417,0.01944099370006014,-0.07819252103082633,-0.08225876413361638,0.7368691669148723,0.3098261270770375,-0.04685237107516747,0.019862031871829666,-0.07810834720780464,0.0017742242225960664,0.0007644744356105871,-0.0008605404300592895,0.005192182360745218,-0.002375177625639888,-0.0006940206703865791,-0.05565707493622325,0.06062310181624649,0.00021319831436927757,0.0049040538087804005,-0.0027728726935832637,-0.0017082982270794555,19.050338249170736
1781505975.6804235,-0.09549625729178153,0.7520046616761245,0.3093172967028699,-0.046359688235979815,0.01952335144701589,-0.07817941543950221,-0.08225876413361638,0.7368691669148723,0.3098261270770375,-0.04685237107516747,0.019862031871829666,-0.07810834720780464,0.0016379672396182256,0.0010675768109897489,-0.00120115734426425,0.0033784096803515656,-0.0012244062938372388,-0.00043375265062738577,-0.05672171793967315,0.062290103198587805,-0.0004966454533304512,0.005136682001308034,-0.0022539008363161982,-0.0005714817133101612,20.114008430197035
1781505975.6904154,-0.09600030168409246,0.7529692034779337,0.30924218150542243,-0.04645863430849236,0.019593764394847613,-0.07816805473194188,-0.08225876413361638,0.7368691669148723,0.3098261270770375,-0.04685237107516747,0.019862031871829666,-0.07810834720780464,0.0015078290837741998,0.0012973719782235524,-0.001459375575105738,0.0019269343635313194,-0.0003286566747379748,-0.0002268759024967432,-0.059076701034054706,0.06451376172638255,-0.004723454313374227,0.0015705803531497198,0.0007773541469575581,-0.0038219658699019947,21.175033034535485
1781505975.7004201,-0.09640590052240712,0.7539736642341135,0.3091698042955704,-0.04654362173909453,0.019653299965605386,-0.07815831119160012,-0.08225876413361638,0.7368691669148723,0.3098261270770375,-0.04685237107516747,0.019862031871829666,-0.07810834720780464,0.0013842519406508987,0.0014654063487773306,-0.0016481744679696857,0.0007866471855604144,0.0003514946239170563,-6.566463901197989e-05,-0.06038896142719505,0.06518267891261531,-0.007907195899868942,-0.002645212724727211,-0.0030460773005990278,0.0017502958577429214,22.206666930011146
1781505975.7104259,-0.09681173759205187,0.7549718390402094,0.3091036056614257,-0.04661582416849563,0.019703055702201988,-0.07815004503484299,-0.08225876413361638,0.7368691669148723,0.3098261270770375,-0.04685237107516747,0.019862031871829666,-0.07810834720780464,0.0012675076502728865,0.0015817316437872777,-0.0017788531063674222,-8.926437632806293e-05,0.0008514877512913209,5.6919406758323125e-05,-0.05595387691140674,0.06512074385036781,-0.0003869356154321159,0.006848281951957236,0.0009063176354207177,-0.0012247024200774934,23.238283322040015
1781505975.7204242,-0.09681596130346803,0.7549986169893722,0.3090768812914488,-0.046676470914567614,0.019744121677131243,-0.07814311126768167,-0.0851937521315036,0.740069624323642,0.30966191437956564,-0.04672818795918743,0.01971141837794721,-0.07811601321444304,0.0011577278593315095,0.0016550723216089721,-0.0018612185338274575,-0.0007431120730594481,0.0012028082472860108,0.00014720680791074263,-0.051573294807877895,0.06359284510554206,6.826574404622125e-05,0.0061665374396242326,-0.0009613664794353068,-0.0021035674749285234,18.928624666480992
1781505975.7304163,-0.09722198904246161,0.755986631649622,0.3090206789705124,-0.04672679936207924,0.019777552527952214,-0.07813736495008312,-0.0851937521315036,0.740069624323642,0.30966191437956564,-0.04672818795918743,0.01971141837794721,-0.07811601321444304,0.0010549300029768025,0.0016929768019255176,-0.0019037557590381904,-0.001212677182800761,0.0014331167472344513,0.0002108246751029697,-0.05268590303246839,0.06701316794514053,-0.00021575067726065583,0.005891660650293998,-0.004820126229108661,-0.0002576317590123324,19.960981645481706
1781505975.7404153,-0.09761162169731977,0.756932185219676,0.30903312533047994,-0.046756997866574855,0.01969231443238839,-0.07802820674258806,-0.0851937521315036,0.740069624323642,0.30966191437956564,-0.04672818795918743,0.01971141837794721,-0.07811601321444304,0.0010494008109851456,0.001492601666085138,-0.0014576383844570608,-0.0014334559165643157,0.00029144118181318357,0.0013344718736654263,-0.05604363583921153,0.07154825873855004,0.0025565447132594537,0.008268381914293242,-0.003339475905380419,0.00031102293036426945,20.951010004157997
1781505975.7504246,-0.09800381253097819,0.757879902804914,0.30903963915418314,-0.04678111297345618,0.019620298998247243,-0.07793760562787123,-0.0851937521315036,0.740069624323642,0.30966191437956564,-0.04672818795918743,0.01971141837794721,-0.07811601321444304,0.0010316651502941827,0.0013128331079514395,-0.0010810375749052048,-0.0015596472746653045,-0.0005719600679452274,0.0021398481071489036,-0.05555397722329417,0.07198395968009108,-0.006910951441544594,-0.004310277627673723,-0.0038020257177661617,-6.554030787590438e-05,21.94745756288809
1781505975.7604172,-0.09839817696252086,0.7588296114039409,0.3090408998863294,-0.046800008272972024,0.01956016157062157,-0.0778633890288946,-0.0851937521315036,0.740069624323642,0.30966191437956564,-0.04672818795918743,0.01971141837794721,-0.07811601321444304,0.0010043551930737486,0.0011518848073288472,-0.0007650147120591324,-0.0016115115792690476,-0.0012032249266342677,0.002684710953163044,-0.052957753695783205,0.07187578952957203,-0.005164218882438424,-0.0013520141909024947,0.0007013029879439937,-0.0004240556046997185,22.949501288084168
1781505975.7704222,-0.09869118724246442,0.7598177406003731,0.30903347702153244,-0.046814474057825586,0.019510569655841747,-0.0778034805408529,-0.08787837539211746,0.7435069430788795,0.30956535059311774,-0.046573983904633735,0.019623350172991216,-0.07812163211357229,0.0009697052925330427,0.0010080842825501875,-0.0005016265290145849,-0.0016062641733818551,-0.0016432774943483514,0.003019466769195863,-0.05065204129324554,0.06945785395457357,-0.004471702334786015,-0.00111918054799932,-0.0003888712371333988,0.0010591899294167477,19.576565209308683
1781505975.7804272,-0.09898573846347038,0.7608075330911684,0.3090219570422449,-0.046825224019897534,0.019470236319349077,-0.077755932665456,-0.08787837539211746,0.7435069430788795,0.30956535059311774,-0.046573983904633735,0.019623350172991216,-0.07812163211357229,0.0009296021319762418,0.0008798716305038291,-0.00028382944952088686,-0.0015583675597384062,-0.0019280150461331,0.003187634232329397,-0.051522105149630085,0.07224706660668993,0.0016312791025447596,0.004865525062477422,0.004333031657311103,0.0008254062113951764,20.566458268824388
1781505975.790418,-0.09896165412749268,0.7608085690937406,0.3089746121557731,-0.047226263879243446,0.019524316788823937,-0.07777147138491794,-0.08787837539211746,0.7435069430788795,0.30956535059311774,-0.046573983904633735,0.019623350172991216,-0.07812163211357229,0.001025707310233843,0.0008280750645220633,-0.0006471422658251112,-0.005763115306551529,-0.001119905944249391,0.0026980223457719124,-0.052822452278091236,0.07660310207566585,-0.003847305782108043,-0.0037820736255628987,0.0031339457676738585,0.0007443125620011415,20.55563918211969
1781505975.800431,-0.09924052487238832,0.7618115173489302,0.3088949743718572,-0.0475583314939618,0.019570713658788597,-0.07778707794259176,-0.08787837539211746,0.7435069430788795,0.30956535059311774,-0.046573983904633735,0.019623350172991216,-0.07812163211357229,0.0010898612140627154,0.0007760016200902096,-0.0009306000911176878,-0.008755832142874632,-0.0004837092173488886,0.0022573556175699704,-0.050784920634145685,0.0748259350446006,-0.012568889091382934,-0.015306676783920468,-0.0030651548240273247,0.0025238393636258373,21.55470445860601
1781505975.8104181,-0.09952286772570373,0.7628140668122161,0.3088207792326157,-0.04782963105199383,0.01961008228990524,-0.07780230566408998,-0.08787837539211746,0.7435069430788795,0.30956535059311774,-0.046573983904633735,0.019623350172991216,-0.07812163211357229,0.0011275525974905054,0.0007243657284867524,-0.0011463607750717532,-0.010758497886467893,6.251628543947662e-06,0.0018654152970405543,-0.04827784271000054,0.07442884191020943,-0.004825938167660784,-0.0059699056572705975,-0.0014457199971222036,0.004486724172435475,22.559113791818078
1781505975.8204217,-0.09980819928516681,0.7638162856696143,0.3087514129060655,-0.048047973008399414,0.01964310661269142,-0.07781683068733161,-0.09051157090151091,0.7473237739672844,0.30935146492205273,-0.04674992505488717,0.01965663748343438,-0.07800656165682845,0.0011435229918940204,0.0006737353717229912,-0.0013050421045155448,-0.011964534589868925,0.00037322134374569247,0.0015207059091058223,-0.04336937059184876,0.06988668788932774,0.0008345522289943637,0.0004860504642822423,4.732986831425693e-05,0.003121346134252454,18.941760846794992
1781505975.8304293,-0.10007011176866522,0.7648134509574949,0.3086978807275285,-0.0478317659376309,0.019537162951278164,-0.07780125350918897,-0.09051157090151091,0.7473237739672844,0.30935146492205273,-0.04674992505488717,0.01965663748343438,-0.07800656165682845,0.0013063151548705046,0.000600724086071482,-0.0012462347751497243,-0.008301317024497788,-0.0008308707468457071,0.001469027750463731,-0.041796608220496266,0.07115435855734224,0.0009974399237168484,-0.001479512368055879,0.00022402611017567777,0.000849797803603636,19.941957703051298
1781505975.840424,-0.1002315739035786,0.7658367548332066,0.30864377305871343,-0.04764232369230332,0.019448747604865035,-0.0777895587679687,-0.09051157090151091,0.7473237739672844,0.30935146492205273,-0.04674992505488717,0.01965663748343438,-0.07800656165682845,0.0014204479933408796,0.0005345008019934162,-0.0011832347699740956,-0.005329369352852564,-0.0017103315190964046,0.0013900469206406159,-0.04496958103351511,0.07619317179178034,-0.0009579705876323944,-0.005812124902580201,-0.002258143170356532,0.0018959391197026778,20.921513967101912
1781505975.8504303,-0.10039825002901626,0.7668605347758267,0.30859234529376767,-0.047478120344022746,0.019375886991054303,-0.07778108915417825,-0.09051157090151091,0.7473237739672844,0.30935146492205273,-0.04674992505488717,0.01965663748343438,-0.07800656165682845,0.0014940722535282962,0.00047456585958775144,-0.0011176672712551645,-0.002956715429901874,-0.0023224791371663943,0.0012927832914943046,-0.04396850975567992,0.07608288881881073,-0.004958679573991187,-0.012202160840589029,-0.0022831080467643123,0.0018349225003890756,21.90907824785176
1781505975.8604114,-0.10056943385511816,0.7678847460635047,0.30854321228209,-0.047337321877170414,0.01931667630660394,-0.07777526460869141,-0.09051157090151091,0.7473237739672844,0.30935146492205273,-0.04674992505488717,0.01965663748343438,-0.07800656165682845,0.0015342444204916727,0.000420438465626892,-0.0010508694644344478,-0.0010980367476338836,-0.0027175784270776666,0.0011844925277565378,-0.04154538222569905,0.07631295851059486,-0.0005664420695678464,-0.0061460483517453285,-0.0033815976897971257,0.0022057685271778924,22.90343758183688
1781505975.8704176,-0.10055204584056178,0.7678813510628069,0.3085385173346992,-0.04721791360159552,0.01926931447779623,-0.07777157877233613,-0.09265571417834423,0.7509903142876528,0.30923747207685687,-0.04708001615429465,0.019548500800312674,-0.07790933791524984,0.0015470531229747249,0.0003716590646801418,-0.0009839303953372383,0.00032466155726940094,-0.00293923320401516,0.0010709105953701284,-0.037661552242653586,0.07421965053719994,-0.0021035106651499185,-0.005902679161419467,-0.0019533798084321965,0.0007355628962069815,18.658716858104942
1781505975.8804255,-0.10071153244802297,0.7689006984997641,0.3085272805370977,-0.0470664434325936,0.019293068063394703,-0.07783371512128813,-0.09265571417834423,0.7509903142876528,0.30923747207685687,-0.04708001615429465,0.019548500800312674,-0.07790933791524984,0.0016637209578014363,0.00026682329833229237,-0.0007145750150129462,0.001955883594316571,-0.002327312264003098,0.00028872872858959656,-0.03682245795842358,0.07599602210099811,0.0016742956967027293,0.000666904557545574,0.000656871149701858,-0.00041120802133312844,19.65152519889177
1781505975.8904262,-0.10087649248195397,0.769921115135418,0.3085124518731851,-0.04694084840634927,0.019315175530213002,-0.07788634170288969,-0.09265571417834423,0.7509903142876528,0.30923747207685687,-0.04708001615429465,0.019548500800312674,-0.07790933791524984,0.0017362977295336877,0.00017928303757202334,-0.000489289356208259,0.003124558927742881,-0.001805123274833989,-0.0003052556163532328,-0.038136007231777444,0.08107214705271441,-0.00037698561788686226,-0.0003461004741952742,-0.00011900111734876426,-3.918657618509145e-05,20.651442345525922
1781505975.9004257,-0.10104619509374575,0.7709424683827663,0.30849436974206323,-0.046838078393901715,0.019335443185650503,-0.0779304022708942,-0.09265571417834423,0.7509903142876528,0.30923747207685687,-0.04708001615429465,0.019548500800312674,-0.07790933791524984,0.0017725597581582859,0.00010673636834595317,-0.0003022362847231215,0.003914675411089116,-0.0013644592512265454,-0.0007419662771620834,-0.038517160230600145,0.0824043271898197,-0.005772402657324415,-0.0048157087250147775,0.0003368742708306198,0.001021181065040683,21.657350348249995
1781505975.9104238,-0.10111142000625431,0.7719789819758663,0.3084702084445885,-0.04675522328160852,0.019353776528521882,-0.07796683853259101,-0.09265571417834423,0.7509903142876528,0.30923747207685687,-0.04708001615429465,0.019548500800312674,-0.07790933791524984,0.001779209809253975,4.714539182394735e-05,-0.0001482454602326403,0.004399524100496836,-0.0009969398870701338,-0.001048879624324844,-0.034594689344972535,0.07834068561403992,-0.010869072124930141,-0.008724646745735885,-0.0040559071834739505,0.0008633496225853071,22.640932530613924
1781505975.920424,-0.10118017140565623,0.7730162147282235,0.30844339463627135,-0.046689557524721065,0.01937015793937391,-0.07799656483192066,-0.09453290098124023,0.7549431078887581,0.30902266621854213,-0.04729538424118461,0.01950058470022431,-0.07787561797889479,0.0017620038968972893,-1.2900242437327295e-06,-2.2747340094721093e-05,0.0046423752225622705,-0.0006942842869782632,-0.001250136558825969,-0.031477643144240605,0.0728920428165946,-0.004114738894798332,0.0009889873315135239,-0.0017452918625139179,0.0008394503645236936,19.265485991587983
1781505975.9304175,-0.10125003299420986,0.7740887986907519,0.3083317682698809,-0.04713539651763969,0.019414273846206864,-0.0779639576030073,-0.09453290098124023,0.7549431078887581,0.30902266621854213,-0.04729538424118461,0.01950058470022431,-0.07787561797889479,0.0017365114750238064,0.0002111433163249964,-0.0004927941589086421,-0.0007385988559387375,-0.0001542971100764503,-0.0007355510647887115,-0.029569443490350997,0.07208103209583479,-0.0029756763295245947,0.003347871121072608,-0.002855602899415128,0.0005922620227488627,20.301593009925984
1781505975.9404268,-0.10132072356068306,0.7751674102026085,0.30821081658930705,-0.0472648750948959,0.019480424473719893,-0.07801457504222067,-0.09453290098124023,0.7549431078887581,0.30902266621854213,-0.04729538424118461,0.01950058470022431,-0.07787561797889479,0.00171008827721536,0.0004126464282030698,-0.00097797625474502,-0.0020607738088299424,0.0006099247755771202,-0.0011730458326102214,-0.030829457166858355,0.0753735277428988,-0.004497300757039392,0.0027959505818196673,-0.002044182030279702,0.000922910916705806,21.348443485942912
1781505975.9504206,-0.1013941095840032,0.7762405336844219,0.3081007677078136,-0.047371867190413586,0.01953554916414424,-0.07805605247403197,-0.09453290098124023,0.7549431078887581,0.30902266621854213,-0.04729538424118461,0.01950058470022431,-0.07787561797889479,0.0016672078885672308,0.0005691790673305727,-0.0013550754632024819,-0.002995028023115625,0.0011658325793303635,-0.001468733484778649,-0.030465849417105013,0.07630270098646505,-0.008542531265516021,-0.0023543651959060975,-0.0030085074452997265,0.0012188424414742531,22.39433914801953
1781505975.960422,-0.10138622239348992,0.7762664850114037,0.308046116625864,-0.04745908158104793,0.01958090484846786,-0.07808954483623932,-0.09453290098124023,0.7549431078887581,0.30902266621854213,-0.04729538424118461,0.01950058470022431,-0.07787561797889479,0.001611659447011003,0.000687627190802248,-0.0016406304015607726,-0.003613052705443506,0.0015504416029641145,-0.001650076818328417,-0.02887257645879479,0.07656140777518827,-0.005555017249196331,-3.0222476565495504e-05,-0.0014624333970731773,0.0008576712044105722,22.418922262257116
1781505975.9704235,-0.1014638843064652,0.7773306206996673,0.3079540766058882,-0.04752908939487522,0.019617700393196102,-0.07811613638683021,-0.09603796352575134,0.7587074185736163,0.30876223589986257,-0.047239404248143595,0.01939529850978383,-0.0778319492456141,0.0015466452878423942,0.0007740012295864172,-0.0018490777866051614,-0.003977219861374099,0.001796174920095565,-0.0017407825115433638,-0.027158334115413192,0.08073897790816435,0.0023087876234434766,0.007946143436390399,-0.0003327741970004154,0.0014501125897371187,19.414360540351787
1781505975.9804306,-0.10143369833817155,0.7783940158641518,0.30786665709479943,-0.047584288217162436,0.019647075618612675,-0.07813682869684956,-0.09603796352575134,0.7587074185736163,0.30876223589986257,-0.047239404248143595,0.01939529850978383,-0.0778319492456141,0.0014748561001154729,0.0008335326075193118,-0.001992984057974325,-0.004141211604102062,0.0019311273328726445,-0.0017610940385278243,-0.0239154760700159,0.08229127751426223,-3.199537702716979e-05,0.0035683002191901937,0.0008205449916570346,-0.0031362509504642222,20.43228152805652
1781505975.9904175,-0.10138081625848798,0.7793987567648252,0.30790799327781976,-0.04744293988805902,0.01965820222515724,-0.07812810528936671,-0.09603796352575134,0.7587074185736163,0.30876223589986257,-0.047239404248143595,0.01939529850978383,-0.0778319492456141,0.0015530714360876688,0.0005208903417624728,-0.0012872905980566855,-0.0021478861775485695,0.001837184404904287,-0.0014679401421466556,-0.025080476733849652,0.08802826352477774,0.004364197887683628,0.008058413464967029,0.004030207577177027,-0.004146094139631008,21.387082127396507
1781505976.0004244,-0.10133262719549985,0.7804089048775263,0.30793742129570234,-0.04732205332374052,0.019665939389873932,-0.07811933905875339,-0.09603796352575134,0.7587074185736163,0.30876223589986257,-0.047239404248143595,0.01939529850978383,-0.0778319492456141,0.001596181615883152,0.0002633093149487571,-0.0007044675555845662,-0.0005955630372925659,0.0017165160162287984,-0.001208095384951065,-0.02474606595561071,0.08803119857719181,-0.0038767756257997747,-0.002596177847080644,0.0032657876465709895,-0.004172583856798993,22.35326129015147
1781505976.0104198,-0.10128849056597125,0.7814238449678222,0.30795630447433026,-0.04721980705952053,0.01967092493335576,-0.07811078142901604,-0.09603796352575134,0.7587074185736163,0.30876223589986257,-0.047239404248143595,0.01939529850978383,-0.0778319492456141,0.0016105640690347637,5.319378565179497e-05,-0.00022766654520354546,0.0005838411006178809,0.0015791240113356144,-0.0009803239461643994,-0.024136234986404437,0.08945812915152764,-0.005566010712064062,-0.00399577254585281,0.0021565039670019123,-0.0024688175721172085,23.329243189313186
1781505976.0204327,-0.10124784015725588,0.7824430217655267,0.30796586912347623,-0.047134326102227855,0.01967371217202163,-0.07810261487332064,-0.09729388285946255,0.7630890705167575,0.3087016818511423,-0.04716151262891743,0.019497320980543575,-0.0779659930027364,0.0016017024342192883,-0.0001161553394673306,0.00015798127131011507,0.0014515464515908877,0.001432960745293657,-0.0007828211177847551,-0.02215953613116637,0.08962829685250437,-0.003785177750965491,-0.0011360974100140407,0.0006919463594042771,-0.0013206556144423664,19.767413275962685
1781505976.0304215,-0.10121017673800446,0.7834659352059435,0.30796721680927713,-0.04706374667220706,0.019674775926140198,-0.07809496525386031,-0.09729388285946255,0.7630890705167575,0.3087016818511423,-0.04716151262891743,0.019497320980543575,-0.0779659930027364,0.001574293355540371,-0.0002506324644211334,0.0004655672016118071,0.00206195522379044,0.0012842251467402423,-0.0006134055481068627,-0.02072619725091664,0.08943135107062482,-0.004524127156000422,-0.0029567079730719657,0.00016306741360888296,-0.0016241840615374911,20.762789099786804
1781505976.0404227,-0.10119071310852061,0.7834880958690239,0.3079567598400561,-0.04734921395152196,0.01973154155412815,-0.07809414745528682,-0.09729388285946255,0.7630890705167575,0.3087016818511423,-0.04716151262891743,0.019497320980543575,-0.0779659930027364,0.0015990524636534508,-8.731359786604467e-05,0.00034636700545172033,-0.0012798082820931738,0.0017625017344200802,-0.0005083063488833596,-0.0207212321412758,0.09056313895222533,-0.006113655971752098,-0.005361837404699229,0.00041639211063812504,-0.0008588328431999231,20.781251889984492
1781505976.0504217,-0.10106451922209723,0.7845775271049467,0.30781308861269924,-0.04762096880172453,0.019713852020821765,-0.07812407054236067,-0.09729388285946255,0.7630890705167575,0.3087016818511423,-0.04716151262891743,0.019497320980543575,-0.0779659930027364,0.0014380868511046983,0.0002498461064966321,-0.00026573553975087465,-0.004100397463037284,0.0013925766909745599,-0.0007882481891255398,-0.018929778766491066,0.08665044075890631,-0.012206391915861018,-0.012404146276916187,0.00036599220971345335,-0.0014394200491189878,21.834858897302766
1781505976.0604193,-0.1009378069080238,0.7856592438462372,0.30768223208986284,-0.047845757364572944,0.019697723966749292,-0.07814845273221957,-0.09729388285946255,0.7630890705167575,0.3087016818511423,-0.04716151262891743,0.019497320980543575,-0.0779659930027364,0.00129064595828097,0.0005173430614093485,-0.0007537478905097978,-0.0061015277269073995,0.0010772817507846057,-0.0009764430189581391,-0.0182772889328047,0.08406560997632756,-0.005046927956738184,-0.001654024031606538,0.0012190955614195093,0.001986166250626212,22.885152051280205
1781505976.0704157,-0.10081057538096726,0.7867341974891221,0.30756271715052447,-0.04802920272152593,0.019683208994675683,-0.07816801592662313,-0.09829729984289964,0.767514608477178,0.30832122518209726,-0.047475145257323235,0.01949812304339571,-0.077981865112712,0.0011559305731667152,0.0007255271733069236,-0.0011359603526833724,-0.007433889425430062,0.0008115507897136069,-0.0010907384011690884,-0.017886942229569568,0.08350656644161628,-0.0027498320200377035,0.0010021004517588377,0.0029991148488282423,0.0044478004179198056,19.39805377227962
1781505976.080398,-0.10068283023591647,0.7878032386277696,0.3074532148128969,-0.04817664971591261,0.019670301200335416,-0.07818343301211604,-0.09829729984289964,0.767514608477178,0.30832122518209726,-0.047475145257323235,0.01949812304339571,-0.077981865112712,0.001033137864708916,0.0008834586231518009,-0.0014283964847800713,-0.00822869561300868,0.0005902309763739261,-0.0011465310238636798,-0.015175294635625466,0.08614043252922517,-0.0045640952091799735,-0.0020484566449004774,0.0018573282052528031,0.0022805804084680714,20.44682641987601
1781505976.0904186,-0.1005190140003338,0.7887743201009987,0.30742350527467804,-0.048083959128025835,0.0195737546667476,-0.07812860740849602,-0.09829729984289964,0.767514608477178,0.30832122518209726,-0.047475145257323235,0.01949812304339571,-0.077981865112712,0.0011528799183976597,0.00042457319621786214,-0.0011631941883634726,-0.006330157471549743,-0.0005557571466673651,-0.0004743900411978049,-0.014640464343389031,0.09165331816704893,-0.0015541781392849345,0.0004119563457446489,0.0009583313156477927,0.002116702023816252,21.394327593021853
1781505976.1004276,-0.10035998796595381,0.7897545536014777,0.3073916971894831,-0.048000181607559034,0.01949307544327783,-0.07808209395917567,-0.09829729984289964,0.767514608477178,0.30832122518209726,-0.047475145257323235,0.01949812304339571,-0.077981865112712,0.0012343974651590503,5.08125219054652e-05,-0.00093555805337933,-0.004734370129428079,-0.0013992071685860381,4.217662425224538e-05,-0.013205083911266133,0.09211924713797129,-0.0022651040373833586,-0.0010874146207762315,3.068281222217849e-05,0.0010728568409067295,22.354727994630238
1781505976.1104233,-0.10009737809768915,0.7907229588609225,0.30735641484558596,-0.04792537482054454,0.01942649421578624,-0.0780430801343073,-0.09829729984289964,0.767514608477178,0.30832122518209726,-0.047475145257323235,0.01949812304339571,-0.077981865112712,0.0012841964939035754,-0.00024987635913989567,-0.000740963405200877,-0.0034091056102599215,-0.0019928849683370034,0.0004280446943342932,-0.010210127079512642,0.09134799994436893,0.0015298538762988684,0.0036274992580055993,0.0015046728975351598,-0.0026359623912941754,23.29804000862427
1781505976.120356,-0.09983833955102868,0.7916984743649274,0.3073194057913608,-0.04785933656577998,0.019372299297661044,-0.07801075209580177,-0.09896301445208538,0.7720292574127359,0.30823716099584214,-0.04746285704543255,0.0195723042035314,-0.07794870447864133,0.001307901743688361,-0.00048809513291208896,-0.0005753592873267489,-0.0023228114179467893,-0.0023831639700542624,0.0007054283255406318,-0.007553144630832763,0.08768821788137492,0.0026219122982955156,0.0047525392283018,0.0027013928614117518,-0.003057730215198664,19.71006251021466
1781505976.130425,-0.09982511898617889,0.7916634014831515,0.30733337392712945,-0.04780167545567877,0.019328869029041407,-0.07798431729529406,-0.09896301445208538,0.7720292574127359,0.30823716099584214,-0.04746285704543255,0.0195723042035314,-0.07794870447864133,0.001310359238692554,-0.000673146107987581,-0.00043512636118060456,-0.0014453049041357508,-0.0026103583812436687,0.0008939398814702395,-0.0062206015913922885,0.0885789673332787,0.00037696505939241096,0.0016841588153839668,0.0011063178223877054,-0.0020923470089856734,19.67383207895997
1781505976.140425,-0.09953868256170528,0.7926686095255571,0.3073006348037385,-0.047853814162710354,0.01945277480721619,-0.07803180795387595,-0.09896301445208538,0.7720292574127359,0.30823716099584214,-0.04746285704543255,0.0195723042035314,-0.07794870447864133,0.001504185480636697,-0.0007214558928620587,-0.00032390539924720846,-0.0018467190420856068,-0.0009494793689826888,0.00034326929046781744,-0.006786130307739346,0.09414939948180619,-0.0017240138348763384,-0.00037382735960769765,-0.0008777569303804987,-0.00019377391296338504,20.66860737248512
1781505976.1504285,-0.09925921062147092,0.7936758228165671,0.3072650743499677,-0.047895983260255015,0.019557844779986677,-0.07807211209850332,-0.09896301445208538,0.7720292574127359,0.30823716099584214,-0.04746285704543255,0.0195723042035314,-0.07794870447864133,0.001640724426575895,-0.0007510961124554457,-0.00023051598671934917,-0.0020969351339531657,0.0003209551107672885,-7.871280503652284e-05,-0.005279104269581548,0.09087821852446162,-0.014903209433461545,-0.01706479344190049,-0.005029441704448718,-0.000452611572215671,21.670405589194452
1781505976.1604176,-0.09898579831685736,0.7946847564146343,0.30722701111957335,-0.04792952736223913,0.019645925992066937,-0.07810592753527709,-0.09896301445208538,0.7720292574127359,0.30823716099584214,-0.04746285704543255,0.0195723042035314,-0.07794870447864133,0.0017295445822202694,-0.0007653733345942866,-0.00015262460200324103,-0.0022270146040656337,0.0012640664007278015,-0.0003927254128768232,-0.004596440664602531,0.08560784922989113,-0.011220489013440612,-0.011820197817684086,-0.005382696053892133,0.0016969027102998902,22.678019245561142
1781505976.1704223,-0.09871764221639807,0.7956951630824622,0.307186740532181,-0.047955690183209464,0.019718867328229805,-0.0781339549142919,-0.09923555895773689,0.7764335132747222,0.30794643893626206,-0.047720212125263506,0.019411351178516556,-0.07796374041011914,0.0017789319325887177,-0.0007671366479334048,-8.816158086409768e-05,-0.0022635191812900393,0.0019361091856534938,-0.0006172471911260429,-0.0026425183415198982,0.08071876926553442,-0.006373547255906543,-0.00461024587863944,-0.0029942978215584393,0.0018000858846745646,19.283581947660398
1781505976.1804287,-0.09834896660893121,0.7966757734249568,0.30714350684214686,-0.04797560578406257,0.01977846845103559,-0.07815687781523262,-0.09923555895773689,0.7764335132747222,0.30794643893626206,-0.047720212125263506,0.019411351178516556,-0.07796374041011914,0.0017960378976781806,-0.0007588317882848273,-3.5295301418192374e-05,-0.0022289120603226163,0.002386653282216268,-0.0007685725715322313,-0.0011794984753027693,0.0835789781210951,-0.003250171621276824,-0.000305940991998629,-0.0002504474640359956,0.0018548750475291846,20.277569921726197
1781505976.190413,-0.097973993715209,0.797750487795626,0.30699541988576684,-0.0481774215734072,0.01966688090917712,-0.07811970959097411,-0.09923555895773689,0.7764335132747222,0.30794643893626206,-0.047720212125263506,0.019411351178516556,-0.07796374041011914,0.0018579193536113624,-0.000120531746152994,-0.0005782115134796722,-0.004196767720069922,0.0008897120018779307,-0.00033803252726362614,0.000398901248832509,0.08878340325291882,-0.007290464983388725,-0.005355701090621742,0.00040643112438778204,0.000523593918626362,21.375438868486867
1781505976.2004323,-0.09760394117672003,0.7988126648334867,0.3068608970767955,-0.04834330893447962,0.019572229443031164,-0.07808808418183343,-0.09923555895773689,0.7764335132747222,0.30794643893626206,-0.047720212125263506,0.019411351178516556,-0.07796374041011914,0.0018840544003869391,0.00039340565051992796,-0.0010067235456069478,-0.005556337824644981,-0.00025625844862599257,-6.220693135447399e-06,0.0015835231320598493,0.08917700559878496,-0.009577986239066666,-0.007710618403898688,0.00044641687918395496,0.0009310806833404192,22.464794728689032
1781505976.2104158,-0.09723811477706261,0.7998638206462624,0.30673834191343574,-0.048477735060723934,0.01949285751189711,-0.07806148047383178,-0.09923555895773689,0.7764335132747222,0.30794643893626206,-0.047720212125263506,0.019411351178516556,-0.07796374041011914,0.001881162032013026,0.0008009959455918711,-0.0013379652910037914,-0.006422925147401351,-0.001107887689459363,0.00024254238924740178,0.0020227752690193885,0.08856074208829517,-0.002214618596715763,0.0008188277440751003,0.0018626081840119359,0.0014473253151802766,23.546307251803224
1781505976.2204177,-0.09687590413191684,0.8009053084468083,0.3066263088101129,-0.04858490833467009,0.019427105880555295,-0.07803936992614403,-0.09917117953445981,0.7807902891903833,0.30768695638380505,-0.04785377651567288,0.01943763033552348,-0.07794530265732855,0.0018550038833146597,0.0011180490597586632,-0.0015869238924300626,-0.006896416413834187,-0.0017156638863148328,0.0004222761873959358,0.007043271251254227,0.08577273473118475,0.0033727670664808005,0.007557545572780661,0.003976277926416659,-0.0026372216079706386,20.273314039284415
1781505976.230417,-0.0968646070174424,0.8009526005206443,0.30657791945956125,-0.04866872802214142,0.019373358695967235,-0.078021232964195,-0.09917117953445981,0.7807902891903833,0.30768695638380505,-0.04785377651567288,0.01943763033552348,-0.07794530265732855,0.0018105000411039957,0.0013584039709089793,-0.0017666732367080944,-0.007062413454838105,-0.00212409147222463,0.0005453731160601244,0.008544257716737268,0.08944086186718647,0.0037425809252106257,0.006932251159892326,0.0022659492398944443,-0.0023125322292767807,20.324099927277675
1781505976.2404163,-0.0964863566724404,0.8018553329408092,0.30665708715406165,-0.04854135476949514,0.01938092992562601,-0.07798758096229239,-0.09917117953445981,0.7807902891903833,0.30768695638380505,-0.04785377651567288,0.01943763033552348,-0.07794530265732855,0.001894133229840453,0.0007471263828625504,-0.000812717100534563,-0.004907984512169526,-0.0018274572805310786,0.0008567155134877769,0.009060780088542098,0.09249387926541619,0.0012122082883542365,0.0026974396491975367,0.0022614417082767206,-0.0014440433857019676,21.260408571759708
1781505976.2504165,-0.09601223753683254,0.8027277349873121,0.30671770272259646,-0.048429732259981095,0.0193889310106119,-0.07796014400371448,-0.09917117953445981,0.7807902891903833,0.30768695638380505,-0.04785377651567288,0.01943763033552348,-0.07794530265732855,0.0019372711171486176,0.0002469422965717218,-3.660877487684567e-05,-0.0031593959720409887,-0.0015551894952527383,0.0010665338818531627,0.010111920728530756,0.09424861961986504,-0.004120363320594974,-0.004040319057721814,0.002199962313014399,-0.0016551540199118298,22.18490241802584
1781505976.2604234,-0.09554275638783367,0.8036102819748181,0.3067622414703603,-0.04833296672183971,0.019397036080075702,-0.07793811449003449,-0.09917117953445981,0.7807902891903833,0.30768695638380505,-0.04785377651567288,0.01943763033552348,-0.07794530265732855,0.0019473538628345332,-0.00015772106884704053,0.0005868940227443621,-0.0017627542959918815,-0.001308628174417224,0.0011945427665061728,0.01089591414082242,0.09265271117428071,-0.0068903451907712295,-0.0069637897505315915,0.0014512839613750716,-0.0005395912161302794,23.125151305100168
1781505976.2704256,-0.09507725258167489,0.804501748517965,0.3067925979119553,-0.048249981803303976,0.01940499793564565,-0.0779207394081062,-0.09868818312247207,0.7853010749421891,0.3075651151930684,-0.04792338154364718,0.01950771049699984,-0.0780017377712135,0.001930773069648377,-0.00048057546831921887,0.0010799887860025747,-0.0006680449405244062,-0.0010880745165769122,0.001257752373071129,0.012344551531384943,0.08717135615492308,-0.008088718985908908,-0.007629525169877675,-0.004266464105394744,0.0010739056335802412,19.55253098919871
1781505976.2804208,-0.0946151463297337,0.8054010369309916,0.3068104749256732,-0.04817959381172746,0.01941263511667568,-0.07790732722258095,-0.09868818312247207,0.7853010749421891,0.3075651151930684,-0.04792338154364718,0.01950771049699984,-0.0780017377712135,0.001892997598790294,-0.0007336649332376141,0.0014621474690795265,0.00017047115377563974,-0.0008930428942210192,0.0012706811673514101,0.01205543385699048,0.08855341391640092,-0.001249639490438794,0.0008541843949870687,-0.0006628159655312867,0.0026160966594519558,20.52236786044631
1781505976.2904184,-0.09415040553875365,0.8063478378549974,0.3066833840997805,-0.04843193853275052,0.01949905264130747,-0.07792814496384268,-0.09868818312247207,0.7853010749421891,0.3075651151930684,-0.04792338154364718,0.01950771049699984,-0.0780017377712135,0.0018714825252459908,-0.0006697534064114972,0.0009078494298508193,-0.0025986056925279815,0.00015766111730058452,0.0009505668720712209,0.015211105698687844,0.08946909125416172,-0.008901621636815158,-0.010005465813052323,-0.0017398576442091648,0.0014036647899670406,21.548436236259228
1781505976.3004212,-0.09369096417569146,0.8073039460362438,0.3065390637519858,-0.04873525018459071,0.019536717871756037,-0.07793410624065658,-0.09868818312247207,0.7853010749421891,0.3075651151930684,-0.04792338154364718,0.01950771049699984,-0.0780017377712135,0.0018193380601014312,-0.0005435839255745092,0.0003071758584721456,-0.005624923810712209,0.0005542099795244472,0.0008017749032127501,0.01781890533343443,0.08762191651404222,-0.012616232002117806,-0.013150382698643033,-0.007266291214909439,0.0003896740767587863,22.586529506398183
1781505976.310423,-0.09313764443159789,0.8082064904020818,0.30640716431515297,-0.04898521116896142,0.019567853096505772,-0.07793983941495854,-0.09868818312247207,0.7853010749421891,0.3075651151930684,-0.04792338154364718,0.01950771049699984,-0.0780017377712135,0.0017544250229094218,-0.0004354106934176394,-0.0001789209880726324,-0.007738470421617494,0.0008361725907531645,0.0006683454351432159,0.01749734559429969,0.08465037710102886,-0.007555697293517343,-0.006354619396090948,-0.002052926540128631,0.0014373957435620238,23.596766460361604
1781505976.3204176,-0.09313173967489757,0.8082160496583211,0.30634125446273314,-0.04918835617244988,0.019593243175628494,-0.07794524271491117,-0.09790374646570904,0.7896427819142242,0.3072176550729054,-0.04822988815358127,0.019320790801925503,-0.07794721942166889,0.0016800842329738755,-0.0003430550312340583,-0.0005668793754053054,-0.00911025508851057,0.0010245584527422968,0.0005500783777917335,0.019163432530039378,0.08144145828961154,-0.003074497725463521,-0.0015157466553000736,0.0013202404459168964,-0.000327417379684512,19.196520558032628
1781505976.3304248,-0.09258223936694764,0.8091162234211486,0.30622992597942567,-0.04935086289569779,0.01961363353212242,-0.0779502494076201,-0.09790374646570904,0.7896427819142242,0.3072176550729054,-0.04822988815358127,0.019320790801925503,-0.07794721942166889,0.0015991170695392619,-0.00026456752957799767,-0.0008711390157657584,-0.009888713464909783,0.0011376714963987253,0.00044640890354890163,0.02026096778828132,0.08524295508196668,-0.0010471210685802544,-0.0010512074192787753,0.003797130530685995,0.0005116925355317312,20.21160485186373
1781505976.3404224,-0.09199339675350543,0.8100399785067429,0.3061944420444094,-0.0495122500488169,0.019500949740720364,-0.07800896130400975,-0.09790374646570904,0.7896427819142242,0.3072176550729054,-0.04822988815358127,0.019320790801925503,-0.07794721942166889,0.0017629824505501967,-5.6991409906542164e-05,-0.0006210095912913572,-0.010558448223534746,-0.00018356130351660535,-0.0003032343292011638,0.022154983136255225,0.08887667686088567,-0.00010921354619226046,-0.0006985090327902442,-0.00042687394182652576,0.0024164932888379002,21.26087551010273
1781505976.3504243,-0.09141164067778385,0.8109591223380618,0.30615675886380267,-0.0496382852434919,0.019406350144008044,-0.0780580651107427,-0.09790374646570904,0.7896427819142242,0.3072176550729054,-0.04822988815358127,0.019320790801925503,-0.07794721942166889,0.001872190401322916,0.00011036726509725618,-0.000412343582596298,-0.010771243285299265,-0.0011684627643152102,-0.0008566680299088796,0.023162141853611366,0.08854058068083197,0.0002952828633318494,-0.0008781749810441374,0.0024921097999312473,-0.00025944651131387295,22.308278898046613
1781505976.3604178,-0.09083604615570844,0.8118742103835985,0.3061171375656491,-0.049734383602975885,0.019327891278626996,-0.07809862841504694,-0.09790374646570904,0.7896427819142242,0.3072176550729054,-0.04822988815358127,0.019320790801925503,-0.07794721942166889,0.0019361370588928469,0.00024331985091640012,-0.0002396073011032523,-0.010635844391637145,-0.0018744103607545286,-0.0012479266024721443,0.02196525051012579,0.08708804408283542,0.003009213924783687,0.0029727935857504105,0.005172554755645291,-0.0005195321594421704,23.353799225065437
1781505976.37042,-0.09026579028512649,0.8127857426343907,0.30607579754714215,-0.04980542170692605,0.019263674767242556,-0.07813168418863746,-0.09790374646570904,0.7896427819142242,0.3072176550729054,-0.04822988815358127,0.019320790801925503,-0.07794721942166889,0.001962938896351099,0.00034696750779723455,-9.790318406245152e-05,-0.010243261998819331,-0.0023520290047953406,-0.0015069533061494006,0.023653753814218918,0.08248507747730133,-0.0008414078965531594,-0.00338564421426286,0.0009611028341744298,0.0016694391254449142,24.397517171237162
1781505976.3804224,-0.08960978821178268,0.8136322071233949,0.3060338313785358,-0.049855739168519556,0.019211888051079207,-0.07815821131858545,-0.09678737274092564,0.7940243952666569,0.30721493239045955,-0.048264220579460934,0.019436153863548356,-0.07793998559407696,0.0019595822629747666,0.000425776633436791,1.7093609447009644e-05,-0.009668726923001284,-0.002645498852756484,-0.0016598055973929256,0.027791136536948455,0.08315386920360693,-0.005603919605691449,-0.009138607352509672,-8.797495968109972e-05,-0.0012024840581409744,20.91360813161121
1781505976.390421,-0.0896000992602953,0.8135536474295151,0.3061489643463786,-0.049518203346163414,0.01932159890168683,-0.07816728727696279,-0.09678737274092564,0.7940243952666569,0.30721493239045955,-0.048264220579460934,0.019436153863548356,-0.07793998559407696,0.0018940889167505144,-0.00011792393442855485,0.0006528077579803769,-0.00492644198597461,-0.001155359120054931,-0.0015180501063005174,0.029560420263618353,0.09142582572689896,-0.002251776364304481,-0.006330905430186624,0.0007486331125021683,0.0003051883616746433,20.83710339747044
1781505976.4004169,-0.08891996473537456,0.8143305485225916,0.30617454696482393,-0.04924457663187327,0.019509449661329725,-0.07831995519279775,-0.09678737274092564,0.7940243952666569,0.30721493239045955,-0.048264220579460934,0.019436153863548356,-0.07793998559407696,0.0020238837768032395,-0.0005037960295439851,0.0010081441535676923,-0.0013691732928134892,0.001101474294757118,-0.0029153964147813176,0.031924012842038774,0.0944575795367967,-0.012215341565671877,-0.01946511341151004,-0.001380528678663563,0.0008963388931016345,21.8017974170294
1781505976.410423,-0.0882471849548222,0.8151147924057288,0.30618813798070926,-0.04901314521741047,0.019666607210433673,-0.07844559647453576,-0.09678737274092564,0.7940243952666569,0.30721493239045955,-0.048264220579460934,0.019436153863548356,-0.07793998559407696,0.0021024349433439757,-0.0008071801805691498,0.001280624461987547,0.0013336268004643824,0.0027623388266162325,-0.003882552103363538,0.032617472020977895,0.0968208059023027,-0.011712230709502868,-0.018497951290594946,-0.0013896022168767557,-0.001187830247395128,22.777049099160696
1781505976.4204159,-0.08758080368021619,0.8159054924815349,0.30619116649885575,-0.04881965899593805,0.01979645759507309,-0.07854755670402819,-0.09678737274092564,0.7940243952666569,0.30721493239045955,-0.048264220579460934,0.019436153863548356,-0.07793998559407696,0.0021388537254596438,-0.0010405010394328514,0.0014831375259320427,0.003322224169821215,0.003931190082739013,-0.00450091339230452,0.03471283229738722,0.08791331984545066,-0.011887254738528232,-0.016671407552586486,-0.003909523305395802,-0.00471424963982634,23.76113267075802
1781505976.4304242,-0.08691996577713326,0.8167018640528508,0.3061849341933747,-0.04865989606714257,0.01990228712582809,-0.07862898912534395,-0.09521577571238632,0.7986020444706403,0.30691818787116143,-0.0487909740886074,0.019369946313090525,-0.07800944675953671,0.002140988297559998,-0.001214620556184677,0.0016269167183112277,0.004721263826570187,0.004699389153337255,-0.004841013542187405,0.0343421615960763,0.0867511865500549,-6.378049455775016e-05,0.0009069974706690787,-0.0034769323853415576,-0.002306292897773429,19.92389500942028
1781505976.4404297,-0.08628605899837283,0.8175261887404098,0.30606525838442783,-0.0487558250045614,0.019859537911887992,-0.07848469444628906,-0.09521577571238632,0.7986020444706403,0.30691818787116143,-0.0487909740886074,0.019369946313090525,-0.07800944675953671,0.00202400565193453,-0.0011240481210420638,0.001135666473670692,0.0031272625425469497,0.003643501279392101,-0.002762161649081684,0.03746496152748917,0.0884963319284664,-0.004874845191503255,-0.006117885672951058,0.00021352489718401391,-0.0024751169220802,20.942553942748287
1781505976.4504151,-0.08626424079837945,0.8175668204142715,0.3059778882300534,-0.049087294967325217,0.019764914875886275,-0.07842384726091742,-0.09521577571238632,0.7986020444706403,0.30691818787116143,-0.0487909740886074,0.019369946313090525,-0.07800944675953671,0.002049520550893934,-0.0007639187846244675,0.0006056825626579767,-0.0008459298166275291,0.002181317559635333,-0.001847834588774053,0.04084868171436308,0.08957413057969343,-0.009108365945003371,-0.010844324664563464,0.0028581499016899245,-0.003432935793025157,20.99230495500399
1781505976.4604144,-0.08552725240194459,0.8183605279911126,0.30584971264004757,-0.04936528217632059,0.019683423814232714,-0.07837085534198064,-0.09521577571238632,0.7986020444706403,0.30691818787116143,-0.0487909740886074,0.019369946313090525,-0.07800944675953671,0.0020440337203663597,-0.000465136995258466,0.00017255109457780794,-0.003799750252797489,0.0010260138160527361,-0.0011122171285489943,0.04087865228741888,0.0943247108449519,-0.004049973271691271,-0.0013184767441773782,0.0022524718328054754,-0.002620378057025217,22.031949398209203
1781505976.4704113,-0.08479395684584244,0.819149550723856,0.3057321396109323,-0.04959558683334314,0.019614000933422027,-0.07832520303907656,-0.09521577571238632,0.7986020444706403,0.30691818787116143,-0.0487909740886074,0.019369946313090525,-0.07800944675953671,0.002013729057439426,-0.00021938923828268027,-0.0001773416170726411,-0.005908936304850656,0.0001322763039552159,-0.0005306272850565744,0.03912138773082941,0.08807155106616486,0.0009893182378009104,0.007628808272024621,0.009949990378592195,-0.004661740675710766,23.069916172118596
1781505976.4804115,-0.0840637902018446,0.819934442467979,0.30562396386951324,-0.04978386007951868,0.019555519047129488,-0.07828630254458874,-0.09329775443071064,0.803110165465622,0.30662854822537633,-0.04904217567421782,0.019405870129618252,-0.07815302811096528,0.001963885295808691,-1.9329652284451662e-05,-0.00045597899388644835,-0.007327532729514398,-0.0005410087403243451,-8.035785081542086e-05,0.03696032831722161,0.08281171386778341,0.005372233086186815,0.014609943370691481,0.008774777305641893,-0.0026872261308726374,19.218001502759368
1781505976.4904213,-0.0833180150981979,0.8206192934845329,0.3057260437889486,-0.04982806282206937,0.019572496878759393,-0.07829284663906547,-0.09329775443071064,0.803110165465622,0.30662854822537633,-0.04904217567421782,0.019405870129618252,-0.07815302811096528,0.0020063788129165176,-0.0004917609467051194,0.0005777791278250423,-0.007008755790910526,-0.00029328848214485296,-0.00013368923399863103,0.038707349348492584,0.0761497923506211,0.004255121146707265,0.012338255309282994,0.0063324221344548005,-0.0037218022097956233,20.173727354787083
1781505976.500436,-0.08257709561710644,0.8213148902465238,0.3058059098157414,-0.049858803599558674,0.019587051560244984,-0.0782982414921271,-0.09329775443071064,0.803110165465622,0.30662854822537633,-0.04904217567421782,0.019405870129618252,-0.07815302811096528,0.002015068610830083,-0.0008647849957543318,0.0014003313459079632,-0.00657805848301025,-9.965043146833874e-05,-0.00016998303739346765,0.04169262756347577,0.07665030880676767,-0.003779073127633999,-0.0014025115695683545,0.004653844438631217,-0.0016148025697770012,21.142877375113777
1781505976.5104256,-0.08184034817445814,0.8220199095910063,0.305866257005464,-0.04987861630192392,0.019599392300235552,-0.0783026275145535,-0.09329775443071064,0.803110165465622,0.30662854822537633,-0.04904217567421782,0.019405870129618252,-0.07815302811096528,0.0019965115819568354,-0.0011532809835961594,0.002042910563109969,-0.006075292352354258,4.8164863460125376e-05,-0.00019251924296826044,0.0449194319018509,0.08133871054534156,-0.005004722564277585,-0.004915862917464031,-0.00040107830038207,0.000326143786335158,22.12310260592484
1781505976.5204117,-0.08103167478346722,0.8226537978423246,0.3059115531075076,-0.04988969862310891,0.019609736435604486,-0.07830613755123303,-0.09329775443071064,0.803110165465622,0.30662854822537633,-0.04904217567421782,0.019405870129618252,-0.07815302811096528,0.0019563166684463044,-0.0013702645761715431,0.002532870155891948,-0.005532289542335441,0.00015760032147548895,-0.00020413162600147042,0.04678446189381018,0.08122277659216846,-0.006621240535647553,-0.00878309042882946,-0.0023991700018213494,-0.00043197266817613056,23.085154502131168
1781505976.5304215,-0.0810209073372411,0.8226157804714973,0.3059933120827026,-0.049893936199237335,0.019618301449122688,-0.07830889513750895,-0.09116733333358268,0.8071569246116561,0.3065619036488288,-0.048943376011409516,0.019550027826477745,-0.07825095254197909,0.0018992607524388745,-0.0015270905353194323,0.0028941025261137237,-0.00497400219426392,0.00023528330340095736,-0.0002072421630850375,0.045230758536933105,0.0780959395077339,-0.005006544177256716,-0.0075364827220207615,0.0015281210831538487,0.0010916091650204143,18.499985982796105
1781505976.540419,-0.08021785618772165,0.8232631098363961,0.30601060150186,-0.049892929236344086,0.019625298983811934,-0.07831101344684294,-0.09116733333358268,0.8071569246116561,0.3065619036488288,-0.048943376011409516,0.019550027826477745,-0.07825095254197909,0.0018293922326913154,-0.0016336364172947863,0.0031474189571527853,-0.0044195444870558384,0.0002870486727427499,-0.00020389806060725244,0.04907433766636234,0.07377002540225362,-0.006851468753032608,-0.012169810648273114,0.0021468314385723547,-0.002351252247520533,19.483433637801543
1781505976.5504177,-0.07947414058490675,0.8238994560572256,0.3058797590385644,-0.049993549410565795,0.01961421874270375,-0.07817254097183518,-0.09116733333358268,0.8071569246116561,0.3065619036488288,-0.048943376011409516,0.019550027826477745,-0.07825095254197909,0.0014241183380797704,-0.0017656388997942369,0.002465303864200411,-0.00506518769448331,5.936871958374352e-05,0.00132185095258086,0.049996488978039405,0.07732216747533749,-0.004009598955671691,-0.009814768518767785,-0.0038143667879527586,0.0020102704833588757,20.43302320100682
1781505976.5604274,-0.07872394706275056,0.824543210804916,0.3057589947983663,-0.05007355393737778,0.01960479181241115,-0.07805728266965434,-0.09116733333358268,0.8071569246116561,0.3065619036488288,-0.048943376011409516,0.019550027826477745,-0.07825095254197909,0.001080730310725135,-0.0018492345111718112,0.0018864822775067494,-0.005410299732939238,-0.00011287498614161805,0.002428855815773112,0.05200313111422515,0.08134790756004655,-0.0010698593855521514,-0.0060110846620342,0.002046980957851278,-0.0004118555466740926,21.395454472883333
1781505976.5704117,-0.07796795919868856,0.8251933708234436,0.30564721778293324,-0.05013592165471868,0.01959685946647549,-0.07796257302485031,-0.09116733333358268,0.8071569246116561,0.3065619036488288,-0.048943376011409516,0.019550027826477745,-0.07825095254197909,0.0007913736710961135,-0.0018929111447393643,0.0013979162016868288,-0.005520786931252516,-0.0002388609537273126,0.0031918092631473024,0.052805855067182425,0.07776703294897337,-0.0031052968493536456,-0.007319298294237942,-0.0013350594983217211,0.0005162724844250804,22.36903037095894
1781505976.5804157,-0.07720680649140133,0.8258490428040386,0.3055434322309098,-0.05018336732726957,0.0195902624579376,-0.07788585235307052,-0.08866574932801441,0.8110008817537088,0.3063125781447527,-0.04943107123854963,0.019484978202997105,-0.07829438723773478,0.0005490584213537707,-0.0019039884673504991,0.000987995455117698,-0.005452453082935964,-0.0003267341490529327,0.003676093376129319,0.05066077491660632,0.07186316652011672,-0.0033945469731760484,-0.008438701368614656,0.003172937828013959,0.0002584151973930289,18.771436890821096
1781505976.590416,-0.07723559706869398,0.825829968424994,0.30549837223952114,-0.05021833354095447,0.01958484539926908,-0.07782471033504647,-0.08866574932801441,0.8110008817537088,0.3063125781447527,-0.04943107123854963,0.019484978202997105,-0.07829438723773478,0.00034757711672269754,-0.001888755577410575,0.0006464031795210255,-0.005252004967317102,-0.0003836417827130499,0.0039383244616327615,0.05082441855135675,0.06762164750273733,-0.0021303543395260246,-0.00582961527194952,-0.0008424534915677296,0.0026015639178066877,18.74068097567032
1781505976.600414,-0.07633377692861391,0.8264085281367588,0.30540912697668127,-0.050560436056269385,0.01957292393625898,-0.07782717172368742,-0.08866574932801441,0.8110008817537088,0.3063125781447527,-0.04943107123854963,0.019484978202997105,-0.07829438723773478,0.0005868654299197511,-0.0018484037091280187,0.00044829243711311923,-0.008412860323005852,-0.00047045270002254693,0.003474992668886067,0.05334519238482377,0.0690583890459919,-0.0006090714624257192,-0.0036488266266879307,0.00039357092086780344,0.0030211141474849384,19.755741806821128
1781505976.610414,-0.07543786716425278,0.8269902599858697,0.30532558721129177,-0.050840512430965816,0.01956317146372033,-0.07783244804450008,-0.08866574932801441,0.8110008817537088,0.3063125781447527,-0.04943107123854963,0.019484978202997105,-0.07829438723773478,0.0007715234825795766,-0.0017925891608096003,0.00028357413152483094,-0.010550901169179705,-0.0005225638544901698,0.0030327166851012353,0.05516558337059359,0.07085483038424421,-0.0017903854475533729,-0.004040412585719742,0.004102577756403544,0.001895533166076573,20.775255326763126
1781505976.620425,-0.07454714437162074,0.8275746680127449,0.3052471273010239,-0.05106644820444914,0.01955530897132629,-0.07783968986007928,-0.08866574932801441,0.8110008817537088,0.3063125781447527,-0.04943107123854963,0.019484978202997105,-0.07829438723773478,0.0009099860237424752,-0.001725068815092203,0.00014774952589371372,-0.011864057228459644,-0.0005472632059926172,0.00261832269773108,0.05248551553229538,0.06969218062056422,0.00011018072987139672,-0.0011610000250286702,0.0034438309812050453,0.0032864728944390423,21.79817841874229
1781505976.630419,-0.07366096259211717,0.8281613198499869,0.30517316195827976,-0.05124563374554985,0.01954907642243331,-0.07784820671183584,-0.08603577293742565,0.8144875013815346,0.30622688755337113,-0.04966971191486052,0.019529923378694747,-0.07821841104369676,0.0010096095875222876,-0.0016490069208325757,3.6841042530307125e-05,-0.012523210043516511,-0.0005507582079808929,0.0022361623076089564,0.051038415596577465,0.06515131051645874,-0.0017876036860470512,-0.0030067777426457053,0.000872985407371116,0.0038654019879455067,18.472129823609702
1781505976.6404228,-0.07278066762659449,0.8286816747665423,0.30522637784663775,-0.051011359202702444,0.019692123417810015,-0.07789303779533804,-0.08603577293742565,0.8144875013815346,0.30622688755337113,-0.04966971191486052,0.019529923378694747,-0.07821841104369676,0.0010537830274665767,-0.002024356884236902,0.0005902425297494817,-0.008588901541350703,0.0010940776131075382,0.0015832526155943488,0.05372293760021306,0.06105666371586632,-0.00539954059376324,-0.007893172583089818,0.003016869450406528,0.0007435890469114926,19.446680810826145
1781505976.6504202,-0.07190354682678662,0.8292133953920284,0.30526478934007617,-0.050806457899019976,0.01981136936340988,-0.07793211227848769,-0.08603577293742565,0.8144875013815346,0.30622688755337113,-0.04966971191486052,0.019529923378694747,-0.07821841104369676,0.001075891778170137,-0.0023000271004568716,0.0010270194140779034,-0.005405943384961469,0.0022965471835661327,0.0010507806147946274,0.057464668036962915,0.062295796334362157,-0.007780003574397908,-0.013540817519152905,-0.003263682310877344,0.003968365689289756,20.43275317284852
1781505976.660416,-0.0718906084068265,0.8291624419772043,0.3053396514250096,-0.05062917324544326,0.019909516948874995,-0.07796580979757865,-0.08603577293742565,0.8144875013815346,0.30622688755337113,-0.04966971191486052,0.019529923378694747,-0.07821841104369676,0.001080007448412945,-0.0024921840702422696,0.0013646387916697931,-0.0028730759973830417,0.003134652391619262,0.0006231064004775869,0.05967895472854616,0.06436959582637743,-0.008591369094281223,-0.01461559676377654,-0.0012397911748920827,0.004849922192682093,20.401635940081537
1781505976.6704118,-0.07096127537982226,0.8296193467150547,0.30535664147046143,-0.05047743319098115,0.019989168804333657,-0.07799456090682787,-0.08603577293742565,0.8144875013815346,0.30622688755337113,-0.04966971191486052,0.019529923378694747,-0.07821841104369676,0.0010696266070101283,-0.002614864023993956,0.0016183792046619552,-0.0008966334378638931,0.003676810929948882,0.0002856472567921109,0.060999912608309365,0.06488004330661429,-0.0068893206910939685,-0.01173357674929955,-0.000289493956269592,0.0036103433190944794,21.376869463431344
1781505976.6804163,-0.07003400648644445,0.8300836501796621,0.30536352907282577,-0.05034898605563766,0.02005278138422706,-0.07801882262021788,-0.08318838403502965,0.8177115498823648,0.30593885544800836,-0.05017502646991556,0.01944741095322211,-0.07803463949144099,0.0010477398910542289,-0.0026802152149782207,0.0018015686881407143,0.0006087964777806497,0.003982386625814796,2.501066612042445e-05,0.05942230909352191,0.06337610870668985,-0.0028284243529870714,-0.005731233550203805,0.001713020358846692,0.001063144358459881,18.06758187735943
1781505976.6904175,-0.06910850877030045,0.8305543309306487,0.30536160659352735,-0.050241507208054044,0.020102634391703456,-0.07803905939499227,-0.08318838403502965,0.8177115498823648,0.30593885544800836,-0.05017502646991556,0.01944741095322211,-0.07803463949144099,0.0010168938948253142,-0.002698716348401204,0.0019258005827612434,0.00172010355336685,0.0041023346235229624,-0.00017093833834554533,0.05887995786296431,0.06109661737149339,-0.00020542489789170985,-0.0013131619340211401,0.001061446547048366,0.0016802770193989618,19.066020265500917
1781505976.700418,-0.06820414872067339,0.8310753457678622,0.3052275430400958,-0.050301679725076834,0.0200453672652241,-0.07793218323219732,-0.08318838403502965,0.8177115498823648,0.30593885544800836,-0.05017502646991556,0.01944741095322211,-0.07803463949144099,0.000893847445182935,-0.0023641704058529334,0.0012693181059402808,0.0008519958632512475,0.002971448259209971,0.000981361670622507,0.061230481071832835,0.06002848856683213,-0.003071255096834322,-0.005053759967474121,0.003509920604757214,2.275403180474538e-05,20.090403524242344
1781505976.7104194,-0.06729817419562557,0.8315948137260647,0.3051052409563593,-0.05035309436936165,0.019994435972200852,-0.07784305190160683,-0.08318838403502965,0.8177115498823648,0.30593885544800836,-0.05017502646991556,0.01944741095322211,-0.07803463949144099,0.0007837431041830887,-0.002065649465347084,0.0007262280492302433,0.00017821377880461702,0.0020427836948592243,0.0018178723922077933,0.06469181446696795,0.061362589170995956,-0.005895357427825149,-0.008007355685659233,0.0033752393690687577,0.001048789721119124,21.1172606370894
1781505976.720421,-0.06639071883054912,0.8321127876804866,0.30499337601120824,-0.05039653859851221,0.01994964494468965,-0.07776965609366282,-0.08318838403502965,0.8177115498823648,0.30593885544800836,-0.05017502646991556,0.01944741095322211,-0.07803463949144099,0.0006854234743353344,-0.0017998309927251908,0.0002810478855383628,-0.0003315192067661042,0.0012910554270132981,0.0023948768466115983,0.06644841783451773,0.06158062386677925,-0.003983129573161005,-0.004009042403570667,0.008132458214087503,-0.0014999548075750174,22.146131441072917
1781505976.730416,-0.0654345754484357,0.8325305871393175,0.3048944373529475,-0.0504328207849352,0.01991067979476413,-0.07771005959093112,-0.08001764217524082,0.8208279698200212,0.3057786481135359,-0.05043313383349951,0.019559074403490806,-0.07800973340199432,0.0005978101037514313,-0.0015636333732932176,-7.98919599776493e-05,-0.0007043797936937442,0.0006924750869191334,0.0027616490081561708,0.06484084635771552,0.0588347641062328,-0.0025553660082780413,-0.0005183751535200535,0.0027642551601290803,0.0012642387284412407,18.718945374926587
1781505976.7404177,-0.06544320287458509,0.8325461939745491,0.3048461545172508,-0.050462742832489596,0.019877145687138276,-0.07766243391891071,-0.08001764217524082,0.8208279698200212,0.3057786481135359,-0.05043313383349951,0.019559074403490806,-0.07800973340199432,0.0005199015810335448,-0.0013542074432224605,-0.0003686324653737051,-0.0009644779333028511,0.0002250271031021248,0.0029608625416864655,0.06464173699457408,0.05622060263052169,-0.0006611766077168803,0.0046634506045236754,0.008884315402835855,0.001430801599115986,18.724331832441266
1781505976.7504203,-0.06445057644447962,0.832964497723146,0.3047537395044098,-0.050494217140915884,0.01986706251420145,-0.07773976586949134,-0.08001764217524082,0.8208279698200212,0.3057786481135359,-0.05043313383349951,0.019559074403490806,-0.07800973340199432,0.0006303570934406221,-0.0011657976468704768,-0.0006531426885266426,-0.0011860136884925994,0.00013310862300274797,0.0017890748149818477,0.0688494863273485,0.05706967991558442,0.00038244684402753573,0.006640026432948397,0.005247885677365981,-0.0012807192015512748,19.765608583249534
1781505976.7604253,-0.06344864854571612,0.8333162961202577,0.30479022219905066,-0.05054916689570373,0.019937284348153783,-0.0777940603237678,-0.08001764217524082,0.8208279698200212,0.3057786481135359,-0.05043313383349951,0.019559074403490806,-0.07800973340199432,0.0008038501578078377,-0.0014117917007285903,-9.725104539263748e-05,-0.001644650991623868,0.0009141275294180381,0.001040618065069594,0.06959455436932645,0.05720331666430514,-0.001618310507722075,0.0038376792204166694,0.0034064585404653376,0.0022038117183153594,20.771779641254525
1781505976.7704227,-0.06341828296880737,0.8332750930516378,0.3048581112475029,-0.05059389497357831,0.01999545883477749,-0.07784064148346523,-0.08001764217524082,0.8208279698200212,0.3057786481135359,-0.05043313383349951,0.019559074403490806,-0.07800973340199432,0.0009329401343227501,-0.00159138028850234,0.0003502361109070342,-0.0019432681791483007,0.0014743027422516545,0.00045134349968288035,0.0683560130855393,0.05618535770211341,-0.002259117702971766,0.0026334906755231795,-0.0020030296780061806,0.0036858340163875083,20.768172546687495
1781505976.780426,-0.06242667815277781,0.8336412332939739,0.3048734954068217,-0.05062973951759467,0.020043014592081132,-0.07788016760812905,-0.07664924696269326,0.8236552978933911,0.3056677949968412,-0.05033541323939855,0.019723810736526515,-0.07796603788046513,0.001024748802945103,-0.0017153847811683062,0.0007050289389299456,-0.0021138151610345882,0.0018536721386063413,-2.5320154156464837e-06,0.06635465045479058,0.052413598873320214,-0.005040079249267577,-0.0023688294388253405,0.00031668194664337775,0.004383899055859777,17.39630079114803
1781505976.7904227,-0.06146355379434351,0.8339907623379367,0.3049034548731498,-0.050205077809592366,0.020083170665806005,-0.07789411721888594,-0.07664924696269326,0.8236552978933911,0.3056677949968412,-0.05033541323939855,0.019723810736526515,-0.07796603788046513,0.0009320700576736881,-0.001949345039950358,0.0009725110043863437,0.002756039924968404,0.0020969816741191957,-0.00013217933946601675,0.06806207057592786,0.049904961637721165,-0.005718979028235486,-0.002346376500267695,-0.0002358806778243239,0.002363762116994896,18.385084120351877
1781505976.800429,-0.06051006315353492,0.8343562486808984,0.3049017302695115,-0.04989573873508667,0.020121779782298788,-0.07791876855475367,-0.07664924696269326,0.8236552978933911,0.3056677949968412,-0.05033541323939855,0.019723810736526515,-0.07796603788046513,0.000780524432110484,-0.002063231379235822,0.0010578414191345525,0.0058376249925546865,0.002302608684867699,-0.0003653608126317898,0.0676084451616803,0.04825600682985245,-0.005318160436715185,-0.0012222974476270591,0.008833800082325077,0.0017531236717154525,19.379640268821074
1781505976.8104274,-0.05951851096310977,0.8346246147159001,0.30489724630152,-0.04964090908190015,0.020152164523509652,-0.07793905074952893,-0.07664924696269326,0.8236552978933911,0.3056677949968412,-0.05033541323939855,0.019723810736526515,-0.07796603788046513,0.0006489776354533308,-0.0021285130383334517,0.0011129384603057895,0.007986762277755943,0.0023936484841834724,-0.0005300527811244828,0.07089961548719463,0.04919768439797065,-0.005403958662405938,-0.002778269648943758,-0.0005049542678416082,0.0010419459988075775,20.35636934062325
1781505976.820424,-0.059528603636187664,0.834600756045991,0.3049249982613728,-0.04943389677060126,0.020175553894207443,-0.0779555072148465,-0.07664924696269326,0.8236552978933911,0.3056677949968412,-0.05033541323939855,0.019723810736526515,-0.07796603788046513,0.0005351521932057383,-0.002153948980184423,0.0011430668254042854,0.009378419826280432,0.0023963401796456285,-0.0006389253518563013,0.07004371021301836,0.049023158395134596,-0.005123417516489894,-0.0035508017994953177,0.0038152494351934834,0.00044069236933474694,20.333991961097063
1781505976.8304222,-0.058534767992364956,0.8348788027726192,0.304909252733049,-0.04926837879025811,0.020193060577340605,-0.07796864898325492,-0.07338749602642664,0.8260166869741685,0.30541801204482266,-0.05045788125722275,0.019757825662897188,-0.07785490950192461,0.0004369952624323167,-0.0021470755507773938,0.0011527692507208372,0.010164429692455517,0.002332762122064847,-0.0007029983496089827,0.06818577507508677,0.046554220796540396,-0.005292950425315054,-0.0021546923403928946,0.00613555665614398,-0.0004849714844529901,17.30316336732294
1781505976.8404253,-0.057539946641631416,0.8351606862369683,0.30488903188637945,-0.049138481733551766,0.020205679580059366,-0.07797894902669864,-0.07338749602642664,0.8260166869741685,0.30541801204482266,-0.05045788125722275,0.019757825662897188,-0.07785490950192461,0.0003526603399885279,-0.0021143521188799344,0.0011459513403854666,0.010475132811179722,0.002221270814801147,-0.0007317538026722337,0.06720942352273725,0.0433034259514058,-0.0038526681089007943,0.001837926917010389,0.003709385341148532,-0.0017362398210877558,18.304025896770145
1781505976.8504257,-0.056535559804514135,0.8354235010267624,0.3047923366727376,-0.04969079404952493,0.020086977033836106,-0.07801398483208377,-0.07338749602642664,0.8260166869741685,0.30541801204482266,-0.05045788125722275,0.019757825662897188,-0.07785490950192461,0.0003286568738453393,-0.0021857162609870023,0.0009110920438293262,0.0033097044235585876,0.0007030945369830652,-0.0010978203412751338,0.07025355548091997,0.04386575188495648,-0.0026300268723411756,0.006106908958947167,0.006912776228216498,-0.0015734599015499418,19.30977407218217
1781505976.8604205,-0.05553164277161575,0.8356923452484171,0.30470367063553533,-0.05015835066085355,0.01998652484696617,-0.07804236266957869,-0.07338749602642664,0.8260166869741685,0.30541801204482266,-0.05045788125722275,0.019757825662897188,-0.07785490950192461,0.00030522311935870524,-0.0022153102339850773,0.0007110088446476828,-0.0021496976009837453,-0.000453703320409038,-0.0013420513739499096,0.07283829404833231,0.04578156778396088,-0.001417598640456469,0.009352274888587357,0.004412448822066865,0.0002840702159918615,20.321420770861405
1781505976.8704126,-0.054528120755092585,0.8359664116011146,0.3046222351446647,-0.05054960544175645,0.019902500873245188,-0.0780649844579945,-0.07338749602642664,0.8260166869741685,0.30541801204482266,-0.05045788125722275,0.019757825662897188,-0.07785490950192461,0.00028254364355788657,-0.0022109972509601877,0.000541378220079257,-0.006181394414789646,-0.0013080592166759717,-0.001488309870172091,0.07299663627218887,0.04565021394164278,-0.0008050942643953945,0.009748087830174876,0.004420487372526897,0.00023627925188357307,21.337907972711125
1781505976.8804367,-0.054527810182570385,0.8359477154986812,0.30458570650099737,-0.050872980954066116,0.019833089161227502,-0.07808268176633268,-0.06985818554531198,0.8282527087358875,0.30525821446552814,-0.050255201944335096,0.019931617924571432,-0.07790205287139147,0.0002607570544219981,-0.0021795193238312235,0.0003983434970859413,-0.009033002654510142,-0.001912413105763133,-0.0015571573450529788,0.07404387778409774,0.043561541315945536,-0.0002678152699322797,0.00870289059852289,9.060032996903069e-05,-0.0012818166504574887,17.1664150248196
1781505976.890421,-0.05349915928086438,0.8361237749382456,0.304521150722397,-0.05113664578118232,0.01977652828494003,-0.0780962108245237,-0.06985818554531198,0.8282527087358875,0.30525821446552814,-0.050255201944335096,0.019931617924571432,-0.07790205287139147,0.00023996330893474648,-0.002126632966184775,0.0002784716450171578,-0.010922355134988113,-0.0023129013400838895,-0.0015661188090471745,0.07355607530485643,0.040513443822258126,0.0006227016383261578,0.008342141645095521,0.002297490744024284,-1.742398859537315e-05,18.169058490858276
1781505976.9004285,-0.052506556153748316,0.8362451778431459,0.3045874880111916,-0.051256074607603404,0.019803806642241906,-0.07815211429159785,-0.06985818554531198,0.8282527087358875,0.30525821446552814,-0.050255201944335096,0.019931617924571432,-0.07790205287139147,-2.575447106915635e-05,-0.0024364994547221627,0.000945280763066216,-0.011021711050803715,-0.0017317925352079207,-0.001989253971561796,0.07712673407804203,0.0378607369538556,-0.0012400656091465807,0.0034760798696964875,0.0006687046323798965,-0.0020569528802928867,19.115660567953235
1781505976.9104168,-0.051508949339907385,0.8363777186474576,0.30463967747156506,-0.05134637176436091,0.019828428420835653,-0.07819739102669337,-0.06985818554531198,0.8282527087358875,0.30525821446552814,-0.050255201944335096,0.019931617924571432,-0.07790205287139147,-0.0002387392357002268,-0.002654379030541106,0.001468599553802695,-0.010794467879567131,-0.00124896680931394,-0.0022518188536265076,0.0801111076368926,0.03760701388819397,-0.0031479822293149955,-0.0010629281382426373,-0.002780935124694781,0.0006866261043909816,20.077172196246746
1781505976.92036,-0.05050693896379756,0.8365199457997572,0.30467940865977056,-0.0514123695125451,0.01985038704474351,-0.0782334660999883,-0.06985818554531198,0.8282527087358875,0.30525821446552814,-0.050255201944335096,0.019931617924571432,-0.07790205287139147,-0.0004066926181133015,-0.0027956532269941994,0.0018700971816880364,-0.010328733582130767,-0.0008530017124668407,-0.0023868929323305667,0.08178033234175763,0.03757748194707777,-0.004909498807672655,-0.005903563925523441,-0.0039027246753932845,-0.001962606510837464,21.051198756592765
1781505976.9304242,-0.05052970215405804,0.8364798935627571,0.3047422085364251,-0.05145835370870035,0.019869750053764346,-0.07826165912097928,-0.06599689986131607,0.8302456038977091,0.30518235693010787,-0.05009700643154168,0.019939632921884165,-0.07793888759923161,-0.0005363678759717039,-0.002873640594040487,0.0021687126680158776,-0.009697053061993064,-0.0005329601256305042,-0.0024227497600900886,0.076549450502666,0.035157310997807716,-0.005168553419527034,-0.010233244698172633,0.0032095677242658235,-0.001928637849099162,16.682155231012395
1781505976.9404218,-0.04952043226087838,0.8366377972460542,0.304761412528905,-0.05148808348503884,0.019886638780902466,-0.07828317458888204,-0.06599689986131607,0.8302456038977091,0.30518235693010787,-0.05009700643154168,0.019939632921884165,-0.07793888759923161,-0.0006336713659240499,-0.00289983481440549,0.002380953371812512,-0.008958324487863193,-0.0002785682146772479,-0.00238328843672606,0.0775508823416992,0.032057702245488644,-0.00473151368427481,-0.013642050972894343,-0.004529632077884142,-0.002543311999672075,17.67798955141125
1781505976.9504213,-0.04852007046453536,0.8368063846397126,0.3047059081097061,-0.05146353544201458,0.01983430585722723,-0.07814113466803098,-0.06599689986131607,0.8302456038977091,0.30518235693010787,-0.05009700643154168,0.019939632921884165,-0.07793888759923161,-0.0007225895244484162,-0.002848745730678893,0.002085114922026633,-0.007743109220983878,-0.0008985473648765075,-0.0006042332903423179,0.07791359065964215,0.030199072041361116,-0.004973942880866884,-0.015293832455268722,0.0024302543627112974,-0.0017801871742814603,18.673789470465945
1781505976.9604228,-0.04750075607874187,0.8368715144307178,0.30465788669438526,-0.05143577334451825,0.019791133244667858,-0.07802115809854339,-0.06599689986131607,0.8302456038977091,0.30518235693010787,-0.05009700643154168,0.019939632921884165,-0.07793888759923161,-0.0007848146919114781,-0.002771636284939292,0.0018212032338356548,-0.006620632246152234,-0.0013385298870829429,0.0007452698410747285,0.08741815071530505,0.030610059513388195,-0.005423110140559908,-0.017382420045173985,-0.0006728177986839075,-0.0036524018180288578,19.65413682269597
1781505976.9704242,-0.04647748504878037,0.8369408935236381,0.30461201590315706,-0.051406361936359196,0.01975600658779575,-0.07792099658948035,-0.06599689986131607,0.8302456038977091,0.30518235693010787,-0.05009700643154168,0.019939632921884165,-0.07793888759923161,-0.0008248229867372103,-0.002674615446129333,0.0015862655217568015,-0.00559836803767391,-0.0016315912657111015,0.0017359901626395728,0.089538516848021,0.03127959128035042,-0.003769882488990209,-0.01523834011207016,-0.0006596527908588865,-0.0010395693635204001,20.64363695393654
1781505976.9804184,-0.045450763033697675,0.8370138389502797,0.3045680534253392,-0.05137651899801027,0.01972787070729698,-0.07783842319121811,-0.06187994886927267,0.8318392202628203,0.3049324609549905,-0.05083092854328023,0.019850471825329175,-0.07809807307968589,-0.0008464892269584606,-0.00256283962807334,0.001377564239182742,-0.00467917340361395,-0.0018065385456095362,0.0024307721209868042,0.08616442557054237,0.02997889791082493,-0.0018736171835121195,-0.009565685909497674,-0.0018941007177229637,-0.003138321134541872,17.228685922847646
1781505976.990413,-0.04442104759173924,0.8370897564465516,0.30452578339637243,-0.051347168982999035,0.019705743604344406,-0.07777128791862373,-0.06187994886927267,0.8318392202628203,0.3049324609549905,-0.05083092854328023,0.019850471825329175,-0.07809807307968589,-0.0008531564249186374,-0.002440635221921344,0.0011925693149919005,-0.003862367209258032,-0.0018881912759130383,0.002884802531387021,0.07886651625340983,0.027790747605843675,0.0001765929353998742,-0.00421640749566801,-0.0004247190654128954,-0.00010314316394546157,18.235864407041788
1781505977.0004117,-0.04337026666736222,0.8371484219451776,0.3045113509213356,-0.05166376335922616,0.019865224700747808,-0.0778051155364099,-0.06187994886927267,0.8318392202628203,0.3049324609549905,-0.05083092854328023,0.019850471825329175,-0.07809807307968589,-0.0007528624055177861,-0.0024281988770219615,0.0013210732344336082,-0.006889721171608248,7.563167090034986e-05,0.0022908329454151654,0.07769723472196045,0.0251792295377769,-0.0005513139453671875,-0.004437479787625848,0.002199464154658542,-0.00031839798914686256,19.26066695055264
1781505977.0104227,-0.04336309706872182,0.8371292027134338,0.3045235914197539,-0.05192376573353889,0.01999918015803681,-0.0778356988799392,-0.06187994886927267,0.8318392202628203,0.3049324609549905,-0.05083092854328023,0.019850471825329175,-0.07809807307968589,-0.0006628095282745464,-0.0023874475679298594,0.0014074933916947536,-0.008969407481829452,0.001545028735010155,0.001783135157726127,0.07942258596204704,0.025151533078763277,-0.0004397958628952898,-0.0027800295975585814,0.000565881939721788,0.0006485760502556373,19.262006365594598
1781505977.020416,-0.042313436823804035,0.8371966979524074,0.3045047160322524,-0.052134248400818345,0.020110343602864678,-0.07786300667923993,-0.06187994886927267,0.8318392202628203,0.3049324609549905,-0.05083092854328023,0.019850471825329175,-0.07809807307968589,-0.0005821190263980328,-0.002324482126233565,0.0014590348033800783,-0.010282116061966362,0.0026037374461204696,0.0013539624904319962,0.08332634333926596,0.02562405410257278,0.00020971032396352479,-0.0015135975241071019,-0.001967201058424407,0.0022657556243050863,20.29122782235763
1781505977.0304217,-0.04126125691863234,0.8371582546043729,0.3044895095187922,-0.052301865852539486,0.020201387248063973,-0.07788710688066433,-0.05739192302544416,0.8333063837411222,0.3049182132862783,-0.051040520608976216,0.01975404591927621,-0.07811357404778148,-0.0005099668186990531,-0.0022444816113559663,0.001481923412504522,-0.01098422499557927,0.0033257437798440855,0.000995364301522342,0.08231467219143404,0.02403625109898573,-0.0004234095247922617,-0.003542070929351365,0.0009822157081214923,0.0023930778951625695,16.589728301478107
1781505977.040438,-0.0402095984876895,0.8371227256444621,0.3044728087578441,-0.05243277742623784,0.020274864046375685,-0.07790813967730753,-0.05739192302544416,0.8333063837411222,0.3049182132862783,-0.051040520608976216,0.01975404591927621,-0.07811357404778148,-0.0004455831660666909,-0.0021518194848312243,0.0014815202990710935,-0.01120961607533468,0.0037757013395416862,0.0006994539730129617,0.07926622342369358,0.020825321087378584,-0.002725144621819232,-0.007754720366136648,0.0012974252993547355,0.0010649202234269783,17.606678483969187
1781505977.0504293,-0.04020453282581447,0.8371164973596533,0.3044789567633105,-0.052532602881903395,0.020333167658069584,-0.07792629529447395,-0.05739192302544416,0.8333063837411222,0.3049182132862783,-0.051040520608976216,0.01975404591927621,-0.07811357404778148,-0.0003882517071276232,-0.0020501670796381675,0.0014624243239491326,-0.011071650862999962,0.004009501057580855,0.00045860814905324164,0.07316606217957107,0.018281030765989973,-0.0022614600810842204,-0.008522677310127133,0.0020369323003478703,0.0022026186260820733,17.61011907834279
1781505977.060416,-0.039130761685095675,0.8370811766948919,0.3045230897823805,-0.05215794169918664,0.02037161357463524,-0.07794090788866956,-0.05739192302544416,0.8333063837411222,0.3049182132862783,-0.051040520608976216,0.01975404591927621,-0.07811357404778148,-0.0001937106892789206,-0.0019861194150837366,0.0016627203883074029,-0.005769528421038494,0.003999418373146362,0.00027133275141281136,0.07549462315539533,0.01847146204690965,-0.0016043548288354277,-0.0087690897065952,0.00318415827013337,0.0011801190135309024,18.651412759504304
1781505977.070418,-0.03806080731715171,0.8370481143975019,0.3045565009133871,-0.05183752199148599,0.02040027400564348,-0.07795323693129615,-0.05739192302544416,0.8333063837411222,0.3049182132862783,-0.051040520608976216,0.01975404591927621,-0.07811357404778148,-3.508387196824109e-05,-0.0019095375198642068,0.0018024443357304162,-0.0016388969987568705,0.003882387466562069,0.0001236657419525176,0.07935668793672446,0.018600818418389304,-0.002772850288120402,-0.01191045084271737,0.002794482871160041,0.002475460643231775,19.69323281416704
1781505977.080425,-0.03699422610160677,0.8370169361281731,0.30458048021317174,-0.051566514391285324,0.020420817184805484,-0.07796352266776448,-0.053564075220826624,0.8342609834807034,0.30481225363130127,-0.051499216864972996,0.01976009843929516,-0.07796252634761108,9.270202651670675e-05,-0.0018238638511508898,0.0018917721696021508,0.0015009083871729192,0.0036884276574242155,9.698145622892191e-06,0.07965773548052038,0.016565713812405475,-0.003756313835244317,-0.013689455732681365,0.0026558359607780275,0.00235756814925447,16.79907419312616
1781505977.0904155,-0.03593061753827599,0.836987319853393,0.3045962091028043,-0.05133994786091094,0.020434715405845072,-0.07797199968577846,-0.053564075220826624,0.8342609834807034,0.30481225363130127,-0.051499216864972996,0.01976009843929516,-0.07796252634761108,0.00019411048628609507,-0.001731977123141191,0.0019395114821685268,0.0038123757658269164,0.0034421370846354138,-7.591489963833039e-05,0.07902719376232298,0.01494359007910824,-0.0026157403638044155,-0.010281280669350726,0.005800313771698939,0.0006864992217472153,17.8442824203622
1781505977.1004179,-0.03476602674717366,0.8368855819659848,0.3045468260243658,-0.05153725485015175,0.020387482014308622,-0.07806288051871059,-0.053564075220826624,0.8342609834807034,0.30481225363130127,-0.051499216864972996,0.01976009843929516,-0.07796252634761108,0.0009626441998691706,-0.0013903309453285701,0.0016922148722918317,0.001262453084825027,0.002602292822114311,-0.0010847987682023252,0.0796955640437945,0.013261381523392698,-0.0020283372508377298,-0.007411311925702246,0.003216717035459778,0.001425010440052827,18.98224421508878
1781505977.1104207,-0.03476420588323126,0.836884622958793,0.3045187678556457,-0.051569471312161275,0.02038971171229842,-0.07807497230179797,-0.053564075220826624,0.8342609834807034,0.30481225363130127,-0.051499216864972996,0.01976009843929516,-0.07796252634761108,0.0009082972500125199,-0.001305608235420719,0.0014156097556265817,0.0007756137458815771,0.0023492940629975837,-0.0010969249490828576,0.08064395437931351,0.012334349767272216,-0.0017075242933582684,-0.006161054080615619,0.0040711812205662026,0.0005974018796892061,18.984327881759743
1781505977.120415,-0.03372554326620713,0.8367484207406461,0.30447542541208306,-0.051597257575642284,0.020389484213042763,-0.07808402563238485,-0.053564075220826624,0.8342609834807034,0.30481225363130127,-0.051499216864972996,0.01976009843929516,-0.07796252634761108,0.000853159929331966,-0.0012210517364814747,0.001175621381151634,0.0003896120291439078,0.0020954220592810453,-0.0010759884097748403,0.07866131156293477,0.01237124655183615,-0.0003554859158060174,-0.0007706107072302289,0.009032030727965745,-0.0011334462122117748,19.996703415460058
1781505977.1304162,-0.0326875568515346,0.8366128987353947,0.3044349840812507,-0.051620963853892796,0.020387421984516374,-0.07809055438244412,-0.04961369268178273,0.8349227031877552,0.30472794852860985,-0.05182379792249184,0.0200239200434269,-0.0780124799310084,0.0007980867660112441,-0.0011377000839432828,0.0009680688406207171,8.973015348081865e-05,0.0018478454420177888,-0.0010308512959109012,0.07853691259278302,0.011587671767355597,0.0004416913659598934,0.0025290394685643864,0.005372993674724465,-0.0006882635505684694,17.012838190633754
1781505977.1404123,-0.03165011492739206,0.8364779195556638,0.3043971625296821,-0.051640964238869456,0.020384041607300674,-0.07809501273079913,-0.04961369268178273,0.8349227031877552,0.30472794852860985,-0.05182379792249184,0.0200239200434269,-0.0780124799310084,0.000743762939395425,-0.0010563717998190337,0.0007891848181901811,-0.00013741667796129955,0.0016117629734060104,-0.0009688163714370098,0.0776311122278464,0.010206068084963176,0.0008531423970236943,0.0037870557293126998,0.00346561011435862,1.70120308255456e-05,18.033808335072674
1781505977.1504204,-0.030580753613412025,0.8363011774479806,0.30445082299868936,-0.05153119206180716,0.020435711438141713,-0.07802183358913466,-0.04961369268178273,0.8349227031877552,0.30472794852860985,-0.05182379792249184,0.0200239200434269,-0.0780124799310084,0.0009280336553072727,-0.0012580904292346818,0.0011616654170559086,0.001059639569394745,0.0019580013198530646,-3.6283787838100223e-05,0.07890590098977046,0.009307833070587197,0.0011820006639303245,0.006409556399252472,0.0056067980436136115,-0.0004579519860214359,19.084804411514142
1781505977.1604357,-0.029516316041001172,0.8361310136066675,0.3044933295355237,-0.05143983220591584,0.020477370818954066,-0.07796015250044352,-0.04961369268178273,0.8349227031877552,0.30472794852860985,-0.05182379792249184,0.0200239200434269,-0.0780124799310084,0.001064202110123763,-0.0014040834461238447,0.0014459633612995482,0.0019275411060971522,0.0021638340037522883,0.0006634318411761983,0.08050638890037273,0.00910276058225128,0.0012793902048040887,0.006854692701576709,0.002147559427945321,0.001467898728051642,20.1350343427023
1781505977.1704154,-0.028475927885838016,0.835858948357775,0.30453192494723075,-0.05136476940585165,0.020510390551625513,-0.0779087761625024,-0.04961369268178273,0.8349227031877552,0.30472794852860985,-0.05182379792249184,0.0200239200434269,-0.0780124799310084,0.0011600299685743571,-0.0015034915576091841,0.001655868294274946,0.0025250630754268073,0.0022588303150909215,0.0011695506395341133,0.0826404928008403,0.008944466315698956,0.0011715370851435817,0.0072772642751999265,0.008672789149349939,-0.0029500795357553585,21.159396986481482
1781505977.1804202,-0.02845716125549162,0.8358352972674615,0.3045748662085153,-0.051303972536390505,0.02053603397544701,-0.07786652808395471,-0.04560884378305241,0.835393618180031,0.3047805819359416,-0.05155668702395086,0.020182736776518384,-0.0780423730631763,0.0012222592430391704,-0.0015642429560159237,0.0018033928064384872,0.0029036442940803364,0.0022681796576107935,0.001516758656263805,0.08153868338932632,0.007943360036362913,0.0008258321125947945,0.004842512246610514,0.0027557542254335364,9.619817108376936e-05,17.158601717593953
1781505977.1904173,-0.02742367719435636,0.8355723729350393,0.3045976495068364,-0.05125552913253517,0.020555449358072853,-0.07783227663560377,-0.04560884378305241,0.835393618180031,0.3047805819359416,-0.05155668702395086,0.020182736776518384,-0.0780423730631763,0.0012567279682248898,-0.0015931920010960438,0.0018989707061714152,0.0031078188044956568,0.0022131001705927382,0.0017353951423462943,0.08350487961197069,0.006177007573288284,-0.00019499540599017285,0.0025472946742188932,0.0010850674868967275,-0.00019042783999230413,18.186965150752435
1781505977.2004092,-0.026402370047663482,0.8353202756288235,0.3046232373589094,-0.051062725350046405,0.020509012883132893,-0.07785072452610073,-0.04560884378305241,0.835393618180031,0.3047805819359416,-0.05155668702395086,0.020182736776518384,-0.0780423730631763,0.0011870578323630123,-0.0015513159950638566,0.0019481833709552852,0.0048775352185151674,0.001475562725600472,0.001318958152571343,0.08625797811136482,0.004214931638004872,-0.0014166512436985179,-0.00013364156583283414,-0.00024862096773329537,0.0023665332073294896,19.20725825811492
1781505977.2104208,-0.025394221760935472,0.8350807801609779,0.30462438897168503,-0.05090649812565434,0.020422799122522095,-0.07776017959037362,-0.04560884378305241,0.835393618180031,0.3047805819359416,-0.05155668702395086,0.020182736776518384,-0.0780423730631763,0.0010768158342831175,-0.0014399015767400443,0.001848214859837946,0.00603038630252,0.0003242082782818547,0.0021140292103066227,0.08944130492111382,0.0029486858897283547,-0.0018117570963498285,-0.002828928527308346,-3.263867334759262e-05,0.0011707101298627873,20.217645940249906
1781505977.220435,-0.02438505729933666,0.8348415822980051,0.30462215820826855,-0.05078068097714462,0.020349880319850522,-0.0776859548287856,-0.04560884378305241,0.835393618180031,0.3047805819359416,-0.05155668702395086,0.020182736776518384,-0.0780423730631763,0.0009746721679596873,-0.0013322160578981901,0.001744544064121592,0.006729100336601304,-0.0005473281940036458,0.0026519096626720904,0.0866441848718281,0.0014787281741029826,-0.001133326856717353,-0.0006607778934678766,-0.003155970423966907,0.003072973387024782,21.231555628330426
1781505977.2304218,-0.02337495795751048,0.83460255515569,0.30461706083055645,-0.050681091448542145,0.020288921614194377,-0.07762598810189707,-0.04560884378305241,0.835393618180031,0.3047805819359416,-0.05155668702395086,0.020182736776518384,-0.0780423730631763,0.0008803238889163209,-0.0012288884843130415,0.001639214787972197,0.007068421695770194,-0.0011853524283582245,0.0029823557860958957,0.08263031084612026,-0.0004885902330433124,-0.0009648996894725757,0.0005615951109423404,0.004386808284404692,0.0008784166748126289,22.248554981472846
1781505977.2404122,-0.022394901245791004,0.8342586463035685,0.3046154376986708,-0.05060387820563155,0.020238594746415428,-0.07757834447043689,-0.04129509704352813,0.8355754231920955,0.3047381549402104,-0.05153412585657716,0.020176627550361426,-0.0779735810080973,0.0007934290259886304,-0.0011303686174530907,0.0015338887571341284,0.007129176055994158,-0.001630951058440028,0.0031483280407830854,0.08149362770541886,-0.0019326495528057478,0.00029897769237587687,0.003797578708885261,0.003572587541198421,0.0003318447257388441,18.94640763016383
1781505977.2504084,-0.021352628580599175,0.833896552677339,0.3046046518992048,-0.051111683493274274,0.020260114421964293,-0.07770530771112275,-0.04129509704352813,0.8355754231920955,0.3047381549402104,-0.05153412585657716,0.020176627550361426,-0.0779735810080973,0.001056689885605762,-0.0011145901299810176,0.0016004574183896018,0.0008351971359687954,-0.0011479920912925686,0.0014326138601236966,0.08373074989986547,-0.00303912942849794,0.0002925235406908321,0.005353404818546179,0.004299901094150775,0.0033370972703560555,20.013457414005025
1781505977.260414,-0.02031889160779048,0.8335368792882486,0.3045942093626288,-0.05153958986682418,0.020279152728136518,-0.07781346909919058,-0.04129509704352813,0.8355754231920955,0.3047381549402104,-0.05153412585657716,0.020176627550361426,-0.0779735810080973,0.0012546393020296822,-0.001087800595183405,0.0016336175318964925,-0.0039035350164658934,-0.0007546751837119333,0.00010789822072520064,0.08846904185715126,-0.0032420813998754474,0.0014157548715686636,0.007563095831088977,0.004453407881162358,0.001038867739187396,21.075520777895065
1781505977.2704117,-0.02027962006338933,0.8335277771589857,0.3045906656908161,-0.0518959173078485,0.02029581901852806,-0.07790458159139887,-0.04129509704352813,0.8355754231920955,0.3047381549402104,-0.05153412585657716,0.020176627550361426,-0.0779735810080973,0.001397650225208919,-0.0010525111378190666,0.0016395379878987998,-0.007347259851323664,-0.00043929733742556265,-0.0008876006897507286,0.08636470704421219,-0.003990216103764589,0.0023003887502157537,0.009552600092406622,0.00046831967171960965,0.003510889653358251,21.115512782273154
1781505977.2804172,-0.01925984204484226,0.8331721325593578,0.3045810533362498,-0.05218885907755859,0.020310258647752377,-0.07798042530038389,-0.04129509704352813,0.8355754231920955,0.3047381549402104,-0.05153412585657716,0.020176627550361426,-0.0779735810080973,0.00149474590736672,-0.0010108453240764458,0.0016235161599840672,-0.009726414373773022,-0.00019095468928660676,-0.0016091838977122452,0.08407836868721749,-0.00564884720459193,0.002456736629353495,0.007977531204505558,0.0009448489778260703,0.002256153606556179,22.16648257248953
1781505977.2904177,-0.01824572359351969,0.8328180658548043,0.30457190660547623,-0.052426289212740076,0.020322640038579864,-0.07804275201641221,-0.03699150151567965,0.8354155862736226,0.30480055007209395,-0.05121566605887454,0.02026453726362365,-0.07785974354568484,0.00155375176586084,-0.0009645886907887955,0.0015900826684638835,-0.01124279775472848,3.5893726529079577e-07,-0.0021057832331045747,0.08219003411972295,-0.007931778866985366,0.0013108826409368298,0.004318995323791552,0.002304461129158504,0.001274492517455271,18.926266934288552
1781505977.30039,-0.017275958462218955,0.8324478310411522,0.30460639752485213,-0.05242554301863732,0.020443142293010474,-0.07810447409438233,-0.03699150151567965,0.8354155862736226,0.30480055007209395,-0.05121566605887454,0.02026453726362365,-0.07785974354568484,0.0013261360704206115,-0.0010330562283465774,0.0017643078484040218,-0.00999360159325992,0.001349377584165292,-0.002479638899827882,0.08615748011397475,-0.00937808215993018,-0.0001447283536245489,-0.0010914428908939382,0.004836483900596816,-0.0016556175457821576,19.938603366944186
1781505977.3104153,-0.016373629802885058,0.8319727271455317,0.304672083414335,-0.05226411857404441,0.020401713575204816,-0.0780843393502398,-0.03699150151567965,0.8354155862736226,0.30480055007209395,-0.05121566605887454,0.02026453726362365,-0.07785974354568484,0.0009695984381982835,-0.0011380828569760768,0.0020113000028981055,-0.007144785888045901,0.0007389850006990103,-0.002013145666673263,0.08945341413099693,-0.01056068818188773,-0.0006822672371950881,-0.00543498471580226,-0.0027682804900894006,0.0006109130137576071,20.90374168954662
1781505977.3204253,-0.015465812110239646,0.8315019408994937,0.30472745916183874,-0.05212174803239181,0.020366285249167504,-0.07806552868666991,-0.03699150151567965,0.8354155862736226,0.30480055007209395,-0.05121566605887454,0.02026453726362365,-0.07785974354568484,0.0006710938024803131,-0.00120797474936492,0.0021840934601549487,-0.004814689290292756,0.0002614194957027351,-0.0016085212727405841,0.08921338916899545,-0.012477692528194612,-0.0012678486769696735,-0.009192541245863859,-0.0032143225222827873,0.0003151424192520889,21.878694357183978
1781505977.3304145,-0.014553104518238009,0.8310348804416712,0.3047737840333562,-0.05199755102508715,0.020336322435734022,-0.07804822415088228,-0.03699150151567965,0.8354155862736226,0.30480055007209395,-0.05121566605887454,0.02026453726362365,-0.07785974354568484,0.0004229588551424659,-0.0012487758175368081,0.0022951327267662887,-0.0029370332730093815,-0.00010355316562002029,-0.0012613266574224044,0.08556236003929912,-0.014078249050732771,-0.0010058863765709917,-0.010260940660325948,-0.0012552131738037464,-0.00021416719213209498,22.862041899658053
1781505977.3404365,-0.013636051432929822,0.8305710245546394,0.3048121979485287,-0.05189037043655507,0.020311274871960272,-0.07803252103338765,-0.032699485598571276,0.8348971466286774,0.3047928683269711,-0.05139127999154963,0.020257655542014863,-0.0778627059708833,0.0002184034630676165,-0.001265706562081125,0.00235519040681901,-0.001449772834142429,-0.0003741752191176619,-0.0009666643040254723,0.08520024679170451,-0.01624850315409451,-0.0010443211965020871,-0.010752941021318355,0.0013459082783674272,-0.00394112607776479,19.54815152441516
1781505977.3504155,-0.012660856530823087,0.8301041768771815,0.3048039971156936,-0.05194818862337728,0.02035195501233944,-0.07809515248671728,-0.032699485598571276,0.8348971466286774,0.3047928683269711,-0.05139127999154963,0.020257655542014863,-0.0778627059708833,0.0003778582614841028,-0.0012816979153274894,0.002180228114928983,-0.0019088246332312334,0.00014563732708381473,-0.0015207688490585002,0.08536802970263116,-0.018243760226481137,-0.0019530209363116829,-0.012758605073281653,0.0022646594049665425,-0.0005965285460947191,20.60386705945017
1781505977.360417,-0.01263545202587339,0.8300902467829332,0.30479626558451467,-0.051995039815766135,0.020386106919566993,-0.0781464307779021,-0.032699485598571276,0.8348971466286774,0.3047928683269711,-0.05139127999154963,0.020257655542014863,-0.0778627059708833,0.0005010764448517758,-0.001278294930401438,0.0020121473803454463,-0.002200529502177434,0.000531130091564551,-0.0018943095344036245,0.08848546517817256,-0.017890038719155676,-5.5715372964234574e-05,-0.008275564955880926,0.007573145618291007,-0.0039023616773443503,20.631813804770598
1781505977.3704145,-0.01166893435935639,0.8296292516373928,0.30478826236999695,-0.05203239085446558,0.02041443330296211,-0.07818779854371456,-0.032699485598571276,0.8348971466286774,0.3047928683269711,-0.05139127999154963,0.020257655542014863,-0.0778627059708833,0.0005936435470253902,-0.0012593658107542304,0.001851720728786171,-0.0023588615686016027,0.0008054292742282003,-0.002122335886869597,0.08510715277700144,-0.018281398582051772,0.00065848208777081,-0.0043800619847100776,0.005072332045430358,-0.0014238033998532572,21.68028653591286
1781505977.380414,-0.010758069141049417,0.8290743900077633,0.30478658969802414,-0.05206160095903054,0.020437619956534814,-0.07822060806701268,-0.032699485598571276,0.8348971466286774,0.3047928683269711,-0.05139127999154963,0.020257655542014863,-0.0778627059708833,0.0006604318649468496,-0.0012282125781566506,0.001699471338153522,-0.0024129274386123856,0.000988906308657532,-0.002235092234398404,0.08381803823091662,-0.018837547703447304,0.002339014764069391,0.0004878147913691735,0.0001297308288778431,-0.0015303300417025027,22.70088743309371
1781505977.3904185,-0.009850263546295578,0.8285215037368715,0.30478518851672726,-0.05208391148622571,0.02045632126438557,-0.07824610690292963,-0.028393907157928056,0.8340133478750422,0.3047928627400556,-0.05178204401717001,0.020270190535844446,-0.07800817353426738,0.0007056793911636098,-0.0011876408989585966,0.0015557155874224883,-0.0023873898801895846,0.0010993109323335056,-0.002258394717040095,0.08286785068247508,-0.020636603446026622,0.002841580957839954,0.0026389273221482717,-0.0011040557098832677,-0.0015845135926046748,19.339781005143305
1781505977.400419,-0.00898986136078078,0.8279416953176498,0.3048323143596082,-0.05193014711242177,0.020536287909683315,-0.0782355851879496,-0.028393907157928056,0.8340133478750422,0.3047928627400556,-0.05178204401717001,0.020270190535844446,-0.07800817353426738,0.0004560184730047358,-0.0013355943787673118,0.0016835632633197739,-0.00045050263361744213,0.0018452269907141276,-0.001851757072306801,0.08623622669324087,-0.022780346807334494,0.0036843894608101064,0.003487168813103559,0.002172341413629558,-0.0014832069871336905,20.33183500094774
1781505977.4104104,-0.008125140229935717,0.8273674678989482,0.30487231555909183,-0.05180036735568654,0.020601943116819177,-0.07822493826415308,-0.028393907157928056,0.8340133478750422,0.3047928627400556,-0.05178204401717001,0.020270190535844446,-0.07800817353426738,0.00024981917359721546,-0.001437444123276022,0.001764863489154537,0.001013064798965777,0.0023536204607970844,-0.0014963749908647305,0.09074712938081744,-0.023730784403952987,0.0023171681194262346,0.0020909554551111318,-0.0009733781608767171,-0.0005324400442118338,21.33065742513287
1781505977.4204206,-0.007256583239255052,0.8267980733551638,0.3049061460786058,-0.05169211076458729,0.020655077752854245,-0.07821449134701208,-0.028393907157928056,0.8340133478750422,0.3047928627400556,-0.05178204401717001,0.020270190535844446,-0.07800817353426738,8.112244937962117e-05,-0.001500992487177738,0.0018077665153504974,0.002081929910353851,0.002670126994350932,-0.0011891284148523849,0.0916459688396133,-0.02517029050455426,0.0012547659543236725,0.0004035846514855486,0.0004362222863558029,-0.0011001078046519708,22.335162456425216
1781505977.4304223,-0.006384628473983824,0.8262328507311987,0.3049346572922936,-0.05160294397140386,0.020697376515227184,-0.07820448209037956,-0.028393907157928056,0.8340133478750422,0.3047928627400556,-0.05178204401717001,0.020270190535844446,-0.07800817353426738,-5.533065554038226e-05,-0.0015329883087285537,0.0018193016756408078,0.0028258017045670585,0.002834193110950985,-0.0009263610691519326,0.0888637638005501,-0.02641711096571472,-0.0008919634125659747,-0.0024646130616269263,-0.0010387233488933737,-0.002143186127306132,23.344476641979444
1781505977.4404151,-0.006402670432319504,0.8262172471562659,0.3049534645213483,-0.05153052123306597,0.020730398388381754,-0.07819507612247834,-0.023934563684668064,0.8328364835572136,0.3049109184910226,-0.05169967163458249,0.020257846062033957,-0.07807873343853403,-0.00016417044915905676,-0.0015392491768402889,0.0018055093931373689,0.00330580635407766,0.0028795480616975863,-0.0007041152226143696,0.08470882138065312,-0.02879513506721397,-0.0013903918072320658,-0.0037394197744529093,-0.0019232301043920347,-0.0015718678749007753,18.739887451851818
1781505977.4504232,-0.005565101340610606,0.8255596560207098,0.30497273658256374,-0.05142217623521505,0.020609132596772328,-0.07813107259940653,-0.023934563684668064,0.8328364835572136,0.3049109184910226,-0.05169967163458249,0.020257846062033957,-0.07807873343853403,-9.751329637952696e-05,-0.0015950411154335017,0.0016820158994788803,0.004113321598933087,0.001207190158304309,2.329493748350715e-06,0.08455080409694027,-0.030151032974863434,0.00034456178303492944,-0.0013163612730003624,0.004344615169042077,-0.002550723707455592,19.758370056313023
1781505977.4604347,-0.004728294298714008,0.8249060091157032,0.30498969967360956,-0.051334830917278834,0.020506026428243285,-0.0780771923510884,-0.023934563684668064,0.8328364835572136,0.3049109184910226,-0.05169967163458249,0.020257846062033957,-0.07807873343853403,-4.2767131228649284e-05,-0.001619618595373223,0.0015615657889465518,0.00460576936118349,-7.88841099414123e-05,0.0005316102211483564,0.08496209455182141,-0.031622855343074095,-0.0010498602845365095,-0.004641483933871482,0.005889980759061561,-0.0017311683913366622,20.779302564523565
1781505977.4704108,-0.003892164208884115,0.8242557378105014,0.30500471648239086,-0.05126560961639489,0.020419349937794262,-0.07803237029552235,-0.023934563684668064,0.8328364835572136,0.3049109184910226,-0.05169967163458249,0.020257846062033957,-0.07807873343853403,1.7235233340907679e-06,-0.0016188265243099612,0.0014450850498824944,0.004848668906215583,-0.0010403285138373378,0.0009136527435283809,0.0814292250190457,-0.03065212861396549,8.70335170358601e-05,-0.00132553601029828,0.005259162605380372,-0.00035767623104274713,21.8021965035592
1781505977.480403,-0.0030566371049515952,0.8236083456977855,0.3050181116551258,-0.051211861828266786,0.020347356973015485,-0.0779955608320993,-0.023934563684668064,0.8328364835572136,0.3049109184910226,-0.05169967163458249,0.020257846062033957,-0.07807873343853403,3.741758756368698e-05,-0.001597678495154959,0.0013332667449005042,0.004897942214709961,-0.0017322234582538693,0.001174911598938068,0.07640673738060337,-0.029310690926691238,0.0015963376628069174,0.002026650090896627,0.005103952035028216,-0.0005517234309517902,22.82669132824712
1781505977.4904134,-0.002221648175829644,0.8229634002994111,0.30503017339182714,-0.05117117828202877,0.020288337069785056,-0.07796576153663728,-0.01974727852852326,0.8313106510563553,0.3049004073623949,-0.0518233975913462,0.020451239134547716,-0.07815979368524358,6.559770520380585e-05,-0.0015604572163529055,0.0012266081682859374,0.004800789658500298,-0.0022032166158683425,0.0013385158407289946,0.0732186611495621,-0.030191773292773637,0.0022955365483704475,0.005134681950075124,0.006216593326560986,0.0007345412214693217,19.4123969071559
1781505977.5004187,-0.0013871401858310355,0.8223205256094009,0.3050411554473497,-0.05114139637325531,0.020240653362496808,-0.07794202971967908,-0.01974727852852326,0.8313106510563553,0.3049004073623949,-0.0518233975913462,0.020451239134547716,-0.07815979368524358,8.73887575488129e-05,-0.0015108043956565697,0.0011254431555425266,0.0045965848375698936,-0.002495804338891004,0.001424469395932119,0.0750126168877623,-0.03276821884570768,0.003254577165691307,0.007874781787168586,0.006485251823962508,-0.0003999143627050673,20.443503749068825
1781505977.5104153,-0.0006582661142991477,0.8215888801693867,0.30506491387116835,-0.05137695563648406,0.020363360457458457,-0.07796316869751091,-0.01974727852852326,0.8313106510563553,0.3049004073623949,-0.0518233975913462,0.020451239134547716,-0.07815979368524358,-0.00011935388269192536,-0.0014808704538666036,0.0011957609760022512,0.0015278059425126215,-0.0008737567138886212,0.001107172673260287,0.07757094681167534,-0.035231274756760425,0.001964214078032465,0.0074174298160019,0.006757875648016043,-0.0007266981331901732,21.422658250565938
1781505977.520419,-0.0006850747182181118,0.8215790604728155,0.305070045522295,-0.05157650800808112,0.020467314162562644,-0.07798202770233778,-0.01974727852852326,0.8313106510563553,0.3049004073623949,-0.0518233975913462,0.020451239134547716,-0.07815979368524358,-0.00028380898887274875,-0.0014380761567674729,0.001237058728704391,-0.0008133406151338411,0.000365516620310593,0.0008391274221603582,0.0777131907264925,-0.03581426425837153,0.0014648996951850254,0.005630646437899918,-0.006278377274408893,0.00473916580018013,21.403276536468585
1781505977.5304193,5.2340496522575676e-05,0.8208521352811122,0.30509138283377296,-0.05174361913956134,0.020554371321594767,-0.07799865813503108,-0.01974727852852326,0.8313106510563553,0.3049004073623949,-0.0518233975913462,0.020451239134547716,-0.07815979368524358,-0.00041223298484665963,-0.0013855001588908224,0.0012545366656676765,-0.002545214751959751,0.0012840651076028151,0.0006153215702596056,0.07822329225855759,-0.03775638468021185,0.001420405231247673,0.005098023765998789,-0.0017648151975291554,0.0013637154960615358,22.39289926268219
1781505977.5404112,0.0007932414302180143,0.8201270588048624,0.3051118669978782,-0.05188184866355393,0.02062638573075737,-0.07801316026675777,-0.015949804085164165,0.8296130731510425,0.3050151965257593,-0.05151771463682836,0.02051989967469825,-0.07810652397066689,-0.0005101049104647619,-0.0013257378655213538,0.0012526712308503388,-0.003773176656527093,0.0019371601059558904,0.00043078883489193617,0.07756909087060676,-0.04044510510424589,-0.00019017786338668347,0.0019582021966834643,-0.0038949465928928956,0.0033214722778972436,19.243788257156496
1781505977.5504084,0.0015371828625059085,0.8194035456318679,0.30513165452914115,-0.051994654282139154,0.020685158125098413,-0.07802566818811116,-0.015949804085164165,0.8296130731510425,0.3050151965257593,-0.05151771463682836,0.02051989967469825,-0.07810652397066689,-0.0005822103175740636,-0.00126096385600201,0.0012353010934419058,-0.0045899623429949635,0.002373481276755229,0.00028073317143689585,0.07958266022322166,-0.04341773959432168,-0.0014701938048848253,-0.0004675552795702938,-0.004017594202496821,0.003944684128403534,20.249511775332223
1781505977.560413,0.001482686469727497,0.8193825419823333,0.30517351796773307,-0.0516724068189941,0.020586786110267985,-0.07792901400155822,-0.015949804085164165,0.8296130731510425,0.3050151965257593,-0.05151771463682836,0.02051989967469825,-0.07810652397066689,-0.0008747855946575169,-0.0013505151225251491,0.0013059950334179155,-0.0005926301156801064,0.00098732320804014,0.0012479965032205866,0.08352937179306798,-0.044001801227029715,-3.704083499394623e-05,-0.0007693816628494822,-0.0002257202790479345,-0.0016197495638193074,20.21337578484371
1781505977.5704207,0.002196843210865058,0.8186459351901161,0.30522562515629914,-0.051400855664687856,0.02050305595014379,-0.07784884067476783,-0.015949804085164165,0.8296130731510425,0.3050151965257593,-0.05151771463682836,0.02051989967469825,-0.07810652397066689,-0.0010985727504710947,-0.00140529207718793,0.0013461979473340783,0.002418647397633551,-7.832465103319963e-05,0.0019385848114984896,0.08046569483903464,-0.04403993416710161,0.002762416804173348,0.0006132359349015192,-0.0016938276102298011,0.0018275639423307988,21.204320393472383
1781505977.580425,0.00291836584955441,0.8179124970456259,0.3052714772375656,-0.05117472086421054,0.020432593835424617,-0.07778320627232449,-0.015949804085164165,0.8296130731510425,0.3050151965257593,-0.05151771463682836,0.02051989967469825,-0.07810652397066689,-0.0012643030388272227,-0.0014314590682580701,0.0013614140723969639,0.00460868308588072,-0.0008746501302836555,0.0024029636554521996,0.07595822188365915,-0.045096983231229446,0.0008294748686274421,-0.003965405451952992,-0.0016876828501492375,0.0020283347454028515,22.20308531910168
1781505977.590415,0.0035669841257345777,0.8171063838115793,0.30531754508453285,-0.05098880352622151,0.020374006028550884,-0.07773025856478141,-0.011936292194960452,0.8274282380510656,0.30505300249615797,-0.0515135543891998,0.020369058790272065,-0.07802936228451327,-0.0013813268616390888,-0.0014343271863158857,0.0013563786704465898,0.006123444715560256,-0.0014473799526559918,0.0026851378908200572,0.07055522603101236,-0.04484432326484177,0.00016425899924288123,-0.0034493357441085864,0.005557829569852238,-0.00017590011473336318,18.6269223007476
1781505977.6004198,0.004221154442054302,0.8163025685343798,0.305358906474214,-0.05083810775941031,0.020325922183278333,-0.07768826319612446,-0.011936292194960452,0.8274282380510656,0.30505300249615797,-0.0515135543891998,0.020369058790272065,-0.07802936228451327,-0.0014577676309012358,-0.0014184552526678889,0.00133514968996835,0.00709078463448103,-0.001836897015779342,0.002823066860948571,0.06996083604632787,-0.044798731697578066,0.0024655450276566083,0.00021654338268744925,0.001543139439081506,0.002601789612739547,19.619816035485186
1781505977.610412,0.004925982233745803,0.8154766169196263,0.30539758618924845,-0.05086332929648136,0.02039964841576225,-0.07778997709994157,-0.011936292194960452,0.8274282380510656,0.30505300249615797,-0.0515135543891998,0.020369058790272065,-0.07802936228451327,-0.0012343474877133506,-0.0014993560565315929,0.001379773149211528,0.00606391613171523,-0.0007761446522191484,0.0014470044221772287,0.07268758122899034,-0.04549801719915238,0.003590101349836309,0.003225276990264693,0.002846513886500507,0.0011976484923955106,20.671146182541786
1781505977.620408,0.00563803600228091,0.8146650484445422,0.30543821841644636,-0.0508518856530593,0.02043605803623727,-0.07784071584652623,-0.011936292194960452,0.8274282380510656,0.30505300249615797,-0.0515135543891998,0.020369058790272065,-0.07802936228451327,-0.0009670006457575206,-0.0014978346038349397,0.0014144644046428254,0.005538140851899002,-0.0002663004379531575,0.0007561419128020394,0.07325883323074617,-0.046914513928071895,0.0015401588190825267,0.0005089598658598085,0.005767888595861147,-0.0009578020306998208,21.723360969740888
1781505977.6304176,0.005665163068182053,0.8146512480830378,0.3054527696354342,-0.05084736156995337,0.020466889805368593,-0.07788409834005439,-0.011936292194960452,0.8274282380510656,0.30505300249615797,-0.0515135543891998,0.020369058790272065,-0.07802936228451327,-0.0007401288985839599,-0.0014776341371707644,0.0014243909129184984,0.004992602019502872,0.00012298506136404014,0.00021779435149865114,0.07069992904548947,-0.04773004508142267,0.0005520325324388874,0.000752875545270656,0.004441513342565177,0.0016057689115132599,21.753678166901675
1781505977.6404154,0.0063697612819911585,0.813845596513741,0.3054867484471878,-0.05084814568799884,0.020492698301650458,-0.07792078156498962,-0.008418640317266968,0.8251691605338862,0.30511521525990304,-0.05154078336321789,0.020441469354945285,-0.07796672535117484,-0.000548624166242019,-0.001442694620001737,0.001414311168110147,0.0044471877226130285,0.0004112874202466535,-0.00019154037164062054,0.07042098353108167,-0.04878247880592686,0.002386108397715942,0.0043851196145038235,-0.0009568074436543879,0.0007107149342314588,18.629491696998116
1781505977.6504207,0.007071220926788085,0.8130422834678379,0.30551815023233864,-0.050852885408420694,0.020514036590314033,-0.07795144112461205,-0.008418640317266968,0.8251691605338862,0.30511521525990304,-0.05154078336321789,0.020441469354945285,-0.07796672535117484,-0.00038793768329796864,-0.0013963657079530472,0.0013882986610452383,0.003916796069678598,0.0006160373291922449,-0.0004930036557153536,0.07151162108069466,-0.05117083697591608,0.0021067885094676526,0.005703070490022635,0.001542156909932169,0.0014129436253356017,19.676364128749473
1781505977.6604168,0.007527236892302873,0.8122025662211465,0.3055373086377081,-0.05087156023736202,0.020439217103848106,-0.07792670882804903,-0.008418640317266968,0.8251691605338862,0.30511521525990304,-0.05154078336321789,0.020441469354945285,-0.07796672535117484,-0.0012471755643913363,-0.001174842483696974,0.0012263917306329086,0.0032798277998213193,-0.00028069483167019664,-0.00021109558169734113,0.0745388504345059,-0.05530187947492573,0.0013924439576772697,0.006572670012630319,-0.001214747533082137,0.003278845505609818,20.55679281584167
1781505977.670412,0.008003601289513867,0.8113604346248203,0.3055569700691043,-0.05089027659838806,0.02037655546132444,-0.07790572395289726,-0.008418640317266968,0.8251691605338862,0.30511521525990304,-0.05154078336321789,0.020441469354945285,-0.07796672535117484,-0.001921145686201459,-0.0009821231394403606,0.001080877565225506,0.002712792263543981,-0.000944899479889442,5.918525261141053e-06,0.07639085629844203,-0.05677901350072521,0.0019150790915895288,0.006898370151130291,-0.0056991823012873255,0.0015152101863238339,21.460803291923717
1781505977.6804223,0.008497795334431358,0.8105161177185062,0.30557713982298407,-0.050908511515034935,0.02032471842268735,-0.07788812156994669,-0.008418640317266968,0.8251691605338862,0.30511521525990304,-0.05154078336321789,0.020441469354945285,-0.07796672535117484,-0.0024378479390624024,-0.0008149687265084098,0.0009503668836858052,0.002213676008426276,-0.001416698800244327,0.0001683665855076991,0.07227266464681474,-0.05588950842772238,0.0015308415508401318,0.004072449464139031,-0.001940552715991683,0.0009088018104669489,22.385058257895793
1781505977.6904104,0.009007570278989463,0.8096698281682113,0.30559781709249584,-0.05092588636546278,0.020282410741633505,-0.07787353564227795,-0.0048019195956916505,0.8225169165864736,0.3052106047168044,-0.05126829896717562,0.020434525842812246,-0.07788293219672714,-0.002821752626791996,-0.0006704551702248022,0.0008335542990407796,0.0017791113500687174,-0.0017314214576775624,0.0002854813158594464,0.06742485932985705,-0.05504223065772723,0.003007258949749148,0.004413634226702469,0.002219572518415321,-0.0006056179654083292,18.865302140423267
1781505977.7004268,0.009530922867027815,0.8088217626492655,0.30561899595399444,-0.05094214104785636,0.02024840109635817,-0.07786160931524756,-0.0048019195956916505,0.8225169165864736,0.3052106047168044,-0.05126829896717562,0.020434525842812246,-0.07788293219672714,-0.0030941865323176245,-0.0005459482193009847,0.0007292183128785952,0.0014048080908958369,-0.0019198374997280402,0.00036542192530542164,0.06477514379482531,-0.05590863352182381,0.0028818384252671855,0.004199133078528087,-0.0003186685186582711,0.00029968841028603864,19.828121389268688
1781505977.7104099,0.010153692907374785,0.8079432598326327,0.3056812003408551,-0.051207860231743924,0.02042368047393217,-0.07798193979754123,-0.0048019195956916505,0.8225169165864736,0.3052106047168044,-0.05126829896717562,0.020434525842812246,-0.07788293219672714,-0.0027282907772770734,-0.0005755035139844451,0.0010160687885542926,-0.0016227915446364038,0.00026773031898732016,-0.0008884349398458917,0.06404853425061764,-0.05596242728078982,0.004121261785773601,0.005695328383945339,0.005352744899625033,-0.0039188209702881735,20.887395164596903
1781505977.7204084,0.010179633095650934,0.8079289426703266,0.30571028055339794,-0.05142986408918984,0.02057087726579776,-0.07808235605943739,-0.0048019195956916505,0.8225169165864736,0.3052106047168044,-0.05126829896717562,0.020434525842812246,-0.07788293219672714,-0.002399989274143663,-0.0005919374971995349,0.001233470025972895,-0.0038468551967127214,0.0018994698216441412,-0.0018035782708925438,0.06062650523793188,-0.05718483133410252,0.004803945340134656,0.005211578800365983,-0.002446091333913514,0.0013265961966643911,20.916634049562976
1781505977.7304146,0.010703795305062495,0.8069985839603163,0.3057684897732108,-0.051613033043390405,0.020693008806893953,-0.07816509541317601,-0.0048019195956916505,0.8225169165864736,0.3052106047168044,-0.05126829896717562,0.020434525842812246,-0.07788293219672714,-0.002106027340521859,-0.0005976298085883743,0.0013923645850361926,-0.00540797631335814,0.003070081419489586,-0.0024398876103341313,0.05956304802117063,-0.05714919321481507,0.00339001237327559,0.002910999835175324,0.0013967384648942303,-0.0009463355905045587,21.94440880533557
1781505977.7404177,0.01122558322057285,0.8060703935734183,0.3058230796034444,-0.05176208763414217,0.020793020831351816,-0.07823231959395108,-0.0013437554287809572,0.8194198236054373,0.305397345134175,-0.05104358077036402,0.02037494833257747,-0.077897681730493,-0.0018433570875515289,-0.0005946268668570703,0.0015022781980737025,-0.006429643765453951,0.0038631431237941393,-0.0028498604889875714,0.056981010727632696,-0.05870247500221025,0.0014654649277892433,-0.0007140881878129444,0.0023354988150820696,0.0005816228581827618,18.34057812884413
1781505977.7504172,0.011745205138856105,0.8051440803660469,0.30587450905035884,-0.051881499287928276,0.02087372495005435,-0.07828607435382863,-0.0013437554287809572,0.8194198236054373,0.305397345134175,-0.05104358077036402,0.02037494833257747,-0.077897681730493,-0.001609135254517462,-0.0005846816596874324,0.0015714785055774118,-0.007019150199365756,0.00435161157373098,-0.0030790264981788626,0.05904283805008502,-0.059854396462319284,0.0027730192040931667,-0.0014821489197247193,0.001222242456849875,-0.002287007029058222,19.37383336309742
1781505977.7604096,0.01217007759508061,0.8042152982512984,0.30591846400227884,-0.05169004878882312,0.020831734965907733,-0.0782721771808529,-0.0013437554287809572,0.8194198236054373,0.305397345134175,-0.05104358077036402,0.02037494833257747,-0.077897681730493,-0.001992203482647265,-0.0006218298858110059,0.001484414707073686,-0.004165935529150823,0.003411006295589911,-0.00261510749152188,0.05861283084177738,-0.06089311555211392,0.00011547876764692405,-0.00582783829636099,0.0011644976781622182,-0.0019441521433911837,20.348779794281437
1781505977.7704175,0.012106186795424663,0.8042070758249179,0.30592665244182704,-0.0515251438780367,0.020793413697054453,-0.07825793243898961,-0.0013437554287809572,0.8194198236054373,0.305397345134175,-0.05104358077036402,0.02037494833257747,-0.077897681730493,-0.0022744771308184585,-0.0006437722683655752,0.0013957131855115111,-0.0019140822014584594,0.0026128948258147084,-0.0021959043116938646,0.05676358591571386,-0.06198067671328228,0.0014146469092629356,-0.004741528201567049,0.0042140155239541194,-0.0014393293703843495,20.312774480461822
1781505977.78042,0.01255317458656695,0.8032818181741839,0.3059662079732003,-0.05138464272191022,0.020758889591728336,-0.07824381718097066,-0.0013437554287809572,0.8194198236054373,0.305397345134175,-0.05104358077036402,0.02037494833257747,-0.077897681730493,-0.0024722589025466092,-0.000653229775675345,0.0013068208821898771,-0.0001744487481262079,0.0019433904332798607,-0.001821685380962245,0.05607044868770021,-0.0629242002010149,0.0009714259239459278,-0.006858432079718226,0.003976989256173139,-0.0015845223779624767,21.304541489557263
1781505977.7904212,0.013009121788731658,0.8023579336078384,0.30600396266591956,-0.051266272462935865,0.020728155203342924,-0.0782301851483172,0.0015660240568709516,0.8162954519610892,0.305458889931248,-0.051291804826611574,0.02045107409405378,-0.077985397693147,-0.002599706768392264,-0.0006525449241057627,0.0012189017801353304,0.0011337765847425675,0.0013885692343284899,-0.0014914191076250615,0.05448916562608815,-0.06439470093077883,0.001191043677941959,-0.007520887501562433,0.0024087780610115893,-0.001482904382845951,18.04150791464512
1781505977.8004186,0.013374041486152703,0.801388077970524,0.3060449591149229,-0.051167724303011086,0.020701101385799614,-0.07821728809211487,0.0015660240568709516,0.8162954519610892,0.305458889931248,-0.051291804826611574,0.02045107409405378,-0.077985397693147,-0.0026690775690177996,-0.0006437267368894155,0.001132877962223441,0.002082952282735684,0.000934860317353055,-0.0012031284244589315,0.05430548208849277,-0.06606465272741827,0.0036326729183285794,-0.0033753623340183024,0.002961527651189707,-0.0006636732587345137,19.026364655205537
1781505977.8104184,0.013831916503307827,0.8003878849156459,0.3060984793683183,-0.05132636021211873,0.020818769990476493,-0.07830114592288881,0.0015660240568709516,0.8162954519610892,0.305458889931248,-0.051291804826611574,0.02045107409405378,-0.077985397693147,-0.0021455437953534044,-0.0007902526732075884,0.0012291671308856818,0.00014267124745139556,0.0021625098407609456,-0.0019200819597488378,0.05555471662743584,-0.06485906822612866,0.0030257874107439166,-0.003180775843195167,0.002794346081729579,-0.002194782070948451,20.097559092109716
1781505977.8204274,0.014282817695488332,0.7993931559274984,0.30614954264290917,-0.051459887396284654,0.02091583532003849,-0.07836983082530385,0.0015660240568709516,0.8162954519610892,0.305458889931248,-0.051291804826611574,0.02045107409405378,-0.077985397693147,-0.001698078719019648,-0.0008978664572609114,0.0012908906947571624,-0.0013150238686047981,0.0030231378800541953,-0.0024047294375204266,0.0537893947923236,-0.06245320989904007,0.005552268963279304,0.0013229992664393715,0.005923518598123905,-0.006336747278779874,21.16320988939166
1781505977.8304121,0.014727505171244076,0.7984031971689634,0.3061984979503616,-0.051570944473893564,0.020994809006078974,-0.07842526357234045,0.0015660240568709516,0.8162954519610892,0.305458889931248,-0.051291804826611574,0.02045107409405378,-0.077985397693147,-0.0013173493875084552,-0.0009728790342582086,0.0013240838188760848,-0.0023712318607128826,0.00358521501799065,-0.00270204762976858,0.04852658099101175,-0.061111796007398696,0.0035850134907805193,0.0005607602333708593,0.0060689250045724355,-0.0037363914677270003,22.223959743760528
1781505977.8404117,0.015166668593319162,0.7974173851430593,0.3062456392129597,-0.05166212403403407,0.021058067534214464,-0.0784692468756897,0.0015660240568709516,0.8162954519610892,0.305458889931248,-0.051291804826611574,0.02045107409405378,-0.077985397693147,-0.0009950179474644033,-0.0010207697519757524,0.0013339528813466294,-0.0030977073025625283,0.003908215197970915,-0.0028508648537376507,0.047141270638149574,-0.0635176369407109,0.0033868745759710428,0.0017407584789593397,0.004187085784296905,-0.0027215499307219285,23.280419090409346
1781505977.8504157,0.015600931760614256,0.7964351618721741,0.30629121539342247,-0.05173591312116802,0.021107821180067265,-0.07850344551970496,0.004239702103837395,0.8130558655772016,0.30562613708079794,-0.05139585175419108,0.02059391210046102,-0.07813929906584936,-0.0007236510334839024,-0.001046280945197214,0.001324972962276298,-0.0035572392883938295,0.004043243744603874,-0.0028843395003818975,0.04819126132972334,-0.0676115018578439,0.004687364690548335,0.0034965372419784937,0.002553243922836571,-0.0008647118125965534,20.143675437373947
1781505977.8604279,0.015609575531123061,0.7964288072865522,0.3063243151150691,-0.051358178413547007,0.020971222233773457,-0.07844598987618023,0.004239702103837395,0.8130558655772016,0.30562613708079794,-0.05139585175419108,0.02059391210046102,-0.07813929906584936,-0.0006205302741320967,-0.001049373791421429,0.001345662299394859,0.0009417226885806052,0.002080456911438816,-0.0020199609270249346,0.050647733655997076,-0.07346234262856048,0.003430630278100917,0.0015003301080214941,0.0036501732503768326,0.0016485359380519686,20.154913587527165
1781505977.870413,0.015915749141125483,0.7954215694454194,0.30639379442270237,-0.0510413002784534,0.020854504886087977,-0.07839575001715092,0.004239702103837395,0.8130558655772016,0.30562613708079794,-0.05139585175419108,0.02059391210046102,-0.07813929906584936,-0.0005298849484178183,-0.0010385600138953914,0.0013452202360985583,0.004286873239347649,0.0005528965001021838,-0.0013169775042164548,0.05337021715471198,-0.07713420809899069,0.0026367835509477425,-0.000845722145159798,0.0023104204801596725,-0.00045046495900788805,21.16335919165315
1781505977.8804257,0.01622115863130246,0.7944155797589614,0.30645788633192544,-0.05077869296126795,0.020755880763569712,-0.07835228553099904,0.004239702103837395,0.8130558655772016,0.30562613708079794,-0.05139585175419108,0.02059391210046102,-0.07813929906584936,-0.000450403134208904,-0.0010167193937218005,0.0013278200532652396,0.006675943909083917,-0.0006067592508648874,-0.0007541751221648034,0.051179776792761,-0.07461193562871458,0.002980869852220378,-0.0018908948398467288,0.001464739680576373,-0.0016005834348081702,22.174475477944732
1781505977.890409,0.016227361875408904,0.7944130087405171,0.306475727296628,-0.050563936511124244,0.020673514460898712,-0.07831508211118447,0.004239702103837395,0.8130558655772016,0.30562613708079794,-0.05139585175419108,0.02059391210046102,-0.07813929906584936,-0.00038089020261360834,-0.0009863034631478664,0.0012970268253348174,0.008283259361490216,-0.001459020512666459,-0.00031181897736574747,0.04783034187744284,-0.07501752332857071,0.00021397759376829746,-0.006953153897863097,0.00407326951738651,-0.000929763137358768,22.180665034369447
1781505977.9004176,0.016531411375015143,0.7934088967018557,0.3065313998633679,-0.050390910969856456,0.020605585504398505,-0.07828358412220768,0.006760606803104474,0.8094309279992891,0.30579468671565596,-0.05141121354772417,0.020720543978454797,-0.07818869149600323,-0.0003202608217656203,-0.0009493889043339305,0.0012558722018345754,0.009260834360104381,-0.002057638002067596,2.8176476523960247e-05,0.047323042627427196,-0.07681750446427858,-0.0008480467281876515,-0.006702344313922988,0.0024372574229766797,0.0004566129972765745,18.780757576317775
1781505977.910417,0.01679929071248414,0.7923450281427975,0.30654123308451064,-0.05030756671409421,0.020528214369788245,-0.0782827442620946,0.006760606803104474,0.8094309279992891,0.30579468671565596,-0.05141121354772417,0.020720543978454797,-0.07818869149600323,-0.0004992285836231087,-0.001285387803324839,0.0009330096592710667,0.009159540315258093,-0.002677027430071274,-8.22482239597102e-06,0.04967024829896742,-0.07698236967471159,0.006296062557610295,0.0027052017523808546,0.0024420285459821954,-0.00131303316111696,19.830796252781848
1781505977.9204142,0.017089123110577784,0.7913075057588331,0.30657019157136167,-0.050303166858037505,0.020501406460557536,-0.07829966050903751,0.006760606803104474,0.8094309279992891,0.30579468671565596,-0.05141121354772417,0.020720543978454797,-0.07818869149600323,-0.0005254564695931447,-0.0014222567604813897,0.0007826408061423133,0.008211419152932211,-0.002667790958069348,-0.00020643388640709763,0.04943927318098568,-0.07921833719224267,0.001546218503706586,-0.0009823811804293221,0.0011489691006279468,-0.00011563634862493333,20.8743404830145
1781505977.930423,0.017380424025592787,0.7902757460984999,0.30660019637282027,-0.050307004479255416,0.020481314329453326,-0.07831382144604705,0.006760606803104474,0.8094309279992891,0.30579468671565596,-0.05141121354772417,0.020720543978454797,-0.07818869149600323,-0.0005398534452944484,-0.0015141100474258262,0.0006520118741942482,0.007276253223494898,-0.0025878525059365503,-0.00034928536467467995,0.046566904159649584,-0.07428446262298696,0.006876157519021545,0.008575485750573462,0.00286326242248938,-0.002687881648902357,21.916896616518585
1781505977.9404159,0.01737451386049497,0.7902513930809333,0.3065897527579205,-0.050316909181369135,0.020466804093917323,-0.07832553034330855,0.006760606803104474,0.8094309279992891,0.30579468671565596,-0.05141121354772417,0.020720543978454797,-0.07818869149600323,-0.0005445704595619519,-0.001568662088471433,0.0005388848222070387,0.0063763927486949964,-0.0024571258786966273,-0.00044675135204767064,0.04314861722286045,-0.06907615118862041,0.005794970847185905,0.009538316335815528,-0.001506113580151421,-0.0018554463970590156,21.93494273343139
1781505977.9504237,0.017561724509843935,0.7892034155631656,0.30662556330919166,-0.050331088668441486,0.020456873399724573,-0.07833508160159441,0.009154372107069153,0.8056549599349212,0.3059781391924248,-0.05133567905554712,0.020802609952447204,-0.0782752197615548,-0.0005414568913128535,-0.001592578461004121,0.00044124124418522,0.0055276174600696025,-0.002291922455269555,-0.0005075453477254861,0.04062326124165817,-0.06846168064403146,0.007495051326939605,0.013980813429781806,-0.004590995972511728,-0.0012460101684630038,18.48664503438242
1781505977.9604187,0.017579124084223127,0.7892164110099633,0.30667619864486534,-0.050224822767658564,0.020481512221028897,-0.07837816954678338,0.009154372107069153,0.8056549599349212,0.3059781391924248,-0.05133567905554712,0.020802609952447204,-0.0782752197615548,-0.00039814570335727556,-0.0013929306408972959,0.0007354043783805023,0.006093885430365375,-0.0017493998732430068,-0.0009083397005040124,0.03973475871448932,-0.06843794438498255,0.00554279746036254,0.012866070205785759,-0.003687772164967368,-0.002286411791254785,18.4848484882602
1781505977.9704254,0.017786160762143937,0.788200404501801,0.3067641444145057,-0.05014102514026113,0.02050388461241659,-0.07841365738813678,0.009154372107069153,0.8056549599349212,0.3059781391924248,-0.05133567905554712,0.020802609952447204,-0.0782752197615548,-0.00027805441888658624,-0.0012150088853999307,0.000962232324787139,0.006351360089512814,-0.0012950274877954896,-0.0011837936773921218,0.04062223747562134,-0.07461005835112491,0.005643991049075017,0.01247487179085064,-0.0058518897333204095,0.0005192374777542443,19.4881267689556
1781505977.9804294,0.017991112465188436,0.7871834188194664,0.30684515582850674,-0.05007635578129088,0.020523945647327846,-0.07844247934974427,0.009154372107069153,0.8056549599349212,0.3059781391924248,-0.05133567905554712,0.020802609952447204,-0.0782752197615548,-0.00017812512804857254,-0.0010567826805790558,0.0011321312498231693,0.00637041973295082,-0.000919138654486056,-0.0013577903997999757,0.040509499411990384,-0.076361111025932,0.0029966807452069207,0.007814900566956136,-0.007235139391641131,0.003051664384457149,20.494817129801227
1781505977.990421,0.018194231226427333,0.7861655138997875,0.3069201776543376,-0.050027788582556625,0.02054172515975905,-0.07846551791114445,0.009154372107069153,0.8056549599349212,0.3059781391924248,-0.05133567905554712,0.020802609952447204,-0.0782752197615548,-9.564754997990582e-05,-0.0009163724217383477,0.0012541762930140675,0.006210322218635447,-0.0006123426293999012,-0.0014510028544845596,0.038789776028609634,-0.07553656117132747,0.003897969718741497,0.008693930371311658,-0.0037928388001263877,0.0009252906678177885,21.50453431530092
1781505978.0004218,0.0183957425236959,0.7851467473520096,0.30699004148886,-0.04999261545812541,0.02055730813497214,-0.07848359259866466,0.011166992954095623,0.8020487647510832,0.3062454513132864,-0.050764273207175276,0.020649940147224433,-0.07827656592326965,-2.8224813047040032e-05,-0.0007920434665648476,0.001336259089998654,0.005920371258582427,-0.00036571232820006714,-0.0014811326531323186,0.03532627057767837,-0.07445753820761647,0.0005950619611876124,0.004297326739569473,0.0005765882590664597,0.00010683173756353295,18.39802780267884
1781505978.0104127,0.018491400832877435,0.7841527347332518,0.3069721094424412,-0.049971054901170604,0.020519142359260778,-0.07827459047767948,0.011166992954095623,0.8020487647510832,0.3062454513132864,-0.050764273207175276,0.020649940147224433,-0.07827656592326965,-0.0006351603609681772,-0.000602868761165633,0.00083036505302653,0.005462588707878974,-0.0008558203926933281,0.0009381165707700351,0.03421258055152569,-0.07532863734641253,0.0008508980294189263,0.002636098344132139,0.0021029922027057443,7.418836436980141e-05,19.350526432388158
1781505978.0204148,0.01851679232503846,0.7831083324234153,0.3069792550996719,-0.05004596371643941,0.020466045527622878,-0.07820640445993066,0.011166992954095623,0.8020487647510832,0.3062454513132864,-0.050764273207175276,0.020649940147224433,-0.07827656592326965,-0.0009658883669255439,-0.0006023329232379775,0.0004981916441191483,0.004033222753329785,-0.0013785358015374438,0.0015500493626549885,0.035807959384964214,-0.07629148001113853,0.002028761580411569,0.0026368727172486036,0.0009268518697052026,-0.0026549542789102753,20.32973181202828
1781505978.0304132,0.01855110736967337,0.782064420208286,0.30699198176089254,-0.05011270498104946,0.020422585462460896,-0.07815053461403894,0.011166992954095623,0.8020487647510832,0.3062454513132864,-0.050764273207175276,0.020649940147224433,-0.07827656592326965,-0.0012191491445461833,-0.0005942705972075649,0.00022521915549318004,0.0028518471520155714,-0.0017324369020600577,0.001966136055481676,0.03459862222682421,-0.07547841464984952,0.003205030101961266,0.0034092323042892525,0.0008573659472866825,-0.0030001694969818103,21.317984900472503
1781505978.0404058,0.018593202252132245,0.7810209138969909,0.30700964288227206,-0.050171499009775064,0.020387534450250655,-0.07810542299392932,0.011166992954095623,0.8020487647510832,0.3062454513132864,-0.050764273207175276,0.020649940147224433,-0.07827656592326965,-0.0014070122398534908,-0.0005802683664526072,3.230414871549232e-06,0.001888619752120482,-0.0019501683272806541,0.002224088648927549,0.03134051510742631,-0.07550136331126549,0.004042562955972429,0.004653255687111167,-0.0007656889656334528,-0.0003945360209238713,22.313742062556543
1781505978.0504098,0.018642060296688478,0.7799777448138219,0.3070316572261893,-0.05022272858863266,0.02035974262866902,-0.0780696076467169,0.012943762370542344,0.7982234630206879,0.306361328542174,-0.05056437653357228,0.02064698380013441,-0.07833784906194792,-0.0015399954153956946,-0.0005616751621374225,-0.0001750171188938781,0.0011152095368643423,-0.0020599158267549282,0.002356492988577829,0.030004842791291716,-0.07454308685613789,0.006723452066559557,0.008249889591884633,0.0013998631903187752,-0.0014007862622577413,19.126582880485948
1781505978.0604172,0.018653693621835003,0.7799771470672753,0.3071025821230985,-0.05025873529180562,0.02049260064249414,-0.07809208605925323,0.012943762370542344,0.7982234630206879,0.306361328542174,-0.05056437653357228,0.02064698380013441,-0.07833784906194792,-0.0013632276127865254,-0.0005204094454454485,0.0003443793919133967,0.0006053482791140807,-0.0003741373614754718,0.0019270318868352713,0.02778910626483805,-0.0771742405095193,0.004418625635752214,0.005333225733255155,-0.0006165851872339642,0.0005734376704587693,19.133238555913177
1781505978.070418,0.018748103565957026,0.77893459813539,0.30721194097831206,-0.05028961381045438,0.020604599761536946,-0.07811278134488264,0.012943762370542344,0.7982234630206879,0.306361328542174,-0.05056437653357228,0.02064698380013441,-0.07833784906194792,-0.0012040496885908454,-0.0004806883198844378,0.0007569733297252605,0.00020676806670981359,0.0008992031371324485,0.0015525000271846235,0.026570034804338314,-0.08089864698090417,0.004444564277652742,0.004840119758321663,-0.0027268458286059927,0.0022497284240281467,20.161205985569893
1781505978.0804114,0.018841636148656984,0.7778922951206766,0.3073124365710794,-0.050315804756340385,0.020697904284282087,-0.07813157338808595,0.012943762370542344,0.7982234630206879,0.306361328542174,-0.05056437653357228,0.02064698380013441,-0.07833784906194792,-0.0010610093924653158,-0.000442710457607577,0.0010786010451907051,-9.752570500035269e-05,0.0018286623716709978,0.0012293775235350205,0.02614744280336524,-0.08128689326148271,0.005834033467034583,0.005880958610557278,-0.0018656644107003897,0.0018573611641165167,21.190703380578746
1781505978.0904171,0.018824850810716717,0.776847305729743,0.307408021715404,-0.05033776650834,0.02077464758810943,-0.07814842441911916,0.012943762370542344,0.7982234630206879,0.306361328542174,-0.05056437653357228,0.02064698380013441,-0.07833784906194792,-0.0009327364166902779,-0.0004066132583696346,0.0013231281698458219,-0.0003228466675195092,0.00247502069571457,0.00095361963454109,0.024613668080933758,-0.08231961629003208,0.004818988273674883,0.004747546054049509,-0.0008459992579527564,0.0018738413560816947,22.195109109154092
1781505978.1004121,0.018807282873190112,0.7758024939819254,0.3074968548300526,-0.050355958247325444,0.020836881475966962,-0.07816335939171551,0.014339654838145255,0.7942120177774863,0.3066217300039293,-0.050272221231524895,0.02059333726635182,-0.07829131884289506,-0.0008179435980746021,-0.0003724831930945014,0.001502662603201413,-0.00048282996218259005,0.002891568139635786,0.0007208991273798684,0.023074860272691806,-0.08205134373699394,0.0019564821338833296,-0.0004476565302459904,0.00026269377552466043,0.002195805864467354,18.964074195703315
1781505978.1104152,0.01868816254513818,0.77475724347151,0.30749126188207565,-0.05027320797538498,0.020771305228029613,-0.07806523120646597,0.014339654838145255,0.7942120177774863,0.3066217300039293,-0.050272221231524895,0.02059333726635182,-0.07829131884289506,-0.0013673836771181014,-0.00038829360893499846,0.0010127901822288966,0.0004509945913910027,0.0018070628981349055,0.0016758863960858383,0.021954190274171587,-0.0864708051382123,-0.0004927456037001061,-0.005185255830108616,0.003104548151512659,0.0027736638909653,19.953792828967767
1781505978.1204238,0.01858322233949812,0.7737120209909043,0.3074930998914391,-0.05020405853239736,0.020714408723886413,-0.07798415408060659,0.014339654838145255,0.7942120177774863,0.3066217300039293,-0.050272221231524895,0.02059333726635182,-0.07829131884289506,-0.0017911332818942288,-0.0003960657120149408,0.0006067006745551094,0.0011383194341545403,0.0009450114176357668,0.002345560546252715,0.021498206139087102,-0.08624680414916093,0.00011909015878651009,-0.004983069188418726,-0.0010419345319050365,0.0050129060421424156,20.95273296897731
1781505978.1304152,0.018490656046212108,0.7726668053569758,0.3075015150554567,-0.05014699131291258,0.02066557454255924,-0.07791807149526829,0.014339654838145255,0.7942120177774863,0.3066217300039293,-0.050272221231524895,0.02059333726635182,-0.07829131884289506,-0.00210861261064809,-0.00039728639298155377,0.000273015406709334,0.001622139775132942,0.00027323476212239126,0.0027831263989817217,0.020532319076144112,-0.08358519998623457,0.00574666304431238,0.0013253342666750575,-0.0019379593915677935,0.0030081626012737825,21.959075823248597
1781505978.140408,0.018408857763806723,0.7716215862874558,0.30751574407265514,-0.050100537998728475,0.020624119043477718,-0.07786503220608505,0.014339654838145255,0.7942120177774863,0.3066217300039293,-0.050272221231524895,0.02059333726635182,-0.07829131884289506,-0.0023367582294479736,-0.0003932323008976112,1.6824498823521578e-06,0.001940240106813726,-0.0002375862635025333,0.0030348024741636286,0.018964770746780345,-0.08311923378925494,0.0024681161587316036,-0.00290019099396809,0.0006735100694834661,0.00017228792712892894,22.9714011003041
1781505978.1504173,0.018361928171350777,0.7716215168859182,0.30748393415594316,-0.05006330811344107,0.02058932773703237,-0.07782321726712588,0.015415546144988523,0.7900167127341989,0.3067496691014273,-0.05035638532745914,0.020570202994204312,-0.07817136790052091,-0.002490298307640966,-0.0003849951320863045,-0.00021615768159592689,0.002125466651969768,-0.0006138255331669676,0.0031403074362657624,0.015957941759571465,-0.08065817140121484,0.0057912009046609935,0.001196319773167291,0.0022211117557537495,4.946963230287334e-05,18.644128901940128
1781505978.1604223,0.01836934715192128,0.7716472082170641,0.30798130060880263,-0.0499289303982908,0.02071816836895435,-0.07795278222667745,0.015415546144988523,0.7900167127341989,0.3067496691014273,-0.05035638532745914,0.020570202994204312,-0.07817136790052091,-0.002354486420093917,-0.00030252027418223765,-0.00016477684511617728,0.0033896116942094805,0.0009286781244386314,0.0014553544679131584,0.015251844854657642,-0.08197593087521253,0.004160894876977136,-0.00032693959191837325,0.004183596063792142,-0.0006520201563744168,18.6461940557196
1781505978.1704137,0.018400385107629206,0.7716801387218561,0.30850931439928236,-0.05004318122861743,0.020770965164292665,-0.07797731343328075,0.015415546144988523,0.7900167127341989,0.3067496691014273,-0.05035638532745914,0.020570202994204312,-0.07817136790052091,-0.0020808023515534097,-0.00021573320804066566,5.0758476524410566e-05,0.0017778240597394268,0.0014162958123004868,0.0010578401505801347,0.015822434494668285,-0.08698096747367212,0.005666972198857106,0.0037146015941072323,0.004336196302927372,0.0001293084527804736,18.66107075484379
1781505978.1804154,0.0184299615535706,0.7717120007102426,0.30903334315373476,-0.05014092822927106,0.020814022638456997,-0.07799885749028877,0.015415546144988523,0.7900167127341989,0.3067496691014273,-0.05035638532745914,0.020570202994204312,-0.07817136790052091,-0.001834730250483346,-0.00014332932256290622,0.00022314128471744645,0.0005215064024342831,0.0017428870736137048,0.0007310283877506106,0.015814160106658752,-0.08849166676897442,0.00803430456027273,0.0073871802406761545,0.0020487432983074387,0.00024475036708621425,18.691290744960636
1781505978.1904156,0.01845814313260586,0.7717429156749277,0.3095538658602997,-0.05022363374987583,0.020848604380402147,-0.07801757239623545,0.015415546144988523,0.7900167127341989,0.3067496691014273,-0.05035638532745914,0.020570202994204312,-0.07817136790052091,-0.0016139422789610584,-8.338929911524895e-05,0.0003586981484395836,-0.0004340818284508459,0.0019398860625138388,0.0004661403390335643,0.014353256149514555,-0.08649592077957884,0.007476006632130932,0.005569920357486503,-0.0013990490563001562,0.0014541345087359047,18.73639706173411
1781505978.2004116,0.0184850008248688,0.7717729903890574,0.3100713080879594,-0.050292805221295867,0.020875889146034332,-0.07803365425677322,0.016206514301745467,0.7856584552890034,0.30705518495078676,-0.05020740298470621,0.020689543254930998,-0.07815460822022784,-0.001416249335604761,-3.4214430440331966e-05,0.0004629744895212439,-0.0011381874037698406,0.0020343928547292486,0.00025490255388229576,0.01210791891607646,-0.08185818111322114,0.007740125119248037,0.00358709288518551,-0.0018227539174391779,0.0008716604462818306,14.390782991285523
1781505978.2104192,0.018510608387320413,0.7718023191156652,0.310586047874595,-0.050349942593321456,0.02089695985084039,-0.07804732231815129,0.016206514301745467,0.7856584552890034,0.30705518495078676,-0.05020740298470621,0.020689543254930998,-0.07815460822022784,-0.0012396014311401786,5.695365483752765e-06,0.0005408183797103183,-0.0016345928353792031,0.0020495182853959427,8.964690635799829e-05,0.008984604157102047,-0.07937575934448625,0.003824439902711563,-0.0023013779348322132,0.0008213924338523746,0.002383415306307282,14.483381932269642
1781505978.2204168,0.018481543452833253,0.7718193667100741,0.31106577613116154,-0.05013750853170906,0.020817446780488025,-0.07807233867676514,0.016206514301745467,0.7856584552890034,0.30705518495078676,-0.05020740298470621,0.020689543254930998,-0.07815460822022784,-0.0014254100883580177,-3.0113425243696106e-05,0.00034988697005651547,0.0008687380556747959,0.000972620606828011,-0.00023641926079846754,0.008100344302182691,-0.07476572043493368,0.008947080277867225,0.0019303929118423206,0.0005989121601573237,0.004411543011281961,14.587013811944129
1781505978.2304277,0.018459067550430436,0.7718373131790179,0.3115480703602574,-0.049959623551112706,0.02074969250884373,-0.07809312982074727,0.016206514301745467,0.7856584552890034,0.30705518495078676,-0.05020740298470621,0.020689543254930998,-0.07815460822022784,-0.0015565108967373468,-5.847819338920113e-05,0.00019217893724161715,0.002720621444903809,0.00013911556464332384,-0.0004742455208367715,0.009395287549407442,-0.06809028346407749,0.010360400196414852,-0.003150161324575238,0.0019114144606762762,0.0019908431466300488,14.706596637740747
1781505978.2404108,0.018430080727027967,0.7718320602860802,0.3115333441119827,-0.04981249452813636,0.02069260241022075,-0.07811018389581319,0.016206514301745467,0.7856584552890034,0.30705518495078676,-0.05020740298470621,0.020689543254930998,-0.07815460822022784,-0.00164203253247996,-8.050768964615921e-05,6.314006029624718e-05,0.004033705654372466,-0.000489208604284609,-0.0006394498203184415,0.009334330820791013,-0.0605457626916927,0.012675371622211004,-0.003830394979268606,0.002076361765990456,0.0007572983759131028,14.702630917543464
1781505978.2504175,0.018418339001598588,0.7718516136946385,0.3120198653501853,-0.04969243746416343,0.020645064615204545,-0.07812396934691171,0.016697617162794942,0.782014915178404,0.30756831705436405,-0.05017707674524776,0.0207474768401561,-0.07806709907906341,-0.0016898807861555772,-9.717226363144404e-05,-4.124893441910535e-05,0.004907142804818207,-0.0009465989713810785,-0.0007457212263990922,0.00872793585882565,-0.052657831884723026,0.01664720357304858,-0.0022942998175860033,0.002807537587315319,-0.0002960682450197887,11.228083671155801
1781505978.2604103,0.018410892592543075,0.7718718146505203,0.31250812490558494,-0.049595950974377155,0.020605984739822114,-0.07813492701322267,0.016697617162794942,0.782014915178404,0.30756831705436405,-0.05017707674524776,0.0207474768401561,-0.07806709907906341,-0.001706879574186084,-0.0001093188649786797,-0.00012452695091139424,0.00542725866495051,-0.0012633945785393529,-0.0008049290530929333,0.008437219531484715,-0.04760816277224457,0.021597363119787483,0.003156223229256904,0.0027161359003026156,-0.0017893966670897475,11.411376017988223
1781505978.270414,0.018419507091731215,0.7719959108456887,0.3130402570551771,-0.04960084725989403,0.020550152458669757,-0.07820059655599623,0.016697617162794942,0.782014915178404,0.30756831705436405,-0.05017707674524776,0.0207474768401561,-0.07806709907906341,-0.0016176708735302333,0.0005664846726857177,7.30053876366689e-05,0.004796080318394398,-0.0016987290155064487,-0.001463141661531824,0.00850894507856157,-0.046306409119839395,0.02180572646344601,0.002899863526492284,0.0005136568095680866,-0.0016736867316579226,11.54501971063011
1781505978.2804208,0.018429490677500576,0.7721056206754678,0.313567526495927,-0.049609340659507895,0.020504815384702058,-0.07825456400651573,0.016697617162794942,0.782014915178404,0.30756831705436405,-0.05017707674524776,0.0207474768401561,-0.07806709907906341,-0.0015255589911723367,0.0011018236730949455,0.00023065399338541008,0.004191876204579093,-0.001978426786535799,-0.0019162560288312923,0.008001693148241434,-0.04534197437203498,0.023494379356578533,0.005150295083793036,-0.0003582376967229583,-0.0006737222113351083,11.712558104043653
1781505978.2904103,0.018440606292629003,0.7722027088131331,0.31409053099581524,-0.0496202974476867,0.020468583144191532,-0.07829828637701611,0.016697617162794942,0.782014915178404,0.30756831705436405,-0.05017707674524776,0.0207474768401561,-0.07806709907906341,-0.0014322836635642865,0.0015176182254146094,0.00035428744131479754,0.0036244221337095265,-0.0021338513595535605,-0.002203297233762521,0.007645090986692002,-0.04181486203464651,0.022657172241006305,0.0033290147025971627,-0.0007238720859802623,-0.0010307578056737918,11.910360177569906
1781505978.3004153,0.018440531856644987,0.7722648151739834,0.31411052813280527,-0.049632800556955084,0.020440164776391656,-0.07833313580982172,0.01710648695864697,0.779707964716035,0.3086488793066313,-0.050028457357494865,0.020789603354658848,-0.07811413975272341,-0.0013392562464547492,0.001832177165114247,0.0004490478724497423,0.003100036726463175,-0.002191904974790064,-0.0023580505754866726,0.007154417795694887,-0.03922195869445267,0.022397966233475567,0.002069930671603538,-0.0009840930661447408,-0.0015597374735940406,9.32790216477772
1781505978.310418,0.01847452777207602,0.7723706513041826,0.31462154509898993,-0.04959225304545723,0.020422698760851343,-0.07828069758494915,0.01710648695864697,0.779707964716035,0.3086488793066313,-0.050028457357494865,0.020789603354658848,-0.07811413975272341,-0.001113702376187355,0.0022216258646613474,0.0004888047105670043,0.003192584599836422,-0.002171410689977427,-0.0015384321458916613,0.006610942048145667,-0.03923057330827992,0.024233540840807005,0.005474329460975882,-0.0023358289325828008,-0.0011562019675469427,9.559311713620776
1781505978.3204076,0.01846738721292391,0.7724636673718613,0.3151559050767693,-0.049515608226415764,0.020364686843345803,-0.07826718737065841,0.01710648695864697,0.779707964716035,0.3086488793066313,-0.050028457357494865,0.020789603354658848,-0.07811413975272341,-0.00116459346916051,0.002519997774550396,0.000660251856461457,0.003677805752923563,-0.0025741629387394972,-0.0012545704187903847,0.006870628435758603,-0.04162605654094288,0.025119558425486087,0.004856028137373669,-0.0026836315085130807,-0.0013955527436009813,9.832257008750968
1781505978.330413,0.018463583635514584,0.7725454802339401,0.31568471551754207,-0.04945449928862401,0.020318311433696445,-0.07825479355647567,0.01710648695864697,0.779707964716035,0.3086488793066313,-0.050028457357494865,0.020789603354658848,-0.07811413975272341,-0.001190690890553639,0.0027275918027373225,0.0007895189608376934,0.003940698568059642,-0.0028054634905061385,-0.001007540575241921,0.006140074665475648,-0.040875041976543076,0.026853875843040522,0.005439886660587485,-0.002155066453970302,-0.0011048667162907823,10.131430626193822
1781505978.3404071,0.018462665533583195,0.7726175650820428,0.3162086927800254,-0.04940670356496415,0.020281924275795893,-0.07824357447018754,0.01710648695864697,0.779707964716035,0.3086488793066313,-0.050028457357494865,0.020789603354658848,-0.07811413975272341,-0.0011965539372227733,0.002859681357530744,0.0008832871148452603,0.004029811047327103,-0.002901971327489099,-0.0007948697109566463,0.005136019949887238,-0.03598185856712341,0.026154188766022803,0.004114737728755799,-0.0019308367530316921,-0.0008061654575202151,10.452931026718908
1781505978.350412,0.01846423324734102,0.7726812296914525,0.31672847676031385,-0.04937019125774949,0.020254017002224733,-0.07823354195404994,0.01742337276128969,0.777742596089336,0.3099253895329378,-0.04979111002447484,0.02070697469697924,-0.07817103558714247,-0.001186099080351331,0.0029294842394111133,0.0009473695268341975,0.003986275694793584,-0.0028948430365745045,-0.0006137644088816757,0.004507707512980169,-0.028601892211439044,0.02623442313556504,0.0037646796814581494,-0.0008700010824574204,-0.0011397150928814605,8.542998079616725
1781505978.3604336,0.01846906749994475,0.7727373217187348,0.317263171207504,-0.04922224582349055,0.02021496841429382,-0.07816010732959697,0.01742337276128969,0.777742596089336,0.3099253895329378,-0.04979111002447484,0.02070697469697924,-0.07817103558714247,-0.0011561055467171656,0.0029268994610813365,0.0010985642699244383,0.005150028062624088,-0.003044005203488935,0.00023277139036596752,0.004817597704513441,-0.024630846720581117,0.030747260419220733,0.005174599437951408,-0.0005532241331898633,-0.001425033299189083,8.943673122104181
1781505978.3704104,0.018450628131538277,0.7727948102380578,0.3178202084446895,-0.04909917646975174,0.020221178195467093,-0.07813700701949698,0.01742337276128969,0.777742596089336,0.3099253895329378,-0.04979111002447484,0.02070697469697924,-0.07817103558714247,-0.0012777277525584721,0.002952714730949936,0.0014010827091070245,0.005926254060123173,-0.0026563147364092876,0.0004625000996869058,0.00540482577012916,-0.025279489329822758,0.031913840717598285,0.0021158696909179156,-0.0009344218640663486,-0.0014948699170785542,9.373580109817464
1781505978.380412,0.01843722871822674,0.7728457639266771,0.31836813085271015,-0.04900111640595183,0.02022881484927752,-0.07811812261839234,0.01742337276128969,0.777742596089336,0.3099253895329378,-0.04979111002447484,0.02070697469697924,-0.07817103558714247,-0.0013591726861650315,0.0029360246427866483,0.0016261832496785008,0.006345639105076961,-0.002293117092978093,0.000621951808784939,0.005470077377697247,-0.02401255256047008,0.031070906857317802,0.0004325211917987843,-0.002132636094557179,-0.0013290213917506964,9.812581216135682
1781505978.3904104,0.01841621653039569,0.7728675455126979,0.3184088311776172,-0.04892447915916522,0.02023731211374269,-0.07810291348905271,0.01742337276128969,0.777742596089336,0.3099253895329378,-0.04979111002447484,0.02070697469697924,-0.07817103558714247,-0.0014073323942752213,0.0028854238747215823,0.001786282527312409,0.006486174874452096,-0.001958213742873666,0.0007243868123445961,0.00494236681918057,-0.0202234536508959,0.03421192616534029,0.006219006713967834,-0.002905822928627061,-0.0006931650984052808,9.83466517037126
1781505978.400412,0.018410961958556012,0.7729081979570691,0.3189419634999904,-0.048865991110467404,0.020246221999515646,-0.07809087413810298,0.01767109095998659,0.7765492397295211,0.31149043694173567,-0.049606503291684104,0.020650988292890693,-0.07822286526410983,-0.0014281613845802431,0.0028082416863580905,0.0018921719157737374,0.00641393093812377,-0.0016536782700294224,0.0007813002755528766,0.004249355730562468,-0.01621163767085169,0.03484542910421081,0.006832047257542555,-0.002680007872303445,-5.963301802873014e-05,8.326454367354652
1781505978.410412,0.018396971152736995,0.772921286263048,0.31896986247488796,-0.04882270265544599,0.020255197429762672,-0.07808153917476175,0.01767109095998659,0.7765492397295211,0.31149043694173567,-0.049606503291684104,0.020650988292890693,-0.07822286526410983,-0.001426786083936348,0.00271069862411865,0.0019532013345384654,0.006184235483692852,-0.00138023291187608,0.0008025504151674221,0.003664324763536945,-0.014080616431253787,0.0328827202476943,0.0052223461038027955,-0.0035515954083577108,0.000865927701473604,8.344504461925313
1781505978.4204147,0.01843301524341489,0.7730131656445154,0.3194327224573329,-0.04889037372860136,0.020225106135261406,-0.07809079741121425,0.01767109095998659,0.7765492397295211,0.31149043694173567,-0.049606503291684104,0.020650988292890693,-0.07822286526410983,-0.0011791162136687364,0.0029751667975058326,0.001582150526704231,0.00477238759980835,-0.0015527612146603305,0.0005979760979513832,0.0031839727379628867,-0.015011627409446629,0.03163610660617474,0.0018683793595199718,-0.0026678560514422738,0.0010833384182637488,8.727213057992332
1781505978.4304185,0.018466283997705762,0.7730937597785759,0.31989977066193986,-0.048951685493105815,0.020201193594127087,-0.07809919987605878,0.01767109095998659,0.7765492397295211,0.31149043694173567,-0.049606503291684104,0.020650988292890693,-0.07822286526410983,-0.0009653528914678667,0.0031497763625737705,0.001264233446319255,0.0035839030398368793,-0.0016395280099212517,0.00042833856337307346,0.0029510490377364744,-0.016052262349373063,0.03407513703562985,0.004522263908079492,-0.002289199422427728,0.001148971612130388,9.126311811262232
1781505978.4404192,0.018497058269822238,0.7731645747272793,0.3203705884820757,-0.0490065541869032,0.020182565143653797,-0.0781067316894844,0.01767109095998659,0.7765492397295211,0.31149043694173567,-0.049606503291684104,0.020650988292890693,-0.07822286526410983,-0.0007815174340901302,0.003250037368878999,0.0009929990280347907,0.0025953094999235766,-0.001659661448188632,0.00028951858412976745,0.0023237599345815514,-0.015503219706395427,0.03447025226066681,0.00501487229250629,-0.0022199407714045033,0.0019096230875977446,9.539144120607531
1781505978.4504156,0.018525594561819285,0.7732269424808066,0.3208447939155938,-0.04905509341572782,0.020168405814480206,-0.07811340542748606,0.01782922394293418,0.7757867513248227,0.31315850744233054,-0.04936160373213993,0.020536978328386635,-0.07816629361216666,-0.0006240366450100839,0.0032893429395305096,0.0007626770130549294,0.0017835483171359757,-0.0016293175719611051,0.00017758691257746905,0.0020127053310661854,-0.01425866436401232,0.03277690733630675,0.0031940845586476982,-0.002119586365993408,0.0018364799503025233,8.131208588261583
1781505978.4604151,0.01855212662004404,0.773282038689807,0.3213220387131438,-0.049097561554048784,0.02015798265083779,-0.07811925390639185,0.01782922394293418,0.7757867513248227,0.31315850744233054,-0.04936160373213993,0.020536978328386635,-0.07816629361216666,-0.0004897081175814192,0.003279217081450214,0.0005681167908441508,0.001126501959217741,-0.0015619832810671679,8.886402256636929e-05,0.0018609531245855323,-0.013226503799729313,0.034447637227847605,0.005494023284542799,-0.002074951212109513,0.0019702321388200047,8.569680068364598
1781505978.4704087,0.018534912765245937,0.7733204111955087,0.3218430772198325,-0.04905485324508781,0.020169216227777786,-0.07807331031377897,0.01782922394293418,0.7757867513248227,0.31315850744233054,-0.04936160373213993,0.020536978328386635,-0.07816629361216666,-0.0006473330885544545,0.0031484101540645553,0.0006754961334933544,0.0014596572620022728,-0.0012935517184879505,0.0005860371089097888,0.002480357287654861,-0.013008810890420377,0.03699309431511057,0.005257583693536504,-0.0022016729642155442,0.0014600940400588374,9.055527735460881
1781505978.4804332,0.018522212216630897,0.7733548626884513,0.3223605956588642,-0.04902028332831289,0.0201798233592152,-0.07803526347155078,0.01782922394293418,0.7757867513248227,0.31315850744233054,-0.04936160373213993,0.020536978328386635,-0.07816629361216666,-0.0007656678159012458,0.0030035083111455262,0.0007531381650158519,0.0016693274307201373,-0.0010570150320034788,0.0009425075219621959,0.0029439768904253078,-0.011962691843235016,0.03551761709386146,0.0034859722862845438,-0.002243480481768399,0.0006988173488570559,9.543204002433415
1781505978.4904103,0.01851344699562778,0.7733860255511663,0.32287506452860826,-0.04899275760935075,0.020189671106624285,-0.07800417481372261,0.01782922394293418,0.7757867513248227,0.31315850744233054,-0.04936160373213993,0.020536978328386635,-0.07816629361216666,-0.0008509619693606057,0.0028491275019282107,0.0008059240781634636,0.001780734381507967,-0.0008508512462640838,0.0011837974009590861,0.0032215400194278787,-0.010836428470878979,0.033627778186247174,-0.0003319445219369495,-0.003085596896562142,0.0006714397559672466,10.032104815891282
1781505978.500421,0.018508103318163407,0.7734144515114644,0.3233868991192196,-0.0489712634129619,0.0201986805640888,-0.0779791506589172,0.01796203001836222,0.7751654648641293,0.31488564858292795,-0.04921098436821168,0.020435258518258337,-0.07810697411673677,-0.0009086512736304078,0.0026890933946595147,0.0008380873156874457,0.0018154659612784304,-0.0006730884827118377,0.0013321822305737059,0.0032719590002308384,-0.009156159651749018,0.033841659985086314,0.0009959423669467105,-0.0026096450943071726,0.0002307051486312732,8.696867510245598
1781505978.5104086,0.018513333967622142,0.7734320652595731,0.32341508629502336,-0.04895217625809819,0.020235282467679028,-0.07790630651658056,0.01796203001836222,0.7751654648641293,0.31488564858292795,-0.04921098436821168,0.020435258518258337,-0.07810697411673677,-0.00082120575109834,0.002603160088817546,0.0009794249222785704,0.0018095614789788586,-0.00023940118769856105,0.0020004271175021082,0.003100661507913749,-0.008440727746346046,0.03542299113530525,0.0010519428942186338,-0.004113587653617126,0.0010817473136184473,8.72123373829991
1781505978.5204115,0.018529999396292726,0.7734814302927038,0.3239157889218896,-0.049110895540093694,0.02028379514201406,-0.07797571316484854,0.01796203001836222,0.7751654648641293,0.31488564858292795,-0.04921098436821168,0.020435258518258337,-0.07810697411673677,-0.0007414031919005528,0.002614811998229656,0.0009449739292724019,-0.0001054003409165854,0.0003527887982750897,0.0010513447494231484,0.003151354061986774,-0.009586724253269313,0.03527453538827752,-0.003797177346863131,-0.0017003830807764146,0.0002549297883468884,9.203368741573144
1781505978.5304227,0.018546449193772456,0.7735258108362556,0.32441583661285683,-0.04924431726782946,0.020324219841912017,-0.0780350450234017,0.01796203001836222,0.7751654648641293,0.31488564858292795,-0.04921098436821168,0.020435258518258337,-0.07810697411673677,-0.0006679455086357782,0.0025910335152625145,0.0009053438178281343,-0.0015373276178553808,0.0007868478013590835,0.00031144904646293733,0.0023530694024171952,-0.009079325037888825,0.035365998441858074,-0.005664566406171601,-0.001370693651335683,0.001436118793939856,9.687852960770487
1781505978.5404062,0.01856266578613176,0.7735659344093831,0.3249153594195386,-0.049355131843484536,0.020357479313180882,-0.07808520281047357,0.01796203001836222,0.7751654648641293,0.31488564858292795,-0.04921098436821168,0.020435258518258337,-0.07810697411673677,-0.000600512104859659,0.002539113762033753,0.0008620582028993503,-0.0025681386295207526,0.0010905412552153597,-0.00025145663993837394,0.0019403448197958416,-0.006902455064054748,0.03574348512586941,-0.0035193166647689033,-0.0012894003067329036,0.0018198987225638598,10.174200728667063
1781505978.550455,0.018578638500657087,0.7736024359936418,0.3254144649184805,-0.049445973995009926,0.02038446083200607,-0.07812711280471375,0.018095540920430253,0.774734688210337,0.31668353415058487,-0.04933203791135608,0.020316908777429754,-0.07805010982310408,-0.0005387692806158914,0.0024652608285528842,0.0008163865206063495,-0.003270191390545947,0.0012882418182125995,-0.0006663410133638408,0.0014876498981811893,-0.005106638951408679,0.037190024358581986,-0.0017967697507193614,-0.0012224605084488124,0.002375058967483667,8.817285887846577
1781505978.5604174,0.01859436238556295,0.7736358690646121,0.325913241951983,-0.04951936461166553,0.020406000818074865,-0.07816169504370095,0.018095540920430253,0.774734688210337,0.31668353415058487,-0.04933203791135608,0.020316908777429754,-0.07805010982310408,-0.0004823770451178438,0.0023747363184718467,0.0007693780740816299,-0.0037067001513008016,0.0014011127850826538,-0.000958961197533421,0.0013341759862792284,-0.004902845193056311,0.03957016109223747,0.0023110149986434562,0.00025044585520100167,0.0013533032986600688,9.30826151696859
1781505978.5704238,0.0185832768252038,0.7736795885840669,0.3264270518823701,-0.04964394715490163,0.020421277458568365,-0.07814630227102169,0.018095540920430253,0.774734688210337,0.31668353415058487,-0.04933203791135608,0.020316908777429754,-0.07805010982310408,-0.0006031042391671726,0.0023310485542280737,0.0008198298631769618,-0.004665548918619251,0.0014063362257742836,-0.0006782099559002194,0.0012632394721579835,-0.0061652970816785885,0.039973780905501556,-0.001247490918689541,0.0007453978960843346,0.001369258079946319,9.812607162409666
1781505978.5804148,0.018575810121800505,0.7737192405902639,0.3269384359217695,-0.049744434089496616,0.02043286817873624,-0.07813267123678254,0.018095540920430253,0.774734688210337,0.31668353415058487,-0.04933203791135608,0.020316908777429754,-0.07805010982310408,-0.0006923788462429399,0.0022664404379420904,0.0008499431281615923,-0.005256274480507414,0.0013717473748469,-0.0004492930800337192,0.0016816278410583742,-0.0059179643641740515,0.0396159939015917,-0.001115029223559523,0.0008545199669689398,0.00019958177010794904,10.316239756400737
1781505978.5904138,0.018571493296357107,0.7737554090407991,0.32744771828252944,-0.04982411640024615,0.020441379789274405,-0.07812073274010023,0.018095540920430253,0.774734688210337,0.31668353415058487,-0.04933203791135608,0.020316908777429754,-0.07805010982310408,-0.0007552729610011893,0.002185856675130161,0.0008633476063850942,-0.005555007667364298,0.0013082771565755113,-0.00026547877153945785,0.001755819035858153,-0.005183641376578987,0.040071030227770574,-0.0008122548306858514,0.0009882681418566333,-0.000437046581392485,10.819111718734058
1781505978.60042,0.018569910692510336,0.7737886108802536,0.32795518493544973,-0.04988602939208211,0.02044735124170516,-0.07811038878123085,0.018171145511625464,0.7744663892408419,0.31864978337724326,-0.04934797971415607,0.02033377549065052,-0.078010088983419,-0.0007961925924823479,0.002093469170290396,0.0008631688708363185,-0.00562678345054882,0.001224905841926414,-0.00012048885357199483,0.0018787207895305553,-0.0038901973259362283,0.04100497546674415,0.000938324493161615,0.001714309202567839,-0.0013347018315146156,9.33857030465795
1781505978.6104124,0.018558566465028795,0.7737952190072938,0.327961815426951,-0.04993293371107817,0.020451255899946785,-0.0781015224192156,0.018171145511625464,0.7744663892408419,0.31864978337724326,-0.04934797971415607,0.02033377549065052,-0.078010088983419,-0.0008189532054691064,0.001992776581745419,0.0008520881607073294,-0.005526542841503828,0.0011289064446510415,-8.556805319486936e-06,0.001997536787916028,-0.0030760926044246526,0.040640752880167996,-0.0021993621169937175,0.0016030687856627597,-0.0014494304647242337,9.344223101591783
1781505978.620416,0.01856608372500037,0.7738010445315231,0.32848478444854606,-0.04965647320982836,0.02044554982306246,-0.07812436692375185,0.018171145511625464,0.7744663892408419,0.31864978337724326,-0.04934797971415607,0.02033377549065052,-0.078010088983419,-0.0007923301408929834,0.0017880802916719425,0.0009457866325296674,-0.0018999746670739287,0.0009559773765765526,-0.0002597407598275448,0.0020936233767248577,-0.0036653343570112167,0.04257360929209225,-0.005861553774685246,0.0016985117485505768,-0.0012061011835339521,9.865389290196795
1781505978.6304119,0.018574662213830553,0.7738083177367133,0.3290039198569504,-0.049422195049548596,0.02043989104718369,-0.07814329946960209,0.018171145511625464,0.7744663892408419,0.31864978337724326,-0.04934797971415607,0.02033377549065052,-0.078010088983419,-0.0007609182320207398,0.0016010988127258315,0.0010090211731819214,0.0008692985372714787,0.0008002450992126789,-0.00044082281756454384,0.001800028406131411,-0.003788320756086014,0.041453646238373776,-0.007908119610406966,0.0013787718628840843,-0.0009623267077118661,10.382871764300388
1781505978.6404135,0.01858414028868666,0.773816997013421,0.3295197201395999,-0.04922593555667137,0.020434421479399667,-0.0781587829461512,0.018171145511625464,0.7744663892408419,0.31864978337724326,-0.04934797971415607,0.02033377549065052,-0.078010088983419,-0.0007260599882961744,0.0014307075537480143,0.0010469988419345815,0.0029204268043964967,0.0006616592791891681,-0.0005644261345412373,0.001652515749664413,-0.002605236431082712,0.04291591202746043,-0.0038297331157082955,0.00036907248543099056,-0.0006630936135352492,10.89714642319479
1781505978.6504095,0.01859437630860654,0.7738270244029286,0.3300326285696572,-0.049063534349525185,0.020429242511122547,-0.07817125847685612,0.018261213610643534,0.7742979071478944,0.320742581243849,-0.049599661443961246,0.020367028237116003,-0.07806097058164366,-0.0006888768088196143,0.0012757935082162693,0.0010642197563855947,0.004377328222368695,0.0005397131918372469,-0.0006415814271267981,0.0011017230208997216,-0.001610015442273382,0.040527657685795984,-0.0028507676855145797,0.0008878771876011677,-0.0006469356680346434,9.307937862844607
1781505978.660414,0.01860524650650277,0.773838330207867,0.3305430384209418,-0.0489309473954653,0.020424422367428363,-0.07818113884273414,0.018261213610643534,0.7742979071478944,0.320742581243849,-0.049599661443961246,0.020367028237116003,-0.07806097058164366,-0.0006502983819787165,0.0011352670723665701,0.001064559499278481,0.005349116089960205,0.0004335719407159769,-0.0006818244937447821,0.0010957009182389764,-0.001572356976036722,0.04058825717877188,-0.0031928504297271234,0.0008961642153204206,-0.0004000148311534057,9.817256769447738
1781505978.6704175,0.018603180922644715,0.773884015052298,0.3310086294506223,-0.049050429938449575,0.02034550940996671,-0.0781252537140584,0.018261213610643534,0.7742979071478944,0.320742581243849,-0.049599661443961246,0.020367028237116003,-0.07806097058164366,-0.0006922045262886472,0.001166234640349697,0.0007497608094878603,0.0034483540154796304,-0.0005041330273400068,-4.03152481067595e-05,0.0009093951725409482,-0.0022545689102149457,0.041272714332856855,-0.004186674098675337,0.001190581751637368,3.4619071034796645e-05,10.28007753341713
1781505978.68042,0.018603473150192455,0.7739260000980647,0.3314784832983179,-0.049154094394206864,0.020279607093275587,-0.0780782262417492,0.018261213610643534,0.7742979071478944,0.320742581243849,-0.049599661443961246,0.020367028237116003,-0.07806097058164366,-0.0007170747196739595,0.0011763171954722218,0.0004875486421401452,0.0019297879566115468,-0.0011929160691282617,0.00044146511886726726,0.0006835124916550689,-0.00219402721003335,0.04179336463256185,0.00199655180356809,9.353718177045994e-05,0.0005679749554240194,10.747792767320863
1781505978.690411,0.018605813971696434,0.7739647550021188,0.33195211652384543,-0.04924306868675137,0.020225256093276744,-0.07803912436578925,0.018261213610643534,0.7742979071478944,0.320742581243849,-0.049599661443961246,0.020367028237116003,-0.07806097058164366,-0.000727953778426993,0.0011695060667696565,0.000270874017595693,0.0007391553707047742,-0.001676338485255342,0.0007903744716492302,0.0011145370122777202,-0.0021164464093269054,0.04209032354624366,0.0045985879553942744,-0.0004492787161379127,2.462884219693788e-05,11.219778115210515
1781505978.700409,0.018597960075409127,0.773976915155956,0.3319298082079775,-0.049318600173741234,0.020181046982199247,-0.07800703248149446,0.018306511937059733,0.7741927714440001,0.32277385239259254,-0.04963384559399164,0.020391741856788048,-0.078058103995547,-0.0007274632812035096,0.0011492194461619662,9.350119734250921e-05,-0.00017317717786435112,-0.0019926600613268232,0.0010301745283953691,0.0010578837647110095,-0.0015732277885692455,0.040409740006107094,0.003990469050157117,-0.0010469651468105001,9.087676247454806e-05,9.163136081479825
1781505978.7104173,0.018603617975829524,0.774010407186187,0.3324097565083295,-0.04938199154158353,0.020145646285592234,-0.0779810724037432,0.018306511937059733,0.7741927714440001,0.32277385239259254,-0.04963384559399164,0.020391741856788048,-0.078058103995547,-0.0007178518247840568,0.0011183721145175678,-5.007369584908436e-05,-0.000852016108532054,-0.002175121187384089,0.0011816564982620953,0.0009747948393450077,-0.0008544123929414279,0.041993662988431095,0.0031533045996075663,-0.0008037552541865318,0.0003311179914304663,9.642208089876378
1781505978.7204163,0.01860487547532535,0.774034689524441,0.3328723758058467,-0.04931132804538269,0.020138027006712855,-0.07799436805492221,0.018306511937059733,0.7741927714440001,0.32277385239259254,-0.04963384559399164,0.020391741856788048,-0.078058103995547,-0.0007383103357667579,0.0010647224322632245,-0.00028590672127253394,1.5359243371058386e-05,-0.002013557904009317,0.0009035997705018454,0.0012685640453509168,-0.0005473999991773891,0.04513307810071304,0.005704219696628661,-0.0008332873921175928,-4.815826553925864e-05,10.104166755467801
1781505978.7304142,0.018587404926494137,0.7740313783197387,0.33290348916601104,-0.04911100044344027,0.02001877606697766,-0.07796190125080729,0.018306511937059733,0.7741927714440001,0.32277385239259254,-0.04963384559399164,0.020391741856788048,-0.078058103995547,-0.0007854043139914518,0.0009900272491431613,-0.000115373854323025,0.002193596937812121,-0.003111388922163537,0.001094831991332594,0.0015596296623449036,-0.0008695749638127456,0.04447032231734866,0.002439414860325009,-0.0008778832642028729,-7.398210033490556e-05,10.134815724692013
1781505978.7404156,0.01857295446095072,0.7740280018988275,0.33292994745594523,-0.048944547839588654,0.01992127399807142,-0.07793575824554316,0.018306511937059733,0.7741927714440001,0.32277385239259254,-0.04963384559399164,0.020391741856788048,-0.078058103995547,-0.0008132582252207317,0.0009175193110226835,2.2987256764757055e-05,0.0037656295924470675,-0.003848796655974811,0.001208130908999431,0.0014247250713316866,0.00016385419976260043,0.044035450822697685,0.006754914557156076,-0.0012859462168045895,-0.00023602229869242573,10.160925526614722
1781505978.750418,0.018561118411006584,0.7740246272062836,0.3329523167120273,-0.04880803194111965,0.019842737968695845,-0.07791506429928349,0.01837110880089199,0.774160185138149,0.3249407519078016,-0.04937509539508448,0.020357270937146232,-0.07805354299205976,-0.0008253137898764481,0.0008476859836641851,0.00013376857021275395,0.004840423100919012,-0.004295964729042028,0.0012599398471592894,0.0014311653918761419,-0.0005514065568288313,0.0404172832579295,0.0007303315915484035,-0.00253936753895075,0.000531615988139322,8.014964143222082
1781505978.7604144,0.018551534899502863,0.774021304971839,0.3329711112048648,-0.04869768272079999,0.019780563374401483,-0.07789901600721005,0.01837110880089199,0.774160185138149,0.3249407519078016,-0.04937509539508448,0.020357270937146232,-0.07805354299205976,-0.0008245341098039329,0.0007808846211831167,0.00022100585083866501,0.005513232573678289,-0.004513424472023445,0.0012642613516258374,0.0011389116480581387,0.0002543745181748363,0.041800613764126526,0.002536405420244742,-0.0028369541847184303,0.0008962939130664859,8.033586479125217
1781505978.7704117,0.01853816237125344,0.7740307387722205,0.33298175065602237,-0.048802808424913725,0.019737403070091863,-0.07796547260282664,0.01837110880089199,0.774160185138149,0.3249407519078016,-0.04937509539508448,0.020357270937146232,-0.07805354299205976,-0.0008512145628433468,0.0008014914866886565,0.00025914300813415034,0.00377802008122381,-0.004456022847905446,0.00037881184681137683,0.0010133983599270593,-5.500603533682424e-05,0.04074526167462766,0.00011486800805209129,-0.0041325148984076,0.0014265627689521553,8.04377548952672
1781505978.7804215,0.018527266008152604,0.7740384554345544,0.3329904438054711,-0.048894707361215206,0.019705164927309005,-0.07802190920772309,0.01837110880089199,0.774160185138149,0.3249407519078016,-0.04937509539508448,0.020357270937146232,-0.07805354299205976,-0.0008618471614312525,0.0008078784141271389,0.00028647488908471454,0.0023744548047211905,-0.004291050343649205,-0.0002949663968371748,0.0007282438049932577,-0.0005042774633721525,0.03751080473557936,-0.0001291876756594415,-0.003632931307559788,0.0015326620921156573,8.052126603669553
1781505978.7904117,0.01851849316646889,0.7740446991988009,0.3329974717338697,-0.048974180773620826,0.019681993814643306,-0.07806929500443542,0.01837110880089199,0.774160185138149,0.3249407519078016,-0.04937509539508448,0.020357270937146232,-0.07805354299205976,-0.0008594622474900924,0.0008027690281995389,0.0003047862615965992,0.00125780463655833,-0.004049991847667188,-0.0007917104528357741,0.0006990451045378364,-0.000783534654785275,0.034628609855274294,0.0023236683438222568,-0.0038798697992730277,0.001097799995641801,8.058895303275897
1781505978.8004224,0.01851153305397047,0.7740496831203859,0.333003083089479,-0.049042169019071845,0.019666251402112422,-0.07810860350836338,0.018415114107146302,0.7741401926103366,0.3268625115913611,-0.04933344134757214,0.020183354843644752,-0.07799013938701604,-0.0008466574432594338,0.0007884954516563994,0.0003156241884294425,0.00038669874993375907,-0.0037585212343329262,-0.001142216845878522,0.0005820221409172517,-0.0004538964554057741,0.03040502273542861,0.0006902278372678878,-0.003953661180145675,0.000967786008437291,6.141995352047735
1781505978.8104243,0.01850611269987631,0.7740535928941858,0.33300749660346896,-0.04909969096590403,0.019656506648791927,-0.07814078491282815,0.018415114107146302,0.7741401926103366,0.3268625115913611,-0.04933344134757214,0.020183354843644752,-0.07799013938701604,-0.0008256500807235426,0.0007670459696305103,0.0003203253061769669,-0.00027658252287167927,-0.0034372554588532863,-0.0013735619656732258,0.0005341897940858601,9.10482953113419e-05,0.030463337810994813,0.003521059036960525,-0.0035518955103628334,0.00028648520610917715,6.146268872555649
1781505978.820412,0.018483907798045107,0.7740646645699825,0.3329428140071724,-0.049126650258024734,0.019655922321532904,-0.07814272634560207,0.018415114107146302,0.7741401926103366,0.3268625115913611,-0.04933344134757214,0.020183354843644752,-0.07799013938701604,-0.0009154381294531342,0.0007857628718008056,-0.00011584937177242882,-0.0005402871431770523,-0.003067352911641169,-0.001245082828569074,0.0005385599479231896,-0.0008342003123307248,0.02924523725176169,0.0005730341145866975,-0.003960878476584518,-0.00020390527705986381,6.081160623146546
1781505978.83041,0.018464693671545514,0.7740645193483536,0.3328968235987613,-0.04916634116615016,0.019681419359171892,-0.07818174015463396,0.018415114107146302,0.7741401926103366,0.3268625115913611,-0.04933344134757214,0.020183354843644752,-0.07799013938701604,-0.000983079345487289,0.0007440287301838474,-0.0003936958022682676,-0.0009062536889153382,-0.0024335702025493843,-0.0015207935700751012,0.0006207696315958744,-0.0009975419437754658,0.027711942388223,-0.0006651753178500597,-0.0036807387309518856,-0.0006995395074445128,6.03499013905075
1781505978.8404112,0.01844879594794248,0.7740640644882163,0.33285747450863257,-0.04919886862504659,0.019705163806516213,-0.07821326929474355,0.018415114107146302,0.7741401926103366,0.3268625115913611,-0.04933344134757214,0.020183354843644752,-0.07799013938701604,-0.0010249232842258042,0.0007010980822753509,-0.0006117549316275249,-0.001155659498818054,-0.0018920860194533199,-0.0016857405236457262,0.000668706709109965,-0.0002624172771934711,0.02656259851220683,0.00376825410120326,-0.003927747813241501,-0.0014430165096554386,5.9955408710838665
1781505978.8504171,0.018435756643923364,0.7740633689227232,0.33282397100554373,-0.049225138145825735,0.019726945479555225,-0.07823832742114777,0.018415114107146302,0.7741401926103366,0.3268625115913611,-0.04933344134757214,0.020183354843644752,-0.07799013938701604,-0.0010455276561528223,0.0006577508861385465,-0.0007790553901941141,-0.0013109018508289634,-0.0014345796007077017,-0.0017631822565413768,0.0007652039272794739,0.00042744397904532344,0.025173767326083805,0.005065616411412196,-0.003364003123799734,-0.0021368672519052855,5.961990132518661
1781505978.8604143,0.01842517265963585,0.7740624894833013,0.3327955977602589,-0.04924599953389479,0.01974666053318619,-0.07825785113047602,0.018449010766213525,0.7741265588344715,0.32831174447058153,-0.04916780471974002,0.02000431129451674,-0.0780242811074062,-0.0010488203957593947,0.0006146185492560145,-0.0009034882839097794,-0.0013913401612280238,-0.001052517853685692,-0.0017729405357335428,0.000857194484799675,0.0006627110292509552,0.026010319088929843,0.00568214718208958,-0.003266480702957514,-0.00257364746553871,4.484374366668689
1781505978.8704088,0.018425747459617885,0.774053126344559,0.33277834071204093,-0.04915731661605576,0.019760734824367354,-0.07816688945608252,0.018449010766213525,0.7741265588344715,0.32831174447058153,-0.04916780471974002,0.02000431129451674,-0.0780242811074062,-0.0009807916412091528,0.0004926351399101442,-0.0009514770381578357,-0.00029090629545953407,-0.0008329432264894309,-0.0005801983011777324,0.000715126023044582,-2.014640325964858e-05,0.02491828884407404,-0.0007003316172426047,-0.0020930135055797243,-0.0028303138084729202,4.467260401658685
1781505978.88041,0.018426791006607886,0.7740447862478533,0.3327640259334638,-0.049082448188612314,0.019773356432803757,-0.0780898873774587,0.018449010766213525,0.7741265588344715,0.32831174447058153,-0.04916780471974002,0.02000431129451674,-0.0780242811074062,-0.0009137523574977147,0.0003884679464069012,-0.0009779449415157448,0.0005415776206690755,-0.0006456223879940932,0.0003293614160661905,0.0005994718950608473,-0.0007650629430496098,0.022961027262621073,-0.004079131456333161,-0.0012672890255546428,-0.003220141845515157,4.453087771239685
1781505978.8904102,0.018428194623970114,0.7740373581356886,0.3327522605967523,-0.04901998003712625,0.019784545241606333,-0.07802545255375147,0.018449010766213525,0.7741265588344715,0.32831174447058153,-0.04916780471974002,0.02000431129451674,-0.0780242811074062,-0.00084835685020514,0.00029992303677126345,-0.0009868011083497801,0.0011505075577521516,-0.0004875959754301615,0.0010018457475950166,9.899064091919844e-05,-0.0012957529510029865,0.020300673173373848,-0.0028642695986637002,9.17086997170928e-05,-0.003188626897302745,4.441460744307405
1781505978.9004104,0.018429867135484158,0.7740307455280234,0.33274269596113987,-0.04896851308188233,0.019794355151082632,-0.07797219775996239,0.018449010766213525,0.7741265588344715,0.32831174447058153,-0.04916780471974002,0.02000431129451674,-0.0780242811074062,-0.0007851095499683534,0.0002250412311162341,-0.000981406829307461,0.0015752673984781793,-0.0003558447014862428,0.0014782904040426578,7.361772345620995e-05,-0.00027420282992735853,0.017675899569492604,-0.001525451969473636,-0.00036365726987519845,-0.002330269859363337,4.432028630319429
1781505978.9104114,0.018431732475804527,0.7740248641035896,0.3327350232324427,-0.048926697879115875,0.01980286409102705,-0.07792877756681009,0.018476234018577342,0.7741068921912424,0.32943598011004843,-0.049204479649104196,0.019915093442159915,-0.07816330437044401,-0.0007243881801953751,0.00016207662702713194,-0.0009646410258970455,0.0018504075416396202,-0.0002473870428554947,0.0017948080423193364,-0.0002554827364580777,1.4672229185513369e-05,0.01582973905758566,-0.0015947192936421628,-0.0004915467016847295,-0.0013569928008107075,3.3003627857994675
1781505978.9204059,0.01843372758985791,0.7740196397012482,0.3327289697246125,-0.048893259115078545,0.01981016588886475,-0.07789391468401126,0.018476234018577342,0.7741068921912424,0.32943598011004843,-0.049204479649104196,0.019915093442159915,-0.07816330437044401,-0.0006664639609934914,0.00010947665787425605,-0.0009389589077736134,0.0020059110429803723,-0.00015935139690105934,0.001982834177410486,-0.0004389833517970467,-0.0001586477012900038,0.016300435784620666,-0.0016694954500335825,-0.0008749159948030921,-0.0003826854580802362,3.294419583950961
1781505978.9304202,0.01842365710719181,0.7740279090633793,0.332681056769931,-0.04894475215278106,0.019823099378965425,-0.07786207452157633,0.018476234018577342,0.7741068921912424,0.32943598011004843,-0.049204479649104196,0.019915093442159915,-0.07816330437044401,-0.0006914170201461763,0.00013595312254208815,-0.0011810709796022535,0.001217882396033975,-1.793453561351526e-05,0.002120387310198195,-0.0005225292055367726,-0.0009958253314998628,0.015594232570065434,-0.0025608082199832963,-0.0010841313586639988,0.0008957113243053801,3.246463490417285
1781505978.9404078,0.018415384037650962,0.7740347856416471,0.3326406211345275,-0.04898921876958416,0.019833900761279555,-0.07783724059158888,0.018476234018577342,0.7741068921912424,0.32943598011004843,-0.049204479649104196,0.019915093442159915,-0.07816330437044401,-0.0007026877104175885,0.0001554850534453972,-0.0013604666822278888,0.0005941036354602762,8.85221259176602e-05,0.002165409835759518,-0.00040685100346349356,-0.0011460448761558561,0.014101067104916517,-0.0006544560357614737,-0.000817783063803408,0.0012838293394703722,3.2060296583855394
1781505978.9504054,0.018408657347749307,0.7740404514405355,0.3326067034969204,-0.049027203667190336,0.01984280849308484,-0.07781833585601693,0.018476234018577342,0.7741068921912424,0.32943598011004843,-0.049204479649104196,0.019915093442159915,-0.07816330437044401,-0.0007028317511988206,0.00016919460968913875,-0.0014872422417296332,0.00011046598394945812,0.00016586855977501698,0.0021398700752616883,-0.0004965380705831969,-0.0006652101274125082,0.012474586918292774,0.0005926104397659264,-0.0008548359073078104,0.002044809740020586,3.1721393058709655
1781505978.96041,0.018403256451965177,0.774045071149566,0.33257845015748794,-0.04905929236439854,0.01985005319003008,-0.07780439104959541,0.01845478969484937,0.7740775623566225,0.330206288036274,-0.0492603135417087,0.0198704263570042,-0.07815115436571454,-0.0006940417913490677,0.00017805640587452117,-0.0015701693879876235,-0.00025493042066458373,0.0002192852109164352,0.0020621595915394225,-0.0004874864927825361,0.0002224187325155698,0.01253605851508971,0.003912336164274822,8.455843331297441e-06,0.0020498805212153135,2.372944264617347
1781505978.9704058,0.018397166512683093,0.774045954792833,0.33258455004866516,-0.049118360717397114,0.019910985088292366,-0.07792496742725022,0.01845478969484937,0.7740775623566225,0.330206288036274,-0.0492603135417087,0.0198704263570042,-0.07815115436571454,-0.0006947456630813129,0.00021117948315108528,-0.001406027115408989,-0.0008458016424021133,0.0009243042063625579,0.0005551818595933547,-0.0005645736445582551,0.0003905065024021701,0.012944314906950055,0.0043948416590819574,0.0004262555833271379,0.00215733720564572,2.379169953743226
1781505978.9804103,0.018392286546446333,0.7740466539371736,0.3325906747429344,-0.04916728013481232,0.01996135655989706,-0.07802685322672993,0.01845478969484937,0.7740775623566225,0.330206288036274,-0.0492603135417087,0.0198704263570042,-0.07815115436571454,-0.0006865075794357952,0.00023509394184021288,-0.0012564423146024122,-0.0012653628300993683,0.0014272563093117997,-0.0005891420988711068,-0.0004262443933167178,3.863497013301954e-06,0.013225318432304825,0.0032782913509174093,0.00045358330426482685,0.0020902140410887227,2.3854060327021918
1781505978.9904065,0.018388437700955013,0.7740472225654415,0.3325967525186006,-0.04920725519465045,0.020002437660193495,-0.07811194525435042,0.01845478969484937,0.7740775623566225,0.330206288036274,-0.0492603135417087,0.0198704263570042,-0.07815115436571454,-0.0006711955189666174,0.00025131294828210785,-0.001120439252612889,-0.001545084360199451,0.0017650378652764895,-0.0014304186616313237,-0.00041921372839231623,-0.00039897396773257393,0.01153325201229942,0.0006172210291821583,0.0004566803545511515,0.002002803941187064,2.391577623931046
1781505979.0004067,0.018385464340785737,0.7740476982648821,0.33260272217606546,-0.049239433500535335,0.020035434090141635,-0.07818212457143689,0.01845478969484937,0.7740775623566225,0.330206288036274,-0.0492603135417087,0.0198704263570042,-0.07815115436571454,-0.0006503986791755285,0.00026114874098357403,-0.0009970625427987547,-0.0017123732923853907,0.00196981560201984,-0.002021604090790823,-0.00055544275210771,-0.0004348214716318676,0.009963328808606021,-0.0004957757107450887,0.00038496855362943376,0.002135753283015995,2.3976226673623104
1781505979.0104117,0.018383231214941568,0.7740481063192304,0.3326085326166739,-0.049264888529373635,0.020061470351474098,-0.07823920892652766,0.018429563078190936,0.7740742517115097,0.3308237109896823,-0.04913400562214232,0.019889698328338534,-0.07804110117462054,-0.000625462322874035,0.00026573563158701843,-0.0008853852377113414,-0.0017908420794220284,0.0020693319183907556,-0.002409222386197201,-0.00034200972927692433,-0.00012512088262606929,0.008757883771099723,-2.1195749855037997e-05,0.00011737612270936212,0.0013806434841203178,1.7856143097731378
1781505979.0204148,0.018386318323716,0.774045377408775,0.3325826920884932,-0.04934249992476337,0.020047448609607388,-0.07812617244002519,0.018429563078190936,0.7740742517115097,0.3308237109896823,-0.04913400562214232,0.019889698328338534,-0.07804110117462054,-0.0005670267177304049,0.00017598944329577854,-0.0009994105121192084,-0.002467370063827385,0.0016296732141809767,-0.0009214851396639762,-9.838284991790902e-05,-1.0784729326425672e-05,0.008252538016136398,-0.0006029518847713545,-0.0006651075487188792,0.0007684287736821479,1.7597495106185415
1781505979.0304165,0.018383095488556787,0.7740437695980271,0.3325562309048259,-0.04934666573974564,0.020086354938789297,-0.07816133851465432,0.018429563078190936,0.7740742517115097,0.3308237109896823,-0.04913400562214232,0.019889698328338534,-0.07804110117462054,-0.0005558317822729158,0.00016780124805619657,-0.0010900679708054793,-0.0022357968577600613,0.0018949213595640404,-0.0011832958404959849,7.909389861056802e-05,-0.00030542556208235826,0.008179816104466522,-0.0022954797856897095,0.0008361801344906146,-0.0014513280751124085,1.7334109877631476
1781505979.04041,0.018380589979276364,0.7740423599081693,0.33253427458797685,-0.049348094085308124,0.02011739453682959,-0.07818974473950051,0.018429563078190936,0.7740742517115097,0.3308237109896823,-0.04913400562214232,0.019889698328338534,-0.07804110117462054,-0.0005398018355874599,0.00015910177255729367,-0.0011490330767008005,-0.002001086375051219,0.0020417968549401194,-0.00134706781973513,-3.104959593553354e-05,-0.0007304070040913039,0.007210867264134901,-0.002964104292901896,0.0010571157603839387,-0.0024605621560088733,1.7115616481295952
1781505979.050415,0.018378691778072557,0.7740411333787319,0.3325162148759873,-0.04934743195319349,0.02014169023403567,-0.078212308461537,0.018429563078190936,0.7740742517115097,0.3308237109896823,-0.04913400562214232,0.019889698328338534,-0.07804110117462054,-0.0005200935873969665,0.000150102086180495,-0.0011818092648728303,-0.0017704500741273876,0.0020959585494183053,-0.0014329007945278673,-0.00019040991242357991,-0.0010381782092755958,0.005513111830827625,-0.004395913670201636,0.0022564979075068445,-0.0030986836168475722,1.6935920755304035
1781505979.060413,0.018377305546468506,0.7740400733024865,0.3325015117396271,-0.049345221417196564,0.02016026790957204,-0.07822987696692789,0.01842246191143787,0.7740534071604314,0.3312053946744464,-0.049231098422066584,0.019918216041440617,-0.07808352818301012,-0.0004976822210271523,0.00014097543373526087,-0.0011931463854193958,-0.001549179691742652,0.0020791697800697203,-0.0014579879610727502,-0.00022129951735701345,-0.0005860133013884514,0.005607761380449643,-0.0023180279504199128,0.002583236025371791,-0.003136590004232566,1.2969719872524863
1781505979.0704105,0.018376348758611497,0.7740391622718239,0.3324896873688112,-0.049341911082929325,0.02017405272680639,-0.07824322184539081,0.01842246191143787,0.7740534071604314,0.3312053946744464,-0.049231098422066584,0.019918216041440617,-0.07808352818301012,-0.0004733848387226728,0.00013186250029229292,-0.0011871291452328677,-0.0013409837438361331,0.0020096793362889063,-0.0014368741942690825,-0.0003340316268526893,-0.0002081396131372555,0.0059207632086778015,-0.0018548377611355515,0.002402049939823933,-0.0025575122497674386,1.2851992314477338
1781505979.0804157,0.018376280542210587,0.7740373504865389,0.3324678764920625,-0.04941735921825953,0.02014593880287885,-0.07822977224145113,0.01842246191143787,0.7740534071604314,0.3312053946744464,-0.049231098422066584,0.019918216041440617,-0.07808352818301012,-0.000440735344461322,9.537614684510367e-05,-0.0012613666091118583,-0.002021205658445645,0.0014764515162469006,-0.0011485488420434095,-0.0005172404008234036,0.0001162010051216618,0.00664870253720993,-0.0012014535122826214,0.0020458466555169125,-0.00158983400420072,1.2634282233081178
1781505979.0904086,0.018376445055487245,0.7740357285238084,0.33244991390266976,-0.04947893953182026,0.020120990739067812,-0.07821733853097385,0.01842246191143787,0.7740534071604314,0.3312053946744464,-0.049231098422066584,0.019918216041440617,-0.07808352818301012,-0.00040894064270184975,6.487736924235923e-05,-0.0013049796563328424,-0.0024755462588819744,0.0010365023875183773,-0.0009010853248722619,-0.000588291427962329,0.00011775380256622853,0.0064418274964634665,-0.0005665411241412674,0.0016362195625286295,-0.001074940940330713,1.2454951604250233
1781505979.1004179,0.018376797761715965,0.7740342677554279,0.33243525650246913,-0.049528443546982444,0.02009909766722373,-0.07820600645010409,0.01842246191143787,0.7740534071604314,0.3312053946744464,-0.049231098422066584,0.019918216041440617,-0.07808352818301012,-0.0003782350165685165,3.957170725586076e-05,-0.001323455622458081,-0.002748205287232735,0.0006784877062201692,-0.00069100998984381,-0.0004819034783585106,0.0003347029694893558,0.006056975321225769,7.607708145280606e-05,0.001634476427087971,-0.0008454353757656863,1.2308580939414564
1781505979.1104124,0.01837729991290909,0.7740329463057438,0.332423428685086,-0.049567544142205,0.02008009286818413,-0.07819581008155514,0.018401654470413753,0.7740506177648834,0.3315143163337125,-0.049298761172933366,0.02002679074594793,-0.07818460047520058,-0.00034879274256956796,1.8755587495936613e-05,-0.0013215181054966078,-0.002877273187280417,0.0003916645245835065,-0.0005146972204817072,-0.0003499221436445445,4.545404962625596e-05,0.004880763529042073,-0.0005778161503680042,0.0008834891629288684,-0.00033578933295651855,0.9096101870357871
1781505979.1204042,0.018377453891886067,0.7740232973869549,0.332433374532369,-0.049597103833295686,0.020064655611168103,-0.07817781347682631,0.018401654470413753,0.7740506177648834,0.3315143163337125,-0.049298761172933366,0.02002679074594793,-0.07818460047520058,-0.0003240391827358982,-5.5836159412317506e-05,-0.00117850091307354,-0.00288980108574302,0.00017083313020418007,-0.00027067467128917804,-0.0004710060003111602,-0.00013071699804592825,0.004059688409619082,-0.0018309746153580262,0.0009631900595318713,0.00013339482183497763,0.9197826066897425
1781505979.1304069,0.018377758148911544,0.7740194223890077,0.3324363756345823,-0.04952799716562738,0.02005380638148102,-0.07815782653348428,0.018401654470413753,0.7740506177648834,0.3315143163337125,-0.049298761172933366,0.02002679074594793,-0.07818460047520058,-0.0002994829952839178,-7.506050442140409e-05,-0.0010882127225778377,-0.001824251803041346,2.31051633193332e-05,-2.9107596883991673e-05,-0.0002662209047939584,-0.00036090443433958616,0.0042401606724279065,-0.001595558234516131,0.00037932380623301014,0.00024598610013364325,0.9228962780171319
1781505979.1404164,0.018378185660542518,0.7740161090064849,0.3324395407715636,-0.04946819694017218,0.020044660049552743,-0.07814098868058114,0.018401654470413753,0.7740506177648834,0.3315143163337125,-0.049298761172933366,0.02002679074594793,-0.07818460047520058,-0.00027597519363340946,-8.954219966390938e-05,-0.0010019430271265,-0.0009759371317956147,-8.821637727935358e-05,0.0001526862547654017,-0.00019696147006994976,-0.0005741238576991614,0.0029384156841380437,-0.0030091999836258073,0.00028363923259144396,0.00014813509776098226,0.9261651579712703
1781505979.1504135,0.01837870799550595,0.7740132921659747,0.3324427944465674,-0.04941700657681713,0.020037040212865787,-0.07812697111746553,0.018401654470413753,0.7740506177648834,0.3315143163337125,-0.049298761172933366,0.02002679074594793,-0.07818460047520058,-0.0002536068756738231,-0.00010003312521907453,-0.0009199923962471718,-0.00031360967008657646,-0.00016921225871205012,0.00028471809481071364,-0.00013396436229046765,-0.0004897228819239251,0.0027154000681982988,-0.0027708330461022478,-0.00012102754429135573,-4.8241161667841184e-05,0.9295113485564266
1781505979.1604095,0.018379300783890162,0.7740109127959348,0.332446075815933,-0.049373668483149585,0.020030772876840963,-0.07811545030632847,0.01839004039668951,0.774038168935773,0.33171471072602976,-0.049389961796848326,0.02005919190008343,-0.0781951008498138,-0.00023243673392967553,-0.00010718743733261507,-0.0008425473921536376,0.00019123417747579988,-0.00022526878604199973,0.0003758510485474529,6.276408958535446e-05,-0.0004076393685430066,0.0024291135083679034,-0.002855555917023939,-0.000468992471451327,-0.00044947737606160134,0.7319515907292834
1781505979.1704137,0.018379943285341996,0.7740089174401941,0.3324493364069199,-0.04933740008903298,0.020025690616280345,-0.07810611550746299,0.01839004039668951,0.774038168935773,0.33171471072602976,-0.049389961796848326,0.02005919190008343,-0.0781951008498138,-0.00021249670307467113,-0.00011157255335599451,-0.0007697006911161234,0.0005642619438319552,-0.0002611044653764179,0.0004338454259636673,-3.399135165719214e-05,-0.000403613927960403,0.0026035843518660375,-0.002520932424756909,-6.87592437628662e-05,-0.0004971992733750153,0.7352771536465086
1781505979.1804166,0.018382531939404208,0.7740191196573448,0.33243570135645417,-0.049410333215750835,0.020011869823646666,-0.07812245935744677,0.01839004039668951,0.774038168935773,0.33171471072602976,-0.049389961796848326,0.02005919190008343,-0.0781951008498138,-0.00018076314085504477,-4.316954988650384e-05,-0.0008126974596101342,-0.000289976317968353,-0.0003745219043993205,0.00020086383650063923,7.707527853932952e-05,-0.0004892872573728569,0.0023855754511450415,-0.0025226685199309516,-0.00012452472682244478,-0.0004253065042092553,0.7212813189728623
1781505979.1904118,0.018384862053558892,0.7740278660276696,0.33242441928381444,-0.04947141399670511,0.02000057884547335,-0.07813640633195361,0.01839004039668951,0.774038168935773,0.33171471072602976,-0.049389961796848326,0.02005919190008343,-0.0781951008498138,-0.00015299783653578843,1.228954687959514e-05,-0.0008369164089997712,-0.000922091040546191,-0.0004492491631932613,2.080151949491099e-05,-9.780556652208038e-05,-0.0004304197505209485,0.002630456200928588,-0.0016223000396266476,-0.00037129312649995913,0.00011820551660105822,0.7098022274871932
1781505979.200415,0.018386955561631693,0.774035331517718,0.33241516753194394,-0.0495219423010754,0.01999149258533839,-0.07814817584579106,0.01839004039668951,0.774038168935773,0.33171471072602976,-0.049389961796848326,0.02005919190008343,-0.0781951008498138,-0.00012876995771892238,5.665489978808084e-05,-0.0008457541506699922,-0.0013704733234609786,-0.0004929419181975608,-0.00011468165493750174,-8.847475834335383e-05,-0.00015884904429959798,0.0026725513479351893,-0.00029319352240981264,-0.0005370165070310924,0.0004519534572451979,0.7004693455819855
1781505979.2104166,0.01838883282658206,0.7740416735383066,0.33240766216267775,-0.049563180920222195,0.019984307083069863,-0.07815799185347791,0.01838942926029441,0.7740189353640029,0.33184773126472045,-0.04948269145495342,0.020041426669215268,-0.07820520760344225,-0.00010768882094922737,9.155233889844217e-05,-0.0008421322885694745,-0.0016689175993504688,-0.0005121857507866515,-0.0002130548483486336,-6.872591951292056e-05,-1.2640934884261113e-05,0.002675809363799957,0.0004057556213202144,-0.00038947825348900584,0.0004949564464376377,0.5603927112223277
1781505979.2204168,0.018385118256293343,0.7740403859275892,0.3324141273666905,-0.04945872614342925,0.01998274251662857,-0.07815578939362311,0.01838942926029441,0.7740189353640029,0.33184773126472045,-0.04948269145495342,0.020041426669215268,-0.07820520760344225,-0.0001233101846472092,9.156359515139532e-05,-0.0007478455881950753,-0.0003468638156725037,-0.00047447603239980673,-0.00016663387264674384,-0.0002524915558585527,8.225124117194328e-05,0.0029014784964416815,0.0009560639721806635,-0.00016097770906356137,0.0006600044635778261,0.5668185386528509
1781505979.2304149,0.018382012299214247,0.7740392678407851,0.33242005585495504,-0.049370549350131285,0.019981869154114706,-0.07815380597153797,0.01838942926029441,0.7740189353640029,0.33184773126472045,-0.04948269145495342,0.020041426669215268,-0.07820520760344225,-0.00013428813078452425,9.041242764757508e-05,-0.000662678793554225,0.0006532009087717018,-0.0004332329527306905,-0.0001272932879961938,-6.864416196492421e-05,7.577488635235921e-05,0.0030620907020876497,0.0007066816421496958,-0.00014280897853109428,0.00036534743745522924,0.5727336706628688
1781505979.2404156,0.018379434438583912,0.7740383085386666,0.33242547939722583,-0.04929698273457033,0.019981537599689236,-0.0781520408363961,0.01838942926029441,0.7740189353640029,0.33184773126472045,-0.04948269145495342,0.020041426669215268,-0.07820520760344225,-0.00014139936424403595,8.834268402114489e-05,-0.0005859123641534392,0.0013846356389831099,-0.00039047157258285405,-9.433408232063953e-05,-7.978985702996585e-05,0.00013406259446373535,0.002837135797796246,0.0006203005047989926,1.5602253112689395e-05,0.00033023570276998355,0.5781592522575723
1781505979.2504117,0.018377313140432776,0.774037494763406,0.3324304300229796,-0.04923637674670192,0.019981621087660217,-0.07815048748717271,0.01838942926029441,0.7740189353640029,0.33184773126472045,-0.04948269145495342,0.020041426669215268,-0.07820520760344225,-0.00014531639802890228,8.556175789818727e-05,-0.000516862231045429,0.0018947736528281336,-0.00034774322061761594,-6.705797847188818e-05,-6.080020538318676e-05,0.00012251419675566298,0.002463155886394226,0.0007079921728309372,2.551322353802873e-05,0.00024424595749457736,0.5831201373160458
1781505979.2604103,0.018375585041154045,0.7740368118999951,0.3324349395002868,-0.049187140667450266,0.01998201327632909,-0.07814913528283225,0.01838694043889616,0.7740250107625251,0.331987987340629,-0.04944517346474304,0.02002364209857288,-0.07818208357529191,-0.00014661958127594105,8.224515071822368e-05,-0.0004548814687358983,0.0022251376676577363,-0.00030620931467447983,-4.4786327450913465e-05,-2.0635278982847134e-05,0.00018600900903871298,0.0021807250243566505,0.0004931681899281901,-0.0005576002725262297,0.00038457865352735734,0.44725210444024527
1781505979.2704096,0.018374194182720596,0.7740362448594965,0.3324390389353748,-0.049147771399994475,0.019982626036776585,-0.07814797076411471,0.01838694043889616,0.7740250107625251,0.331987987340629,-0.04944517346474304,0.02002364209857288,-0.07818208357529191,-0.00014580792283159957,7.854053794781709e-05,-0.00039936116670039225,0.002411760153804865,-0.00026670734349579787,-2.687373627123409e-05,4.812167205988363e-05,5.577072298792335e-05,0.0015350067635672736,-0.0002183109315336432,-0.0010042696778693053,0.0003291066366352636,0.451371480162378
1781505979.2804103,0.018376290110261095,0.7740278857471967,0.33242890108308026,-0.04928880009272209,0.020024485228907762,-0.07812494639459007,0.01838694043889616,0.7740250107625251,0.331987987340629,-0.04944517346474304,0.02002364209857288,-0.07818208357529191,-0.0001307813824224513,-8.989308067369769e-06,-0.00042158129981231666,0.0006038073739787657,0.00020641600841422712,0.00024954277403860627,0.0001338729026378567,-9.395323857683647e-05,0.0013293092615421754,-0.00019840956306596438,-0.0006001495947980113,-0.0002501705360638702,0.4410517240860399
1781505979.290405,0.018380255995536696,0.7740280058180119,0.33241798057763244,-0.04941182993330993,0.020045151507702252,-0.07804943768866435,0.01838694043889616,0.7740250107625251,0.331987987340629,-0.04944517346474304,0.02002364209857288,-0.07818208357529191,-0.00010283455464475028,-5.440203723237892e-05,-0.0004557563091679844,-0.0008217540536283345,0.000368518692622962,0.0010565905493767763,4.0000664216117136e-05,9.584352187980909e-05,0.0013729378828181236,3.739610320356506e-05,-0.0010831037606841324,-5.818070988529646e-05,0.43005561966923156
1781505979.300407,0.01838368609456582,0.7740279431284757,0.33240890988723604,-0.04951457231254825,0.020062155187736463,-0.07798688278246749,0.01838694043889616,0.7740250107625251,0.331987987340629,-0.04944517346474304,0.02002364209857288,-0.07818208357529191,-7.909657338473988e-05,-9.01688279380906e-05,-0.0004774161939669,-0.0018673857079019463,0.0004798925338078951,0.0016323608449918365,8.466773167590295e-05,0.00030651413956800036,0.0017493495073383908,0.0013924712774645615,-0.00056245826630579,-0.00026960672188704226,0.420945340595705
1781505979.3104098,0.018386640062707005,0.7740277114292126,0.33240144302247865,-0.04959930190709128,0.020075947529151206,-0.07793574554215238,0.018391534898684836,0.774030787205259,0.3320707067361406,-0.0494264967738627,0.01999367111105732,-0.07818538718052385,-5.9038125437531374e-05,-0.00011773891666321565,-0.0004887548200382624,-0.0025997269581023467,0.0005502075754563483,0.002019082732825739,5.893301222153699e-05,0.00022550428360404773,0.0015656031039062886,0.0017047277723291417,-0.0004729873960241807,1.1240465128486786e-06,0.3307868058406055
1781505979.3204157,0.018389172832628524,0.7740273322350406,0.33239536059473196,-0.04966821605121296,0.020086954924395606,-0.07789456257370535,0.018391534898684836,0.774030787205259,0.3320707067361406,-0.0494264967738627,0.01999367111105732,-0.07818538718052385,-4.2187668949806946e-05,-0.00013837957208128542,-0.0004916641447978455,-0.0030772840687866123,0.0005878333434333931,0.002253571704100546,-4.0799699436838525e-05,0.00029280308978237024,0.0017242759141830697,0.0016219172698657192,0.00017228043794656773,8.336849425401012e-05,0.3246808341641545
1781505979.3304188,0.01838256705579517,0.7740224824516022,0.33238606328435955,-0.04960412777758883,0.02011988247364327,-0.07795135984946285,0.018391534898684836,0.774030787205259,0.3320707067361406,-0.0494264967738627,0.01999367111105732,-0.07818538718052385,-8.437829903486365e-05,-0.0001290524540415328,-0.0005074810242363307,-0.0020292252991908916,0.0009134741903688189,0.0014062225435554428,-0.00014432027176465413,6.211527050864021e-05,0.0017128335498742123,0.0011911146106559365,0.0005252954603746892,0.0003305420046898952,0.31559332002431534
1781505979.3404064,0.01837691305777392,0.7740183607177211,0.3323784554412938,-0.049548386694475255,0.020146678631358217,-0.07800037742528812,0.018391534898684836,0.774030787205259,0.3320707067361406,-0.0494264967738627,0.01999367111105732,-0.07818538718052385,-0.00011717864543039311,-0.00011992966846028541,-0.0005137480905479629,-0.001188400370950016,0.0011324624747577666,0.0007328464780062394,-0.00036761012181325576,-0.00018004863044799143,0.0016654137049270594,0.00017223873349299902,5.3086638393354875e-05,0.001521264001969374,0.30834636587388226
1781505979.3504086,0.01837209516977469,0.7740149024806088,0.33237230386656136,-0.0495004254832033,0.02016814686280699,-0.0780422246441165,0.018391534898684836,0.774030787205259,0.3320707067361406,-0.0494264967738627,0.01999367111105732,-0.07818538718052385,-0.00014202511049226117,-0.00011108651044718018,-0.0005122694131763624,-0.0005258655591008146,0.0012655450739787486,0.00020825317064804608,-0.0005062871302545698,-0.00029530541402093184,0.0016008245477835445,-0.0007471810170201409,0.001369910102376347,0.001411608999401427,0.30264014376046794
1781505979.3604116,0.018368010272231644,0.7740120411805989,0.33236740085328914,-0.049459606147125496,0.02018503506572422,-0.07807755424220053,0.018380154565331264,0.7740296772160906,0.33215609932134427,-0.049396118288907734,0.02001354042309167,-0.07814510420062708,-0.00016017158322058939,-0.00010257988172968146,-0.000504591397073422,-1.5053734823092138e-05,0.0013306184506442823,-0.0001905038526857707,-0.0005890617087375755,-0.0003991838996333645,0.0011525965837116772,-0.0018099673076656633,0.0009628257583933624,0.0019771593526973696,0.21238373526474874
1781505979.3704102,0.01836456652252751,0.7740097105172734,0.3323635622606937,-0.04942525519716197,0.020198029038115628,-0.07810703361547634,0.018380154565331264,0.7740296772160906,0.33215609932134427,-0.049396118288907734,0.02001354042309167,-0.07814510420062708,-0.0001727095477467335,-9.44511973188609e-05,-0.000492034006533784,0.0003680942399269258,0.0013429534585199221,-0.00048406180365229894,-0.00044694080593177244,-0.00039531653861930556,0.0009705936194695542,-0.0020827644675358195,0.0006426507134240187,0.0017232467114954208,0.2090036539001441
1781505979.3804126,0.018364048820728163,0.774008980250221,0.3323801414538219,-0.049416780997397824,0.020175165408007345,-0.07811437812432132,0.018380154565331264,0.7740296772160906,0.33215609932134427,-0.049396118288907734,0.02001354042309167,-0.07814510420062708,-0.00016156217583952534,-8.925121704315483e-05,-0.0003628469139726495,0.0004220512262681061,0.0009510079862624574,-0.0005236122070064375,-0.00041731612944193475,-0.0003640371428976646,0.0010160359502841734,-0.002088794611240315,0.0010638368622493473,0.0013807542482915127,0.2255717990586296
1781505979.3904185,0.01836368710248432,0.7740084543924871,0.3323945920192664,-0.04941003023824235,0.020155086733058436,-0.07812003212156966,0.018380154565331264,0.7740296772160906,0.33215609932134427,-0.049396118288907734,0.02001354042309167,-0.07814510420062708,-0.00015056620813821785,-8.394590894136264e-05,-0.00025454134559088604,0.00045092758331648577,0.0006313049034291853,-0.0005389124776345925,-0.00016578321789426255,-0.00027360904153755206,0.0006780991105731415,-0.0019845688945889562,0.001002147862593359,0.0008458501677023692,0.24000073444992587
1781505979.4004161,0.018363458276310553,0.7740080987647112,0.33240714183628733,-0.04940475563391824,0.020137644320857184,-0.07812426469827843,0.018380154565331264,0.7740296772160906,0.33215609932134427,-0.049396118288907734,0.02001354042309167,-0.07814510420062708,-0.00013983111374433102,-7.862327012903158e-05,-0.00016437124572518487,0.00046022122296467263,0.00037448172600819033,-0.0005356243399408235,-7.489803911284626e-05,-0.0002745862304045141,0.0004500044200260268,-0.0015188781265925704,0.0014014289697446432,0.00019817235580283537,0.2525207713039393
1781505979.4104106,0.018363341429308122,0.77400788324087,0.3324179997951412,-0.04940073148294132,0.020122654605007284,-0.07812731638485594,0.018363651963082483,0.7740116924119566,0.3321917866135437,-0.0494927957636715,0.02005533478999877,-0.07808993315808663,-0.000129441465983908,-7.33541619258176e-05,-8.990235981352971e-05,0.0004545876336272692,0.0001718022706768541,-0.0005184986963079452,-0.0002665698897316227,-3.467470808840547e-05,0.0003901155761343452,-0.0005089803208828112,0.0008455909348640302,0.00016321456003919976,0.22624546347728305
1781505979.420405,0.018363317770209154,0.774007781492602,0.33242735661713574,-0.04939775443647886,0.02010991291252595,-0.07812939972886108,0.018363651963082483,0.7740116924119566,0.3321917866135437,-0.0494927957636715,0.02005533478999877,-0.07808993315808663,-0.00011946078089291332,-6.819479160949428e-05,-2.8981583323875618e-05,0.000437923656634165,1.52387524451395e-05,-0.0004914739687253381,-9.016392327746709e-06,0.000153341353701643,0.0007168333378221016,0.00025007852086202846,0.0006545523248539175,-0.00030516618642968896,0.23560270280161372
1781505979.430409,0.018361522074121818,0.7740106415952216,0.33241242883019934,-0.04943301210183419,0.020110187061319618,-0.07812288090220708,0.018363651963082483,0.7740116924119566,0.3321917866135437,-0.0494927957636715,0.02005533478999877,-0.07808993315808663,-0.00012390335906618742,-5.303809856218823e-05,-0.0001226668942348929,3.774932182471738e-06,1.303463623250418e-05,-0.0003666066953496952,0.00010451749711400636,0.00012525247329998724,0.0006466773205292674,0.0007125909938563329,-3.795695482741604e-05,-0.0004209069851177687,0.2206549986143655
1781505979.440403,0.01836004963920549,0.7740131248495241,0.33239969068202846,-0.049462663592502266,0.020110422446041554,-0.07811706112841968,0.018363651963082483,0.7740116924119566,0.3321917866135437,-0.0494927957636715,0.02005533478999877,-0.07808993315808663,-0.00012589976018449002,-4.019866574106573e-05,-0.0001963206325159116,-0.00032162131238003847,1.1025778706393343e-05,-0.00026301288028774723,-9.943492358087036e-06,-3.100169033596238e-05,0.000494165646876188,0.0007597488498625096,0.00032503741964756336,-0.0005959963234232101,0.20794020849083797
1781505979.4504213,0.018358854930018993,0.7740152681651734,0.33238887196321376,-0.04948730292460697,0.020110622333165296,-0.07811192443318511,0.018363651963082483,0.7740116924119566,0.3321917866135437,-0.0494927957636715,0.02005533478999877,-0.07808993315808663,-0.0001259071396075442,-2.938215586744504e-05,-0.00025296029443735757,-0.0005566260302638167,9.21835885814926e-06,-0.00017819418559119615,0.0001922161043312472,5.883553831201776e-05,0.00083336919278762,0.0010167841968374257,0.00037396718393277033,-0.001011521061255579,0.19717614610253564
1781505979.4604096,0.018357897985700103,0.774017106972278,0.3323797313671441,-0.04950751237073595,0.020110790140776436,-0.07810744014995544,0.018364539944741298,0.7740136115352116,0.3322250166749193,-0.04946415680874755,0.020085027638825137,-0.07811571718320931,-0.00012431769230912714,-2.0326650388515432e-05,-0.0002952238306159411,-0.0007174707235025012,7.611455122955303e-06,-0.00010976476649905222,0.00011380454543351814,8.992746584520171e-05,0.001107586859847061,0.0014142696435610188,0.0009741905810434435,-0.000997694913321559,0.15489664195971908
1781505979.4704115,0.018357143807403723,0.7740186748120021,0.3323720538595832,-0.049523849466040964,0.02011092930857661,-0.07810356744321781,0.018364539944741298,0.7740136115352116,0.3322250166749193,-0.04946415680874755,0.020085027638825137,-0.07811571718320931,-0.00012146649530065499,-1.2799574408245799e-05,-0.00032541107709471614,-0.000818347068076056,6.198860327042289e-06,-5.5488372324122875e-05,0.00011624197299212834,6.503980535258956e-05,0.0014246887969251796,0.0017931469568620011,0.00015619245918675162,-0.0005772795034824364,0.14731012624136378
1781505979.480415,0.018361632172573025,0.7740183396149739,0.33238194151123224,-0.04957844742027548,0.020122625511688863,-0.07812573685900448,0.018364539944741298,0.7740136115352116,0.3322250166749193,-0.04946415680874755,0.020085027638825137,-0.07811571718320931,-8.651309027592026e-05,-1.3270795707766212e-05,-0.0002360489418582774,-0.001320192681508944,0.00014501738965718258,-0.0002847840830387266,-0.0001601294146089431,-8.102083145355724e-05,0.000936165878586257,0.00019606041610964697,4.313737189532878e-05,0.00017603916533589695,0.15702297325249787
1781505979.4904163,0.018359234274341506,0.7740170155164564,0.3323998864364279,-0.0496999375532802,0.0201340878432259,-0.07819929216513988,0.018364539944741298,0.7740136115352116,0.3322250166749193,-0.04946415680874755,0.020085027638825137,-0.07811571718320931,-9.75682073512907e-05,-9.775140292520433e-06,-0.00010027464970928265,-0.002486223138714095,0.0002939571722957948,-0.0010493396145926548,2.7692488625362338e-05,4.3228898936285524e-05,0.0013059536726709022,0.00037414135937506766,-0.0006592652061720138,0.00023125953087593782,0.17498334411246316
1781505979.500421,0.01835722248970124,0.7740159217161516,0.33241536648541087,-0.049799819546533466,0.020143500334871556,-0.07826018377643125,0.018364539944741298,0.7740136115352116,0.3322250166749193,-0.04946415680874755,0.020085027638825137,-0.07811571718320931,-0.00010520667028222016,-6.84506102181607e-06,9.991888455690521e-06,-0.00329183525324649,0.0003975088283438155,-0.00159347175478345,3.7313822531046854e-05,-0.0002322236009042941,0.000594414456839412,-0.0008040076581901181,-0.00016280104469909568,0.00019589477218070252,0.1905044157976514
1781505979.5104108,0.018355545814250238,0.7740150328601659,0.3324286737175785,-0.04988077709799014,0.020151120868965533,-0.07830991987670988,0.018363201689683972,0.7740085088754634,0.3322738994494294,-0.04944742512543841,0.020088634104656666,-0.07811829142606679,-0.00011000554791340703,-4.40613817526674e-06,9.838429754174977e-05,-0.0038053463906151776,0.0004642175730100937,-0.001957553768606483,-8.007205593363194e-05,-0.00031676204639751436,0.00018371596400067506,-0.001473964184644022,0.00040221259884901036,0.0001230171184719592,0.15510077010170026
1781505979.5204072,0.01835415925109933,0.7740143239604621,0.33244006921591757,-0.0499453390626176,0.020157191339368996,-0.07834993591999896,0.018363201689683972,0.7740085088754634,0.3322738994494294,-0.04944742512543841,0.020088634104656666,-0.07811829142606679,-0.00011246407604950124,-2.3924061485109625e-06,0.00016809672149479686,-0.004085940021934035,0.0005014946969579029,-0.0021767644319424756,4.548559635021038e-06,-0.00016332533826374077,0.00023067463692261528,-0.0014183668273668262,-0.00029823785965572684,0.00013868714531740117,0.16651718290862413
1781505979.5304122,0.01835674192316818,0.7740149425541515,0.33243104439381266,-0.049963954582357084,0.020179886960621563,-0.0783608986175359,0.018363201689683972,0.7740085088754634,0.3322738994494294,-0.04944742512543841,0.020088634104656666,-0.07811829142606679,-9.168934715500824e-05,3.5485985080976683e-06,0.00010826339899756322,-0.0038407009765307333,0.0007001736682868076,-0.0020462560374003534,-0.00013671464365121487,-0.00027600161996601516,-4.571250401345902e-05,-0.0024272947174180997,-0.0002998293079901903,6.160076341263308e-05,0.1574091939821531
1781505979.540407,0.01835898920659473,0.774015512268041,0.3324233029620006,-0.04997604713170745,0.020198427460604407,-0.0783682100732685,0.018363201689683972,0.7740085088754634,0.3322738994494294,-0.04944742512543841,0.020088634104656666,-0.07811829142606679,-7.385015542093871e-05,8.272913199129835e-06,5.885900687907128e-05,-0.0035518230930936695,0.0008298714223828633,-0.0018924554189824227,0.00013723717133513782,-0.0002668474293402845,-7.281087089314261e-05,-0.0033176791741794235,0.0010259379891032138,-0.0013452137806492493,0.14962687622879278
1781505979.5504103,0.018360937697873683,0.7740160341459635,0.3324166927398858,-0.04998292110824214,0.020213347247031832,-0.07837258557547754,0.018363201689683972,0.7740085088754634,0.3322738994494294,-0.04944742512543841,0.020088634104656666,-0.07811829142606679,-5.859357478007514e-05,1.1960639986745948e-05,1.845268388981299e-05,-0.0032381550158723845,0.0009043337089783194,-0.0017254135474817907,-8.917182942995356e-05,-0.0003312765037869357,-0.0001778453009647298,-0.0045800527622968405,0.000988446801074249,-0.0013198825940134967,0.14300936736581685
1781505979.5604088,0.01836262107534493,0.77401650944869,0.33241107573038897,-0.04998569673921135,0.020225145800375932,-0.07837464146232723,0.018360225790793216,0.773991881073886,0.33227502871910447,-0.049590957104495216,0.020098252088540436,-0.07815376140252982,-4.560356135598347e-05,1.4769494592524089e-05,-1.4218241638530676e-05,-0.002914498087002048,0.0009353716974645576,-0.0015530235033579451,6.794515342597752e-05,-0.0003724378074090513,0.0004404278789088398,-0.003964969794903753,-0.00010865744740216267,-0.001725315917044309,0.13827900604582138
1781505979.5704052,0.01836407013475538,0.7740169396841429,0.3324063274094183,-0.049985325584770535,0.0202342827750579,-0.07837490305145375,0.018360225790793216,0.773991881073886,0.33227502871910447,-0.049590957104495216,0.020098252088540436,-0.07815376140252982,-3.459768390162026e-05,1.6837223166367823e-05,-4.0265423961741915e-05,-0.002592215959976908,0.0009330237378714602,-0.0013813455331312227,0.00013188693606705715,-0.0004310627750512775,0.0001366633475678294,-0.0045580251191635395,0.0001304205493167653,-0.002089735818521746,0.1337238161534027
1781505979.5804098,0.01836652264130652,0.774019936644506,0.3324001535918913,-0.049967440526440934,0.02023458060051686,-0.07834023893048946,0.018360225790793216,0.773991881073886,0.33227502871910447,-0.049590957104495216,0.020098252088540436,-0.07815376140252982,-1.7264208979225746e-05,2.4148393416679578e-05,-7.735599802975439e-05,-0.002121628629986885,0.0008155150414237808,-0.0008525006173211094,-8.167553111700692e-05,-0.00010578665176333812,0.0009060007889576426,-0.003168682358722263,0.0017063697744579105,-0.0023570177119007743,0.12838613304839308
1781505979.5904055,0.01836861892503359,0.7740224726059584,0.33239494483232607,-0.04995043307640484,0.020234121445685815,-0.07831026391255824,0.018360225790793216,0.773991881073886,0.33227502871910447,-0.049590957104495216,0.020098252088540436,-0.07815376140252982,-3.1306056146229465e-06,2.971161994287137e-05,-0.00010615113606249145,-0.0017109599908317697,0.0007051441920191354,-0.0004329192931556325,-0.0001653328315694294,-3.977174361263115e-05,0.001025853457687586,-0.002685066384771886,0.0014936773279910114,-0.0021106938164034447,0.12404096398806728
1781505979.600401,0.018370403359507813,0.774024599371937,0.33239057370716374,-0.04993454872696444,0.020233107752295476,-0.07828462280917799,0.018360225790793216,0.773991881073886,0.33227502871910447,-0.049590957104495216,0.020098252088540436,-0.07815376140252982,8.255139666457776e-06,3.380115244642789e-05,-0.00012792205712120676,-0.0013564272029042992,0.0006031433172882546,-0.0001066906823658498,7.332485354470423e-05,-2.5867487965848312e-05,0.001062383256772121,-0.0025687341698439627,0.0011812955454713493,-0.002279063544708834,0.12051852221926529
1781505979.610408,0.018371915569249195,0.7740263657530854,0.33238692750622895,-0.04991994067237708,0.02023170637914018,-0.07826293085113133,0.018360225790793216,0.773991881073886,0.33227502871910447,-0.049590957104495216,0.020098252088540436,-0.07815376140252982,1.7290709297754532e-05,3.665582442443369e-05,-0.00014377826570048636,-0.0010536593995300512,0.0005102063298798809,0.00014066204632807208,1.146302384841636e-05,0.0002369058840756684,0.001232234661413346,-0.0017429996556794039,0.0010008104445478113,-0.0017002886159311194,0.11767405227902014
1781505979.6204166,0.018373190831369783,0.7740278171630397,0.33238390678925583,-0.04990668875856663,0.02023005295352598,-0.07824479163880702,0.018361631761355135,0.7739842905763099,0.3323169441986227,-0.04975279351279317,0.020134541779360138,-0.07826682043626045,2.432513117207004e-05,3.848301193289475e-05,-0.00015468538763388067,-0.0007979647482914833,0.0004266049244988226,0.00032214496313287956,-2.6122125963674643e-05,-5.608505070328127e-06,0.0006141676672723907,-0.001958122912433328,0.0009399548149868951,-0.0009041246353742742,0.08069798260336762
1781505979.6304128,0.018376230041253255,0.7740248621787738,0.3323924156853776,-0.04993345332792279,0.020274181234678723,-0.07823368320719401,0.018361631761355135,0.7739842905763099,0.3323169441986227,-0.04975279351279317,0.020134541779360138,-0.07826682043626045,3.572570133822957e-05,9.337731257744596e-06,-7.275279451953993e-05,-0.0010055135596862945,0.0008551212212682892,0.0004321118433050938,-2.5727314204048873e-05,0.00014924129211967195,0.0006381146660549378,-0.0010042523995899709,0.00042869945487104637,-0.00011206848693543167,0.08692013584586948
1781505979.640412,0.01837878047902752,0.7740222611037298,0.3323998503576424,-0.049955048285494665,0.02031049317272049,-0.07822469798189427,0.018361631761355135,0.7739842905763099,0.3323169441986227,-0.04975279351279317,0.020134541779360138,-0.07826682043626045,4.44250920800946e-05,-1.4177636126627377e-05,-6.057656674834409e-06,-0.001133498855732143,0.001152786869368249,0.0005026791668231201,-0.00011584983156577367,-0.00022160579907675959,-0.00017900689176398367,-0.0016174801442487676,0.0004453665010803268,0.00025377914919516977,0.09278615561473169
1781505979.6504123,0.018380903672985033,0.7740199752637902,0.3324063355187171,-0.049972178816104676,0.02033995457098725,-0.07821754934083765,0.018361631761355135,0.7739842905763099,0.3323169441986227,-0.04975279351279317,0.020134541779360138,-0.07826682043626045,5.084581838624958e-05,-3.2875496688694256e-05,4.756016605023058e-05,-0.0011983666880121095,0.0013442626648772662,0.0005417938811036223,-0.00012105925464885953,3.53049665752271e-05,-1.4507375855155527e-05,-0.0009265784373266756,-2.5810167619804062e-05,0.000528653792809012,0.09816115120893326
1781505979.6604166,0.0183826555506267,0.7740179708637255,0.3324119803158341,-0.04998549546816409,0.02036347660835891,-0.07821197231161472,0.018361631761355135,0.7739842905763099,0.3323169441986227,-0.04975279351279317,0.020134541779360138,-0.07826682043626045,5.535593693813725e-05,-4.746907123322914e-05,9.000047903458285e-05,-0.001214167200661514,0.001450932806562818,0.0005562713676008312,-0.00010536140781237891,3.704763451030512e-05,-6.245022740464295e-05,-0.0006942114878579524,0.0010029920967231198,7.867893594220893e-05,0.10299623803979313
1781505979.670415,0.01838408659305066,0.7740162181569702,0.33241688065914926,-0.04999559005086496,0.020381904590286437,-0.07820772538528861,0.01835783385888562,0.7739892985902885,0.33233778054507224,-0.04980497014257677,0.020162218961474077,-0.07827642711887821,5.8275123098441495e-05,-5.8582919745466836e-05,0.00012293002542906162,-0.0011927707802426128,0.0014911411073407043,0.0005518925932286082,-0.00019857042427545986,-4.248410043142871e-05,-0.00012046347559664177,-0.0007122582065825541,-3.263862685221971e-05,0.0008576929525913098,0.0875825163401176
1781505979.680417,0.018386798869784452,0.7740303592658615,0.3324114607182151,-0.05004861012999199,0.020374112837028058,-0.07819172111964556,0.01835783385888562,0.7739892985902885,0.33233778054507224,-0.04980497014257677,0.020162218961474077,-0.07827642711887821,7.205604500839759e-05,2.2111563740412613e-05,7.756793470002648e-05,-0.0016449361028475784,0.0012346406943511377,0.0006618485474034011,-0.00023379662780484444,6.234345141549398e-05,8.15128453777619e-06,-0.0009497700061073225,0.0010174269949206384,0.00045410451165388787,0.08918362433338844
1781505979.690417,0.018389057012854246,0.7740423773035788,0.3324068332207778,-0.05009170574544085,0.020366397238142042,-0.07817881052293559,0.01835783385888562,0.7739892985902885,0.33233778054507224,-0.04980497014257677,0.020162218961474077,-0.07827642711887821,8.22059758806638e-05,8.66107526740619e-05,4.01696016285688e-05,-0.0019387030011236155,0.0010086585996758727,0.0007261145434172861,-0.0001233364225238249,8.629621013033333e-05,1.7257496038765714e-05,-0.0013584548039211922,0.0013587306145783572,0.00032263401419292735,0.09252300887022523
1781505979.700417,0.018390924037802386,0.7740525347758399,0.33240289404271745,-0.05012618561808238,0.020358949713006558,-0.07816857123987697,0.01835783385888562,0.7739892985902885,0.33233778054507224,-0.04980497014257677,0.020162218961474077,-0.07827642711887821,8.931243470080949e-05,0.0001372915237299427,9.63823425079774e-06,-0.0021057458457566197,0.0008117284802309267,0.0007543883889738872,-0.0002692757667404352,-2.899540292653595e-05,-0.00010857154327652231,-0.0016451847953019437,0.0008618880168294213,0.000852752990509456,0.09661026177080764
1781505979.7104144,0.018392455342006214,0.7740610682876264,0.33239955166220814,-0.050153266169158245,0.020351906772237083,-0.07816061372292885,0.01835783385888562,0.7739892985902885,0.33233778054507224,-0.04980497014257677,0.020162218961474077,-0.07827642711887821,9.388562981818866e-05,0.00017623706307445152,-1.499365400360051e-05,-0.002173266023008285,0.0006419564509928566,0.000754921294833704,-0.0002007594317171205,-0.00016376991503609737,-0.000161512962876273,-0.0023845691343795865,0.0011778735334800642,0.0007162265715465234,0.10082265351428597
1781505979.720405,0.018393699489461526,0.7740681901228046,0.3323967257920945,-0.05017406136621652,0.02034535966325879,-0.07815458365751879,0.01834881278736422,0.7739909519073997,0.3323383022983515,-0.049873144913795825,0.02020325314378968,-0.07824861021212778,9.636724182115169e-05,0.00020526839393495176,-3.457748776935015e-05,-0.00216436886942921,0.0004971801180892218,0.0007346547854687902,-0.0002033811535761495,6.418964396336785e-05,2.525711238549763e-05,-0.0021004097376111563,0.0010683736421168357,0.0007355219864308788,0.10674203747932412
1781505979.7304063,0.018393133170077337,0.7740559066493546,0.3323960955205519,-0.050207841582304284,0.020375324690099506,-0.07814799901476496,0.01834881278736422,0.7739909519073997,0.3323383022983515,-0.049873144913795825,0.02020325314378968,-0.07824861021212778,8.19321989351875e-05,0.00010606840479672044,-2.452435429453251e-05,-0.0022983383872573976,0.0007660011550287063,0.0007426462516763853,-0.0002150342372681958,-8.56065912153619e-05,-6.827393899393068e-05,-0.00258622312126222,0.001596957453281152,0.0007448466758811046,0.0975882746981837
1781505979.740402,0.018392568521959488,0.7740452070022972,0.3323956462569537,-0.05023415631730166,0.02039979134152259,-0.07814310718260195,0.01834881278736422,0.7739909519073997,0.3323383022983515,-0.049873144913795825,0.02020325314378968,-0.07824861021212778,6.930596989911742e-05,2.5089322400545825e-05,-1.614322017227042e-05,-0.002335804692540723,0.0009464524034439102,0.0007283076647647802,-0.0001419417715165395,0.00010979403569698489,0.00024412676676804733,-0.0021676737983060313,0.0010073861185065488,0.0007508140688046982,0.09025801471601058
1781505979.7504127,0.018392011089233738,0.7740359159098903,0.33239535195622855,-0.05025415717918775,0.0204194684542498,-0.07813961743054054,0.01834881278736422,0.7739909519073997,0.3323383022983515,-0.049873144913795825,0.02020325314378968,-0.07824861021212778,5.8291795201796705e-05,-4.023641805115469e-05,-9.210519720469258e-06,-0.002299939041318726,0.0010557516485143748,0.0006976299288079036,-0.00015757848502405438,0.00022773670445272188,0.0005762006230913622,-0.002067386856768791,0.0010316811724544288,0.00080633146174116,0.08451342063997495
1781505979.7604055,0.018391465986275866,0.7740278757685788,0.33239518774228755,-0.05026887983738091,0.02043501826310168,-0.07813727360195366,0.01834881278736422,0.7739909519073997,0.3323383022983515,-0.049873144913795825,0.02020325314378968,-0.07824861021212778,4.8711295224877424e-05,-9.216833238161412e-05,-3.5284272864936077e-06,-0.0022101101196233775,0.0011087472359606369,0.0006555491933796163,-9.208794299299425e-05,0.00028104075140157375,0.0005212240826712871,-0.0015988870686760826,0.001339602552163435,0.0005531924893802814,0.0801162944323312
1781505979.7704077,0.018390937742940185,0.7740209448501975,0.33239513044202806,-0.050279244748285656,0.020447049951492824,-0.07813585244401386,0.018338783048498564,0.7739946194996912,0.33235310951217745,-0.04998400729161583,0.020263876749888166,-0.07821313434038188,4.040310548537464e-05,-0.00013269001260799365,1.0777127259376834e-06,-0.002082307314454965,0.0011181057263868436,0.0006060761699906272,-0.0001248120294729908,0.0001472871320503072,0.0001105546352276653,-0.002238108715042193,0.0008601332106289197,0.0009286164560219867,0.07196453833026402
1781505979.7804112,0.018391465697682734,0.7740327024869004,0.33239935989301184,-0.05024053040296318,0.02040709236152871,-0.07815105891957407,0.018338783048498564,0.7739946194996912,0.33235310951217745,-0.04998400729161583,0.020263876749888166,-0.07821313434038188,4.7417267176584605e-05,-3.75843502628046e-05,1.2383139798855946e-05,-0.0014289283733318137,0.0005687287558878474,0.0003522279542687729,1.7599568001814642e-05,0.00011694671982415594,9.348571988727081e-05,-0.002102257388941849,0.0005756550425865041,0.0007808297073165286,0.07978015522148563
1781505979.790406,0.018391893927317552,0.7740427924775423,0.332402974053642,-0.05020666180728711,0.020372947174700284,-0.07816414713287201,0.018338783048498564,0.7739946194996912,0.33235310951217745,-0.04998400729161583,0.020263876749888166,-0.07821313434038188,5.244722294841998e-05,3.9240153998752536e-05,2.13019261758573e-05,-0.000900260217451057,0.00014153206874669257,0.00015238510952091182,4.679938347384006e-05,-4.48309597286448e-05,-0.00017342711252866505,-0.0025890257936220587,0.0008549437543061353,0.0007068693481679967,0.08733769941690031
1781505979.8004117,0.018392241439449362,0.7740514256861012,0.3324060366817362,-0.05017735110748942,0.02034409160321693,-0.07817528974616143,0.018338783048498564,0.7739946194996912,0.33235310951217745,-0.04998400729161583,0.020263876749888166,-0.07821313434038188,5.582057683224607e-05,0.00010041559087981987,2.819177139819606e-05,-0.0004795046647570997,-0.000182425663440991,-1.5227109985083088e-06,-0.00020634596145918712,-7.351982615444225e-05,-0.0003029052951205573,-0.0027118825037366085,0.001262816223333755,0.001052329372731386,0.09426572895277205
1781505979.8104115,0.018392523298238365,0.774058787604189,0.33240860901480496,-0.050152257853148086,0.02031998915721278,-0.0781846694141079,0.018338783048498564,0.7739946194996912,0.33235310951217745,-0.04998400729161583,0.020263876749888166,-0.07821313434038188,5.782131137708369e-05,0.00014825322170523413,3.33655357989054e-05,-0.00015112155659507276,-0.0004201624360508261,-0.00011679980860352508,-5.7996726848704276e-05,-0.0001807177984233515,-0.00037418188608402073,-0.0025083793163423267,0.0019708837771037035,0.0005561459387901542,0.1004278590274715
1781505979.820407,0.018392751419030202,0.7740650413599154,0.33241074896113987,-0.05013101150340922,0.020300107766550335,-0.07819247127969854,0.018335352481032186,0.7739941307120582,0.3323490385572794,-0.05010805889505486,0.02030963126094476,-0.07817607564625846,5.8694792629806534e-05,0.00018477746856036863,3.709611974022783e-05,9.906129774183868e-05,-0.0005867893350754227,-0.00019997654965913953,-4.005610960475745e-05,-0.00016253621565400671,-0.00013161868498248294,-0.0020414024503307886,0.0008321777922102545,0.0006353333142964444,0.11014141821968741
1781505979.830411,0.018394355642091013,0.7740693281369976,0.33241458346931535,-0.05011882319497341,0.020249569674861023,-0.07814478883127324,0.018335352481032186,0.7739941307120582,0.3323490385572794,-0.05010805889505486,0.02030963126094476,-0.07817607564625846,7.114248534994645e-05,0.00018317610817646676,3.963479692142305e-05,0.0002107771202038241,-0.001099834131124904,0.000314001815014202,5.832487979979122e-05,0.0001581749465675763,0.0001513443320324336,-0.001059337657018592,0.0004261793177794556,0.00038216812783712636,0.11589720111479959
1781505979.840405,0.018395728113552924,0.7740728419400884,0.3324177393175956,-0.05010877380668473,0.020208056459847912,-0.0781050228317361,0.018335352481032186,0.7739941307120582,0.3323490385572794,-0.05010805889505486,0.02030963126094476,-0.07817607564625846,8.0233711350971e-05,0.0001795695517706269,4.117056568438399e-05,0.0002887139664019718,-0.0014541354614489878,0.0006905132276946574,0.00010785760874503926,-1.020565629155194e-05,-9.543306930163121e-05,-0.0012339259597769652,0.000508097515248968,0.0001543721037096321,0.12066676795341502
1781505979.8504126,0.01839689939280331,0.7740756815307998,0.3324203026374297,-0.05010060172458046,0.020174441703308288,-0.0780722767382951,0.018335352481032186,0.7739941307120582,0.3323490385572794,-0.05010805889505486,0.02030963126094476,-0.07817607564625846,8.651526091822806e-05,0.0001743989765646024,4.188176674514903e-05,0.00033920764794657064,-0.0016797975734581796,0.0009537191866211495,5.771599319522088e-05,0.0002447820157769483,0.0003294582058600808,-0.0003479084549575377,-0.00020940428844756269,0.0001829667717247108,0.12456776270627619
1781505979.860413,0.018397895537113212,0.774077937851838,0.3324223534694013,-0.050094059635879595,0.020147665193927855,-0.07804568667855197,0.018335352481032186,0.7739941307120582,0.3323490385572794,-0.05010805889505486,0.02030963126094476,-0.07817607564625846,9.046168406611826e-05,0.00016803836549374767,4.1922015352667884e-05,0.00036775666301308075,-0.001802897747531204,0.0011248245586379095,0.00014763537689392215,0.0003277791107026002,0.0005512530862131319,0.00042225733430276813,-0.0004944520665536458,0.00017003447432707716,0.12771196843467716
1781505979.8704162,0.01839873888299825,0.7740796938009827,0.3324239652195901,-0.050088917698461966,0.020126745351195963,-0.07802443689998742,0.01834230561760386,0.7739970017797324,0.33235490639002274,-0.05015676092380221,0.020328734878779953,-0.0781715433476901,9.248352522848604e-05,0.00016080302098072405,4.142313135330878e-05,0.0003790816064370837,-0.0018457821921700154,0.001222238472705911,0.0003978362521761857,0.00030048824056108696,0.0004012014624602199,0.00030724363409363406,-0.0002920038665979671,-0.00017057077817502544,0.12162156783545261
1781505979.8804107,0.018399448686726803,0.7740810242375802,0.3324252044176959,-0.05008496543685479,0.020110786382034895,-0.07800777002880731,0.01834230561760386,0.7739970017797324,0.33235490639002274,-0.05015676092380221,0.020328734878779953,-0.0781715433476901,9.293474486264334e-05,0.00015295714310632045,4.049776753839288e-05,0.0003771909830215768,-0.0018273898768149297,0.0012617713987737875,0.00018587260974714585,0.0005803158453180814,0.000632660307650547,0.0006877877625540776,-0.001100506663122139,0.0004830219340461714,0.12355936413848997
1781505979.890406,0.018400327777881142,0.7740741064153575,0.332427615158958,-0.04989964386893356,0.020050906665861623,-0.07796745436626365,0.01834230561760386,0.7739970017797324,0.33235490639002274,-0.05015676092380221,0.020328734878779953,-0.0781715433476901,0.0001018947065948479,0.00010909560017637093,2.8797131093061217e-05,0.002350363046309315,-0.002302711970442609,0.0015308285796514426,0.0004020782331943084,0.0006391539342520092,0.0005524279081101414,0.0008031368232288842,-0.0017745358124508417,0.0006022668482611311,0.12082326348099541
1781505979.9004073,0.018401091509044863,0.7740680927041785,0.3324294770397936,-0.04974596249139997,0.02000257767128133,-0.07793506469454535,0.01834230561760386,0.7739970017797324,0.33235490639002274,-0.05015676092380221,0.020328734878779953,-0.0781715433476901,0.00010779641392755195,7.250237905821925e-05,1.903928539689218e-05,0.0037644577174450154,-0.0025958321444674677,0.0016905082164851547,0.0003369681326495856,0.0005417305353430255,0.0005800497042857832,0.0006799752928364655,-0.001778707226881536,0.0008779745072058258,0.11861906414385588
1781505979.9104118,0.018401755763608467,0.7740628905507803,0.33243086858586063,-0.04962019413306909,0.019964227831895,-0.07790949784303777,0.01834230561760386,0.7739970017797324,0.33235490639002274,-0.05015676092380221,0.020328734878779953,-0.0781715433476901,0.00011116825611049451,4.220764482160056e-05,1.0964701767856562e-05,0.004720947124139417,-0.0027444088545809826,0.0017638673187297927,0.0005011282436361216,0.00044973614631029326,0.0004544516133394318,0.000718485050130426,-0.0023044124373456255,0.0011356722549519865,0.1168156890433753
1781505979.9204154,0.018402332992586454,0.7740584131976753,0.33243186279398196,-0.0495187822569502,0.019934406031695273,-0.07788974110978267,0.018358166529811648,0.774022611933755,0.33238798606633807,-0.05011407332026273,0.020258488789721252,-0.0781381167588968,0.00011246646580763799,1.735303179798729e-05,4.343708908181064e-06,0.005308386777000339,-0.002780615418295418,0.001770543744559688,0.00022290746803147344,0.0005012180262178494,0.0005981750290081078,0.0011775910912438289,-0.002184021193515663,0.0015724922715417888,0.07181625276403336
1781505979.930413,0.01840283309183367,0.7740545799839974,0.3324325263526163,-0.04943839549322025,0.019911791213505836,-0.07787487717519366,0.018358166529811648,0.774022611933755,0.33238798606633807,-0.05011407332026273,0.020258488789721252,-0.0781381167588968,0.0001120835693819909,-2.819464785880381e-06,-1.0264856048651714e-06,0.005603230199107816,-0.0027316345109633187,0.00172707615765304,0.0003613132740732134,0.00043686693578293866,0.0003893110346761491,0.0012456818695117944,-0.002475148014480658,0.001815409248110249,0.07071700715466618
1781505979.940409,0.018396133534610296,0.7740539154719789,0.33243804633404284,-0.0494399100015144,0.019914815704147548,-0.07791687369304762,0.018358166529811648,0.774022611933755,0.33238798606633807,-0.05011407332026273,0.020258488789721252,-0.0781381167588968,6.238223791310881e-05,9.186610023537045e-06,3.568820244746425e-05,0.0049841107005164425,-0.0023778026788498284,0.001082334115403054,0.00023785539992984811,0.0003102238709057814,9.960608942913781e-05,0.0013953789461469328,-0.0028738154860609745,0.0023569284993636354,0.07019569332507528
1781505979.9504068,0.018390402181994808,0.7740534155124784,0.33244263142658037,-0.04944578276389269,0.019919490181139032,-0.07795329727504657,0.018358166529811648,0.774022611933755,0.33238798606633807,-0.05011407332026273,0.020258488789721252,-0.0781381167588968,2.1692897070843297e-05,1.87083608706843e-05,6.47095625566509e-05,0.004383792462568291,-0.0020476110795805834,0.000569623248331056,0.0001834561121112784,0.00037280425049064756,0.0005903827360037117,0.0025626863981405637,-0.0023226711109837687,0.002262798088935702,0.0705273927623499
1781505979.960405,0.018385517695191433,0.7740530613984461,0.3324464177573471,-0.04945476024080291,0.019925273016062173,-0.07798454825834597,0.018358166529811648,0.774022611933755,0.33238798606633807,-0.05011407332026273,0.020258488789721252,-0.0781381167588968,-1.1246284382572145e-05,2.611511288748767e-05,8.718719543969168e-05,0.003813994797754166,-0.0017441681596504117,0.00016987342974804522,8.646023566300999e-05,0.0006115052931080325,0.0007773923237469671,0.004058705697728293,-0.0016323294230609462,0.0018516893157738473,0.07134086249678205
1781505979.9704049,0.018381372040186257,0.7740528334288435,0.3324495239350297,-0.049465818207230755,0.019931728061979292,-0.07801106819618428,0.018365214376034222,0.7740461604405353,0.3324170654175596,-0.04999137924258652,0.02015314591991446,-0.07803075285775089,-3.7546473076540455e-05,3.173014955713348e-05,0.00010412688535654422,0.003282662887302821,-0.0014690713873477545,-0.0001342960599554281,1.132561656854423e-05,0.0006391258998300262,0.001036892421818231,0.005003876264851713,-0.0018578348953491842,0.0016109450541617045,0.036866709104095986
1781505979.980417,0.01837786928593152,0.7740527119402283,0.3324520529533883,-0.04947813229435343,0.019938510138301613,-0.07803331742972636,0.018365214376034222,0.7740461604405353,0.3324170654175596,-0.04999137924258652,0.02015314591991446,-0.07803075285775089,-5.818380652838761e-05,3.583569703320896e-05,0.00011640622026875908,0.0027946966705305323,-0.0012227422289835112,-0.0003585243500131857,0.00014915295181326763,0.0009083749426664376,0.0013967804063287391,0.005795168694750987,-0.00218122881298959,0.0012029655367112523,0.037778255069555594
1781505979.990408,0.018377294104089635,0.7740479662623767,0.332451520760508,-0.049445827527831034,0.019977351100178398,-0.0780580114747052,0.018365214376034222,0.7740461604405353,0.3324170654175596,-0.04999137924258652,0.02015314591991446,-0.07803075285775089,-6.250170592083568e-05,1.7681180671672565e-05,0.00012035926894527212,0.0028476324149253494,-0.0006524085196090798,-0.0005676302349607928,0.00025215567127252026,0.0005983996523556618,0.0009391251003294271,0.0054081131791138375,-0.0015598954576246278,0.00043296796100290576,0.03655614148274008
1781505980.0004337,0.018378573104691022,0.7740519162832356,0.3324553891548339,-0.04946333542865601,0.02002078631418347,-0.07809740940470437,0.018365214376034222,0.7740461604405353,0.3324170654175596,-0.04999137924258652,0.02015314591991446,-0.07803075285775089,-5.5467661294620954e-05,5.5138138078901895e-05,0.0001544696236148797,0.0023542008125879664,-8.633571996904358e-05,-0.0009117242903241122,0.00015848790583726833,0.000596136074166597,0.0008878881703817846,0.004565905960582457,-0.0013014860935692172,0.00019196115250508212,0.04099139172052795
1781505980.0104082,0.018379696432982883,0.7740554071414758,0.3324586574544707,-0.0494802076638429,0.020057438730040955,-0.07812971527655346,0.018365214376034222,0.7740461604405353,0.3324170654175596,-0.04999137924258652,0.02015314591991446,-0.07803075285775089,-4.9118087526396354e-05,8.450892166478857e-05,0.00017989521359100937,0.0019200463153545991,0.00034016195012715844,-0.0011445907483864366,4.546399637072316e-06,0.000506279491557887,0.0007232183261159076,0.004019378016521811,-0.0006503012066283219,-9.3991331510303e-05,0.045001433156717084
1781505980.0204077,0.01838067684798005,0.7740584864342137,0.332461413470144,-0.0494961414383603,0.020088005904643547,-0.0781558228748165,0.01837462331009676,0.7740785858706413,0.33246759945708504,-0.04973846044313353,0.02009088401695691,-0.07799603751637856,-4.339844413344935e-05,0.00010701618435030754,0.00019802673959399953,0.0015421906467037274,0.0006504074900561624,-0.0012877427392979281,8.460964475638012e-05,0.00032604265741463366,0.0006550953444410253,0.003031270649189524,-0.00041670346868898556,-0.00036334646237338975,0.021883763388509645
1781505980.0304124,0.018381527392810165,0.7740611955568022,0.3324637310004775,-0.04951093564388669,0.020113177043208585,-0.07817657155910669,0.01837462331009676,0.7740785858706413,0.33246759945708504,-0.04973846044313353,0.02009088401695691,-0.07799603751637856,-3.8256965623065375e-05,0.00012372840685383803,0.00021007304202206787,0.001216861104058031,0.0008650578731974083,-0.001359755355197504,0.00021003028724079145,0.0001266834738401196,0.0005863920378055274,0.0024428166392422264,-0.0001929172079526474,-0.0007897350389471702,0.019106395004275873
1781505980.040408,0.018375183193955796,0.7740595829743023,0.33245240473289006,-0.04948567037085212,0.02013943672850571,-0.078225282992137,0.01837462331009676,0.7740785858706413,0.33246759945708504,-0.04973846044313353,0.02009088401695691,-0.07799603751637856,-7.872147626784455e-05,0.00012822039426513518,0.00013382649843716337,0.0013705285160035931,0.0010832619165584323,-0.0017281524984092645,0.0001654204371438769,0.00024255324968677379,0.0004844754365860568,0.0020507860374647784,3.365069460512593e-05,-0.0009118472304243995,0.024337279687045292
1781505980.050414,0.018369766788493492,0.7740583161354941,0.332442694351802,-0.04946564655881817,0.02016060933665975,-0.07826461875703,0.01837462331009676,0.7740785858706413,0.33246759945708504,-0.04973846044313353,0.02009088401695691,-0.07799603751637856,-0.00011020781800692492,0.00013020175857378233,7.092210265745957e-05,0.0014481512770079317,0.0012171020767951905,-0.001956876234093335,0.00018071766835259942,9.488119902691757e-05,0.00022226594123067367,0.001161375576741215,0.0002022819911851152,-0.0010348094282796694,0.0324763334472382
1781505980.0604112,0.018365163352981904,0.7740573479006135,0.33243440657167217,-0.049450097833192125,0.020177390561860298,-0.0782958530593903,0.01837462331009676,0.7740785858706413,0.33246759945708504,-0.04973846044313353,0.02009088401695691,-0.07799603751637856,-0.0001340877628697568,0.0001301425561619947,1.9525487498292507e-05,0.0014666715935690966,0.0012840678961637895,-0.0020746865071275783,0.00018573162143453674,0.0001453779067814096,0.0002801764009824345,0.0010150612274010277,0.0009626558638349587,-0.0012936224506983353,0.04052542167017681
1781505980.070408,0.01836127074430393,0.7740566329707252,0.33242736657050065,-0.04943832755495567,0.020190421943472092,-0.07832016233771691,0.018381162225271308,0.7740871281453223,0.3324852886910472,-0.04965261707052449,0.0200951464220549,-0.07803151506167634,-0.00015155891338467734,0.00012844599172583365,-2.1981743033190096e-05,0.0014404014864864009,0.001299094172032296,-0.0021061682036607144,0.00019154027225926957,8.187880856745784e-05,0.00018524179791469644,0.0008469701212047198,0.0009667293347818177,-0.0015628654314696951,0.06841490142792117
1781505980.0804079,0.01835799821334207,0.7740561289831496,0.3324214169528352,-0.049429710388230436,0.020200286866546735,-0.07833861758377669,0.018381162225271308,0.7740871281453223,0.3324852886910472,-0.04965261707052449,0.0200951464220549,-0.07803151506167634,-0.00016366387864047346,0.00012545649420967197,-5.502410233483609e-05,0.0013812905072768777,0.001274792726059603,-0.0020721050167060557,7.124759998067192e-05,9.275299456812891e-06,9.235673515666607e-05,0.0010596866713464188,0.0007206327104168701,-0.001360313226107073,0.07468010743357774
1781505980.090401,0.018358393168754695,0.7740455676487652,0.33242381094847395,-0.04947950430991406,0.020182677935569826,-0.07832505435819055,0.018381162225271308,0.7740871281453223,0.3324852886910472,-0.04965261707052449,0.0200951464220549,-0.07803151506167634,-0.00014908544496098998,3.693020918467189e-05,-4.2591308511649346e-05,0.0006839112232340793,0.0009362773738211475,-0.0017075386160916792,7.435965528384231e-05,0.00035296724070083663,0.0008430891909127951,0.0025794755322429766,0.0012970738846741477,-0.0018803369915068396,0.07762227541521297
1781505980.1004117,0.018358808422051814,0.7740365656066353,0.3324259177403986,-0.049521981023693554,0.02016708637979847,-0.07831203711727204,0.018381162225271308,0.7740871281453223,0.3324852886910472,-0.04965261707052449,0.0200951464220549,-0.07803151506167634,-0.0001354932058330495,-3.4604258972396244e-05,-3.2070920295026976e-05,0.00014266895520372155,0.0006570073135167509,-0.0013876429730385242,-0.00011387439166216436,0.00024247447856699312,0.00022382931125970552,0.0016210662649002593,-1.552490160987573e-05,-0.001364014154516813,0.08112442676394142
1781505980.1104116,0.018359236291869648,0.7740289141787907,0.3324277602128726,-0.04955781252359225,0.020153433224772588,-0.07829978533413137,0.018381162225271308,0.7740871281453223,0.3324852886910472,-0.04965261707052449,0.0200951464220549,-0.07803151506167634,-0.00012286488468513085,-9.159173839018256e-05,-2.3219063956786315e-05,-0.000266770089402739,0.0004297730077981274,-0.0011099736330189313,0.00015575393010932106,0.0002061170065467574,0.00044593697862468137,0.001866886000649654,-0.00028269723535479874,-0.0018604046453849072,0.08472979556189575
1781505980.1204114,0.018359670128294224,0.7740224315417833,0.33242936148464625,-0.04958768419757262,0.020141606204218787,-0.07828844249988193,0.018387839564575736,0.7740950452245207,0.3325015746981075,-0.04957582889958961,0.02012651599171278,-0.07811301720708483,-0.00011117038466414791,-0.00013617919657071806,-1.5818822222391843e-05,-0.0005662461538351931,0.00024774801265820256,-0.0008715432993889484,7.770714222669405e-05,0.00013865425603655043,0.0005940686847376361,0.0020627493263437593,0.0005612793846385822,-0.0019786366904009137,0.10621210975919407
1781505980.1304107,0.018357607481395005,0.774026033883193,0.33242694171872395,-0.04950170222906364,0.02012056707568277,-0.07824360796734744,0.018387839564575736,0.7740950452245207,0.3325015746981075,-0.04957582889958961,0.02012651599171278,-0.07811301720708483,-0.00011449848416587502,-0.00010951576859407807,-3.913228010841083e-05,0.0004243970809679851,-3.290000365135064e-05,-0.0002990103879504588,-0.0002396137832430029,-6.188037449629722e-05,-2.9607954238504894e-05,0.0008645513674365565,0.0019130464090071039,-0.001882373769098034,0.10605010936793187
1781505980.140403,0.018355910867668728,0.7740291958707683,0.3324248613852683,-0.04942976874749635,0.0201029123119707,-0.07820562678729362,0.018387839564575736,0.7740950452245207,0.3325015746981075,-0.04957582889958961,0.02012651599171278,-0.07811301720708483,-0.00011571938104203506,-8.67234084735596e-05,-5.7351852468587094e-05,0.001155035934820487,-0.00024227745998990375,0.0001381541554881114,-2.4882242667870783e-05,-4.862028579402234e-05,8.780139467773419e-05,0.000762008713666626,0.0007529214130849351,-0.0016468161872288346,0.1060212782536716
1781505980.1504033,0.018354531102056,0.7740319594677755,0.332423074821589,-0.04937033020010573,0.020088277128547327,-0.07817381995738232,0.018387839564575736,0.7740950452245207,0.3325015746981075,-0.04957582889958961,0.02012651599171278,-0.07811301720708483,-0.00011523320222042877,-6.732744004486849e-05,-7.125132980532088e-05,0.0016708626509855536,-0.000392523577786883,0.00046192530560772556,-5.7958395335882645e-05,-0.00012794600994269227,-0.00016971057208797953,-3.1549227765137214e-05,0.0009377785848152316,-0.0014170249597406032,0.10607307383571826
1781505980.1604087,0.018353424179236855,0.7740343644772352,0.3324215432615739,-0.049321880568687554,0.02007630544537009,-0.07814750977537896,0.018387839564575736,0.7740950452245207,0.3325015746981075,-0.04957582889958961,0.02012651599171278,-0.07811301720708483,-0.00011338278923868815,-5.090377029591845e-05,-8.15066303500436e-05,0.002011618263336647,-0.0004943523230875814,0.0006918720726908588,3.191365432308476e-05,1.11144634855268e-05,4.865804280976009e-05,0.00021040865922421253,7.081224759429049e-05,-0.0010414684387979225,0.1061678043136231
1781505980.1704063,0.018352550908919615,0.7740364482984414,0.33242023365733503,-0.04928299067270353,0.02006665746032943,-0.07812603805652588,0.018386519532586743,0.7740940300967352,0.33250278388593435,-0.049545088574157785,0.020169999005010153,-0.07819159530617242,-0.0001104606523107932,-3.707428670002137e-05,-8.870653853228695e-05,0.0022118715723740304,-0.0005571165276483939,0.0008452250969464838,-3.674289550092207e-05,-0.00013207722613935567,-0.0001646830405237665,0.00013057163750287528,-0.0005549279164286804,-0.000418191317513335,0.10622650860486617
1781505980.1804128,0.018351876548390437,0.7740382457788172,0.33241911770258653,-0.04925232802072094,0.020059014882494397,-0.0781087792476198,0.018386519532586743,0.7740940300967352,0.33250278388593435,-0.049545088574157785,0.020169999005010153,-0.07819159530617242,-0.00010671519061395803,-2.5502579699665408e-05,-9.336242960833352e-05,0.0023013697524194975,-0.0005888931827462117,0.0009369913036262082,0.00012771479872052908,-0.00012544363540016427,-0.00016665266259072666,-0.0001003900241802179,-0.0007698157516179084,-0.00029842479970730893,0.10635815302829328
1781505980.1904047,0.018355149330414443,0.7740443962188499,0.3324253509611176,-0.04930400743595914,0.02007232520511293,-0.07809653981841266,0.018386519532586743,0.7740940300967352,0.33250278388593435,-0.049545088574157785,0.020169999005010153,-0.07819159530617242,-8.15046576997876e-05,3.607757684219881e-06,-4.178265672663353e-05,0.0014832569332032983,-0.00038606782661925636,0.0009752866159285789,-2.233962064786933e-05,-0.00016403523600877146,4.972727395382358e-05,0.0006261593611210161,-0.0005153725468933183,0.00015655711728505288,0.09717751418892497
1781505980.2004054,0.018358000591856657,0.7740496144750056,0.3324307155485567,-0.04934885442714988,0.020083831142679864,-0.07808715803262113,0.018386519532586743,0.7740940300967352,0.33250278388593435,-0.049545088574157785,0.020169999005010153,-0.07819159530617242,-6.0233571945577986e-05,2.6931041043211696e-05,1.5362884060469355e-07,0.0008296727623905897,-0.00022352673716312027,0.0009772837984072468,5.868284912165231e-06,-9.341203359450858e-06,4.9266681157669656e-05,0.0010817919434171139,0.00015122245970560814,-0.00010788049989211948,0.08933041299785068
1781505980.21041,0.018360475353997967,0.7740540127244527,0.3324353195506268,-0.04938735458050231,0.020093669965822736,-0.07808017411502677,0.018386519532586743,0.7740940300967352,0.33250278388593435,-0.049545088574157785,0.020169999005010153,-0.07819159530617242,-4.239449486161439e-05,4.531310311707935e-05,3.3817006376244434e-05,0.00031725450713903183,-9.561927768038424e-05,0.0009520293410101273,-3.987228748363766e-05,0.0001353813464186993,0.0003173028359536698,0.0021617360179444086,-0.0006564667768954581,0.0005125404638261531,0.08265062529253944
1781505980.2204125,0.018362615046062902,0.7740576935328685,0.3324392582569149,-0.0494200454470415,0.020101990209098197,-0.07807517794387588,0.0183864391862395,0.7740927898265549,0.33250535281045585,-0.049497362531229605,0.02014752257383079,-0.0781910357174567,-2.7536581417191856e-05,5.9495566011595055e-05,6.041256627683133e-05,-7.536678174745274e-05,2.8366004213503047e-06,0.0009070474270311226,0.00016438987952436174,0.00039101207178560745,0.00047519377268373725,0.002658331711208952,-0.00040042533070395157,3.394940970699784e-05,0.07853553013419685
1781505980.23041,0.018364457599368424,0.7740607500120602,0.3324426156578515,-0.049447488801538056,0.020108944771543236,-0.07807180782875663,0.0183864391862395,0.7740927898265549,0.33250535281045585,-0.049497362531229605,0.02014752257383079,-0.0781910357174567,-1.526013095542697e-05,7.012699722832205e-05,8.099727918498753e-05,-0.0003674812650714765,7.652995126856466e-05,0.0008485156686985338,-8.639485475762301e-05,0.0002403659547510403,0.0004241917943178996,0.0027959910766651276,-0.0011412553967407309,0.0009658644323730762,0.07379491981924964
1781505980.2404027,0.01836430096249119,0.7740652783497163,0.33244410855574225,-0.04955562175521433,0.02012480517383919,-0.07812354195830673,0.0183864391862395,0.7740927898265549,0.33250535281045585,-0.049497362531229605,0.02014752257383079,-0.0781910357174567,-1.7449324053026436e-05,9.937385693904087e-05,9.23151483726487e-05,-0.0014965005546787658,0.0002690147847314339,0.0002004727778494264,-9.6725935094276e-05,0.00019317628466772926,0.00031671420422581926,0.0024446112835716798,-0.00022076575944366062,0.000523014113409609,0.07069541034606538
1781505980.2504115,0.018364162090236176,0.7740690798269274,0.33244537355683945,-0.049645201008724826,0.020137885438693104,-0.07816722791114916,0.0183864391862395,0.7740927898265549,0.33250535281045585,-0.049497362531229605,0.02014752257383079,-0.0781910357174567,-1.898564884415768e-05,0.00012159328304111116,0.00010023110323617988,-0.0023014723182308208,0.0004058779550971019,-0.0002905713242812482,-4.3678953844096126e-05,0.00023299240975429566,0.00044855233490845775,0.0020917400389826486,-0.0006465669183223334,0.0007117821505985195,0.06823447774445458
1781505980.2604067,0.018364038520709045,0.7740722552365361,0.3324464425846278,-0.04971842645307112,0.02014852539306955,-0.07820368751914847,0.0183864391862395,0.7740927898265549,0.33250535281045585,-0.049497362531229605,0.02014752257383079,-0.0781910357174567,-1.997840169169509e-05,0.00013788973142157758,0.0001053157894274133,-0.00284161218877395,0.0004973182580335465,-0.000650540328139788,-0.00014973480225602645,0.00011013958556710977,0.0001896841832661652,0.0007793514665732962,-0.0003424298831734449,0.0008140433055456323,0.0662863025862817
1781505980.2704053,0.018363928446631338,0.7740748923816452,0.3324473425388653,-0.04977739406700378,0.020157046287579083,-0.07823373443346364,0.018381843423161737,0.7741036130563779,0.3325229599535079,-0.04939113298128523,0.020129722615756407,-0.07815576113032513,-2.05222103898622e-05,0.00014922487975634296,0.00010806318100414774,-0.0031685375540051078,0.0005522209349132489,-0.0009024458629463459,-9.209549093417696e-05,1.125005691022725e-05,9.785186366280873e-06,4.2796903182473934e-05,2.16188494987706e-05,0.0003779373690322048,0.08284815591437442
1781505980.280418,0.0183661803631524,0.774080351270242,0.33244374815150807,-0.049769035267302995,0.020158502087112895,-0.07821380458655071,0.018381843423161737,0.7741036130563779,0.3325229599535079,-0.04939113298128523,0.020129722615756407,-0.07815576113032513,-5.303361793850917e-06,0.00016820123969440239,7.85334154031575e-05,-0.002735759998312301,0.0004969855249081567,-0.000585873084895563,-2.2152785191246566e-05,-0.00010354564894235364,-1.4237104745250538e-06,-0.0004889437324884456,0.0001354975483063655,2.1111304270080575e-05,0.08402946934942827
1781505980.290404,0.01836810223006567,0.7740849026488519,0.33244065137870366,-0.04975948150865076,0.020159297048166103,-0.07819648167130001,0.018381843423161737,0.7741036130563779,0.3325229599535079,-0.04939113298128523,0.020129722615756407,-0.07815576113032513,6.981120249838605e-06,0.00018130367149151865,5.3832614265373994e-05,-0.0023366097193507065,0.0004419933632060849,-0.0003326386590717485,8.053035877180017e-06,-0.00036264036388174105,-0.0003685138252590455,-0.0016356941969605813,5.151173349267421e-05,-6.469614040157043e-05,0.08551959555444842
1781505980.3004007,0.018369735235202213,0.7740886654200011,0.3324379916555092,-0.04974929392202444,0.020159575127109974,-0.07818158622958328,0.018381843423161737,0.7741036130563779,0.3325229599535079,-0.04939113298128523,0.020129722615756407,-0.07815576113032513,1.6754314744932668e-05,0.00018952465036274667,3.332136038386424e-05,-0.0019735809315329714,0.0003886893198764386,-0.00013379328836032149,8.801962369820304e-05,-0.00013226150879326845,-3.458748823062093e-05,-0.0016666693774992137,0.00028192431534549426,-0.000519323721755351,0.08711860716122133
1781505980.3104086,0.018371116158084597,0.7740917461386009,0.3324357148536389,-0.049738910292347394,0.02015945833628896,-0.07816891735157053,0.018381843423161737,0.7741036130563779,0.3325229599535079,-0.04939113298128523,0.020129722615756407,-0.07815576113032513,2.438767872014663e-05,0.00019372276173023522,1.643326097409842e-05,-0.0016475537508945778,0.00033810963438944187,1.8857223723178437e-05,4.273809423673416e-05,-0.00027172580088534644,-0.00041598318303787655,-0.0020127726662159664,-0.0005681575330012107,-9.727969987234541e-05,0.08869952313691211
1781505980.3204062,0.018372277745888402,0.7740942398542288,0.33243377273522323,-0.04972866400233067,0.020159048904538235,-0.07815826355343655,0.01838134078512388,0.7740943684115789,0.3325093501199059,-0.04946074035137453,0.020129064936950103,-0.07816297574923915,3.020652173083274e-05,0.00019463822873595394,2.6677220687590668e-06,-0.0013581748057549434,0.0002909560446404907,0.00013271700109969333,4.223047205788641e-05,-0.0003186091099258363,-0.0005913053767909487,-0.0024228589332068564,0.0011692808893202955,-0.0010213102883013258,0.07611896138708157
1781505980.3304143,0.01837412199194781,0.7740916016066834,0.3324330987774384,-0.04970740399603964,0.02013604372450173,-0.07811234582351416,0.01838134078512388,0.7740943684115789,0.3325093501199059,-0.04946074035137453,0.020129064936950103,-0.07816297574923915,4.241985450720691e-05,0.00015019748871538064,-1.091900912601997e-05,-0.0009878955772340766,-1.654871641018499e-05,0.0006063099067207286,-0.00012300186615700788,-0.0003558589343506056,-0.0006700807022721595,-0.0028147129162769437,0.0002791400608671731,-0.0003031307184709246,0.0766422430018074
1781505980.340408,0.01837131490442161,0.7740824720839431,0.33243671949983966,-0.04966325511751027,0.02012564626942881,-0.0781254003321501,0.01838134078512388,0.7740943684115789,0.3325093501199059,-0.04946074035137453,0.020129064936950103,-0.07816297574923915,2.3869411755613124e-05,9.319968149187384e-05,8.690521559499272e-06,-0.000395199095385786,-0.000121017513389919,0.0003921689180406167,-0.00013374699892364363,-0.0001787519294235325,-0.0004026088199188531,-0.0025608818972548656,7.4017195877421e-05,-0.0001461515957396877,0.07427817893755764
1781505980.3504143,0.01836889936907517,0.7740745879825536,0.3324398042125389,-0.04962576641994014,0.0201169945845574,-0.0781367459591751,0.01838134078512388,0.7740943684115789,0.3325093501199059,-0.04946074035137453,0.020129064936950103,-0.07816297574923915,8.675164664369756e-06,4.626243750462711e-05,2.4322408594794936e-05,5.970569796818283e-05,-0.00019598041370510926,0.00022098518423026173,-0.00015776793601859844,-0.00012429798437793078,-0.0002838117723561649,-0.0018396288273956412,-0.00031796014373751955,0.00016177946764810955,0.07336680064731839
1781505980.3604126,0.018366830100445732,0.774067812431142,0.33244241729759066,-0.04959429414869658,0.02010988771223854,-0.07814650053970447,0.01838134078512388,0.7740943684115789,0.3325093501199059,-0.04946074035137453,0.020129064936950103,-0.07816297574923915,-3.63229211777714e-06,7.996286122526777e-06,3.6563078216580276e-05,0.00039891593224726415,-0.0002467834688376705,8.66737357492392e-05,-0.00013167440458793485,-1.365996897549614e-05,-7.67134727774342e-05,-0.0009319477193156371,0.00022242102639273613,-4.550794777744592e-05,0.07345599206242832
1781505980.3704011,0.018365065947194927,0.7740620192845488,0.33244461719605056,-0.04956819127291319,0.020104132802373886,-0.07815479593145387,0.01837959003124373,0.7740833642188931,0.33248706620733687,-0.04956566085219563,0.0201325285197389,-0.07818000144126702,-1.3466363168820093e-05,-2.2824073920949423e-05,4.592626783160915e-05,0.0006421550966782435,-0.0002780936494536337,-1.6334010250359748e-05,-0.00016869476371906753,-7.554096734737892e-05,-0.00025448464718074646,-0.0008177114429419421,5.7883470314709474e-05,0.00026198991494955553,0.049683737770085
1781505980.380406,0.0183635696756191,0.7740570929821536,0.33244645668331796,-0.0495468260176487,0.02009954835981298,-0.07816177088736845,0.01837959003124373,0.7740833642188931,0.33248706620733687,-0.04956566085219563,0.0201325285197389,-0.07818000144126702,-2.1190258893713168e-05,-4.7276627322959895e-05,5.286085263075982e-05,0.0008068283106367003,-0.00029394135754860784,-9.306729160139541e-05,-3.658951666033972e-05,0.0001376331222906423,4.175958648563117e-05,5.290860353962324e-05,-6.681578047341359e-05,0.0001928221489555395,0.050950594846419554
1781505980.390401,0.018356634065973678,0.7740484681934031,0.33244757747286197,-0.049527269595956956,0.020060184335723985,-0.07819066086487508,0.01837959003124373,0.7740833642188931,0.33248706620733687,-0.04956566085219563,0.0201325285197389,-0.07818000144126702,-5.813826703220626e-05,-8.60551649323119e-05,4.124078568878898e-05,0.0009385925006619205,-0.000675442126407519,-0.00041912769803597325,-0.00020204377480770563,2.7185835445479932e-05,3.795138350305385e-05,0.00015162209528071522,-0.00013399096558298923,0.0004930990308762188,0.057481032409902696
1781505980.400411,0.01835074864076684,0.7740411914985561,0.332448436326324,-0.049511674804758675,0.020027714588695344,-0.07821460658518001,0.01837959003124373,0.7740833642188931,0.33248706620733687,-0.04956566085219563,0.0201325285197389,-0.07818000144126702,-8.706246512910591e-05,-0.00011609512750097528,3.13899452881961e-05,0.0010116268779318332,-0.00094279995875041,-0.0006519600242294015,9.993931281861737e-06,4.90540427037556e-05,8.986584554593816e-05,0.00037788804423685485,-3.1596750861777404e-05,0.00012693435631075059,0.06405179039132886
1781505980.4104075,0.018345783533043815,0.7740350947056284,0.33244906746259906,-0.04949947539548617,0.020001299180560705,-0.07823419215070872,0.01837959003124373,0.7740833642188931,0.33248706620733687,-0.04956566085219563,0.0201325285197389,-0.07818000144126702,-0.00010917886498519758,-0.00013873935980842286,2.3084212605785534e-05,0.0010386579055139018,-0.0011173158127226242,-0.0008085667099095582,-1.9099603093894796e-05,1.0650703847109368e-05,0.0002299407142324309,0.0007321097591051211,-8.844890836898171e-05,0.00012572554121454522,0.07011939698119522
1781505980.4204035,0.018341621731176577,0.7740300254958111,0.3324495039180682,-0.049490154110078975,0.01998014307568341,-0.07824997459469221,0.018377565772907223,0.7740848512575065,0.3324851169744508,-0.04956532291226387,0.020126340365536954,-0.07816813090565011,-0.00012554990994340586,-0.00015515957300335539,1.6124092983718222e-05,0.0010304803133476205,-0.001217491170797623,-0.0009037735466070889,0.00014237681193512102,0.00014345016411102527,0.00023112582784816827,0.00035256096053163895,-0.0005018882915972259,0.00012837109299719142,0.07460648809802803
1781505980.4304025,0.018338158257735018,0.7740258467258662,0.3324497767952768,-0.04948324456374391,0.01996350663983537,-0.07826247541365959,0.018377565772907223,0.7740848512575065,0.3324851169744508,-0.04956532291226387,0.020126340365536954,-0.07816813090565011,-0.00013710130047571282,-0.00016637524998035626,1.033238718289354e-05,0.000996145971620949,-0.001259223512419617,-0.0009503696307136453,7.839847760667519e-05,8.24638694182964e-05,0.00016574437827268632,0.0006725712264918396,-0.000427667955215046,-0.00010535141329721178,0.07926799650673268
1781505980.4404016,0.018345301996050264,0.7740257571750466,0.33244504920909235,-0.04949543911252563,0.019977118648705883,-0.07820983812681848,0.018377565772907223,0.7740848512575065,0.3324851169744508,-0.04956532291226387,0.020126340365536954,-0.07816813090565011,-8.561065345949213e-05,-0.0001782765651101914,-1.533192447913748e-05,0.0007427914995939679,-0.0010017572722816554,-0.00026544041516101747,0.00020898175159135885,-9.181652006102855e-05,-3.264310931546611e-06,0.0005810292981509165,-0.0011190140547535543,-0.0002954104083296916,0.07834850157896768
1781505980.4504063,0.01835149079285711,0.7740257466366613,0.33244095891065856,-0.04950637304560541,0.01998949902037328,-0.07816536768362804,0.018377565772907223,0.7740848512575065,0.3324851169744508,-0.04956532291226387,0.020126340365536954,-0.07816813090565011,-4.319057052406655e-05,-0.0001855716762792802,-3.574027380814068e-05,0.000532631675187847,-0.0007814240721751326,0.00025501987341112803,0.0002146831756710658,0.00010206158766932604,0.0002307069429309824,0.0008841661242554781,-0.0013828947941434046,-0.000575785457912053,0.07825084911834526
1781505980.4603548,0.018356831197902428,0.7740257846777199,0.3324374391654148,-0.04951606326261923,0.02000061758466165,-0.07812823365717225,0.018377565772907223,0.7740848512575065,0.3324851169744508,-0.04956532291226387,0.020126340365536954,-0.07816813090565011,-8.58959843361593e-06,-0.00018907661410805165,-5.167068317763555e-05,0.0003605882018460669,-0.000594944934229335,0.000638002698708763,-3.433344001906251e-05,-1.8245987894632552e-05,0.00012897201110935748,0.0008040330608733855,-0.0017843257301756643,-0.0002651912322142832,0.07868898857395969
1781505980.4704216,0.018361420176636414,0.7740258504353491,0.3324344279323625,-0.04952455645466392,0.020010486289596452,-0.07809761301564026,0.018379672149053616,0.7740844632846167,0.33248805315922525,-0.0495344586404871,0.020086083491652307,-0.07818101598681844,1.929597194487964e-05,-0.00018949449141473476,-6.380446810716103e-05,0.00022181288126770722,-0.0004389362495819739,0.0009074949966682282,-6.009262991038384e-05,-2.999236926704102e-05,-3.6683833799872294e-05,0.0008691616463361837,-0.0006240985692720178,-0.0009719174087956551,0.08151236441461832
1781505980.480411,0.018365345674559438,0.774025930240413,0.3324318678737605,-0.049531920355936905,0.02001914831400442,-0.07807271079836116,0.018379672149053616,0.7740844632846167,0.33248805315922525,-0.0495344586404871,0.020086083491652307,-0.07818101598681844,4.143725962988594e-05,-0.00018742886448438342,-7.27366774907704e-05,0.00011176259191455359,-0.00031002865760695604,0.0010845759208586638,-0.00011310022546568797,-0.00011742037354215838,-0.00013316882872703637,0.00026647478039120754,-0.000514023524254872,-0.0006043722258312158,0.08239023872969586
1781505980.4904025,0.018366692056648537,0.7740370070054551,0.33243409605148055,-0.04957888629613956,0.020026158060774568,-0.0781075591005398,0.018379672149053616,0.7740844632846167,0.33248805315922525,-0.0495344586404871,0.020086083491652307,-0.07818101598681844,4.6755249217639305e-05,-9.740019213389747e-05,-5.069115388703407e-05,-0.0004055543601144614,-0.00018092583700487258,0.0005900666235173197,-7.424611292122739e-05,-0.00011724982871293138,6.196915843810982e-05,0.0009109403446953396,-0.0008407564097799454,-0.00014893754433683402,0.0730202075242139
1781505980.5004122,0.018367819894508797,0.7740465396657398,0.33243603553828066,-0.04961802759633141,0.02003219185986338,-0.07813741929057538,0.018379672149053616,0.7740844632846167,0.33248805315922525,-0.0495344586404871,0.020086083491652307,-0.07818101598681844,5.0431952002527346e-05,-2.3893431683919943e-05,-3.2351291015074644e-05,-0.0007820613253769785,-7.923914497134926e-05,0.00020339639751311504,-0.00014196756171713538,-5.5352449748363675e-05,-3.778665490826273e-05,0.0006682997051832479,-0.0005360021122355898,0.00020493407224125067,0.0654561662125859
1781505980.5103602,0.01836875757923508,0.7740547189078503,0.3324377210754679,-0.049650234724690386,0.020037329444599683,-0.07816272466620575,0.018379672149053616,0.7740844632846167,0.33248805315922525,-0.0495344586404871,0.020086083491652307,-0.07818101598681844,5.274448624901374e-05,3.5418576172926175e-05,-1.7218617775216474e-05,-0.0010427581098090752,-8.78345080231792e-07,-9.188958962639323e-05,3.8621467464366554e-06,-0.00012502905675362423,9.548597586837859e-05,0.0006158091825251656,-0.0003370764546785078,0.000137060184999458,0.05947414933317207
1781505980.520409,0.018369530436733995,0.7740617135184772,0.33243918317083687,-0.04967636469060457,0.020041655054115592,-0.0781839245664739,0.01837133962723836,0.7740784962042433,0.3324842676631832,-0.04950885477915232,0.020063562954179215,-0.07818746458238623,5.393260046040631e-05,8.258387437834897e-05,-4.852336602189225e-06,-0.0012095462635289228,5.785985047375004e-05,-0.00031062178711901414,-1.2006936399730347e-05,-0.00015279953822039922,-3.738421528929492e-05,0.00019887458837738054,-0.0006113706536466062,0.0003700350077622981,0.04814086789754363
1781505980.530408,0.01837016098797755,0.7740676727756731,0.33244044864885613,-0.049697225975368256,0.020045253998574264,-0.07820146805008847,0.01837133962723836,0.7740784962042433,0.3324842676631832,-0.04950885477915232,0.020063562954179215,-0.07818746458238623,5.4203005842047965e-05,0.0001194004879658346,5.136465951492105e-06,-0.0013014064126549668,0.00010028740305057703,-0.00046600760763749354,-7.256821103328376e-05,-0.00017638253517440094,-0.00027645191679972456,-0.0003332212343611787,-0.0004211824140817527,0.0005264173868563754,0.04515132127761143
1781505980.5404243,0.01837228123513572,0.7740633877794724,0.33243787084630844,-0.04972595552305999,0.02008469614140851,-0.07820966048088913,0.01837133962723836,0.7740784962042433,0.3324842676631832,-0.04950885477915232,0.020063562954179215,-0.07818746458238623,5.8840630893268514e-05,8.366157524161659e-05,3.7662235978513532e-06,-0.0014711957005806677,0.0005238299812280128,-0.0004830427566253758,-8.917434413184894e-05,-7.84227439930618e-05,-0.00013962525871293312,-0.0003096749941829657,0.0003318837253752108,0.00020064753157270432,0.048803849649378596
1781505980.5504029,0.018374042888670096,0.7740596626363189,0.33243572708649954,-0.049748759689007244,0.02011741187035221,-0.07821608468858726,0.01837133962723836,0.7740784962042433,0.3324842676631832,-0.04950885477915232,0.020063562954179215,-0.07818746458238623,6.18180212373462e-05,5.3911258501194306e-05,2.6185079467796708e-06,-0.0015581431518724822,0.0008268371995539636,-0.00048258241814755684,-0.00014568105842867915,-6.733047371678441e-05,-0.00014554980734866985,-0.0006721751328236809,-0.0008595348931768321,0.0010703966468337297,0.052136345172170834
1781505980.5604036,0.01837549177436355,0.7740564339242588,0.33243396627476773,-0.04976649986512212,0.020144192267008698,-0.07822100798960148,0.01837133962723836,0.7740784962042433,0.3324842676631832,-0.04950885477915232,0.020063562954179215,-0.07818746458238623,6.342489317286485e-05,2.934539255849986e-05,1.6639734809096266e-06,-0.0015806398527369856,0.0010312372818473605,-0.0004690264068971594,-6.693771882323576e-05,-5.801609335372297e-05,-2.438968703862706e-05,-0.00035753944224959337,-0.0003134834090765641,0.0004483266697645261,0.05508370176725092
1781505980.570401,0.01837666961120232,0.7740536445286251,0.3324325397917109,-0.04977996010265889,0.020165792509832414,-0.07822467181020537,0.01836706373906294,0.7740733239362414,0.3324767413339168,-0.049531197144749524,0.02005297006848683,-0.07816252898812007,6.391118902599334e-05,9.252738991614002e-06,8.766146050047533e-07,-0.0015542298589948655,0.001156159435044787,-0.00044602969321850964,5.6094747208692044e-05,8.724605356437122e-06,-4.796281376262709e-05,-0.0010822492841726767,-0.00024186919310204078,8.65300635551997e-05,0.04932877656162251
1781505980.5804129,0.01837761409400928,0.7740512431027294,0.33243140218466477,-0.04978984503722159,0.020182920209564248,-0.07822729155966951,0.01836706373906294,0.7740733239362414,0.3324767413339168,-0.049531197144749524,0.02005297006848683,-0.07816252898812007,6.34917546226116e-05,-6.994345452276906e-06,2.3343644093360046e-07,-0.0014918985484143198,0.0012181120424628168,-0.0004165891458902895,-4.125105687627495e-05,1.7758989442471696e-05,-1.3957802434624148e-05,-0.0006734444764497919,9.132516599194234e-05,-6.180393503727371e-05,0.05152195311684964
1781505980.5904002,0.018381996923436252,0.7740531488722688,0.33242660434095617,-0.04972017436311377,0.020185320911126903,-0.07817763449704129,0.01836706373906294,0.7740733239362414,0.3324767413339168,-0.049531197144749524,0.02005297006848683,-0.07816252898812007,8.686826066062824e-05,-3.498104638661057e-06,-3.0173301412931283e-05,-0.0005793742852206481,0.001084375802802774,0.00017152511461891425,1.7871723187708447e-05,-0.00015196007090859234,-0.00010562887823310962,-0.0008864734686488452,0.000120416841720084,-0.00014007594479738218,0.05606916501036204
1781505980.6004143,0.018385684587205537,0.7740547450077709,0.33242256734439957,-0.04966104559012966,0.02018633494098343,-0.07813597591355033,0.01836706373906294,0.7740733239362414,0.3324767413339168,-0.049531197144749524,0.02005297006848683,-0.07816252898812007,0.00010453358304130174,-6.470918412077633e-07,-5.420068785128519e-05,0.00012020576963150161,0.0009544875915789028,0.000607487487936311,0.00011570917004137569,-0.00018661407340924368,-0.00033846749316640426,-0.0013620957290823926,0.0010450605000601446,-0.0010418429207952008,0.060222368841434504
1781505980.6104074,0.01838876859521079,0.7740560679484095,0.3324191883519361,-0.04961143403392028,0.02018628277301393,-0.07810145080194807,0.01836706373906294,0.7740733239362414,0.3324767413339168,-0.049531197144749524,0.02005297006848683,-0.07816252898812007,0.00011739028294145165,1.6498240006629148e-06,-7.280245086002047e-05,0.0006410851595188073,0.0008310384389582854,0.0009175132777142234,4.2748884783430744e-05,9.046874194100553e-05,0.00011024049683078069,-0.0003730926498939017,0.0003676568723537156,-0.0003720771421314348,0.0638843927052677
1781505980.6204038,0.018391330088133005,0.7740571520437921,0.33241637665280244,-0.04957031141040209,0.020185433602817104,-0.07807321572624941,0.01836829689730679,0.7740679535544348,0.3324654236725222,-0.04958539828318963,0.020068948931814434,-0.07818035936609553,0.00012622384237166405,3.4728214268823775e-06,-8.681296581879513e-05,0.0010138127792291426,0.0007157933442521129,0.0011246921645472058,-2.2981474916834536e-06,-9.5122029132627e-05,-0.00018017166773103542,-0.0006929743856998983,0.0010422328223585592,-0.0005414101116455145,0.055252245702692715
1781505980.630408,0.018393440815085663,0.7740580291961315,0.3324140524810759,-0.04953667488880231,0.020184010847840828,-0.07805046651417141,0.01836829689730679,0.7740679535544348,0.3324654236725222,-0.04958539828318963,0.020068948931814434,-0.07818035936609553,0.00013171580247655937,4.892270643945253e-06,-9.696022265631791e-05,0.0012653330808269124,0.0006098501063816751,0.0012491398240774385,-0.00011735409848904936,-7.790381692291183e-05,-0.00016197938985976839,-0.000653531542934415,0.00047485914485967086,0.0002451007205562662,0.05804919292816821
1781505980.6403978,0.018392742833209994,0.7740584313773455,0.33241966789951155,-0.04966227636147631,0.02018789037301727,-0.07805819555503855,0.01836829689730679,0.7740679535544348,0.3324654236725222,-0.04958539828318963,0.020068948931814434,-0.07818035936609553,0.00011702415606042886,-7.880497616552347e-06,-5.224952377895005e-05,-0.0002422983096814779,0.0005897129999664697,0.0010306087539010043,-8.937866703990063e-05,5.7969104149760214e-05,9.16531831513883e-05,0.00046872466723183614,0.0012292739139851989,-2.2363485066021776e-05,0.052743401506765264
1781505980.650412,0.01839205887972518,0.7740586823317087,0.3324245558841849,-0.049767714326683934,0.020190565393116477,-0.07806561554422013,0.01836829689730679,0.7740679535544348,0.3324654236725222,-0.04958539828318963,0.020068948931814434,-0.07818035936609553,0.00010374728187141282,-1.8034279152733478e-05,-1.5694920571653902e-05,-0.0013652826065525142,0.0005584889170056029,0.0008386569164558746,-2.884634377484495e-05,3.3998815704766654e-05,-0.00015289619555566096,9.600759358897581e-05,0.0003735125051166478,0.0006003842335248132,0.048174303345972544
1781505980.6604052,0.0183913949018221,0.7740588037083709,0.33242879705425654,-0.049855158332845505,0.020192264600732424,-0.07807260063774314,0.01836829689730679,0.7740679535544348,0.3324654236725222,-0.04958539828318963,0.020068948931814434,-0.07818035936609553,9.177438032014267e-05,-2.5956949738035788e-05,1.3849004063357326e-05,-0.0021693248399365797,0.0005198109174806768,0.0006718750815001257,-0.00013009083832959603,0.00011872925294224824,9.73170542937989e-05,0.0006697584989173847,0.00041481924152038873,0.0010067751332810736,0.0442577299594112
1781505980.6704009,0.018390755674725996,0.7740588170543408,0.3324324640122911,-0.049926726492698664,0.02019318610738141,-0.07807906851528754,0.01836158665934734,0.774068344398231,0.3324638166311653,-0.049584438748229404,0.02010558380539673,-0.07815594227256983,8.099998181363602e-05,-3.1988156070945324e-05,3.739059263657094e-05,-0.002712385851122224,0.00047660554252190615,0.0005285181783154714,-0.00036320444969461087,0.00014553172791305084,0.0002182451209684362,0.0009691441213679941,0.000702150978655215,0.0015916172641684961,0.04387013163913728
1781505980.6804056,0.01839014490050387,0.7740587429962428,0.33243562211750227,-0.0499844404018592,0.020193499668674564,-0.0780849717043192,0.01836158665934734,0.774068344398231,0.3324638166311653,-0.049584438748229404,0.02010558380539673,-0.07815594227256983,7.132423194373537e-05,-3.642452417496866e-05,5.581537113640856e-05,-0.0030450374820575445,0.00043118976029589743,0.0004066373225058032,-0.0004858038086766631,0.00018232550452568997,-5.074549183338657e-06,0.0008043438450982714,0.0022756947695911013,0.0015276499886670977,0.041263672386127576
1781505980.6904094,0.01838754153319212,0.7740575275413014,0.3324342957663115,-0.04995142945481265,0.02017856936540663,-0.07811056184139348,0.01836158665934734,0.774068344398231,0.3324638166311653,-0.049584438748229404,0.02010558380539673,-0.07815594227256983,5.300756800284966e-05,-2.7379487297724e-05,3.767278168714539e-05,-0.002346582822112717,0.00023529337134229787,7.5138924330826e-05,-0.0001530527694230271,0.00012988846229793449,-1.0993751187266248e-05,0.00048389238197681024,0.0002798594864393963,0.0016876586014236002,0.0407693675674595
1781505980.7004056,0.01838527810112023,0.7740564864443609,0.33243313694522547,-0.04992151053453863,0.02016579331150825,-0.0781321440468386,0.01836158665934734,0.774068344398231,0.3324638166311653,-0.049584438748229404,0.02010558380539673,-0.07815594227256983,3.7631782238810245e-05,-1.9771448624880064e-05,2.2631045564590987e-05,-0.0017590218355903358,8.207694926037621e-05,-0.0001752994437864051,-0.00016431308449429478,5.375147870406968e-06,-1.4949950414853428e-05,0.00022748218807501342,0.0006423436827672232,0.001224142003264739,0.04053564619729322
1781505980.7104108,0.01838331863562573,0.7740556107443471,0.33243212261354116,-0.04989472738327077,0.020154980944553147,-0.0781501324177182,0.01836158665934734,0.774068344398231,0.3324638166311653,-0.049584438748229404,0.02010558380539673,-0.07815594227256983,2.481168133766223e-05,-1.3413395105674017e-05,1.0269185312174376e-05,-0.0012706329217389914,-3.496755177721381e-05,-0.00035814682295960264,6.811112448908726e-05,-8.842366621709304e-05,6.653918573217861e-06,-0.0004408442263993936,0.00034481906527215574,0.0006960892311941218,0.04048376819614058
1781505980.7204134,0.01838162981834036,0.7740548882462381,0.3324312336259418,-0.04987102693053713,0.02014593574994361,-0.07816493560295368,0.01835343027767178,0.7740702315531878,0.3324638261799533,-0.04957898603566882,0.020144756278993592,-0.07809494743840611,1.4205659326260762e-05,-8.139359102787987e-06,2.1529478161604526e-07,-0.0008699188578358897,-0.0001217063429956758,-0.00048534532802023335,4.15626319004491e-05,-0.00016439129276593802,-0.0003240756317835753,-0.0013400637609149713,0.00045810603910901817,0.0002576554953195874,0.04574828673362894
1781505980.7304122,0.01838018097952209,0.7740543047864791,0.33243045400597226,-0.049850285020913265,0.02013846213285775,-0.07817694698461361,0.01835343027767178,0.7740702315531878,0.3324638261799533,-0.04957898603566882,0.020144756278993592,-0.07809494743840611,5.511429472997552e-06,-3.8023706500539207e-06,-7.858426618036382e-06,-0.0005458652541036332,-0.0001833641993509158,-0.0005673660940144165,-8.593726176726672e-06,-0.00023539674383517213,-0.00038279331138382777,-0.0017784002873596407,0.00014991806335076823,0.00012647133781747524,0.04563949981646984
1781505980.7404096,0.01837713927709424,0.7740519231605358,0.33242895912354836,-0.049874960431660315,0.020137279287165022,-0.07816950211455098,0.01835343027767178,0.7740702315531878,0.3324638261799533,-0.04957898603566882,0.020144756278993592,-0.07809494743840611,-1.4670320160016493e-05,-2.5309792087091102e-05,-1.7239472683449303e-05,-0.000757291250436721,-0.00018030458360488152,-0.0004249114460327703,-1.3709398152338478e-05,-0.00039454156617501447,-0.0006857280775883862,-0.0030267563799751137,0.000587705034567615,-8.711893639472591e-05,0.045967657297890124
1781505980.7504094,0.018376562632038657,0.7740525937584306,0.33242732232378547,-0.04981876256660522,0.020130821895590012,-0.07814214913039574,0.01835343027767178,0.7740702315531878,0.3324638261799533,-0.04957898603566882,0.020144756278993592,-0.07809494743840611,-1.6561116408736765e-05,-2.1959083866224354e-05,-2.955898485317237e-05,-6.711134122158225e-05,-0.00024588170033210073,-8.385479971630979e-05,-8.115345899694761e-05,-0.0004833762041900116,-0.00044335022045929434,-0.00305711431678342,8.732894806084286e-05,0.00013161218019102754,0.046676858694345236
1781505980.760408,0.018376084317385216,0.7740531765484239,0.3324259130351576,-0.04977143237033912,0.02012561880416186,-0.0781190775379974,0.01835343027767178,0.7740702315531878,0.3324638261799533,-0.04957898603566882,0.020144756278993592,-0.07809494743840611,-1.786915071350778e-05,-1.899098137549306e-05,-3.907421612355306e-05,0.00045185440723504973,-0.00028828582615658346,0.00017398205801881744,1.559578310724717e-05,-0.0003760776150288798,-0.0007045323480748705,-0.003007987402639066,-0.0004383839397884519,-1.93226745096369e-06,0.04734432649359949
1781505980.7704086,0.018375691187458822,0.774053679770665,0.3324247034299025,-0.049732041947660385,0.020121498165470264,-0.07809984529695692,0.01835343027767178,0.7740702315531878,0.3324638261799533,-0.04957898603566882,0.020144756278993592,-0.07809494743840611,-1.8692785252598077e-05,-1.636763336517585e-05,-4.621767833420603e-05,0.0008283296019750108,-0.0003121665323200087,0.00036240761712835095,0.00017676339803525626,-0.0003222649442538116,-0.0005109540997660424,-0.002367424659377754,-4.1305468729828645e-05,-0.000521864336374444,0.04795934925295058
1781505980.7804103,0.01837537146914282,0.7740541115336713,0.33242366911912063,-0.04969967873116786,0.020118301545480666,-0.07808401612802039,0.01835722005096263,0.7740529748950346,0.33243681306106854,-0.04971079811370965,0.02014304023095681,-0.07810466712086872,-1.9117120378822443e-05,-1.4054285478918215e-05,-5.1366633100285056e-05,0.0010877362434813433,-0.0003215146131040683,0.0004936680462546568,-8.065517706169252e-05,-0.00024627598730963445,-0.00027319901293408974,-0.0016242724104823785,5.978238648560722e-05,-0.0001644299019834556,0.022439454968258787
1781505980.7904007,0.018375912654320977,0.7740547973997229,0.3324253311451091,-0.04956618986111367,0.020065603822000178,-0.07805053599853232,0.01835722005096263,0.7740529748950346,0.33243681306106854,-0.04971079811370965,0.02014304023095681,-0.07810466712086872,-6.526394042794018e-06,-3.070338065363946e-06,-5.880636395936552e-05,0.0024189690205689294,-0.000879087197644192,0.0007762128898668272,0.00015545606518317447,5.873957751315257e-05,1.0258415962079147e-05,-1.2992163788573364e-05,0.00010879124477589687,-0.000484890214034941,0.02201293569135309
1781505980.800409,0.018376418511436714,0.7740554054274593,0.3324266841587237,-0.049456151692187776,0.020022047854225233,-0.07802313357752863,0.01835722005096263,0.7740529748950346,0.33243681306106854,-0.04971079811370965,0.02014304023095681,-0.07810466712086872,3.6637990695051716e-06,5.786184327546067e-06,-6.40336438132653e-05,0.003350202125055273,-0.001272795722823407,0.000966667765070387,2.106521787588784e-05,5.6655849273057254e-05,-8.1836657334258e-05,0.00014368751777790785,0.0001788107684895867,-0.00018276053095833442,0.021842230544397274
1781505980.8104029,0.018376893188458938,0.774055946548006,0.332427762473871,-0.04936669601361737,0.019986534608818607,-0.07800103379497822,0.01835722005096263,0.7740529748950346,0.33243681306106854,-0.04971079811370965,0.02014304023095681,-0.07810466712086872,1.1797788464556753e-05,1.2822645898514273e-05,-6.74185924556531e-05,0.003956238823536904,-0.0015329492607668708,0.0010829093129749142,3.494366178572831e-05,0.00013635958055187284,5.7103841469079446e-05,0.0007478856692251695,-7.778632817733018e-05,-0.00010564991425727619,0.021858092070248233
1781505980.820412,0.018377339014864706,0.7740564293215526,0.3324286008613987,-0.04929511046489515,0.01995802024827187,-0.07798351107471066,0.01835722005096263,0.7740529748950346,0.33243681306106854,-0.04971079811370965,0.02014304023095681,-0.07810466712086872,1.8178046814684932e-05,1.8308852393054945e-05,-6.928167632719422e-05,0.004302028138214519,-0.001685913218911543,0.0011403633582233598,-3.143754454372098e-05,9.786816929539775e-05,0.00019633832964556635,0.0009996944581575373,-0.0004488205114211479,0.0003696259423490715,0.022003317806164182
1781505980.830413,0.018377757120712965,0.7740568605024559,0.3324292332368762,-0.0492388736869388,0.019935530904563237,-0.07796989673379331,0.01835865911262813,0.774052272767918,0.33243427016744065,-0.049717879902695064,0.02013854191631137,-0.07811060923400819,2.306961261361319e-05,2.248103992587326e-05,-6.989944085449727e-05,0.00444335781737659,-0.0017543764359848682,0.001152197153948788,-4.0726320471385393e-05,5.507776112119628e-05,0.00014592251736510805,0.0011887367273296695,-0.0006155030781330444,0.0004955748865995974,0.020276880689848262
1781505980.8403978,0.018373448617684765,0.7740518710351002,0.33242770705062474,-0.049270951859627654,0.019967213847833065,-0.07801322441486108,0.01835865911262813,0.774052272767918,0.33243427016744065,-0.049717879902695064,0.02013854191631137,-0.07811060923400819,-9.761880581362484e-06,1.4971779425968953e-06,-6.268418885859738e-05,0.003617496890016312,-0.0011941227523268865,0.0005710933303452244,1.2690941172915647e-05,0.0003310696678117327,0.00035012175254328274,0.002102656655230615,-0.0008114221098131237,0.0006180583839074099,0.0161853437225283
1781505980.850408,0.01836876361299886,0.7740519360287034,0.33242827218403215,-0.04931786406346413,0.020020347854167397,-0.07807013174868987,0.01835865911262813,0.774052272767918,0.33243427016744065,-0.049717879902695064,0.02013854191631137,-0.07811060923400819,-4.567425440778194e-05,1.7692109073752078e-05,-3.4061702897785615e-05,0.002722826845444566,-0.00045382014475863863,-8.305978550408627e-05,4.0932842620385284e-05,0.0002659432206486238,0.00035750579253774223,0.0024509534147225103,-0.0014967132478104766,0.0010729115444751828,0.011755429639508262
1781505980.8604085,0.018364765894560098,0.7740520820136484,0.33242880253408275,-0.049359822917999015,0.02006545541207272,-0.07811794281250321,0.01835865911262813,0.774052272767918,0.33243427016744065,-0.049717879902695064,0.02013854191631137,-0.07811060923400819,-7.39250047786758e-05,3.0468788006455325e-05,-1.0652743249635451e-05,0.0019779483952408385,0.0001132788316811008,-0.0005709269850236583,0.00016501330597359985,0.00045806388368519786,0.0005918002695470398,0.0030736975117558792,-0.0015820804304444215,0.0010256085059753505,0.008199035753821984
1781505980.8704042,0.01836136584913289,0.7740522967486763,0.332429312743949,-0.04939692139142628,0.020103314745509415,-0.07815762926121166,0.01835865911262813,0.774052272767918,0.33243427016744065,-0.049717879902695064,0.02013854191631137,-0.07811060923400819,-9.566724384273545e-05,4.033949235062468e-05,8.274322157357763e-06,0.0013656933964608237,0.000535080899682855,-0.000920846019919111,0.00036172314412639,0.000640779771868572,0.0009552853637877065,0.004576800756346718,-0.002093960768265528,0.0007087229125359346,0.005648278079080516
1781505980.8804157,0.018358485197866793,0.7740525668420372,0.33242981082867923,-0.04942936227761655,0.02013470728658273,-0.07819014156759199,0.018361675629173624,0.7740691543059736,0.3324557415439064,-0.049591668176437134,0.02009056184637381,-0.07806778648231784,-0.0001119091285215467,4.775228646687968e-05,2.3363618058558597e-05,0.0008695679916330936,0.0008364723560879427,-0.0011578258034107833,9.651529636491856e-05,0.00042757997381886537,0.0003406486919478758,0.003590658791206924,-0.0009768707465455705,0.0002743188330620936,0.03094712917149559
1781505980.8904033,0.018363452550880947,0.7740601310767333,0.33243108528550125,-0.049454007631595395,0.02014500509502226,-0.07815091452707061,0.018361675629173624,0.7740691543059736,0.3324557415439064,-0.049591668176437134,0.02009056184637381,-0.07806778648231784,-7.53934535817542e-05,7.463632632996127e-05,3.422483011984234e-05,0.000496952658589655,0.0008362683407821956,-0.000598237841567119,1.4359490298626734e-05,0.0002791416332139344,0.00033075581943081266,0.0028801773382515646,-0.0008701752858877375,0.00019029644595400876,0.026315531444698993
1781505980.9004078,0.018367735890146158,0.7740665770441454,0.3324322148404508,-0.04947518094794941,0.02015292746810915,-0.07811733472032169,0.018361675629173624,0.7740691543059736,0.3324557415439064,-0.049591668176437134,0.02009056184637381,-0.07806778648231784,-4.51243384854495e-05,9.527239372480415e-05,4.2510256217794016e-05,0.00020415992861127211,0.0008132247424943593,-0.0001625833317258588,5.1930080248081725e-05,0.00026951241210791487,0.00041746155622764233,0.0027535848974114996,-0.00017362390743541967,-0.0003184227564691376,0.02443102161335855
1781505980.9104002,0.018371415186780933,0.7740720292333256,0.33243321326641434,-0.04949317325513102,0.020158853032236967,-0.07808890528758161,0.018361675629173624,0.7740691543059736,0.3324557415439064,-0.049591668176437134,0.02009056184637381,-0.07806778648231784,-2.025333434961566e-05,0.00011063127663731054,4.8622925736398525e-05,-2.0809458229591285e-05,0.0007736989336810202,0.00016828728801774592,0.0001735478855537103,1.905818191216996e-05,6.181225436086243e-05,0.0015746232443525734,0.0003157207690120732,-0.0007159591704093702,0.024711282371107878
1781505980.9203982,0.018374562713140197,0.7740766038216794,0.33243409269523516,-0.04950828967301679,0.020163120155766157,-0.07806511298823327,0.018361675629173624,0.7740691543059736,0.3324557415439064,-0.049591668176437134,0.02009056184637381,-0.07806778648231784,-3.092964273923503e-08,0.00012155916488522001,5.291391087671654e-05,-0.00018880276035056925,0.000722905453906227,0.0004115902821811116,-0.00014316537322001596,-7.511480423327447e-05,-7.529103186207489e-05,0.0005696079000495393,0.00037179540669899936,-0.00026994603954038536,0.026272511608202785
1781505980.9304085,0.01837724354651358,0.77408040822124,0.3324348639639902,-0.04952083752897185,0.020166027781344464,-0.07804544635295702,0.018365861538360395,0.7740807616863583,0.3324691043426974,-0.04946874667285379,0.020081313723496974,-0.07807224992563677,1.6203465844967806e-05,0.0001287915021374906,5.568812556720078e-05,-0.00030950713382180416,0.0006650598173796769,0.0005826221233811999,-0.00017201379335127825,2.3082051432268702e-05,0.00024354821053869976,0.0005733908706107854,0.0007565220033695752,-0.00034919724214345783,0.03608432597681642
1781505980.9404247,0.018382129634404925,0.7740847084707343,0.33243396844026335,-0.04959218902502077,0.02016493969145805,-0.07800271553143609,0.018365861538360395,0.7740807616863583,0.3324691043426974,-0.04946874667285379,0.020081313723496974,-0.07807224992563677,4.492014291164584e-05,0.00012129594019429642,4.6444300995055545e-05,-0.0010640721025344858,0.0005574594090437893,0.0009842526192818568,0.0002648301546792127,-3.590714063955331e-05,-0.00013289152122453293,-0.00035352219997399986,0.00014774737916444343,-0.0005218435772602045,0.03891991387039104
1781505980.950412,0.018382200816552747,0.7740787869680601,0.3324285470464654,-0.049713408046364385,0.020174212322934926,-0.07802235943563658,0.018365861538360395,0.7740807616863583,0.3324691043426974,-0.04946874667285379,0.020081313723496974,-0.07807224992563677,4.033676627987224e-05,6.572507402984767e-05,1.3098635650217428e-05,-0.002266937813220728,0.0006083064695979599,0.000667677111737267,-0.0001053905054824913,-5.912776480156335e-05,-0.00011820876148527938,-0.00044281846270290945,0.0008639011986028458,-0.0002605578751332714,0.04376946197810688
1781505980.9604073,0.018382215884708095,0.7740735645272564,0.33242393825685923,-0.04981329425344714,0.02018142172844728,-0.07803946746505727,0.018365861538360395,0.7740807616863583,0.3324691043426974,-0.04946874667285379,0.020081313723496974,-0.07807224992563677,3.614624678657554e-05,2.028147118845344e-05,-1.3836342254607804e-05,-0.0031061511766040362,0.0006297591392396177,0.00041219937085696154,-1.2633362157217971e-05,-4.3526343980309375e-05,-8.391048040995246e-05,-0.0003528870468145747,2.8615182288153864e-05,3.828646409805525e-05,0.048571998657028624
1781505980.9704032,0.0183821856525038,0.7740689691277851,0.3324200403657221,-0.04989446232743344,0.020186888094227973,-0.07805420684230424,0.018365861538360395,0.7740807616863583,0.3324691043426974,-0.04946874667285379,0.020081313723496974,-0.07807224992563677,3.232420059372544e-05,-1.6456419958816718e-05,-3.52836988744878e-05,-0.003649920824716453,0.0006285989421086313,0.00020949381565591577,-8.756805163410861e-05,0.00012234570989616369,0.00034884421865428257,0.00016309317132957269,0.0005610570574471379,7.582824306223576e-05,0.053035978136557665
1781505980.9804053,0.018382119697098496,0.7740649364571407,0.332416762036028,-0.049959383731337195,0.020190899008384555,-0.0780667677854172,0.018363452891670184,0.7740783802206272,0.33246457566330245,-0.04948151756315437,0.02010595515380098,-0.07808305863932995,2.8846384079941355e-05,-4.5740093101227126e-05,-5.205398067032905e-05,-0.003957440220294841,0.0006105263783392831,5.18777065980115e-05,-0.00014110072320543625,1.2213670296899813e-05,3.088835080744609e-05,-0.0006679259447201509,0.0002099223682632122,0.00048751765685321237,0.05305965844897636
1781505980.9904025,0.018382026393834138,0.7740614088116945,0.3324140215979272,-0.05001035496865267,0.02019370975724688,-0.07807735251535722,0.018363452891670184,0.7740783802206272,0.33246457566330245,-0.04948151756315437,0.02010595515380098,-0.07808305863932995,2.56889733773043e-05,-6.86686662838886e-05,-6.485713586683965e-05,-0.00407952779124075,0.0005802758453071754,-6.763970244187544e-05,-5.293049598267322e-06,-0.00030803685776569813,-0.00048521398853163076,-0.001503068705417986,0.0009505822220141604,0.00019276570583003002,0.05646872789218199
1781505981.0003989,0.01838634826255368,0.7740654547613507,0.33240986886573126,-0.049955652743678435,0.020191249351357632,-0.07803580963723175,0.018363452891670184,0.7740783802206272,0.33246457566330245,-0.04948151756315437,0.02010595515380098,-0.07808305863932995,5.1788285286659774e-05,-4.652132027650772e-05,-8.871954198436758e-05,-0.003046134278698082,0.0004674584551513603,0.0003912698016309093,-5.239499254732006e-05,-0.00024120240664934304,-0.00028831334282345826,-0.0012334177354038163,0.0011235310802221016,0.0003011527477295285,0.060696780852843385
1781505981.0104156,0.018390011800630608,0.7740688476423319,0.3324063818762997,-0.049906853355567764,0.020188730705178237,-0.07800120590574737,0.018363452891670184,0.7740783802206272,0.33246457566330245,-0.04948151756315437,0.02010595515380098,-0.07808305863932995,7.208390202745286e-05,-2.815255313831983e-05,-0.00010675147428955345,-0.0021884675467558853,0.00037012584813131964,0.0007244055284212809,-6.918734505079355e-05,-0.00010641993281641627,-0.00027733847783683327,-0.0017225107200167936,0.001360075208938788,0.00025135870546735367,0.06467428035819804
1781505981.020408,0.018388931393330397,0.774069692929375,0.3324137256527905,-0.049982196638244145,0.020197527705757556,-0.07802790031789629,0.018363452891670184,0.7740783802206272,0.33246457566330245,-0.04948151756315437,0.02010595515380098,-0.07808305863932995,5.909331866616825e-05,-2.131576366450735e-05,-4.875386470899836e-05,-0.002766196164604531,0.0004401582395236888,0.0003591148645321955,-0.0003072834575208632,-0.0003870957217890647,-0.0005837868592449376,-0.0031123153037449407,0.0011925224726926514,0.000668525424432634,0.057535611973963466
1781505981.030407,0.018387953851440153,0.7740703540128073,0.33242009123021393,-0.05004303337167762,0.02020450546091368,-0.07805066240922451,0.018358493343978544,0.7740692102199638,0.33244817509809327,-0.049562152559793564,0.02014976795102963,-0.07806761431431548,4.7916054759309656e-05,-1.555728025663379e-05,-1.5771798593754692e-06,-0.003123349596501602,0.0004805873670787515,7.558478248482933e-05,-6.987050381636601e-05,-0.0006642654490839956,-0.0010851671573995328,-0.005009019180316457,0.0011145561332214474,0.00038074870766171377,0.040717728289143336
1781505981.0404034,0.018383345851864036,0.7740647113385754,0.33242139379983904,-0.04988573771442975,0.020157912328895744,-0.07803360990507613,0.018358493343978544,0.7740692102199638,0.33244817509809327,-0.049562152559793564,0.02014976795102963,-0.07806761431431548,2.2930713123564065e-05,-3.5274821519959795e-05,-1.2333084657191171e-05,-0.001068907195284252,-8.913804823755262e-05,0.0002278176323669674,0.00023491150456342303,-0.0006235546146707587,-0.0009156532465517003,-0.004517455774252404,0.00045379663041679355,0.00011672602966177538,0.036812022738877806
1781505981.0504045,0.018379399129602205,0.7740598953639373,0.33242246423705385,-0.04975246179870006,0.020118792356327075,-0.07801948629255127,0.018358493343978544,0.7740692102199638,0.33244817509809327,-0.049562152559793564,0.02014976795102963,-0.07806761431431548,2.582596233843947e-06,-5.0656566473829905e-05,-2.0811363554477973e-05,0.0004996752966571676,-0.0005135763946192872,0.0003356415879683478,3.832950082146236e-05,-0.0005399935402447607,-0.0008448652326772253,-0.003999705272711901,0.0006969135168516088,0.0001440805827881566,0.03442189406069037
1781505981.0604155,0.018376037995308,0.7740558158826304,0.33242332349984954,-0.049640831022265575,0.020086343070037982,-0.07800794265531996,0.018358493343978544,0.7740692102199638,0.33244817509809327,-0.049562152559793564,0.02014976795102963,-0.07806761431431548,-1.378504982579619e-05,-6.236274822908353e-05,-2.7353797125161553e-05,0.0016612831577484629,-0.00081753743784996,0.0004072407728291243,7.198865402541717e-05,-0.00027472473197293735,-0.00031059425013255787,-0.0026403429793868897,0.0005556436402813045,7.856048072727085e-05,0.03323890789632211
1781505981.0704117,0.018373192832229882,0.7740523881023725,0.332423994617692,-0.04954847372568471,0.02005978050464141,-0.07799864717145408,0.018358493343978544,0.7740692102199638,0.33244817509809327,-0.049562152559793564,0.02014976795102963,-0.07806761431431548,-2.6749886073925262e-05,-7.096995731918247e-05,-3.225928676394797e-05,0.0024861624357613464,-0.001022908236692478,0.00044973865791184705,-3.388104061424343e-05,-0.0002516019141418043,-0.0004838690074754383,-0.0020342769813717085,0.00017921343131300843,0.00019685390279265767,0.032920422651304
1781505981.0804074,0.018370800050415297,0.7740495331742079,0.332424501316896,-0.049473085368194336,0.020038356036006677,-0.07799128988599391,0.018359714861494736,0.7740448768721885,0.33240656335476,-0.049754914068189965,0.02016720652169446,-0.07806050282132898,-3.6818760322930875e-05,-7.698033227461133e-05,-3.578852422744982e-05,0.0030361632737274736,-0.0011487868179477034,0.0004692690608107417,9.492651677985798e-05,-5.5515926432832785e-05,-0.00010541832950279006,-0.0004531479703253536,-0.00011195152866276406,0.00011095008330005274,0.0215947458307146
1781505981.0904086,0.018364767376291502,0.774045799545499,0.3324346618700879,-0.04946933906726782,0.020030914645586373,-0.07806369606091802,0.018359714861494736,0.7740448768721885,0.33240656335476,-0.049754914068189965,0.02016720652169446,-0.07806050282132898,-7.047902643346767e-05,-6.749232459388649e-05,2.8871984219548846e-05,0.0027614350593144336,-0.0010654406514549008,-0.00037531386388720516,-9.2447209629126e-05,0.00022125748155638771,0.00020673208818184269,0.0003417467811799892,-4.5865196929395014e-05,0.00041894888302284017,0.028564064757016932
1781505981.1004024,0.018359664256481695,0.7740427812323626,0.33244329210681667,-0.04946871770991294,0.020025649225158038,-0.07812430008387956,0.018359714861494736,0.7740448768721885,0.33240656335476,-0.049754914068189965,0.02016720652169446,-0.07806050282132898,-9.660754354592892e-05,-5.902041047474134e-05,8.041386707221315e-05,0.0024799990372029153,-0.0009738373060878417,-0.0009978576020890821,0.0001051471696425109,-3.4888782858418996e-05,-8.701551680611982e-05,0.0003851882999986955,-0.000942768949351056,0.0005540401463174709,0.036788523955009894
1781505981.1104114,0.018355371931827753,0.7740403875702081,0.3324505870272962,-0.049470454846303316,0.020022158308572235,-0.07817440225639326,0.018359714861494736,0.7740448768721885,0.33240656335476,-0.049754914068189965,0.02016720652169446,-0.07806050282132898,-0.00011635869992942022,-5.147153674139639e-05,0.00012077138151020964,0.0022012416278560758,-0.0008785522822498852,-0.0014369942493189759,-1.6930746049582872e-05,0.0002889440284048842,0.0005685625719545193,0.001537216454439108,-0.0008629755473900504,0.000722027383639373,0.04446457706914319
1781505981.1204095,0.018351784380079925,0.7740385328951536,0.33245672036132784,-0.049473911616826724,0.020020092548171498,-0.07821526432208449,0.018359714861494736,0.7740448768721885,0.33240656335476,-0.049754914068189965,0.02016720652169446,-0.07806050282132898,-0.00013074001512976434,-4.4759306943412415e-05,0.00015163901457138491,0.0019321222174978395,-0.0007831151983581814,-0.0017266898619689467,0.00027901948581465243,0.00012042764465876897,8.047840543850366e-05,0.0015212998597522475,-0.0007466593148211919,-0.00011068916765290935,0.05117483647201825
1781505981.1304126,0.018348807264403067,0.7740371376911327,0.33246184641832266,-0.049478562254468866,0.020019151197959495,-0.0782480845931188,0.01836382741991094,0.7740495920014396,0.3324124037272239,-0.049719562235856996,0.020141567892796752,-0.07804328325946727,-0.00014062834012913204,-3.8803763201983505e-05,0.00017449730138991963,0.001677591255513277,-0.0006901752698237976,-0.0018964846514641488,0.00012145556741239957,0.0002599795648635296,0.00044693585649691167,0.0020327701170015475,-9.172166074560752e-05,-0.00046477565886312753,0.05315350054124473
1781505981.1404018,0.018345890058547365,0.7740406085935945,0.3324677838831255,-0.04941435215923507,0.019984570755458675,-0.07823460309088455,0.01836382741991094,0.7740495920014396,0.3324124037272239,-0.049719562235856996,0.020141567892796752,-0.07804328325946727,-0.00014522267502439218,-1.0364314142963417e-05,0.00018754748970458332,0.002192506912891969,-0.0009991225966783735,-0.0015611342385534693,0.0002102188260267778,0.0003091087755471861,0.0005352205012835009,0.0024280956767970827,-0.00035111933857349264,-0.0007028302273090627,0.058901716586882515
1781505981.150412,0.018344681675856685,0.7740428838957949,0.3324656808313102,-0.04927375737708652,0.019962365635466606,-0.07821480164652217,0.01836382741991094,0.7740495920014396,0.3324124037272239,-0.049719562235856996,0.020141567892796752,-0.07804328325946727,-0.00013952503929999887,1.7244555752983668e-05,0.00015236501955959977,0.0034837239757389716,-0.0011427563956453455,-0.0011867993056047582,0.00018691972356526805,0.0002846348993795191,0.0006516320779833512,0.0025286776382092784,-0.0005234037918587176,-0.0009973758975219847,0.05700884156470736
1781505981.1604033,0.018343765359071177,0.7740449903273,0.33246369712586293,-0.04915868304242495,0.01994478988034376,-0.07819711271178585,0.01836382741991094,0.7740495920014396,0.3324124037272239,-0.049719562235856996,0.020141567892796752,-0.07804328325946727,-0.00013318320639028056,3.918970924538109e-05,0.0001221908575837585,0.004355832349042135,-0.001219085346850033,-0.0008738405600479615,0.0002787564928952336,0.00034028444811776647,0.0005786496065804048,0.0023101195942840775,-0.0011274719177102965,-0.0010324784230610383,0.055269109219950895
1781505981.1704051,0.01834309537441571,0.7740469329803531,0.33246183346138075,-0.04906588017970148,0.01993116395874628,-0.07818149002674393,0.01836382741991094,0.7740495920014396,0.3324124037272239,-0.049719562235856996,0.020141567892796752,-0.07804328325946727,-0.00012640458673752843,5.6310115888406044e-05,9.641956821583404e-05,0.00489004424871184,-0.001242898391060742,-0.000615434528370406,0.0003621412595972616,7.423516020671592e-05,-7.80221016012474e-07,0.00143584379417635,-0.0015168055652500655,-0.001406594934791058,0.05366737111476911
1781505981.1804283,0.018342631260209376,0.7740487162814687,0.33246009032571655,-0.048992304814028484,0.019920870613160613,-0.07816784258608857,0.018374968142276238,0.7740614532110978,0.3324361537950167,-0.04960932610053639,0.02010796581633212,-0.07808393916253101,-0.00011936121840791641,6.934041235742892e-05,7.450933517502277e-05,0.005156458524795992,-0.0012267132158658373,-0.0004049755859990392,0.00023246080315425326,0.0002606483270762086,0.00048421440644616504,0.002050445077059866,-0.0027681828331374424,-0.0008699873248440175,0.042200246683272394
1781505981.1903954,0.018342337467181464,0.774050344592084,0.33245846765733306,-0.048935149894557196,0.01991335612274625,-0.0781560483015111,0.018374968142276238,0.7740614532110978,0.3324361537950167,-0.04960932610053639,0.02010796581633212,-0.07808393916253101,-0.00011219456357671907,7.892217110119575e-05,5.597627939359834e-05,0.005214928325445253,-0.0011810032598517123,-0.00023620209180423744,0.0002543817572848314,0.0004408634390430415,0.0008961396431539885,0.0037752313521842874,-0.00020976100590211963,-0.0020915744275386144,0.041061792764175896
1781505981.2004027,0.018343010218077316,0.7740507445084379,0.33245925951325267,-0.048939272427729365,0.019906774336691635,-0.0781255607583076,0.018374968142276238,0.7740614532110978,0.3324361537950167,-0.04960932610053639,0.02010796581633212,-0.07808393916253101,-0.0001005229811631071,6.393920145587813e-05,5.49409363970066e-05,0.0045939856226462576,-0.0011401118919339942,0.00011844127826658363,0.00017389080445305105,0.0006345812577577331,0.0009878523622138063,0.0047740563335419515,-0.0011867450779135679,-0.0014577175307504662,0.04086391374993495
1781505981.2104092,0.01834367190407748,0.774051102930071,0.33245983438235327,-0.0489469612503321,0.01990227974689396,-0.07810007773463154,0.018374968142276238,0.7740614532110978,0.3324361537950167,-0.04960932610053639,0.02010796581633212,-0.07808393916253101,-8.987961991489497e-05,5.110110107544063e-05,5.341363338620008e-05,0.004002985947885332,-0.0010782590287902506,0.0003809234128351048,2.991755966845586e-05,0.00031525956058490616,0.0006183453533209436,0.0033615672602258675,-0.001045345142858831,-0.0009270534192131766,0.04058759735847144
1781505981.2204,0.018344314450693275,0.7740514103188234,0.3324602308674767,-0.04895711168318993,0.019899472004266894,-0.07807904199586861,0.018374968142276238,0.7740614532110978,0.3324361537950167,-0.04960932610053639,0.02010796581633212,-0.07808393916253101,-8.019654920706797e-05,4.0147515923798685e-05,5.151075056377209e-05,0.003450598455499346,-0.0010023951091798701,0.0005671669200300406,-3.5954090564808204e-05,0.00037005741098309643,0.0007922148887613715,0.004126485560858914,-0.0013081065947791286,-0.00027326299557614006,0.04025188083983339
1781505981.2304072,0.018344931714124227,0.7740516623284825,0.33246048239768344,-0.048968828657415434,0.019898004956549364,-0.07806191429461788,0.018380490538193572,0.774082585267711,0.33247631594248506,-0.049413076097651304,0.020063360608434833,-0.07813751887888506,-7.140706830142898e-05,3.084556204913533e-05,4.933047380947322e-05,0.0029422618244731927,-0.0009181109808718573,0.0006911890515545355,-0.0001897695191641925,0.00032492972119574446,0.00029085529537790586,0.0040507467402858205,-0.000968318094866006,0.0001518800337239331,0.04971276778360355
1781505981.2404182,0.018345519202801853,0.7740518584560115,0.3324606176905655,-0.048981398655665045,0.019897582541370307,-0.07804818361682224,0.018380490538193572,0.774082585267711,0.33247631594248506,-0.049413076097651304,0.020063360608434833,-0.07813751887888506,-6.344630894598899e-05,2.2987358621888806e-05,4.695513897425901e-05,0.002480845352562061,-0.0008298258600287156,0.0007651957190464184,9.384951178846365e-05,0.0005806132900698544,0.0008468136726988007,0.005210122160476503,-0.0010115654686311166,-2.1608571744559168e-05,0.049128060918626024
1781505981.2504132,0.01834429071479105,0.7740476291006936,0.3324588740246753,-0.04900373098989291,0.01989002677838081,-0.078048633536933,0.018380490538193572,0.774082585267711,0.33247631594248506,-0.049413076097651304,0.020063360608434833,-0.07813751887888506,-6.647088786907007e-05,-8.782255372546038e-06,2.996018539102179e-05,0.001966307858260814,-0.0008213887779181709,0.0006727164756213068,0.00011164436109202412,0.00042667069848750257,0.0004163106913963166,0.00478553166789,-0.0007903386219341896,-0.00020174822657787242,0.05325956556157311
1781505981.2604082,0.01834329163536921,0.7740439975629296,0.3324573086654059,-0.0490243329468156,0.019884394891946044,-0.07804966571398064,0.018380490538193572,0.774082585267711,0.33247631594248506,-0.049413076097651304,0.020063360608434833,-0.07813751887888506,-6.805668498431534e-05,-3.417476845985116e-05,1.5937466956738552e-05,0.0015269589011853457,-0.0007925828938998509,0.0005850123538584223,0.0003379005351385186,0.00039974458580556015,0.0003714476743116689,0.004544227404497054,-0.0015703435483971956,7.306036717569993e-05,0.05686867251479407
1781505981.2704017,0.018342488755544974,0.7740408900650751,0.3324559077319572,-0.04904307445149825,0.019880358629270845,-0.07805110596799528,0.018380490538193572,0.774082585267711,0.33247631594248506,-0.049413076097651304,0.020063360608434833,-0.07813751887888506,-6.846737303230595e-05,-5.412616722452911e-05,4.4784611838288276e-06,0.0011559724086531676,-0.0007493040074408436,0.000503286388163982,3.748726279483708e-05,0.00017823925583092563,0.00022302580923537458,0.003515681905879244,-0.0011336323033659234,0.0004346082283665207,0.05999267008781664
1781505981.2804043,0.018341852851834383,0.7740382413193784,0.332454658315851,-0.04905990897231259,0.01987762837372342,-0.07805281260824161,0.018381303643829894,0.7741033861957467,0.33250244615893176,-0.04918588188608969,0.020030631863440673,-0.07812795644301443,-6.792951123526797e-05,-6.945678101092105e-05,-4.777267655536893e-06,0.0008463625524421981,-0.000696365767912573,0.00042827642861975536,-2.0906151765328457e-05,0.00015336115466191554,0.00017716464879709558,0.0022996494069337896,-0.0006099065047912377,0.0004075228077707929,0.08991049912233294
1781505981.2904,0.0183516534859496,0.7740427124220115,0.33244548098173754,-0.04903799500296914,0.01988855791283095,-0.07799826131425301,0.018381303643829894,0.7741033861957467,0.33250244615893176,-0.04918588188608969,0.020030631863440673,-0.07812795644301443,-3.112394030391967e-06,-5.414471581905628e-05,-5.934231065122098e-05,0.0009813590701397716,-0.0005303510581963302,0.0009820751338896062,-0.00018645778616296625,-4.694800659602197e-05,0.0002050516178260589,0.0016731994947210456,-0.0008271461977818111,0.0005439303951531892,0.08834857154683216
1781505981.3004026,0.01835881851671713,0.7740465928990218,0.3324439801237459,-0.04913411038894393,0.019904510080230198,-0.07798040779466457,0.018381303643829894,0.7741033861957467,0.33250244615893176,-0.04918588188608969,0.020030631863440673,-0.07812795644301443,3.946443479350445e-05,-4.6322581955270955e-05,-5.82982285235934e-05,-0.00017895439834657886,-0.0003081062394383275,0.0010780428128125464,1.578877698474051e-05,-1.714792340981912e-05,-1.7299253107333457e-05,0.0011555591110755385,-0.0005468127119003885,0.00021851904270785372,0.08455375074187886
1781505981.3104086,0.01836493504453885,0.7740498294180742,0.33244272841138606,-0.049214807217463304,0.01991816297003135,-0.07796639525388421,0.018381303643829894,0.7741033861957467,0.33250244615893176,-0.04918588188608969,0.020030631863440673,-0.07812795644301443,7.314391543221214e-05,-3.9456228746235545e-05,-5.672136967288556e-05,-0.0010434384448355452,-0.0001331474061602242,0.0011204406586345212,-5.519896582400486e-05,-0.00026414304149985265,-0.00043755855169967607,4.60213858182283e-06,-0.0006438446215544302,0.00039720810162258423,0.08186860722733864
1781505981.320401,0.01837013010584873,0.7740524999874819,0.3324416977321186,-0.0492817426260806,0.019929718910886685,-0.07795564400664583,0.018381303643829894,0.7741033861957467,0.33250244615893176,-0.04918588188608969,0.020030631863440673,-0.07812795644301443,9.925409060257096e-05,-3.344415425345031e-05,-5.4736792375314253e-05,-0.0016626045070049595,1.5913829714872107e-06,0.0011215395275993223,6.550077194497991e-08,-0.00026480407022806386,-0.00018227218428202451,0.00043572364703673447,-0.0008578957644292492,0.00044580040035673094,0.08002890417126227
1781505981.3304043,0.01837451803411233,0.7740546779345077,0.3324408613662374,-0.04933653492093773,0.01993938701988429,-0.07794763047576175,0.018379178181598788,0.7740975288023914,0.3324967792976815,-0.04913273278820904,0.020000256744603373,-0.07810719376716688,0.00011895698812894846,-2.819405086719118e-05,-5.245005626424424e-05,-0.0020810140514172337,0.00010250562110485849,0.0010916641154037564,9.70051626607072e-05,-9.265075974095991e-05,-0.0002248035568822618,0.0001428143692408824,-0.0008587184478261862,0.0005219768732153117,0.07060261262849149
1781505981.3404005,0.01837601572869534,0.774051060966753,0.3324367172386754,-0.04944717728044968,0.019979271537040155,-0.07794443664461267,0.018379178181598788,0.7740975288023914,0.3324967792976815,-0.04913273278820904,0.020000256744603373,-0.07810719376716688,0.0001142005930725636,-6.636093913078218e-05,-5.9430414130604496e-05,-0.003062425718585777,0.000524444868724831,0.001028805815721748,-0.00013009485277023554,-0.00032012659546728573,-0.00024247635761159988,-0.0003452965089278329,-0.0008689572670856449,0.0010025978859867007,0.0760046826802817
1781505981.3504052,0.018374645176564855,0.7740531311758823,0.3324379293103864,-0.04954660886517599,0.020018607043922332,-0.07797121078203358,0.018379178181598788,0.7740975288023914,0.3324967792976815,-0.04913273278820904,0.020000256744603373,-0.07810719376716688,9.221523344680432e-05,-5.2312510151293005e-05,-3.184221451676134e-05,-0.0038077664437520514,0.000910520807901529,0.0006458632676414201,-0.00014945511431320942,-0.000339870449757784,-0.0007366103415435047,-0.001222063553635544,-0.0005062997339652094,0.0008948635371261913,0.07385809623130732
1781505981.360402,0.01837337689050441,0.7740548167301784,0.3324390844929342,-0.049626754912182436,0.02005082585130924,-0.07799428388635388,0.018379178181598788,0.7740975288023914,0.3324967792976815,-0.04913273278820904,0.020000256744603373,-0.07810719376716688,7.339751635079134e-05,-4.037195591167315e-05,-9.291675351326657e-06,-0.004261993782439832,0.0011748782434231296,0.0003412613339405698,-0.00024312808815975148,-0.0002341499098045535,-0.00020231598709785685,-0.0005651517181806183,-0.0012610014930567654,0.001385533369095032,0.07201851557702497
1781505981.3704038,0.01837220507352467,0.7740561775826076,0.33244018519530566,-0.049690257018861664,0.020076830714738536,-0.07801395161712703,0.018379178181598788,0.7740975288023914,0.3324967792976815,-0.04913273278820904,0.020000256744603373,-0.07810719376716688,5.736113721692941e-05,-3.0274845868230313e-05,8.929027026347549e-06,-0.004485666856260025,0.0013407981272355507,0.00010369440718288315,-0.00021723088651238008,-0.0001481526498756136,-1.2958624253637152e-05,-0.00046403201246875104,-0.0006299834557573878,0.0012487036198544693,0.07043749028427414
1781505981.3804104,0.0183711248136311,0.7740572661400231,0.3324412313086739,-0.049739550058376096,0.020097468077713954,-0.07803052891542951,0.018373010019260894,0.7740869187159558,0.3324831237867224,-0.04916168195219783,0.019966839493052113,-0.07806005150973508,4.376073873359655e-05,-2.1785543970298323e-05,2.3442977876137226e-05,-0.004530471319517811,0.0014284190482355098,-7.714316556010564e-05,-5.3346593293628256e-05,-0.0002512130256797371,-0.00041538766248379593,-0.0017037418716291594,0.00011004347068611414,0.0006799939005325059,0.051359604522934414
1781505981.3904026,0.018370131749923913,0.7740581278932294,0.332442221306121,-0.049776847362475715,0.020113519022785242,-0.07804433650846866,0.018373010019260894,0.7740869187159558,0.3324831237867224,-0.04916168195219783,0.019966839493052113,-0.07806005150973508,3.228821097474925e-05,-1.4694515360660602e-05,3.47973416221001e-05,-0.004440029495840427,0.0014549737663774893,-0.0002105257579561595,-7.063260927286078e-05,-0.00030850498279903386,-0.0005161537116652234,-0.0023885124072024755,0.00046142753331163155,0.0007298289542875513,0.05010198426200006
1781505981.4003985,0.018374100833320653,0.7740583831334819,0.3324386047402323,-0.04976935756574549,0.02011419046965801,-0.07803502426085898,0.018373010019260894,0.7740869187159558,0.3324831237867224,-0.04916168195219783,0.019966839493052113,-0.07806005150973508,5.549007976022067e-05,-1.4635518634841123e-05,9.533779882051338e-06,-0.003875588751807018,0.001298398678353815,-8.566149934471749e-05,-0.00013636467998251489,-0.00048243979505946014,-0.0006945790995767093,-0.0038683215714096046,0.0007069608999586284,0.0006409967190646353,0.052890593141213686
1781505981.4104033,0.018377443870247583,0.7740585340640715,0.33243557314441524,-0.04975949667431558,0.02011356802423392,-0.07802705388087622,0.018373010019260894,0.7740869187159558,0.3324831237867224,-0.04916168195219783,0.019966839493052113,-0.07806005150973508,7.341280145558624e-05,-1.4402710765815307e-05,-1.086793189089894e-05,-0.0033465875822583035,0.001145539934768463,1.0240314699691243e-05,-0.00019097436910570857,-0.0007481195821920754,-0.0011736642154911154,-0.005582322390071925,0.0008316963770533915,0.0005442533087070182,0.055555477506599255
1781505981.4204044,0.018380243944218635,0.7740586025652983,0.33243304451678823,-0.049748129121092076,0.02011199316100898,-0.078020307117602,0.018373010019260894,0.7740869187159558,0.3324831237867224,-0.04916168195219783,0.019966839493052113,-0.07806005150973508,8.687046651682811e-05,-1.4033321889414292e-05,-2.7108170635290445e-05,-0.002858620147477847,0.0009996502914845387,8.18163391173435e-05,-0.00018637066173707637,-0.0007217341974602679,-0.001118143107119183,-0.0053470464156200525,0.0008425649913765522,0.00034138467142269736,0.05798333670537854
1781505981.4304018,0.01838257454136022,0.7740586074176746,0.3324309469403837,-0.04973594383653161,0.020109747807264045,-0.07801466187410754,0.018367142117036384,0.7740608419450937,0.3324470210644166,-0.049355602763147446,0.019979149442142186,-0.07803653734871403,9.657318170696261e-05,-1.3558969979176284e-05,-3.980191024271871e-05,-0.002414754791891416,0.0008629760622815589,0.00013320655501829857,-0.0001508603587465157,-0.0007823550191713385,-0.0008150984642247294,-0.004468074351032711,0.0005579532023567211,0.0003379409581565423,0.022394872107734297
1781505981.4404006,0.01838450048362458,0.7740585645396922,0.33242921756435817,-0.049723479395557046,0.020107061555153294,-0.07800999651177085,0.018367142117036384,0.7740608419450937,0.3324470210644166,-0.049355602763147446,0.019979149442142186,-0.07803653734871403,0.0001031385806982705,-1.3006367083745832e-05,-4.948777298795417e-05,-0.0020160833540495446,0.0007369480060161563,0.0001680654726463823,-4.9996351854923886e-05,-0.0005525848263852966,-0.0008064921345643592,-0.004305515493834924,0.0006261831713615678,8.471241323591535e-05,0.024969262710443436
1781505981.4503984,0.018380673115954135,0.7740550330254774,0.33243478039868146,-0.04977548188009229,0.020091803159533184,-0.07805098391426604,0.018367142117036384,0.7740608419450937,0.3324470210644166,-0.049355602763147446,0.019979149442142186,-0.07803653734871403,7.437071456195347e-05,-2.661749916624289e-05,-1.612128326288599e-05,-0.0023546999317973546,0.0005123562121865003,-0.00030538675123705774,-9.949092780824503e-05,-0.0005381819757644407,-0.000759653448516189,-0.0038490308556507107,0.0005806170487038324,0.00011244340471531613,0.01914850846568222
1781505981.4604003,0.018377694144492692,0.7740529881277524,0.3324361729938315,-0.04975845577570294,0.020103676885922184,-0.07807254458399183,0.018367142117036384,0.7740608419450937,0.3324470210644166,-0.049355602763147446,0.019979149442142186,-0.07803653734871403,4.952488011955914e-05,-2.710917313245897e-05,-1.6503157280469913e-06,-0.0019070363206320365,0.0005976044983167118,-0.0005006367852693353,-0.0002741104514953313,-0.00031885832562827477,-0.00048204582983419383,-0.003072260353278361,0.000575360385705735,0.00038543227077348534,0.017050172013487845
1781505981.4704077,0.01837509633450161,0.7740512681646049,0.3324374140051569,-0.049742374642869666,0.020113139015016213,-0.07809019217344869,0.018367142117036384,0.7740608419450937,0.3324470210644166,-0.049355602763147446,0.019979149442142186,-0.07803653734871403,2.8951780760489245e-05,-2.716037504292855e-05,9.987499675657685e-06,-0.0015194161051852477,0.0006451223181727453,-0.000633225607870798,0.0001758993157941078,-0.000195442584635725,-0.00022044291178148834,-0.002023427452050388,6.900537546515393e-05,-0.00010333330428670112,0.015723308683329055
1781505981.480416,0.01837283772547079,0.7740498380441895,0.33243851801118246,-0.04972744168263302,0.020120535129329653,-0.07810442481671231,0.018362703626260524,0.7740394543857523,0.3324166234916365,-0.049528688747230806,0.01999754987567015,-0.07803265933909447,1.2069400472257257e-05,-2.6857329032424408e-05,1.920347367361423e-05,-0.0011873946603959099,0.0006630687270738064,-0.0007152355970091434,-5.9599202936844687e-05,-0.00017557229887472573,-0.00023862557519335002,-0.0015334337287772385,0.00022336148617150485,0.00013420445737234295,0.026265763181247393
1781505981.4904063,0.0183708804512818,0.7740486638605868,0.33243949776322707,-0.049713777731263356,0.020126180726559362,-0.07811570921624612,0.018362703626260524,0.7740394543857523,0.3324166234916365,-0.049528688747230806,0.01999754987567015,-0.07803265933909447,-1.6362527323696062e-06,-2.627374220228354e-05,2.6358482663304687e-05,-0.0009061198721637223,0.0006583666189919644,-0.000757104047859195,-3.9992338795121094e-05,-0.00013196675884463545,-0.000254577014289335,-0.0010503823841321556,0.00039440744055486016,-3.944354677162998e-05,0.02597897601823773
1781505981.500407,0.01837176491584794,0.7740516770005007,0.3324370644818721,-0.049636522790864085,0.020126341788284874,-0.07816872197739197,0.018362703626260524,0.7740394543857523,0.3324166234916365,-0.049528688747230806,0.01999754987567015,-0.07803265933909447,6.2171740146285615e-06,2.6446543196544162e-05,8.541467064264087e-06,4.7844735080107364e-05,0.0006170177591937407,-0.0012522719311737229,-3.5685149989980215e-05,-0.00016680512385963464,-0.00031992068326401103,-0.0013263490750542923,0.0003993354909304277,-6.0265706896309175e-05,0.02548202036904504
1781505981.5104098,0.018372518967760786,0.7740544025211126,0.3324350014143972,-0.049571564711560746,0.0201259720423137,-0.07821213338385388,0.018362703626260524,0.7740394543857523,0.3324166234916365,-0.049528688747230806,0.01999754987567015,-0.07803265933909447,1.2442916254775902e-05,6.843386835161318e-05,-5.869783776834458e-06,0.0007613097540438426,0.0005691513905447759,-0.0015890041223229428,-2.942030138208237e-05,-0.00013951687740949902,-0.00034031036733948205,-0.0012319018710756368,0.0003856201510134907,-7.916424201606549e-05,0.025642459408473643
1781505981.5203974,0.018373160519502982,0.7740568767171192,0.3324332593860122,-0.04951759833971223,0.020125213890270777,-0.07824716261673706,0.018362703626260524,0.7740394543857523,0.3324166234916365,-0.049528688747230806,0.01999754987567015,-0.07803265933909447,1.7283110596460318e-05,0.00010127303913381231,-1.736437292562173e-05,0.0012750467708395447,0.0005177108066428787,-0.0017978090999526321,-6.907900441776754e-05,-0.00011253314198068632,-0.0003145397312834795,-0.0010520651162715484,0.0004354130068127526,-0.0001868507066734784,0.02626094492251545
1781505981.530402,0.01837370495041792,0.7740591263589148,0.3324317950528324,-0.04947334489828585,0.02012418485012213,-0.07827495258285082,0.018362703626260524,0.7740394543857523,0.3324166234916365,-0.049528688747230806,0.01999754987567015,-0.07803265933909447,2.0949694106857994e-05,0.00012635221155278493,-2.6371896257143532e-05,0.001625071736712557,0.0004649994293552056,-0.0019050474101916818,-0.00012901497638001291,-0.00010006938834381372,-0.00011948243396618394,-0.0006414660174437352,0.0006721067039570892,-0.0003052434392810032,0.02716968771342807
1781505981.5404027,0.018374165482250755,0.7740611713892768,0.3324305703083252,-0.04943758037515049,0.020122980546863678,-0.07829655776248355,0.018362336959790004,0.7740341907408688,0.33240575470674677,-0.04958508137881809,0.02001289414441354,-0.07803991123883391,2.3627675014397547e-05,0.00014488408704321022,-3.3268735455420645e-05,0.0018428514906750027,0.0004127781262619913,-0.0019332501685753005,0.00011591569031514803,-0.00019312943159552852,-0.00030365143247051247,-0.0004017012630489705,0.00045562493408033485,-0.00077443369172229,0.03851861126545387
1781505981.5504203,0.01837455350014984,0.7740630270047594,0.33242955173332633,-0.049409155294893335,0.020121677553430972,-0.07831293752280252,0.018362336959790004,0.7740341907408688,0.33240575470674677,-0.04958508137881809,0.02001289414441354,-0.07803991123883391,2.5478099556627684e-05,0.0001579251506587756,-3.8383784142652125e-05,0.0019555830270348877,0.00036235299585880593,-0.0019014625161122682,0.0003030279632029682,9.73475175067121e-05,0.0001040312526139136,0.00010201182340911574,0.0020810741424235205,-0.0023791088190690743,0.03933284184445304
1781505981.5604062,0.01837361810637313,0.7740607999255982,0.33243040503356375,-0.049441784070446415,0.02012879403772816,-0.07829882411444666,0.018362336959790004,0.7740341907408688,0.33240575470674677,-0.04958508137881809,0.02001289414441354,-0.07803991123883391,1.6170385072811626e-05,0.00012337893747867688,-2.743981884244469e-05,0.0013827773774127622,0.00039276493372523427,-0.0015361847266120669,7.204979618835942e-05,-0.00018378474780742657,-0.0002539501428080526,-9.399715149143482e-05,0.0017635476440535224,-0.0019159167105535786,0.03798620265803875
1781505981.5704005,0.018372803523797374,0.7740589093254077,0.3324311761719461,-0.049470468726133365,0.020134489417751533,-0.07828552682845707,0.018362336959790004,0.7740341907408688,0.33240575470674677,-0.04958508137881809,0.02001289414441354,-0.07803991123883391,8.49350657625254e-06,9.408282860401774e-05,-1.8306606951167925e-05,0.0009157424380998154,0.0004047991163568732,-0.0012204459086642716,0.00010734351121584185,8.328471510009296e-05,-1.0450637388502394e-05,0.0005038714498622734,0.0009508419300032264,-0.0014410866486566339,0.03697037025252298
1781505981.5804064,0.018372095171351886,0.7740572989310581,0.33243187228223764,-0.04949541300228667,0.020138964143165516,-0.07827320496044522,0.018362336959790004,0.7740341907408688,0.33240575470674677,-0.04958508137881809,0.02001289414441354,-0.07803991123883391,2.2230932718143703e-06,6.937257395938051e-05,-1.0742746350674458e-05,0.0005407421017255315,0.0004027344141138593,-0.0009504673426627059,0.00010657740668862537,0.0002816206184154738,0.0002360752467694512,0.0010213001337294131,0.0007699037436213898,-0.0014042332883848587,0.03621241356545073
1781505981.5904076,0.018371480310194317,0.7740559223723337,0.33243249955735243,-0.04951687194308633,0.020142401798846965,-0.07826195117780424,0.01836888234499784,0.7740350777432783,0.3324045669836227,-0.049583291325867695,0.02007726878242022,-0.07811849509149144,-2.838795033103305e-06,4.8656823988294334e-05,-4.534560627242131e-06,0.00024496508624318266,0.0003901626760433547,-0.0007221652422562102,0.00025551748822924775,0.0001441281348556292,0.00023787703831471062,0.0012306902088707263,0.0007074905928686638,-0.0016323524508703986,0.03494963030971752
1781505981.6004093,0.018372337208806704,0.7740500183879921,0.33243193210439576,-0.049513181779968454,0.02011484531614882,-0.07822138579067901,0.01836888234499784,0.7740350777432783,0.3324045669836227,-0.049583291325867695,0.02007726878242022,-0.07811849509149144,5.699902390160772e-06,-7.888981583855616e-06,-1.8615499846694394e-05,0.00024960669477141725,2.5189194552080615e-05,-0.00021599387174607674,0.00011872863899682364,0.00026217277254007946,0.0002744634120457579,0.0010687394190583353,0.0007590852611007268,-0.0015756675561956553,0.031368914283532945
1781505981.6103995,0.018373077365605457,0.774044934344541,0.33243142804384374,-0.0495103040581689,0.020091654551307903,-0.07818706752010582,0.01836888234499784,0.7740350777432783,0.3324045669836227,-0.049583291325867695,0.02007726878242022,-0.07811849509149144,1.2482315888113657e-05,-5.318247477697883e-05,-2.9683422529390355e-05,0.0002462523267517673,-0.0002489620739181674,0.00016917584785320673,0.00015287216370471097,0.00019774813354023533,0.00012166716911701466,0.0009752774768858282,0.0004938196976547461,-0.0015809075333969257,0.028918287337759713
1781505981.620397,0.01837371611217356,0.7740405624737126,0.3324309747755648,-0.04950811368396729,0.020072369684649205,-0.07815836936935444,0.01836888234499784,0.7740350777432783,0.3324045669836227,-0.049583291325867695,0.02007726878242022,-0.07811849509149144,1.776889173698119e-05,-8.886899914020623e-05,-3.819233460992225e-05,0.00023699860086407191,-0.00044755919134187815,0.0004531399044901497,0.0002171522418324081,0.0001108144873759242,6.993265203895696e-05,0.000762275310710855,0.0005158316583995065,-0.0014331510516296026,0.027401077502617513
1781505981.6304116,0.018374266511411108,0.7740368101763658,0.3324305635278767,-0.04950649814519984,0.02005653926868467,-0.07813466771748363,0.01836888234499784,0.7740350777432783,0.3324045669836227,-0.049583291325867695,0.02007726878242022,-0.07811849509149144,2.1787662996820025e-05,-0.00011639112235123502,-4.453912512630422e-05,0.00022357793943527128,-0.0005841100917290926,0.0006535010567989463,-0.00017841867876529453,0.00016385562048748582,9.827746229304816e-05,0.0007619063838267472,0.0006080046169053931,-0.0007543971121698282,0.02660471547524877
1781505981.6404004,0.018374739740431547,0.7740335976735807,0.33243018833851007,-0.049505357433775,0.020043730487081746,-0.07811535854240774,0.018377733109325778,0.7740419169537249,0.33241065245161466,-0.04954075406886583,0.02010746323863133,-0.07819168373277115,2.473775285756483e-05,-0.00013701035026475849,-4.9069802218386996e-05,0.00020740245979126155,-0.0006704341634171547,0.0007857369101592911,0.00013270088217240292,6.480804900800215e-06,0.00011122185017688335,0.00028776069586660595,0.00034843721707130803,-0.000745698217313224,0.021443450194524098
1781505981.6504014,0.018372293553310947,0.7740383845870492,0.3324342881678804,-0.04954003630488779,0.020051923233039615,-0.07811990014610215,0.018377733109325778,0.7740419169537249,0.33241065245161466,-0.04954075406886583,0.02010746323863133,-0.07819168373277115,6.036332990322956e-06,-0.00010059801480053279,-1.6148762540153832e-05,-0.0001928396883968164,-0.0005054704333572077,0.000654876251609122,2.8656895257841745e-05,-0.0001394850025492599,-0.00021172187733852743,-0.000280300115578779,-0.00025823669581516716,1.3103509337640362e-05,0.024509456692561497
1781505981.660408,0.018370787777686724,0.7740411616748699,0.33243408460465174,-0.04954843930031781,0.02005242768154658,-0.07812168053680553,0.018377733109325778,0.7740419169537249,0.33241065245161466,-0.04954075406886583,0.02010746323863133,-0.07819168373277115,-4.146383343175505e-06,-7.680737028293525e-05,-1.616318396213961e-05,-0.0002631336930811474,-0.00044382838910181496,0.0005642472678535714,-1.2443303275209315e-05,-2.2676247713382316e-06,0.00016372800694006671,-3.79511556896689e-05,2.704545628703896e-05,3.835459001021166e-05,0.024451459540855314
1781505981.670394,0.01836950370400944,0.7740435468433713,0.3324338967534646,-0.0495552761150224,0.020053233341167376,-0.07812371574837282,0.018377733109325778,0.7740419169537249,0.33241065245161466,-0.04954075406886583,0.02010746323863133,-0.07819168373277115,-1.2268255748196167e-05,-5.673565221399772e-05,-1.5969957140135184e-05,-0.0003085999402802472,-0.0003854930661168549,0.00048089723718390597,-4.4839984948488094e-05,-3.568997277404727e-05,9.59933022218012e-05,-1.945934093880617e-05,-5.3350062114068604e-05,0.0002170056371525151,0.02471188419788532
1781505981.6803985,0.018368413412355507,0.7740455894668914,0.3324337256050894,-0.0495607523022908,0.02005424262794775,-0.07812588618520235,0.018377733109325778,0.7740419169537249,0.33241065245161466,-0.04954075406886583,0.02010746323863133,-0.07819168373277115,-1.8632825605856603e-05,-3.990371750252571e-05,-1.5612484262744223e-05,-0.00033421905086289036,-0.00033123221361528224,0.0004052825520578349,4.770991501044627e-05,-9.013643677017883e-05,3.095181829206557e-05,-3.527508355745347e-05,-0.0001625552912929482,0.00011067855190575816,0.02515381712272286
1781505981.6903985,0.018367492080889898,0.7740473334542374,0.33243357159831805,-0.04956505912023753,0.020055376854430484,-0.07812809853473553,0.018377677623225397,0.7740411353304404,0.33241094966977935,-0.04953967642671943,0.020109710585001217,-0.07819528799182422,-2.3506034595177825e-05,-2.588587159364402e-05,-1.512768860597263e-05,-0.00034426610657829954,-0.00028150953571850855,0.00033753344554239345,-0.00011124540265023116,0.00011329990831542242,0.0001547730554429968,4.3078658819030577e-05,-0.00025793839632098524,0.0006088789659460074,0.025571735609469886
1781505981.7004075,0.01836927902753996,0.7740467683952201,0.3324347124063122,-0.049601161536430204,0.020044861454001417,-0.07812005808223957,0.018377677623225397,0.7740411353304404,0.33241094966977935,-0.04953967642671943,0.020109710585001217,-0.07819528799182422,-9.671227223874496e-06,-3.627905285135008e-05,-1.0651538894509109e-05,-0.0007025694865231208,-0.00036979684500747267,0.0003826479194836282,-0.00019564645066935787,-1.2602374763603297e-05,0.00016016607901410824,0.00015631428211855284,-0.00034435112680042217,0.0006876450293155465,0.025825093917176127
1781505981.7104034,0.01837082394569181,0.7740462445968507,0.3324356681885041,-0.04963088915569133,0.020036339028437045,-0.07811366287456975,0.018377677623225397,0.7740411353304404,0.33241094966977935,-0.04953967642671943,0.020109710585001217,-0.07819528799182422,1.5575289726541335e-06,-4.416272729788404e-05,-6.923240266488923e-06,-0.0009518028767863943,-0.0004258247885724302,0.00040597681208826594,-9.739273867946028e-05,-0.0002183915642750786,-0.00016748086694669202,-0.00037456084557416626,-0.0007912265229693842,0.0008261470169871254,0.026154974038071387
1781505981.7204177,0.018372155206361256,0.7740457580121004,0.33243646231722035,-0.04965502661137864,0.020029543083070145,-0.07810867552700124,0.018377677623225397,0.7740411353304404,0.33241094966977935,-0.04953967642671943,0.020109710585001217,-0.07819528799182422,1.0551937509681464e-05,-4.993194289024345e-05,-3.84253773961234e-06,-0.0011124916106681033,-0.0004561483452648443,0.0004123438660792635,0.00013263901998842844,-4.15274587125638e-05,0.00013258487450891094,-2.2878957997172083e-05,-0.0007909000199057247,0.0005319376125091386,0.026509648303961127
1781505981.7304072,0.01837329815361704,0.7740453063233714,0.3324371162278515,-0.049674314825933624,0.02002422670293824,-0.07810487961765034,0.018377677623225397,0.7740411353304404,0.33241094966977935,-0.04953967642671943,0.020109710585001217,-0.07819528799182422,1.763870344348642e-05,-5.393062586296992e-05,-1.3207436054290963e-06,-0.0012024383367306574,-0.00046638251267301395,0.00040582765659217,-7.920791722027672e-05,-4.870298322535756e-05,-4.26498161851035e-05,-0.0003412129648707061,-0.0001941988894531224,0.00043730770899821534,0.026856390253045974
1781505981.7403998,0.018374275413248424,0.7740448883103085,0.3324376493833202,-0.0496894416884151,0.020020164398150575,-0.07810208035951635,0.018375307926358386,0.7740396636265163,0.3324114455395884,-0.04954514480365656,0.0200870367790571,-0.07816917130475697,2.3104268590781822e-05,-5.645730540957994e-05,7.204201841117434e-07,-0.0012369183801763594,-0.0004612843007412114,0.00038983678408299413,2.2401486557047546e-05,1.727586266654898e-06,-1.973427688871062e-05,-0.0003336836416583238,0.0001945175155724429,9.229395097244835e-06,0.026739574236912814
1781505981.7504,0.018375960056496766,0.7740497193761227,0.33243898377629455,-0.049602517957346735,0.019964818080877578,-0.07801413725080653,0.018375307926358386,0.7740396636265163,0.3324114455395884,-0.04954514480365656,0.0200870367790571,-0.07816917130475697,3.8913753016756194e-05,-4.396188694967066e-05,-1.2865239588039024e-05,-0.00017210155526669138,-0.001062007154221434,0.001275991261825858,6.4204676853706025e-06,-7.589350877046985e-05,-0.00014273127099311987,-0.0006165519069151375,-0.00019771406525278927,7.739483042451456e-05,0.02932401498339625
1781505981.7603955,0.018377415166752176,0.774053751781882,0.33244002280614426,-0.04952927744118578,0.01991917633247664,-0.07794139236406873,0.018375307926358386,0.7740396636265163,0.3324114455395884,-0.04954514480365656,0.0200870367790571,-0.07816917130475697,5.111210590627214e-05,-3.337385873550174e-05,-2.3608426863604514e-05,0.0006304411187375305,-0.0014830440458924832,0.001905024775253124,-1.2996263922752555e-05,-0.00010209219309444549,-1.7513134275621946e-05,-0.0005195666638130562,-5.311060421977397e-05,8.220178765784697e-05,0.031930811882697835
1781505981.770407,0.018378670581323062,0.7740570840351901,0.332440801972382,-0.04946829320810932,0.019882056610676768,-0.07788202530069081,0.018375307926358386,0.7740396636265163,0.3324114455395884,-0.04954514480365656,0.0200870367790571,-0.07816917130475697,6.025697383121987e-05,-2.445119327028589e-05,-3.19336264411285e-05,0.0012145027205661676,-0.0017579219925901908,0.0023241890665136474,5.143563854984404e-05,-2.6690079506323268e-05,-7.124516728690185e-05,-0.0006024706240632656,-0.00036182388667417695,0.00019183804657874184,0.0343012861732608
1781505981.7804093,0.01837975161679888,0.7740598078348453,0.3324413569366184,-0.049418160829824594,0.01985233929700425,-0.07783430611706744,0.018375307926358386,0.7740396636265163,0.3324114455395884,-0.04954514480365656,0.0200870367790571,-0.07816917130475697,6.683471124300014e-05,-1.6978495540360362e-05,-3.821224167971783e-05,0.0016188763842452261,-0.0019157627767997908,0.0025746326671513553,0.00012101643097600336,-5.436985672850375e-05,9.792773096451606e-05,-0.00013876363898203083,-0.0008476320716806846,0.0004324323634873362,0.03633493066208837
1781505981.790407,0.018380679882456064,0.7740620074261509,0.3324417222245768,-0.049377531146822376,0.01982898261249466,-0.07779661996588112,0.018374595671684923,0.7740369935067852,0.33240707566710004,-0.04956958730247042,0.020075500899562115,-0.078159770321078,7.126827858799546e-05,-1.0764479648075753e-05,-4.276835752650384e-05,0.0018775470696049568,-0.0019815902557381746,0.0026918049043215073,2.3232701221644244e-05,8.797792162982487e-06,5.918067894662958e-06,-5.430518311530751e-05,-0.0012014683240419283,0.0010371883124557025,0.04316361578612675
1781505981.8004074,0.018378420208665192,0.7740567512223039,0.33244467552197265,-0.04934429360286895,0.01982690959277944,-0.07783019452639416,0.018374595671684923,0.7740369935067852,0.33240707566710004,-0.04956958730247042,0.020075500899562115,-0.078159770321078,5.3598069992801564e-05,-2.6064414479722042e-05,-2.208835797433496e-05,0.002042693741426389,-0.0017697759772844527,0.00203080274402828,-9.484645190596785e-05,-7.381328833097761e-06,0.00014111310600457383,2.875752537078277e-05,-0.0018353320572462332,0.001817388557914239,0.042646728972704336
1781505981.8104072,0.018376484556672967,0.7740522259547031,0.3324471238904506,-0.04931825226273555,0.019826697358568124,-0.07786037695606583,0.018374595671684923,0.7740369935067852,0.33240707566710004,-0.04956958730247042,0.020075500899562115,-0.078159770321078,3.8733758964787085e-05,-3.8016528801103766e-05,-5.207127616653891e-06,0.0021105156754875885,-0.0015626334476453712,0.0014799449276436515,-7.981988323445343e-05,6.043005736209847e-05,8.592588822733699e-05,0.0002059860939635693,-0.002383355100141937,0.002273322808578971,0.042888874426908974
1781505981.8204048,0.018374832456563853,0.7740483607383983,0.33244914173247847,-0.04929831561322528,0.019827885127756684,-0.07788719149212306,0.018374595671684923,0.7740369935067852,0.33240707566710004,-0.04956958730247042,0.020075500899562115,-0.078159770321078,2.6310293085867472e-05,-4.7129657273230026e-05,8.410650489779142e-06,0.0021035597085423277,-0.0013646597730869558,0.0010266936924506545,-0.00020136353231031977,1.150550992978654e-05,-0.0002644190012914984,-0.0001881454071833693,-0.0017094012384718169,0.0024308047778069065,0.043575496302937534
1781505981.8304105,0.018373427684037092,0.7740450866855245,0.33245079401794647,-0.04928349871715213,0.019830089323678024,-0.07791074852357846,0.018374595671684923,0.7740369935067852,0.33240707566710004,-0.04956958730247042,0.020075500899562115,-0.078159770321078,1.6003690089159118e-05,-5.384825153416988e-05,1.9236065668797843e-05,0.00204076612136658,-0.0011789739032284367,0.000658982989174064,-0.00013248795364739638,0.00014940223737276338,0.0002986818045135034,0.0010005434310718893,-0.0015181782881668396,0.0025516052512692695,0.0444764874735336
1781505981.8404098,0.018372237951520477,0.7740423379551367,0.33245213722061473,-0.049272923450789735,0.019832994725577313,-0.07793121995526267,0.01836994673775022,0.7740407574514285,0.33241189666924303,-0.049547607731523155,0.019994804815401945,-0.07806290502972242,7.527042906805119e-06,-5.8559446606522495e-05,2.768267785544394e-05,0.0019378545211935724,-0.0010075767079660753,0.0003654305309382691,-0.00010378676379063808,2.9409451699275154e-05,5.502559035405538e-05,0.0007689595679655413,-0.001567889882596407,0.0026166640148798702,0.04033670322684385
1781505981.8504138,0.01837123459500546,0.7740400524976218,0.3324532202115266,-0.04926581575897993,0.01983634596200834,-0.07794881906874035,0.01836994673775022,0.7740407574514285,0.33241189666924303,-0.049547607731523155,0.019994804815401945,-0.07806290502972242,6.268428492101306e-07,-6.15994598788766e-05,3.411262371189159e-05,0.0018077011180272508,-0.0008515764741432665,0.0001354779471626272,6.612778532393026e-05,0.0002707102757009378,0.00030105652856961154,0.0019256946371576068,-0.001135126474524999,0.0018590436529907336,0.04134961527079927
1781505981.860405,0.018370437154968368,0.7740449361339129,0.3324622333951249,-0.04932815352792097,0.01983352798868565,-0.07795940925095396,0.01836994673775022,0.7740407574514285,0.33241189666924303,-0.049547607731523155,0.019994804815401945,-0.07806290502972242,-4.599575576608772e-06,-3.116501279423021e-05,8.917597889672178e-05,0.000932103127621403,-0.0007836659455891696,3.724638886609612e-06,-0.0001339971080387885,8.30395987447946e-05,0.00018828849901007629,0.0015774249474041,-0.0012447313278912161,0.0018970659078600904,0.050512254640397915
1781505981.8703983,0.018369772000205193,0.7740491457931034,0.332469870444072,-0.0493814417096771,0.01983187584010926,-0.07796835507195105,0.01836994673775022,0.7740407574514285,0.33241189666924303,-0.049547607731523155,0.019994804815401945,-0.07806290502972242,-8.736922679777162e-06,-6.338163407272742e-06,0.00013224941192667262,0.0002505326669851128,-0.0007113322657645879,-9.509326570819898e-05,9.079183858190246e-05,0.000288897397703633,0.000539429620100351,0.002185701726183636,-0.001441284201511495,0.0010536332262819146,0.058577754968785756
1781505981.8804026,0.018369220298206666,0.7740527570396321,0.3324763086427419,-0.04942649070522268,0.019831142524893597,-0.07797582408000175,0.01836994673775022,0.7740407574514285,0.33241189666924303,-0.049547607731523155,0.019994804815401945,-0.07806290502972242,-1.1947568175226925e-05,1.3672475707683552e-05,0.00016515187321811407,-0.0002670030092787639,-0.000637664326361117,-0.00016652945922249524,4.018510654863546e-05,0.00027015403874217233,0.0005160548693119545,0.002112866845242291,-0.0010466257713668355,0.00038337861272607477,0.06552419523721707
1781505981.890406,0.018368765575838983,0.7740558390931034,0.33248170543079086,-0.049464133247157746,0.019831117811969667,-0.07798198220236739,0.018368063922568234,0.7740536551099175,0.3324321807299694,-0.04945301146214295,0.01994071090975824,-0.07798102028454193,-1.4373600361200836e-05,2.9563235403714345e-05,0.00018947244387026416,-0.00064746655159058,-0.0005650130796343006,-0.0002154945005460393,6.51883045054086e-05,0.0001649865472893883,0.0005269457885067027,0.001723520559960979,0.0001694670896353329,-0.0003661696420161221,0.04957779837110048
1781505981.9004245,0.01836839347183296,0.7740584550410151,0.33248620026916953,-0.049495196006869545,0.019831624769400147,-0.07798698961862442,0.018368063922568234,0.7740536551099175,0.3324321807299694,-0.04945301146214295,0.01994071090975824,-0.07798102028454193,-1.613902575610788e-05,4.194531445034617e-05,0.0002065955367949356,-0.0009148122154971246,-0.0004951122058081925,-0.0002462826916648327,0.00012956503959663163,4.423231588936408e-05,5.366705238753082e-05,0.0005457909785489463,1.4720492783056271e-06,-0.00040900639615695165,0.05423337124553016
1781505981.9104095,0.018369785619955916,0.7740573472679212,0.3324806026010585,-0.04943148726018948,0.01984562327135775,-0.0780061700998271,0.018368063922568234,0.7740536551099175,0.3324321807299694,-0.04945301146214295,0.01994071090975824,-0.07798102028454193,-6.914416515651522e-06,4.888854649625028e-05,0.00016234067474995423,-0.0001152837456060979,-0.0002780464101282868,-0.0004209377220173728,7.865233911143898e-05,2.4569138477069006e-05,0.00013972338000917876,0.00036901560910137756,-0.0004072335989721759,-0.00031251142045143226,0.04859294056125036
1781505981.9204009,0.01837098868235345,0.7740564333690946,0.33247570739523136,-0.04937778957042082,0.019857672403537308,-0.0780219284608808,0.018368063922568234,0.7740536551099175,0.3324321807299694,-0.04945301146214295,0.01994071090975824,-0.07798102028454193,5.784648028599346e-07,5.384291925020515e-05,0.00012475703844763003,0.00048693092127096154,-0.00010779414859115474,-0.0005402793382485593,0.00012269945278031147,-5.8181021649645324e-05,7.505735289894871e-05,-0.00015578363211503978,-0.0007518739765604274,-0.0001221298679330362,0.043713196321979064
1781505981.9304068,0.018372023790569954,0.7740556954200138,0.33247144228799963,-0.049333062627168384,0.019867930885916874,-0.0780346914916932,0.018368063922568234,0.7740536551099175,0.3324321807299694,-0.04945301146214295,0.01994071090975824,-0.07798102028454193,6.586219023842815e-06,5.7137912227328234e-05,9.30051058990216e-05,0.0009248209232545291,2.2721716302695857e-05,-0.0006149095989202694,-8.836835177235738e-05,-7.773960771467614e-05,6.008609617934801e-05,-0.0002663048197377035,-0.00016308471952027412,-5.0728635363350446e-05,0.03951345794590174
1781505981.9404042,0.01837291020328526,0.7740551137860674,0.3324677402033313,-0.04929628141825129,0.019876566710907095,-0.07804486094658045,0.01837097570742552,0.7740551918886389,0.33243857441250635,-0.049431853235400246,0.01992275122548981,-0.07798799342937446,1.132562873680389e-05,5.9059048763064704e-05,6.633703778257993e-05,0.0012276018838172672,0.00011989162117852548,-0.0006539961850955897,8.116222840617927e-05,-0.00010078301798002976,1.6312115197886748e-05,-0.00045273536411855216,-0.00046625274014379457,-9.761525553804394e-05,0.02922997996387065
1781505981.9504027,0.018371269696553772,0.7740556266570547,0.3324706473384358,-0.04931664874907721,0.019864693206461004,-0.07805825279503659,0.01837097570742552,0.7740551918886389,0.33243857441250635,-0.049431853235400246,0.01992275122548981,-0.07798799342937446,1.7605584655924353e-06,6.0692531898984256e-05,7.62869908163403e-05,0.0008741430232463156,-1.546858281406251e-05,-0.000734980075805699,-8.989299635261264e-05,-7.017931902042572e-05,0.00014039404619936834,-0.00010772685413665513,-0.00039053461604254624,8.835523913371224e-05,0.032077219811856635
1781505981.960402,0.018369870597577803,0.774056097028151,0.332473083881443,-0.049334568581057135,0.019854753695087934,-0.07806884278742483,0.01837097570742552,0.7740551918886389,0.33243857441250635,-0.049431853235400246,0.01992275122548981,-0.07798799342937446,-5.940331213316665e-06,6.123481230106203e-05,8.33079123473364e-05,0.000585380981147676,-0.00011646721291130238,-0.0007755396865734388,6.467382928001904e-05,5.898856024959615e-05,-0.00015119673359022473,3.0365731111906003e-05,-8.997920004081319e-05,-0.00022459427108276648,0.03453902128897092
1781505981.9703972,0.018368683721946572,0.7740565246267922,0.33247510933898194,-0.04935016411203527,0.019846535404064003,-0.07807704360856896,0.01837097570742552,0.7740551918886389,0.33243857441250635,-0.049431853235400246,0.01992275122548981,-0.07798799342937446,-1.2047128669826833e-05,6.0894233201207405e-05,8.788852382051996e-05,0.0003529981821017784,-0.00018895496309669817,-0.0007847006449161491,-0.0001339282489537655,4.9061447967358395e-05,-0.00011283870486864024,-0.00031430488470801253,0.00018987139754033795,2.282980502784703e-05,0.036631001091945004
1781505981.9804075,0.018367682656385744,0.7740569096309202,0.33247677750173305,-0.04936359126176108,0.01983983177934201,-0.07808322986005024,0.01837097570742552,0.7740551918886389,0.33243857441250635,-0.049431853235400246,0.01992275122548981,-0.07798799342937446,-1.6796852363153122e-05,5.984923367873942e-05,9.045207889709954e-05,0.0001692193186056214,-0.00023809605824190745,-0.0007700849848888728,7.487189264497138e-05,0.0001742623179455796,0.00030253394503325587,0.0007968517425799297,-0.00011467217643504044,-0.0002542226402946142,0.038383210524374295
1781505981.990399,0.0183668436100742,0.7740572526920438,0.3324781367310588,-0.04937502620163159,0.019834446582845944,-0.07808773735560784,0.01837275456755344,0.7740538821709985,0.3324380937378774,-0.04944054040482182,0.0199119161114083,-0.0779957373399959,-2.0396969851506433e-05,5.825198555791757e-05,9.136391240557985e-05,2.6888211674447478e-05,-0.0002683989967647934,-0.0007380544470386871,4.8279936633120404e-05,-9.289431514587462e-06,-7.032694990160433e-06,-5.829577844692848e-05,-0.0004330485449567158,-0.0001412469166049016,0.040617005470165043
1781505982.0004094,0.01836614525257179,0.7740575549199535,0.3324792302799407,-0.049384655456548104,0.01983019667998609,-0.0780908636552187,0.01837275456755344,0.7740538821709985,0.3324380937378774,-0.04944054040482182,0.0199119161114083,-0.0779957373399959,-2.3028597198531618e-05,5.623164584425312e-05,9.09382343273729e-05,-8.049154590096107e-05,-0.0002837575389777671,-0.0006938523440389273,1.4942803863775018e-05,-1.7125416668984668e-06,1.1208235568997414e-05,2.696319867681177e-05,-0.0003096433816632126,-0.00036201157964597713,0.04182567659151124
1781505982.010404,0.01836381721316491,0.774051854475382,0.3324747206278705,-0.049359726000476424,0.019850337030167253,-0.0781424807180379,0.01837275456755344,0.7740538821709985,0.3324380937378774,-0.04944054040482182,0.0199119161114083,-0.0779957373399959,-3.777569481488927e-05,3.980799018884057e-05,6.376547675381843e-05,0.00021162016126994595,-5.358037584019676e-06,-0.001169961450185861,0.000133092349984104,5.660175876799598e-06,0.00031203549556563497,0.0005826002003583745,-0.0009263827914795279,-0.0005835703754802925,0.03775601837512728
1781505982.0204082,0.018361842757310832,0.7740470729921661,0.3324708329119241,-0.049338932067392635,0.019867335835498823,-0.07818482192481273,0.01837275456755344,0.7740538821709985,0.3324380937378774,-0.04944054040482182,0.0199119161114083,-0.0779957373399959,-4.913561244904427e-05,2.6119112707113823e-05,4.114394315827385e-05,0.0004246957038579855,0.0002033848316131579,-0.0014946690459518006,0.0003202215857613988,1.5468780625929906e-05,7.381920208279324e-05,0.00025559679704492634,-0.0008563497235372368,-0.001069588669988415,0.035175076921018
1781505982.0304031,0.018360176084977007,0.774043099450418,0.33246749860188773,-0.04932180572585371,0.01988151523535353,-0.07821905412142191,0.01837275456755344,0.7740538821709985,0.3324380937378774,-0.04944054040482182,0.0199119161114083,-0.0779957373399959,-5.763245123984767e-05,1.4799093698328339e-05,2.2462647783192446e-05,0.0005727199794491591,0.00035422226160069316,-0.0016970484372019127,0.0003565769464375982,-7.27966066933707e-06,0.00010996646519893628,0.00023079725961511685,-0.0007442856540718717,-0.0012995099466643748,0.03375101945876986
1781505982.0404086,0.018358776774346643,0.7740398303759451,0.33246465423530025,-0.049307896025090794,0.019893193832107636,-0.07824627353759754,0.018381585363420105,0.7740546706098059,0.33244074312292476,-0.0494281243446273,0.019884118680357554,-0.07803297020871784,-6.372322362678972e-05,5.524166808515031e-06,7.181180846841166e-06,0.0006679519506409675,0.00045754410917903907,-0.0018022317365337178,7.405908079585342e-05,-0.00017137313431646434,-0.00023021775014963401,-0.0001516208698444931,-0.000630886892491969,-0.0006582853082734336,0.0362243781395598
1781505982.0503962,0.018357609194888356,0.7740371705432025,0.33246224148816256,-0.04929677707365211,0.019902678846737798,-0.07826749348739999,0.018381585363420105,0.7740546706098059,0.33244074312292476,-0.0494281243446273,0.019884118680357554,-0.07803297020871784,-6.780529423104277e-05,-1.991492292651276e-06,-5.177363393390242e-06,0.0007210218535983036,0.0005224358151403661,-0.0018317101160150212,0.0002506994660115136,6.863719413088257e-05,0.00014088237998469133,0.00023242114922877036,-0.0003981759974592508,-0.0010542048060787658,0.03665090307869102
1781505982.0604007,0.018358323190280777,0.7740439130220036,0.33246304952764316,-0.04922249202103537,0.019888120168181533,-0.07826207568714927,0.018381585363420105,0.7740546706098059,0.33244074312292476,-0.0494281243446273,0.019884118680357554,-0.07803297020871784,-5.617616585402922e-05,4.9891548519451926e-05,-5.833709808439425e-06,0.001452111257450274,0.000303782345326597,-0.0015805020119673474,8.086378950909784e-05,-7.742393298097379e-05,-8.77822231220641e-05,-6.521454573070095e-05,-0.00016766943292545995,-0.0011436925408735653,0.03397690518499287
1781505982.0704067,0.018358976879429046,0.7740498097088592,0.33246374075488616,-0.04916131599726127,0.01987566813398889,-0.07825605599772677,0.018381585363420105,0.7740546706098059,0.33244074312292476,-0.0494281243446273,0.019884118680357554,-0.07803297020871784,-4.612880474500084e-05,9.090968417563201e-05,-6.286688062504327e-06,0.0019601445143742763,0.00013164306250014357,-0.0013490156329120072,0.0002179624263554018,-1.886723307219149e-05,9.951922770265439e-06,4.604510309077512e-05,6.009409344695842e-05,-0.0016288332610574568,0.03261384647998496
